
 Fujitsu Fortran Version 4.6.1  Thu Jun 29 14:24:45 2023

 Compilation information
   Current directory : /IFS/nwpr/gfs/xb157/Git/tco639l72/src_rsm
   Source file       : getrdy.f90

 Option information
   Command line options : -Kident_mpi -f2004 -c -X9 -Free -CcdRR8 -Cpp -Kfast,parallel,openmp,ocl,autoobjstack -x- -fw -Knofp_relaxed -SSL2BLAMP -Kopenmp,parallel -DTIMING -DUSE_FFTW -DW3TAG -DGFDLMP_v2 -Ec -Nlst=a,lst=d,lst=i,lst=p,lst=t,lst=x -Koptmsg=2 -I. -I/users/xa09/pkg/fx1000/fftw-3.3.10/include -I/package/fx1000/netcdf-4.7.4/include -I/package/fx1000/g2lib-1.4.0_cwb/include -I/opt/FJSVxtclanga/.common/MELI025/include/mpi/fujitsu -I/opt/FJSVxtclanga/.common/MELI025/lib64 -Knointentopt
   Cpp options          : -DTIMING -DUSE_FFTW -DW3TAG -DGFDLMP_v2 -I. -I/users/xa09/pkg/fx1000/fftw-3.3.10/include -I/package/fx1000/netcdf-4.7.4/include -I/package/fx1000/g2lib-1.4.0_cwb/include -I/opt/FJSVxtclanga/.common/MELI025/include/mpi/fujitsu -I/opt/FJSVxtclanga/.common/MELI025/lib64 -Dunix -Dlinux -D__FUJITSU -D__FRT_major__=4 -D__FRT_minor__=6 -D__FRT_patchlevel__=1 -D__FRT_version__="4.6.1" -D__aarch64__ -D__unix -D_OPENMP=201511 -D__frt_version=800 -D__ARM_ARCH=8 -D__ARM_FEATURE_SVE -D__ELF__ -D__unix__ -D__linux__ -D__linux -Asystem(unix) -otmp
   Effective options    : -fw -g0 -AE -Ec -Free -O3 -X9
                          -CcdRR8 -x- -xaccept=nomodule_allocatable
                          -KA64FX -KARMV8_3_A -KSVE -Kalign_commons
                          -Kalign_loops -Knoarray_declaration_opt
                          -Kassume=noshortloop -Kassume=nomemory_bandwidth
                          -Kassume=notime_saving_compilation -Kauto
                          -Kautoobjstack -Knocalleralloc -Kcmodel=small
                          -Keval -Keval_noconcurrent -Knoextract_stride_store
                          -Knofenv_access -Kfp_contract -Knofp_relaxed
                          -Kfsimple -Kfz -Khpctag -Kilfunc=procedure
                          -Knointentopt -Klargepage -Kloop_blocking
                          -Kloop_fission -Kloop_nofission_stripmining
                          -Kloop_fission_threshold=50 -Kloop_fusion
                          -Kloop_interchange -Kloop_part_parallel
                          -Kloop_part_simd -Kloop_perfect_nest
                          -Kloop_noversioning -Knolto -Kmfunc=1 -Kocl
                          -Komitfp -Knooptlib_string -Koptmsg=2
                          -Knopc_relative_literal_loads -Kplt -Knopreex
                          -Kprefetch_noconditional -Kprefetch_noindirect
                          -Kprefetch_sequential=auto -Kprefetch_nostride
                          -Kprefetch_cache_level=all -Kprefetch_noinfer
                          -Kprefetch_strong -Kprefetch_strong_L2 -Knopreload
                          -Ksch_post_ra -Ksch_pre_ra -Ksibling_calls
                          -Ksimd=auto -Ksimd_packed_promotion
                          -Ksimd_reduction_product -Ksimd_reg_size=512
                          -Ksimd_nouncounted_loop
                          -Ksimd_use_multiple_structures -Knostriping
                          -Knosubscript_opt -Kswp -Kswp_freg_rate=100
                          -Kswp_ireg_rate=100 -Kswp_preg_rate=100
                          -Kswp_policy=auto -Ktemparraystack -Kunroll
                          -Knounroll_and_jam -Knozfill
                          -Kopenmp -Kopenmp_noassume_norecurrence
                          -Kopenmp_nocollapse_except_innermost
                          -Kopenmp_noordered_reduction -Knoopenmp_simd
                          -Kthreadsafe -Kparallel -Kparallel_nofp_precision
                          -Knoarray_private -Knodynamic_iteration -Kreduction
                          -Kregion_extension
                          -Nallextput -Nnoalloc_assign
                          -Ncancel_overtime_compilation -Nnocheck_global
                          -Nnocoarray -Nnocompdisp -Nnocopyarg -Nnocoverage
                          -Nfjprof -Nfreealloc -Nf90move -Nnohook_func
                          -Nnohook_time -Nlibomp -Nline -Nlst -Nlst=a -Nlst=d
                          -Nlst=i -Nlst=p -Nlst=t -Nlst=x -Nnomallocfree
                          -Nnoobsfun -Nnoprivatealloc -Nquickdbg=noargchk
                          -Nquickdbg=nosubchk -Nquickdbg=noundef -NRnotrap
                          -Nnorecursive -Nnoreordered_variable_stack
                          -Nrt_notune -Nnosave -Nsetvalue=noheap
                          -Nsetvalue=nostack -Nsetvalue=noscalar
                          -Nsetvalue=noarray -Nsetvalue=nostruct -Nuse_rodata

 External subroutine subprogram "getrdy"
  (inc)(line-no.)(nest)(optimize)
               1                           subroutine getrdy
               2                     !
               3                     !***********************************************************************
               4                     !  subroutine to prepare initial conditins for model start at tau=0
               5                     !  reads in grid point fields and tranform to spectral coefficients.
               6                     !
               7                     ! **** input ****
               8                     !
               9                     !  restrt:  logical variable. when true = initial tau .gt. zero
              10                     !  restart flag.
              11                     !
              12                     !  modify to f90 by C-H Lee and sort by River Chen
              13                     !
              14                     !***********************************************************************
              15                     !
              16                           use param
              17                           use mpe
              18                           use rank
              19                           use index
              20                           use const
              21                           use grid
              22                           use spec
              23                           use fftcom
              24                           use phygrid
              25                           use mod_typhoon
              26                           use noah
              27                           use namelist_soilveg
              28                     !-----------------------------------------------------------------------
              29                           use ozne_def
              30                           use radn
              31                           use albn
              32                     !-----------------------------------------------------------------------
              33                           use mod_sitgrid
              34                           use mod_sit_vdiff,     only:sit_vdiff_init,sit_vdiff,SICEDFN &
              35                                                    ,maskid,ctfreez,cal_ratioBlending
              36                           use mod_sit_control,   only:xmissing,sit_nml,lgodas,ldailysst &
              37                                                    ,locaf,locaf0,lwoa0,lsitstart,sit_domain_w &
              38                                                    ,sit_domain_e,sit_domain_s,sit_domain_n &
              39                                                    ,sit_domain_extgrd,lpre6hr_sit,bathydepth&
              40                                                    ,lsftobswt
              41                           use mod_eos_ocean,     only: tmelts,api
              42                           use mod_sst,           only:read_woa0,read_godas,read_dailygodas &
              43                                                     ,read_dailyFCT                         &
              44                                                     ,ifilin_ocaf,read_ocaf,read_ocaf0      &
              45                                                     ,wtfn12,wsfn12,time_weights,mask1st
              46                           USE mo_netcdf,         ONLY:lkvl,set_ocndepth
              47                     ! for Thompson MP
              48                           use physcons,          only: con_rd,con_eps
              49                           use module_mp_thompson_make_number_concentrations,                &
              50                                                  only: make_IceNumber, make_RainNumber
              51                     !-----------------------------------------------------------------------
              52                           use mod_grb2_param , only : grbid ,grbfile ,opn_grb2 ,cls_grb2,grbnxmy
              53                     
              54                           implicit   none
              55                     
              56                     !  local working array
              57                     !
              58                           real      sst(nxp,my_max),ww1(nx,my),ww2(nxp,my_max),     &
              59                                     wk1(nxp,lev,my_max),pklev(nxp,my_max)
              60                           real(kind=RTYPE) cc(nx+2,levp,1,my_max),dummy,ww3(nx,my_max),    &
              61                                            ww4(nx,my)
              62                     !byl                wss3(levp,2,3,jtrun,jtmax),cc3(nx+2,levp,3,my_max)
              63                     
              64                           character lrec*26,rfile*55,ctau*6,topostd*4,topohgt*4,key*34
              65                     !helio>
              66                           character f71*50
              67                     !helio<
              68                     #ifdef RSM
              69                           character*12 dtgrsm
              70                           integer idtgrsm
              71                     #endif
              72                     !
              73                     ! restart  : read(7) work array
              74                     !
              75                     !!      real, dimension(:), allocatable :: work_io
              76                     !
              77                     !
              78                     ! restart  : read(10) work array
              79                     !
              80                           real, dimension(:,:,:), allocatable :: tm1,tm2,tm3,tm4
              81                     !
              82                     ! for ncld>=2
              83                           real, dimension(:,:,:), allocatable :: tmc1,tmc2
              84                           real, dimension(:,:,:), allocatable :: tmc3,tmc4
              85                           real, dimension(:,:,:), allocatable :: tmc5,tmc6
              86                     ! add for sfcuvt
              87                           real    tx(nxp), qx(nxp),ux(nxp),vx(nxp),  &
              88                                   qs(nxp),tsx(nxp),hs(nxp),ps(nxp),  &
              89                                   qsfc(nxp),tgp(nxp)
              90                           logical flg, snow
              91                     !
              92                     ! add for soil
              93                           real, dimension(:,:,:), allocatable :: temp1,temp2,temp3
              94                     !     integer   ls(nxp,my_max),icex(nx,my)
              95                           integer   ls(nxp,my_max)
              96                           logical   ncepsnow,ncepice
              97                     !soil
              98                           logical wrestrt
              99                           data wrestrt/.false./
             100                     !
             101                           integer lmax,nxmy,mlmax2,i,j,jj,k,m,mf,n,nxj,ios,lcwb,lphy,itaui, &
             102                                   lncrec,istat,itaup,isnow,njump1,njump2,njump3,lvlw,lvlw1, &
             103                                   lvlw2,lvlw3,ii,icwarn
             104                           real    fact,xxaa,taux,q1,dsigp,pi,xx,wet
             105                     !xb110>
             106                     !      real    flash(nxp,my_max)
             107                     !xb110<
             108                     
             109                           real  t_surf
             110                           real  sitlat(nxp)
             111                           real  sitlon(nxp,my_max)
             112                           real, parameter:: specified_ice_thickness  = 2.0
             113                           real lontest(nxp,my_max)
             114                           integer nxjpart
             115                     ! for io quilting
             116                           character:: keydoit*34
             117                     ! for Thompson MP
             118                           real  tem,rho,ttr,ttv
             119                     
             120                           lmax=26
                                   <<< Loop-information Start >>>
                                   <<<  [PARALLELIZATION]
                                   <<<    Standard iteration count: 2
                                   <<<  [OPTIMIZATION]
                                   <<<    SIMD(VL: 8)
                                   <<<    PREFETCH(HARD) Expected by compiler :
                                   <<<      cc
                                   <<< Loop-information  End >>>
             121        pp   4v            cc=0.
             122                     !
             123                           nxmy   = nx*my
             124                           mlmax2 = mlmax * 2
             125                     ! noah
             126                           call set_soilveg(isot,ivegsrc)
             127                     ! osu
             128                           call landpack(maxsmc,dfkt,xktk,dfk)
             129                     
             130                     ! ------------------------------------------------------------
             131                     !   read ozone prognostic parameters
             132                     ! ------------------------------------------------------------
             133     1                     if (doo3l)then
             134     2                     if (ntoz .gt. 0) then
             135     2                     call read_ozplin(myrank)
             136     2                     if (myrank.eq.0) print *, 'after read_ozplin'
             137     3                     if (myrank.eq.0) then
             138     3                           print *,' pl_coeff=',pl_coeff
             139     3                           print *,' latsozp=',latsozp,' levozp=',levozp,     &
             140     3                                   ' timeoz=',timeoz
             141     3               !           print * ,'ozplin(1,1,1,1)=',ozplin(1,1,1,1)
             142     3                     endif
             143     2                     endif
             144     1                     endif
             145                     !------------------------------------------------------------
             146                     !helio>
             147     1                      if ( nco .gt. 999 ) then
             148     1                       write(f71,105) nco,nx,my
             149     1                      else
             150     1                       if ( nx .gt. 999 .and. my .gt. 999 ) write(f71,106) nco,nx,my
             151     1                       if ( nx .gt. 999 .and. my .le. 999 ) write(f71,107) nco,nx,my
             152     1                       if ( nx .le. 999 .and. my .le. 999 ) write(f71,108) nco,nx,my
             153     1                      endif
             154                      105  format('global_idw.t',i4.4,'.',i4.4,'.',i4.4,'.dat')
             155                      106  format('global_idw.t',i3.3,'.',i4.4,'.',i4.4,'.dat')
             156                      107  format('global_idw.t',i3.3,'.',i4.4,'.',i3.3,'.dat')
             157                      108  format('global_idw.t',i3.3,'.',i3.3,'.',i3.3,'.dat')
             158                     
             159                           open(71,file=f71,form='unformatted',access='direct',recl=8*nx*my*8)
             160                     
             161                           read(71,rec=1) outp
             162                           close(71)
             163                     
             164                     !helio<
             165                     !------------------------------------------------------------
             166                     
             167     1                     if (restrt) then
             168     1               !
             169     1               ! restart gfcst: read restart file and pdiff file
             170     1               !
             171     1                     call chlen (cwbout,48,lcwb)
             172     1                     call chlen (phyout,48,lphy)
             173     1                     itaui = taui + 0.001
             174     1                     write (ctau,800) itaui
             175     1                 800 format('tau',i4.4)
             176     1               !
             177     1                     rfile = cwbout(1:lcwb)//ctau
             178     1               !
             179     2                     if(myrank .eq. 0) then
             180     2                     print*, ' restart at tau, lcwb, rfile = ', taui, lcwb, rfile
             181     2                     endif
             182     1               
             183     1                     flg=.false.
             184     2                     if(myrank .eq. 0) then
             185     2                      flg=.true.
             186     2                      open (unit=7,file=rfile,form='unformatted',status='old' &
             187     2                           ,iostat=ios)
             188     2                     endif
             189     1               !
             190     1               !ch   call mpe_broadcast(ios,1,flg,mpe_integer)
             191     1                     call mpe_bcast(ios,1,0,mpe_integer)
             192     1                     if(ios .ne. 0) goto 820
             193     1               !
             194     1               !!      if(myrank .eq. 0) then
             195     1               !!      read (7)  work_io
             196     1               !!      close (7)
             197     1               !!      endif
             198     1               !
             199     1               !!      call scatter_spec(work_io,vornow,divnow,temnow,qnow,plnow,   &
             200     1               !!         vorold,divold,temold,qold,plold,dsqgeo,spgeo,trefs,       &
             201     1               !!         lev,ncld,jtrun,jtmax,my,nsize)
             202     1               !
             203     1                     rfile = phyout(1:lphy)//ctau
             204     1               !
             205     2                     if(myrank .eq. 0) then
             206     2                     print*, ' restart at tau, lphy, rfile = ', taui, lphy, rfile
             207     2                     endif
             208     1               !
             209     1                     open (unit=10,file=rfile,form='unformatted',status='old',err=820)
             210     1               
             211     1                     allocate (tm1(nx,lev,my))
             212     1                     allocate (tm2(nx,lev,my))
             213     1                     allocate (tm3(nx,lev,my))
             214     1                     allocate (tm4(nx,lev,my))
             215     1                     allocate (tmc1(nx,lev,my))
             216     1                     allocate (tmc2(nx,lev,my))
             217     1                     allocate (tmc3(nx,lev,my))
             218     1                     allocate (tmc4(nx,lev,my))
             219     1                     allocate (tmc5(nx,lev,my))
             220     1                     allocate (tmc6(nx,lev,my))
             221     1                     allocate (temp1(nx,lev,my))
             222     1                     allocate (temp2(nx,lev,my))
             223     1               !
             224     1               !      read(10) snr,gwr,tg,tm1,tm2,ss,rs,tm3,tm4,ustar,tstar,qstar   &
             225     1               !              , hflux,qflux,raincu,rainlp,totalp,curate,plcl,cumtop &
             226     1               !--
             227     1               !reduceg : base on sgeo to induce spgeo, different from normal version
             228     1               !--
             229     1               !              , tgclim,gwet,z0,alb,land,ice,ocean,gwclim,acld,sgeo  &
             230     1               !              , temp1,temp2,canopy,sigmaf,istyp,ivegtyp,rld         &
             231     1               !              , tmc1,tmc2,tmc3,tmc4,fpsp,fpsp1
             232     1               !      close (10)
             233     1               !
                                   <<< Loop-information Start >>>
                                   <<<  [PARALLELIZATION]
                                   <<<    Standard iteration count: 1600
                                   <<< Loop-information  End >>>
             234     2  pp    s            do jj = 1, jlistnum
             235     2   p    s             j=jlist1(jj)
             236     2   p    s             nxj=nxdef_2d(j)
             237     3   p    s             do k = 1, lev
             238     4   p                   do i = 1, nxj
             239     4               !        e(i,k,jj)     = tm1(i,k,j)
             240     4               !        eps(i,k,jj)   = tm2(i,k,j)
             241     4               !        o3l(i,k,jj)   = tm3(i,k,j)
             242     4               !        dtrad(i,k,jj) = tm4(i,k,j)
             243     4               !        ftp(i,k,jj)   = tmc1(i,k,j)
             244     4               !        fqp(i,k,jj)   = tmc2(i,k,j)
             245     4               !        ftp1(i,k,jj)   = tmc3(i,k,j)
             246     4               !        fqp1(i,k,jj)   = tmc4(i,k,j)
             247     4                       enddo
             248     3   p    s             enddo
             249     2   p    s            enddo
             250     1               !soil
             251     2   s    s            do jj=1,jlistnum
             252     2   p    s             j=jlist1(jj)
             253     2   p    s             nxj=nxdef_2d(j)
             254     3   s    s             do k = 1, km_soil
             255     4   s    s              do i = 1, nxj
             256     4               !        smc(i,k,jj)=temp1(i,k,j)
             257     4               !        stc(i,k,jj)=temp2(i,k,j)
             258     4                       enddo
             259     3   p    s             enddo
             260     2   p    s            enddo
             261     1               !
             262     1                     deallocate (tm1)
             263     1                     deallocate (tm2)
             264     1                     deallocate (tm3)
             265     1                     deallocate (tm4)
             266     1                     deallocate (tmc1)
             267     1                     deallocate (tmc2)
             268     1                     deallocate (tmc3)
             269     1                     deallocate (tmc4)
             270     1                     deallocate (tmc5)
             271     1                     deallocate (tmc6)
             272     1                     deallocate (temp1)
             273     1                     deallocate (temp2)
             274     1               
             275     1                     lncrec=nx*my
             276     1                     call syslbl('x00dif',idtg,0,ggdef,lrec)
             277     1                     call dmsread(nx,my,lrec,lncrec,'H',ifilout,ww1,istat)
             278     1                     call unify_reducepick(nx,my,my_max,ww1,pdiff)
             279     1               
             280     1                     call syslbl('h00100',idtg,0,ggdef,lrec)
             281     1                     call dmsread(nx,my,lrec,lncrec,'H',ifilin,ww1,istat)
             282     1                     call unify_reducepick(nx,my,my_max,ww1,t1000)
             283     1               
             284     1                     call syslbl('x00tsv',idtg,0,ggdef,lrec)
             285     1                     call dmsread(nx,my,lrec,lncrec,'H',ifilout,ww1,istat)
             286     1                     call unify_reducepick(nx,my,my_max,ww1,tsave)
             287     1               !
             288     1               !  read dmsdata for standard deviation of terrain field
             289     1               !
             290     1               !dms    istdno=99
             291     1               !dms    istdno=0
             292     1               !c      topostd='gbkf'   ! responding to istdno=99
             293     1                       topostd='gbk0'   ! responding to istdno=0
             294     1                       write(lrec,'("s00062",a4,a4,12x)')topostd,ggdef
             295     1                       call dmsread(nx,my,lrec,nxmy,'H',bckfile,ww1,istat)
             296     1               !
                                   <<< Loop-information Start >>>
                                   <<<  [OPTIMIZATION]
                                   <<<    PREFETCH(HARD) Expected by compiler :
                                   <<<      ww1, ocean, std
                                   <<< Loop-information  End >>>
             297     2                       do jj=1,jlistnum
             298     2                         j=jlist1(jj)
             299     2                         ii=nxjstart(j)
             300     2                         nxj=nxdef_2d(j)
             301     2                       if( lreduce.eq.1 ) call reducepickr (ww1(1,j),nxdef(j),nx,1)
                                   <<< Loop-information Start >>>
                                   <<<  [PARALLELIZATION]
                                   <<<    Standard iteration count: 500
                                   <<<  [OPTIMIZATION]
                                   <<<    SIMD(VL: 8)
                                   <<<    SOFTWARE PIPELINING(IPC: 1.17, ITR: 48, MVE: 2, POL: S)
                                   <<<    PREFETCH(HARD) Expected by compiler :
                                   <<<      ocean, ww1, std
                                   <<< Loop-information  End >>>
             302     3  pp   2v                do i=1,nxj
             303     3   p   2v                  std(i,jj)=ww1(ii,j)*ww1(ii,j)
             304     3   p   2v                  if(ww1(ii,j).le.0. .or. ocean(i,jj)) std(i,jj)=0.
             305     3   p   2v                  ii=ii+1
             306     3   p   2v                enddo
             307     2                       enddo
             308     1               !
             309     1                     go to 900
             310     1                 820 continue
             311     1                     if ( rfile(1:lcwb) .eq. cwbout(1:lcwb) )  close (7)
             312     1                     if ( rfile(1:lphy) .eq. phyout(1:lphy) )  close (10)
             313     1               !
             314     2                     if(myrank .eq. 0) then
             315     2                       print*, ' restart failed at tau, rfile = ', taui, rfile
             316     2                       print*, ' the gfcst run will start from tau = 0 again'
             317     2                     endif
             318     1               !
             319     1                     taui = 0.0
             320     1                     restrt = .false.
             321     1                     donnmi = .true.
             322     1                 900 continue
             323     1               !
             324     1                     endif     ! end of (restrt=true)
             325                     
             326     1                     if ( .not. restrt )  then
             327     1               !
             328     1               ! zero out array for ncld>=2
             329     1               !
                                   <<< Loop-information Start >>>
                                   <<<  [PARALLELIZATION]
                                   <<<    Standard iteration count: 9
                                   <<<  [OPTIMIZATION]
                                   <<<    SIMD(VL: 8)
                                   <<<    PREFETCH(HARD) Expected by compiler :
                                   <<<      fpsp
                                   <<< Loop-information  End >>>
             330     1  pp   4v              fpsp=0.
                                   <<< Loop-information Start >>>
                                   <<<  [PARALLELIZATION]
                                   <<<    Standard iteration count: 9
                                   <<<  [OPTIMIZATION]
                                   <<<    SIMD(VL: 8)
                                   <<<    PREFETCH(HARD) Expected by compiler :
                                   <<<      fpsp1
                                   <<< Loop-information  End >>>
             331     1  pp   4v              fpsp1=0.
                                   <<< Loop-information Start >>>
                                   <<<  [PARALLELIZATION]
                                   <<<    Standard iteration count: 2
                                   <<<  [OPTIMIZATION]
                                   <<<    SIMD(VL: 8)
                                   <<<    PREFETCH(HARD) Expected by compiler :
                                   <<<      ftp
                                   <<< Loop-information  End >>>
             332     1  pp   4v              ftp=0.
                                   <<< Loop-information Start >>>
                                   <<<  [PARALLELIZATION]
                                   <<<    Standard iteration count: 2
                                   <<<  [OPTIMIZATION]
                                   <<<    SIMD(VL: 8)
                                   <<<    PREFETCH(HARD) Expected by compiler :
                                   <<<      fqp
                                   <<< Loop-information  End >>>
             333     1  pp   4v              fqp=0.
                                   <<< Loop-information Start >>>
                                   <<<  [PARALLELIZATION]
                                   <<<    Standard iteration count: 2
                                   <<<  [OPTIMIZATION]
                                   <<<    SIMD(VL: 8)
                                   <<<    PREFETCH(HARD) Expected by compiler :
                                   <<<      ftp1
                                   <<< Loop-information  End >>>
             334     1  pp   4v              ftp1=0.
                                   <<< Loop-information Start >>>
                                   <<<  [PARALLELIZATION]
                                   <<<    Standard iteration count: 2
                                   <<<  [OPTIMIZATION]
                                   <<<    SIMD(VL: 8)
                                   <<<    PREFETCH(HARD) Expected by compiler :
                                   <<<      fqp1
                                   <<< Loop-information  End >>>
             335     1  pp   4v              fqp1=0.
             336     1               !
             337     1               ! new start gfcst: read climate data, initialize parameters
             338     1               !
             339     1                       call readclx( nx,my,my_max,julian,land,ocean,ice,tgclim,gwclim  &
             340     1                                  ,z0,alb,sst,bckfile,sigmaf,istyp,ivegtyp,ls   &
             341     1                                  ,shdmax,shdmin,slopetyp,snoalb,ggdef,isot,ivegsrc )
             342     1               !
             343     1               !  read sst analysis data
             344     1               !
             345     1                       call syslbl('w00100',idtg,0,ggdef,lrec)
             346     1                       call dmsread(nx,my,lrec,nxmy,'H',ifilin,ww1,istat)
             347     1                       call unify_reducepick(nx,my,my_max,ww1,sst)
             348     1               ! ------------------------------------------------------------
             349     1               !   read new albedo
             350     1               !-------------------------------------------------------------
             351     2                     if (irad .eq. 2) then
             352     2                       call readalb(bckfile,nx,my,my_max,julian,ggdef,         &
             353     2                                  alvsf,alvwf,alnsf,alnwf,facsf,facwf)
             354     2                       if (myrank.eq.0) print *, 'irad=2, readalb ok!!'
                                   <<< Loop-information Start >>>
                                   <<<  [PARALLELIZATION]
                                   <<<    Standard iteration count: 2
                                   <<<  [OPTIMIZATION]
                                   <<<    PREFETCH(HARD) Expected by compiler :
                                   <<<      facwf, alnwf, facsf, alnsf, alvwf, alvsf
                                   <<< Loop-information  End >>>
             355     3  pp                   do jj=1,jlistnum
             356     3   p                     j=jlist1(jj)
             357     3   p                     nxj=nxdef_2d(j)
                                   <<< Loop-information Start >>>
                                   <<<  [OPTIMIZATION]
                                   <<<    SIMD(VL: 8)
                                   <<<    SOFTWARE PIPELINING(IPC: 2.21, ITR: 24, MVE: 2, POL: S)
                                   <<<    PREFETCH(HARD) Expected by compiler :
                                   <<<      facwf, facsf, alnwf, alnsf, alvwf, alvsf
                                   <<< Loop-information  End >>>
             358     4   p    v                do i=1,nxj
             359     4   p    v                  alvsf(i,jj)=alvsf(i,jj)*0.01
             360     4   p    v                  alvwf(i,jj)=alvwf(i,jj)*0.01
             361     4   p    v                  alnsf(i,jj)=alnsf(i,jj)*0.01
             362     4   p    v                  alnwf(i,jj)=alnwf(i,jj)*0.01
             363     4   p    v                  facsf(i,jj)=facsf(i,jj)*0.01
             364     4   p    v                  facwf(i,jj)=facwf(i,jj)*0.01
             365     4   p    v                enddo
             366     3   p                   enddo
             367     2                     endif
             368     1               ! ------------------------------------------------------------
             369     2                     if(.not.cstar)then
             370     2               !
             371     3                       if(taup .gt. 72.)then
             372     4                         if(myrank .eq. 0) then
             373     4                         print *,'*** warning update taup greater than 72. ***'
             374     4                         endif
             375     3                         call mpe_finalize
             376     3                         call dmsexit(-1)
             377     3                       endif
             378     2               !
             379     2                       itaup=int(taup+0.0001)
             380     2               !
             381     2               !  dtgfix12 needs idtg of long integer for dms 34 keys
             382     2               !
             383     2                       call dtgfix12(idtg,idtg2,-itaup)
             384     2                       call rdpbl(nx,my,my_max,snr,gwr,tg,zice,ifilin,idtg2,itaup,ggdef)
             385     2               !
             386     2               !  if true, read ncep snow depth and sea-ice analysis data
             387     2               !
             388     2                       ncepsnow =.true.
             389     2                       ncepice  =.true.
             390     2               !
             391     2               !  update snow depth with ncep's snow analysis at 00Z
             392     2               !  otherwise, keep model's cycle
             393     2               !
             394     2                       isnow = idtg - (idtg/10000)*10000
             395     2               !
             396     3                       if( ncepsnow  .and. isnow.eq.0 )then
             397     3                         call syslbl('b00650',idtg,0,ggdef,lrec)
             398     3                         call dmsread(nx,my,lrec,nxmy,'H',ifilin,ww1,istat)
             399     3                         call unify_reducepick(nx,my,my_max,ww1,snr)
             400     3                         if( myrank .eq. 0 ) print*, &
             401     3                           "update snow depth with ncep's snow analysis, at dtg=",idtg
             402     3                       endif
             403     2               !
             404     2               ! should prepare a data set
             405     2               ! temporary setting for test run
                                   <<< Loop-information Start >>>
                                   <<<  [PARALLELIZATION]
                                   <<<    Standard iteration count: 2
                                   <<<  [OPTIMIZATION]
                                   <<<    PREFETCH(HARD) Expected by compiler :
                                   <<<      snr, sncover, sndepth
                                   <<< Loop-information  End >>>
             406     3  pp                   do jj=1,jlistnum
             407     3   p                     j=jlist1(jj)
             408     3   p                     ii=nxjstart(j)
             409     3   p                     nxj=nxdef_2d(j)
                                   <<< Loop-information Start >>>
                                   <<<  [OPTIMIZATION]
                                   <<<    SIMD(VL: 8)
                                   <<<    SOFTWARE PIPELINING(IPC: 3.16, ITR: 112, MVE: 3, POL: S)
                                   <<<    PREFETCH(HARD) Expected by compiler :
                                   <<<      snr, sncover, sndepth
                                   <<< Loop-information  End >>>
             410     4   p   2v                do i=1,nxj
             411     4               ! slopetyp
             412     4               ! read from background
             413     4               !           slopetyp(i,jj) = 1
             414     4               !
             415     4               ! sndepth(mm), snow real depth
             416     4               ! set to be 3 times of snr(water equivlent snow depth(mm))
             417     4               !           sndepth(i,jj)=snr(i,jj)*3.    !noah1
             418     4   p   2v                  sndepth(i,jj)=snr(i,jj)*8.    !noah1x
             419     4               !           sndepth(i,jj)=snr(i,jj)*10.
             420     4               !
             421     4               ! sncover,snow fraction of a grid
             422     4               ! just set an inital value and will be recalculated in sflx.f
             423     4   p   2v                  sncover(i,jj)=min(1., snr(i,jj)/400.)
             424     4   p   2v                enddo
             425     3   p                   enddo
             426     2               !
             427     3                       if( ncepice )then
             428     3               !
             429     3               !          call syslbl('w00090',idtg,0,ggdef,lrec)
             430     3               !          call dmsreadi(nx,my,lrec,nxmy,'I',ifilin,icex,istat)
             431     3               !          if( lreduce.eq.1 ) call reducepicki (icex,nxdef,nx,my)
             432     3               !
             433     3                         call syslbl('w00091',idtg,0,ggdef,lrec)
             434     3                         call dmsread(nx,my,lrec,nxmy,'H',ifilin,ww1,istat)
             435     3                         call unify_reducepick(nx,my,my_max,ww1,cice)
             436     3               !
             437     4                         if( myrank .eq. 0 ) then
             438     4                            print*,"get ncep's sea ice analysis, at dtg=",idtg
             439     4                            call syslbl('w00092',idtg,0,ggdef,lrec)
             440     4                            write(key,'(a26,a1,i7.7)') lrec,'H',nxmy
             441     4                            call dmschkr (ifilin,key//char(0),istat)
             442     4                         endif
             443     3                         call mpe_bcast(istat,1,0,mpe_integer)
             444     3               !
             445     4                         if ( istat .eq. 0 ) then
             446     4                           call dmsread(nx,my,lrec,nxmy,'H',ifilin,ww1,istat)
             447     4                           call unify_reducepick(nx,my,my_max,ww1,zice)
             448     4                           if( myrank .eq. 0 ) &
             449     4                              print*,"get sea ice thickness from ncep analysis,",     &
             450     4                              " at dtg=",idtg
             451     4                         else
             452     4                           if( myrank .eq. 0 ) &
             453     4                              print*,"get sea ice thickness from model 6hr forecast,",&
             454     4                              " initial at dtg=",idtg2
             455     4                         endif
             456     3               !
             457     3               ! reset albedo and tgclim at seaice grids
             458     3               !
             459     3                         icwarn=0
             460     4                         do jj=1,jlistnum
             461     4                           j=jlist1(jj)
             462     4                           nxj=nxdef_2d(j)
                                   <<< Loop-information Start >>>
                                   <<<  [PARALLELIZATION]
                                   <<<    Standard iteration count: 164
                                   <<< Loop-information  End >>>
             463     5  pp    s                  do i = 1, nxj
             464     5   p    v                    ice(i,jj) = .false.
             465     6   p    v                    if( ls(i,jj).eq.0 )then
             466     6   p    v                      alb(i,jj)   = 0.09
             467     6   p    v                      ocean(i,jj) = .true.
             468     6   p    v                    endif
             469     6   p    m                    if( ls(i,jj).eq.0 .and. cice(i,jj).ge.0.5 )then
             470     6   p    m                      ice(i,jj)    = .true.
             471     6   p    v                      ocean(i,jj)  = .false.
             472     6   p    m                      alb(i,jj)    = 0.55
             473     6   p    v                      tgclim(i,jj) = 271.2
             474     6               ! for noah
             475     6   p    v                      z0(i,jj)=0.00001
             476     6               
             477     6               ! initial sea ice temperature is set as tg(grid average temperature from first guess)
             478     6               !
             479     6   p    s                      cice(i,jj)    = max(0.5,cice(i,jj))
             480     6   p    v                      xtice(i,jj)   = tg(i,jj)
             481     6               ! zice read from first guess or set to be 1 m over south hemesphere.
             482     6               !                                     and 3 m over north hemesphere
             483     7   p    s                      if( zice(i,jj) .lt. 1.*cice(i,jj) ) then
             484     7   p    s                        zice(i,jj) = max(zice(i,jj),1.*cice(i,jj))
             485     7   p    v                        icwarn = icwarn + 1
             486     7   p                           endif
             487     6   p    v                    endif
             488     5   p    v                  enddo
             489     4                         enddo
             490     3               !
             491     3                         call mpe_global_sum(icwarn,1,mpe_integer)
             492     4                         if ( myrank .eq. 0 .and. icwarn .gt. 0 ) then
             493     4                         print*,achar(27)//"[1;31m==================   Warnig!!!   ==================="//achar(27)//'[1;m'
             494     4                         print*,achar(27)//"[1;31m=  ice thickness not consistent with sea ice mask  ="//achar(27)//'[1;m'
             495     4                         print*,achar(27)//"[1;31m=  set the thickness to 1 meter for first guess    ="//achar(27)//'[1;m'
             496     4                         print*,achar(27)//"[1;31m===================================================="//achar(27)//'[1;m'
             497     4                         endif
             498     3               !
             499     3                       endif     !end of (ncepice)
             500     2               !soil
             501     2                       call rdsoil(nx,my,my_max,km_soil,smc,stc,slc,canopy &
             502     2                                 ,ifilin,idtg2,itaup,ggdef,gmdef)
             503     2               
             504     2               !
             505     2               !put upper and lower bound to soil moisture
             506     2               !slc(liquid soilmoisture) should be smaller than smc, then its upper
             507     2               !limit is smc
             508     2               ! 201704 by phon
             509     2               !
                                   <<< Loop-information Start >>>
                                   <<<  [PARALLELIZATION]
                                   <<<    Standard iteration count: 2
                                   <<<  [OPTIMIZATION]
                                   <<<    PREFETCH(HARD) Expected by compiler :
                                   <<<      smc, slc
                                   <<< Loop-information  End >>>
             510     3  pp                   do jj = 1, jlistnum
             511     3   p                     j=jlist1(jj)
             512     3   p                     nxj=nxdef_2d(j)
                                   <<< Loop-information Start >>>
                                   <<<  [OPTIMIZATION]
                                   <<<    SIMD(VL: 8)
                                   <<<    SOFTWARE PIPELINING(IPC: 3.00, ITR: 40, MVE: 3, POL: S)
                                   <<<    PREFETCH(HARD) Expected by compiler :
                                   <<<      slc, smc
                                   <<< Loop-information  End >>>
             513     4   p    v                do i = 1, nxj
             514     4   p    v                  slc(i,1,jj)=min( smc(i,1,jj),slc(i,1,jj) )
             515     4   p    v                  slc(i,2,jj)=min( smc(i,2,jj),slc(i,2,jj) )
             516     4   p    v                  slc(i,3,jj)=min( smc(i,3,jj),slc(i,3,jj) )
             517     4   p    v                  slc(i,4,jj)=min( smc(i,4,jj),slc(i,4,jj) )
             518     4   p    v                enddo
             519     3   p                   enddo
             520     2               !
             521     2               ! blending smc(i,2,jj) with climate value
             522     2               !
             523     2                       fact=exp(-1./60.*itaup/24.)
                                   <<< Loop-information Start >>>
                                   <<<  [PARALLELIZATION]
                                   <<<    Standard iteration count: 2
                                   <<<  [OPTIMIZATION]
                                   <<<    PREFETCH(HARD) Expected by compiler :
                                   <<<      smc, slc, gwclim
                                   <<< Loop-information  End >>>
             524     3  pp                   do jj = 1, jlistnum
             525     3   p                     j=jlist1(jj)
             526     3   p                     nxj=nxdef_2d(j)
                                   <<< Loop-information Start >>>
                                   <<<  [OPTIMIZATION]
                                   <<<    SIMD(VL: 8)
                                   <<<    SOFTWARE PIPELINING(IPC: 0.60, ITR: 48, MVE: 2, POL: S)
                                   <<<    PREFETCH(HARD) Expected by compiler :
                                   <<<      gwclim, smc, slc
                                   <<< Loop-information  End >>>
             527     4   p   2v                do i = 1, nxj
             528     4   p   2v                  xxaa=slc(i,4,jj)/smc(i,4,jj)
             529     4   p   2v                  smc(i,4,jj)=smc(i,4,jj)*fact + gwclim(i,jj)*(1.-fact)
             530     4   p   2v                  slc(i,4,jj)=smc(i,4,jj)*xxaa
             531     4   p   2v                enddo
             532     3   p                   enddo
             533     2               !soil
             534     2               !
                                   <<< Loop-information Start >>>
                                   <<<  [PARALLELIZATION]
                                   <<<    Standard iteration count: 2
                                   <<< Loop-information  End >>>
             535     3  pp                   do jj = 1, jlistnum
             536     3   p                     j=jlist1(jj)
             537     3   p                     nxj=nxdef_2d(j)
                                   <<< Loop-information Start >>>
                                   <<<  [OPTIMIZATION]
                                   <<<    SIMD(VL: 8)
                                   <<<    PREFETCH(HARD) Expected by compiler :
                                   <<<      qflux, hflux, qstar, tstar, ustar
                                   <<<      totalp
                                   <<<    SPILLS :
                                   <<<      GENERAL   : SPILL 0  FILL 1
                                   <<<      SIMD&FP   : SPILL 0  FILL 0
                                   <<<      SCALABLE  : SPILL 0  FILL 0
                                   <<<      PREDICATE : SPILL 0  FILL 0
                                   <<< Loop-information  End >>>
             538     4   p    v                do i = 1,nxj
             539     4   p    v                  totalp(i,jj)=0.
             540     4               !            flash(i,jj)=0.   !xb110, flash density
             541     4               !            ustar(i,jj)=0.1
             542     4   p    v                  ustar(i,jj)=sqrt(0.14) !make sure z0 will be 0.0002 over ocean
             543     4   p    v                  tstar(i,jj)=0.025
             544     4   p    v                  qstar(i,jj)=0.0
             545     4   p    v                  hflux(i,jj)=-ustar(i,jj)*tstar(i,jj)
             546     4   p    v                  qflux(i,jj)=-ustar(i,jj)*qstar(i,jj)
             547     4   p    v                enddo
             548     3   p                   enddo
             549     2               !
                                   <<< Loop-information Start >>>
                                   <<<  [PARALLELIZATION]
                                   <<<    Standard iteration count: 2
                                   <<< Loop-information  End >>>
             550     3  pp                   do 48 jj = 1, jlistnum
             551     3   p                     j=jlist1(jj)
             552     3   p                     nxj=nxdef_2d(j)
             553     4   p                   do 48 k=1,lev
                                   <<< Loop-information Start >>>
                                   <<<  [OPTIMIZATION]
                                   <<<    SIMD(VL: 8)
                                   <<<    PREFETCH(HARD) Expected by compiler :
                                   <<<      atl, asl, dtrad, eps, e
                                   <<< Loop-information  End >>>
             554     5   p   2v              do 48 i=1,nxj
             555     5   p   2v                e(i,k,jj)=1.0e-4
             556     5   p   2v                eps(i,k,jj)=1.0e-7
             557     5   p   2v                dtrad(i,k,jj)=0.
             558     5   p   2v                asl(i,k,jj)=0.
             559     5   p   2v                atl(i,k,jj)=0.
             560     3   p   2v       48     continue
             561     2               !
                                   <<< Loop-information Start >>>
                                   <<<  [PARALLELIZATION]
                                   <<<    Standard iteration count: 2
                                   <<<  [OPTIMIZATION]
                                   <<<    PREFETCH(HARD) Expected by compiler :
                                   <<<      ocean, sst, tg
                                   <<< Loop-information  End >>>
             562     3  pp                   do jj = 1, jlistnum
             563     3   p                     j=jlist1(jj)
             564     3   p                     nxj=nxdef_2d(j)
                                   <<< Loop-information Start >>>
                                   <<<  [OPTIMIZATION]
                                   <<<    SIMD(VL: 8)
                                   <<<    SOFTWARE PIPELINING(IPC: 2.14, ITR: 112, MVE: 3, POL: S)
                                   <<<    PREFETCH(HARD) Expected by compiler :
                                   <<<      sst, ocean, tg
                                   <<< Loop-information  End >>>
             565     4   p   2v                do i=1,nxj
             566     4   p   2v                  if(ocean(i,jj))tg(i,jj)=sst(i,jj)
             567     4   p   2v                enddo
             568     3   p                   enddo
             569     2               !
             570     2                     else
             571     2               !
                                   <<< Loop-information Start >>>
                                   <<<  [PARALLELIZATION]
                                   <<<    Standard iteration count: 2
                                   <<<  [OPTIMIZATION]
                                   <<<    PREFETCH(HARD) Expected by compiler :
                                   <<<      snr, totalp, ustar, tstar, qstar, hflux
                                   <<<      qflux, curate, cumtop, plcl, ss, rs
                                   <<< Loop-information  End >>>
             572     3  pp                   do jj = 1, jlistnum
             573     3   p                     j=jlist1(jj)
             574     3   p                     nxj=nxdef_2d(j)
                                   <<< Loop-information Start >>>
                                   <<<  [OPTIMIZATION]
                                   <<<    SIMD(VL: 8)
                                   <<<    SOFTWARE PIPELINING(IPC: 2.84, ITR: 32, MVE: 2, POL: L)
                                   <<<    PREFETCH(HARD) Expected by compiler :
                                   <<<      snr, totalp, ustar, tstar, qstar, hflux
                                   <<<      qflux, curate, cumtop, plcl, ss, rs
                                   <<< Loop-information  End >>>
             575     4   p    v                do i=1,nxj
             576     4   p    v                  snr(i,jj)=0.
             577     4   p    v                  totalp(i,jj)=0.
             578     4               !            flash(i,jj)=0.   !xb110, flash density
             579     4   p    v                  ustar(i,jj)=0.1
             580     4   p    v                  tstar(i,jj)=0.025
             581     4   p    v                  qstar(i,jj)=0.0
             582     4   p    v                  hflux(i,jj)=-ustar(i,jj)*tstar(i,jj)
             583     4   p    v                  qflux(i,jj)=-ustar(i,jj)*qstar(i,jj)
             584     4   p    v                  curate(i,jj)=0.
             585     4   p    v                  cumtop(i,jj)=1.0
             586     4   p    v                  plcl(i,jj)=1.0
             587     4   p    v                  ss(i,jj)=0.
             588     4   p    v                  rs(i,jj)=0.
             589     4               !soil        gwr(i,jj)= gwet(i,jj) * 20.0
             590     4   p    v                enddo
             591     3   p                   enddo
             592     2               !
                                   <<< Loop-information Start >>>
                                   <<<  [PARALLELIZATION]
                                   <<<    Standard iteration count: 2
                                   <<< Loop-information  End >>>
             593     3  pp                   do 45 jj = 1, jlistnum
             594     3   p                    j=jlist1(jj)
             595     3   p                    nxj=nxdef_2d(j)
             596     4   p                   do 45 k=1,lev
                                   <<< Loop-information Start >>>
                                   <<<  [OPTIMIZATION]
                                   <<<    SIMD(VL: 8)
                                   <<<    PREFETCH(HARD) Expected by compiler :
                                   <<<      atl, asl, dtrad, eps, e
                                   <<< Loop-information  End >>>
             597     5   p   2v              do 45 i=1,nxj
             598     5   p   2v               e(i,k,jj)=1.0e-4
             599     5   p   2v               eps(i,k,jj)=1.0e-7
             600     5   p   2v               dtrad(i,k,jj)=0.
             601     5   p   2v               asl(i,k,jj)=0.
             602     5   p   2v               atl(i,k,jj)=0.
             603     3   p   2v       45     continue
             604     2               !
                                   <<< Loop-information Start >>>
                                   <<<  [PARALLELIZATION]
                                   <<<    Standard iteration count: 2
                                   <<<  [OPTIMIZATION]
                                   <<<    PREFETCH(HARD) Expected by compiler :
                                   <<<      ocean, sst, gwclim, tgclim, canopy, tg
                                   <<<      gwr
                                   <<< Loop-information  End >>>
             605     3  pp                   do jj = 1, jlistnum
             606     3   p                     j=jlist1(jj)
             607     3   p                     nxj=nxdef_2d(j)
                                   <<< Loop-information Start >>>
                                   <<<  [OPTIMIZATION]
                                   <<<    SIMD(VL: 8)
                                   <<<    SOFTWARE PIPELINING(IPC: 1.86, ITR: 56, MVE: 3, POL: S)
                                   <<<    PREFETCH(HARD) Expected by compiler :
                                   <<<      ocean, gwclim, canopy, tgclim, sst, tg
                                   <<<      gwr
                                   <<< Loop-information  End >>>
             608     4   p    v                do i=1,nxj
             609     5   p    v                  if(ocean(i,jj))then
             610     5   p    v                    tg(i,jj)=sst(i,jj)
             611     5   p    v                    gwr(i,jj)=20.      ! soil
             612     5   p    v                  else
             613     5   p    v                    tg(i,jj)=tgclim(i,jj)
             614     5   p    v                    gwr(i,jj)=min(1., gwclim(i,jj)/0.37)*20.  ! soil
             615     5   p    v                  endif
             616     4   p    v                  canopy(i,jj)=0.1   ! soil
             617     4   p    v                enddo
             618     3   p                   enddo
             619     2               !
                                   <<< Loop-information Start >>>
                                   <<<  [PARALLELIZATION]
                                   <<<    Standard iteration count: 2
                                   <<< Loop-information  End >>>
             620     3  pp                   do jj = 1, jlistnum
             621     3   p                     j=jlist1(jj)
             622     3   p                     nxj=nxdef_2d(j)
                                   <<< Loop-information Start >>>
                                   <<<  [OPTIMIZATION]
                                   <<<    PREFETCH(HARD) Expected by compiler :
                                   <<<      gwclim, tgclim, smc, stc, slc
                                   <<< Loop-information  End >>>
             623     4   p                     do k = 1, km_soil
                                   <<< Loop-information Start >>>
                                   <<<  [OPTIMIZATION]
                                   <<<    SIMD(VL: 8)
                                   <<<    SOFTWARE PIPELINING(IPC: 2.62, ITR: 80, MVE: 3, POL: S)
                                   <<<    PREFETCH(HARD) Expected by compiler :
                                   <<<      gwclim, tgclim, smc, stc, slc
                                   <<< Loop-information  End >>>
             624     5   p   2v                  do i = 1, nxj
             625     5   p   2v                    stc(i,k,jj)=tgclim(i,jj)
             626     5   p   2v                    smc(i,k,jj)=gwclim(i,jj)
             627     5   p   2v                    slc(i,k,jj)=gwclim(i,jj)
             628     5   p   2v                  enddo
             629     4   p                     enddo
             630     3   p                   enddo
             631     2               !
             632     2                     endif     ! end of  (.not.cstar)
             633     1               !
             634     1               !     read terrain geopotential from data base
             635     1               !
             636     2                     if (ksgeo.lt.0)  then
             637     2               !byl        call zilch (spgeo,jtrun*jtmax*2)
                                   <<< Loop-information Start >>>
                                   <<<  [PARALLELIZATION]
                                   <<<    Standard iteration count: 2
                                   <<< Loop-information  End >>>
             638     3  pp                   do jj = 1, jlistnum
             639     3   p                     j=jlist1(jj)
             640     3   p                     nxj=nxdef_2d(j)
                                   <<< Loop-information Start >>>
                                   <<<  [OPTIMIZATION]
                                   <<<    SIMD(VL: 8)
                                   <<<    PREFETCH(HARD) Expected by compiler :
                                   <<<      sgeo, std
                                   <<< Loop-information  End >>>
             641     4   p   2v                do i = 1, nxj
             642     4   p   2v                  std(i,jj) = 0.
             643     4   p   2v                  sgeo(i,jj)= 0.
             644     4   p   2v                enddo
             645     3   p                   enddo
             646     2                     else
             647     3                       if(ksgeo.eq.99) then
             648     3                        topohgt='gbkf'
             649     3                       else
             650     3                        write(topohgt,'(a3,i1.1)')'gbk',ksgeo
             651     3                       end if
             652     2                       write(lrec,'("s00060",a4,a4,12x)')topohgt,ggdef
             653     2                       call dmsread(nx,my,lrec,nxmy,'H',bckfile,ww1,istat)
             654     3                       if(istat.ne.0)then
             655     3                         call mpe_finalize
             656     3                         call dmsexit(-1)
             657     3                       endif
                                   <<< Loop-information Start >>>
                                   <<<  [OPTIMIZATION]
                                   <<<    PREFETCH(HARD) Expected by compiler :
                                   <<<      ww1, sgeo
                                   <<< Loop-information  End >>>
             658     3                       do jj = 1, jlistnum
             659     3                         j=jlist1(jj)
             660     3                         ii=nxjstart(j)
             661     3               !byl          nxj=nxdef(j)
             662     3                         nxj=nxdef_2d(j)
             663     3                         if( lreduce.eq.1 ) call reducepick (ww1(1,j),nxdef(j),nx,1)
                                   <<< Loop-information Start >>>
                                   <<<  [PARALLELIZATION]
                                   <<<    Standard iteration count: 843
                                   <<<  [OPTIMIZATION]
                                   <<<    SIMD(VL: 8)
                                   <<<    SOFTWARE PIPELINING(IPC: 3.66, ITR: 192, MVE: 5, POL: S)
                                   <<<    PREFETCH(HARD) Expected by compiler :
                                   <<<      ww1, sgeo
                                   <<< Loop-information  End >>>
             664     4  pp   2v                do i = 1, nxj
             665     4               !byl            ww3(i,jj) = ww1(i,j)*grav
             666     4   p   2v                  sgeo(i,jj) = ww1(ii,j)*grav
             667     4   p   2v                  ii=ii+1
             668     4   p   2v                enddo
             669     3                       enddo
             670     2               
             671     2               
             672     2               !ch     call tranrs1(jtrun,jtmax,nx,my,my_max,poly,weight,sgeo,spgeo,nsize)
             673     2               !ch     call transr1(jtrun,jtmax,nx,my,my_max,poly,spgeo,sgeo,nsize)
             674     2               !ch     call mpe_unify_1(ww1,sgeo,nx,my,2,mpe_double)
             675     2               
             676     2                       call mpe2d_unify_nx(ww3,sgeo)
             677     2                       call tranrs1(jtrun,jtmax,nx,my,my_max,poly,weight,ww3,spgeo,nsizey)
             678     2                       call transr1(jtrun,jtmax,nx,my,my_max,poly,spgeo,sgeo,nsizey)
             679     2                       call unify_reduceintp(nx,my,my_max,sgeo,ww4)
             680     2                       call qmaxn3 (ww4,'sgeo',' ',1,1,1,nx,my,1)
             681     2               !dms    istdno=99
             682     2               !dms    istdno=0
             683     2               !c      topostd='gbkf'   ! responding to istdno=99
             684     2                       topostd='gbk0'   ! responding to istdno=0
             685     2                       write(lrec,'("s00062",a4,a4,12x)')topostd,ggdef
             686     2                       call dmsread(nx,my,lrec,nxmy,'H',bckfile,ww1,istat)
             687     3                       if(istat.ne.0)then
             688     3                         call mpe_finalize
             689     3                         call dmsexit(-1)
             690     3                       endif
                                   <<< Loop-information Start >>>
                                   <<<  [OPTIMIZATION]
                                   <<<    PREFETCH(HARD) Expected by compiler :
                                   <<<      ww1, ocean, std
                                   <<< Loop-information  End >>>
             691     3                       do jj = 1, jlistnum
             692     3                         j=jlist1(jj)
             693     3                         ii=nxjstart(j)
             694     3                         nxj=nxdef_2d(j)
             695     3                         if( lreduce.eq.1 ) call reducepickr (ww1(1,j),nxdef(j),nx,1)
                                   <<< Loop-information Start >>>
                                   <<<  [PARALLELIZATION]
                                   <<<    Standard iteration count: 500
                                   <<<  [OPTIMIZATION]
                                   <<<    SIMD(VL: 8)
                                   <<<    SOFTWARE PIPELINING(IPC: 1.17, ITR: 48, MVE: 2, POL: S)
                                   <<<    PREFETCH(HARD) Expected by compiler :
                                   <<<      ocean, ww1, std
                                   <<< Loop-information  End >>>
             696     4  pp   2v                do i=1,nxj
             697     4   p   2v                  std(i,jj)=ww1(ii,j)*ww1(ii,j)
             698     4               !byl            if(std(i,jj).le.0. .or. ocean(i,jj)) std(i,jj)=0.
             699     4   p   2v                  if(ww1(ii,j).le.0. .or. ocean(i,jj)) std(i,jj)=0.
             700     4   p   2v                  ii=ii+1
             701     4   p   2v                enddo
             702     3                       enddo
             703     2                     endif      ! end of (ksgeo.lt.0)
             704     1               !
             705     1               !     laplacian of terrain geopotential for divergence equation
             706     1               !
             707     1               !byl      do 200 m=1,mlistnum
             708     1               !byl       mf=mlist(m)
             709     1               !byl      do 200 n=mf,jtrun
             710     1               !byl       dsqgeo(n,m,1)= spgeo(n,m,1)*eps4(n,m)
             711     1               !byl       dsqgeo(n,m,2)= spgeo(n,m,2)*eps4(n,m)
             712     1               !byl  200 continue
             713     1               !
             714     2                     if(doincr)then
             715     2                      call incrini
             716     2                     endif
             717     1               !
             718     1                     if(myrank .eq. 0) print *,'idtg=',idtg
             719     1                     taux=0.
             720     1                     call  sigful( nx,my,my_max,lev,ncld,lmax,jtrun,jtmax,ifilin    &
             721     1                            , ifilout,cstar,ktrop,idtg,ptop,taux,capa,grav,rgas,rad &
             722     1                            , cp,weight,poly,sigma,cosl,phi,tt,ut,vt,qt,o3l,pt,sgeo &
             723     1                            , pdiff,tsave,t1000,plt,pk,pk2,taup                     &
             724     1                            , ggdef,gmdef)
             725     1               !
             726     1               ! reset update cycle tau,if it is abnormal
             727     1               !
             728     1               !      if(taup .gt. taureg)taup=6.
             729     1               !
             730     1               !  grid to spectral transforms for:
             731     1               !
             732     1               !  temperature
             733     1               !  specific humidity
             734     1               !  terrain pressure
             735     1               !
             736     1               !byl      call joinrs(cc,tt,qt,dummy,dummy,nx,my_max,lev,jlistnum,2,ncld)
             737     1               !      call tranrs(jtrun,jtmax,nx,my,my_max,levp,poly,weight,cc  &
             738     1               !                 ,wss,1+ncld,nsizey)
             739     1               !      call ujoinrs(wss,temnow,qnow,dummy,dummy,jtrun,jtmax,levp &
             740     1               !byl                 ,mlistnum,2,ncld)
             741     1                     call joinrs(cc,tt,dummy,dummy,dummy,nx,my_max,lev,jlistnum,1,1)
             742     1                     call tranrs(jtrun,jtmax,nx,my,my_max,levp,poly,weight,cc  &
             743     1                                ,temnow,1,nsizey)
             744     1                     call mpe2d_unify_nx(ww3,pt) !2dMPI
             745     1               !ch   call tranrs1(jtrun,jtmax,nx,my,my_max,poly,weight,pt     &
             746     1                     call tranrs1(jtrun,jtmax,nx,my,my_max,poly,weight,ww3    &
             747     1                                ,plnow,nsizey)
             748     1               !
             749     1               !  compute vorticity and divergence from u and v
             750     1               !
             751     1                     call trandv ( jtrun,jtmax,nx,my,my_max,lev,ut,vt,weight,cim &
             752     1                                  ,onocos,poly,dpoly,vornow,divnow,nsizey)
             753     1               !
             754     1               !  set both time levels equal at tau=0
             755     1               !
             756     2                     if(doincr)then
                                   <<< Loop-information Start >>>
                                   <<<  [PARALLELIZATION]
                                   <<<    Standard iteration count: 2
                                   <<< Loop-information  End >>>
             757     3  pp                   do m=1,mlistnum
             758     3   p                     mf=mlist(m)
             759     4   p                     if (mf.eq.1) then
                                   <<< Loop-information Start >>>
                                   <<<  [OPTIMIZATION]
                                   <<<    SIMD(VL: 8)
                                   <<<    PREFETCH(HARD) Expected by compiler :
                                   <<<      vornow, divnow
                                   <<< Loop-information  End >>>
             760     5   p   2v                  do k = 1, levp
             761     5   p   2v                    divnow(k,1,1,m)= 0.0
             762     5   p   2v                    divnow(k,2,1,m)= 0.0
             763     5   p   2v                    vornow(k,1,1,m)= 0.0
             764     5   p   2v                    vornow(k,2,1,m)= 0.0
             765     5   p   2v                  enddo
             766     4   p                     endif
             767     3   p                   enddo
             768     2                     else
                                   <<< Loop-information Start >>>
                                   <<<  [PARALLELIZATION]
                                   <<<    Standard iteration count: 2
                                   <<< Loop-information  End >>>
             769     3  pp                   do m=1,mlistnum
             770     3   p                     mf=mlist(m)
             771     4   p                     if (mf.eq.1) then
                                   <<< Loop-information Start >>>
                                   <<<  [OPTIMIZATION]
                                   <<<    SIMD(VL: 8)
                                   <<<    PREFETCH(HARD) Expected by compiler :
                                   <<<      vornow, divnow
                                   <<< Loop-information  End >>>
             772     5   p   2v                  do k = 1, levp
             773     5   p   2v                    divnow(k,1,1,m)= 0.0
             774     5   p   2v                    divnow(k,2,1,m)= 0.0
             775     5   p   2v                    vornow(k,1,1,m)= 0.0
             776     5   p   2v                    vornow(k,2,1,m)= 0.0
             777     5   p   2v                  enddo
             778     4   p                     endif
             779     3   p                   enddo
                                   <<< Loop-information Start >>>
                                   <<<  [PARALLELIZATION]
                                   <<<    Standard iteration count: 2
                                   <<< Loop-information  End >>>
             780     3  pp                   do m=1,mlistnum
             781     3   p                     mf=mlist(m)
             782     4   p                     do n=mf,jtrun
                                   <<< Loop-information Start >>>
                                   <<<  [OPTIMIZATION]
                                   <<<    PREFETCH(HARD) Expected by compiler :
                                   <<<      temnow, vornow, divnow, temold, vorold
                                   <<<      divold
                                   <<< Loop-information  End >>>
             783     5   p                       do i=1,2
                                   <<< Loop-information Start >>>
                                   <<<  [OPTIMIZATION]
                                   <<<    SIMD(VL: 8)
                                   <<<    SOFTWARE PIPELINING(IPC: 2.71, ITR: 32, MVE: 2, POL: S)
                                   <<<    PREFETCH(HARD) Expected by compiler :
                                   <<<      temnow, vornow, divnow, temold, vorold
                                   <<<      divold
                                   <<< Loop-information  End >>>
             784     6   p    v                  do k=1,levp
             785     6   p    v                    divold(k,i,n,m)= divnow(k,i,n,m)
             786     6   p    v                    vorold(k,i,n,m)= vornow(k,i,n,m)
             787     6   p    v                    temold(k,i,n,m)= temnow(k,i,n,m)
             788     6   p    v                  enddo
             789     5   p                       enddo
             790     4   p                     enddo
             791     3   p                   enddo
             792     2               !byl        do m=1,mlistnum
             793     2               !          mf=mlist(m)
             794     2               !          do n=mf,jtrun
             795     2               !            do k=1,levp*ncld*2
             796     2               !              qold(k,1,n,m)  = qnow(k,1,n,m)
             797     2               !            enddo
             798     2               !          enddo
             799     2               !byl        enddo
                                   <<< Loop-information Start >>>
                                   <<<  [PARALLELIZATION]
                                   <<<    Standard iteration count: 2
                                   <<<  [OPTIMIZATION]
                                   <<<    PREFETCH(HARD) Expected by compiler :
                                   <<<      plnow, plold
                                   <<< Loop-information  End >>>
             800     3  pp                   do m=1,mlistnum
             801     3   p                     mf=mlist(m)
                                   <<< Loop-information Start >>>
                                   <<<  [OPTIMIZATION]
                                   <<<    SIMD(VL: 8)
                                   <<<    SOFTWARE PIPELINING(IPC: 2.50, ITR: 80, MVE: 3, POL: S)
                                   <<<    PREFETCH(HARD) Expected by compiler :
                                   <<<      plnow, plold
                                   <<< Loop-information  End >>>
             802     4   p   2v                do n=mf,jtrun
             803     4   p   2v                  plold(n,m,1)= plnow(n,m,1)
             804     4   p   2v                  plold(n,m,2)= plnow(n,m,2)
             805     4   p   2v                enddo
             806     3   p                   enddo
             807     2                     endif  !end of (doincr)
             808     1               !
             809     1               !     use wk1 and wk2 as work arrays to store up and vp
             810     1               !
             811     1               !!      call tranuv ( jtrun,jtmax,nx,my,my_max,levp,onocos,wcfac,wdfac &
             812     1               !!                   ,poly,dpoly,vornow,divnow,wk1,wk2,nsizey)
             813     1               !
             814     1               !
             815     1               !  write initial spectral coefficients to history file
             816     1               !
             817     2                     if(wrestrt)then
             818     2                       call chlen (cwbout,48,lcwb)
             819     2                       call chlen (phyout,48,lphy)
             820     2                       rfile = cwbout(1:lcwb)//'tau000'
             821     2               !!        allocate (work_io((( (7+2*ncld)*2*lev+8)*jtrun*jtmax+my*lev)*nsize))
             822     2               !!        call gather_spec(work_io,vornow,divnow,temnow,qnow,plnow,   &
             823     2               !!           vorold,divold,temold,qold,plold,dsqgeo,spgeo,trefs,      &
             824     2               !!           lev,ncld,jtrun,jtmax,my,nsize)
             825     2               !         if(myrank .eq. 0) then
             826     2               !           open (unit=7,file=rfile,form='unformatted')
             827     2               !cc         write (7) work_io
             828     2               !cc         call flush (7)
             829     2               !           close (7)
             830     2               !         endif
             831     2               !!        deallocate (work_io)
             832     2               !
             833     2                       rfile = phyout(1:lphy)//'tau000'
             834     2                       allocate (tm1(nx,lev,my))
             835     2                       allocate (tm2(nx,lev,my))
             836     2                       allocate (tm3(nx,lev,my))
             837     2                       allocate (tm4(nx,lev,my))
             838     2                       allocate (tmc1(nx,lev,my))
             839     2                       allocate (tmc2(nx,lev,my))
             840     2                       allocate (tmc3(nx,lev,my))
             841     2                       allocate (tmc4(nx,lev,my))
             842     2                       allocate (tmc5(nx,lev,my))
             843     2                       allocate (tmc6(nx,lev,my))
             844     2                       allocate (temp1(nx,lev,my))
             845     2                       allocate (temp2(nx,lev,my))
             846     2                       allocate (temp3(nx,lev,my))
             847     2               !        call unify_grid                                                   &
             848     2               !            ( snr,gwr,tg,tm1,tm2,ss,rs,tm3,tm4,ustar,tstar,qstar          &
             849     2               !            , hflux,qflux,raincu,rainlp,totalp,curate,plcl,cumtop         &
             850     2               !            , tgclim,gwet,z0,alb,land,ice,ocean,gwclim,acld               &
             851     2               !            , tmc1,tmc2,tmc3,tmc4,tmc5,tmc6,fpsp,ftp,fqp,fpsp1,ftp1,fqp1  &
             852     2               !            , e,eps,o3l,dtrad,pt,ptend,ww1,ww2,nx,my,my_max,lev           &
             853     2               !            , smc,slc,stc,canopy,sigmaf,istyp,ivegtyp,km_soil             &
             854     2               !            , temp1,temp2,temp3,rld,zice,asl,atl)
             855     2               !        if(myrank .eq. 0) then
             856     2               !          open (unit=10,file=rfile,form='unformatted')
             857     2               !cc        write(10) snr,gwr,tg,tm1,tm2,ss,rs,tm3,tm4,ustar,tstar,qstar
             858     2               !cc  1          , hflux,qflux,raincu,rainlp,totalp,curate,plcl,cumtop
             859     2               !cc  2          , tgclim,gwet,z0,alb,land,ice,ocean,gwclim,acld,sgeo
             860     2               !cc  3          , temp1,temp2,canopy,sigmaf,istyp,ivegtyp,rld
             861     2               !hmhj3          , tmc1,tmc2,fpsp
             862     2               !cc        call flush (10)
             863     2               !          close (10)
             864     2               !        endif
             865     2                       deallocate (tm1)
             866     2                       deallocate (tm2)
             867     2                       deallocate (tm3)
             868     2                       deallocate (tm4)
             869     2                       deallocate (tmc1)
             870     2                       deallocate (tmc2)
             871     2                       deallocate (tmc3)
             872     2                       deallocate (tmc4)
             873     2                       deallocate (tmc5)
             874     2                       deallocate (tmc6)
             875     2                       deallocate (temp1)
             876     2                       deallocate (temp2)
             877     2                       deallocate (temp3)
             878     2                     endif    ! end of (wrestrt) for write initial spectral coefficients
             879     1               !
             880     1                     if(myrank .eq. 0) print*,' history file written at tau= 0'
             881     1               !
             882     1                     endif   ! end of ( .not. restrt )
             883                     !
             884                     !  spectral to real transforms of spherical harmonic coefficients of
             885                     !  model's dependent variables
             886                     !
             887                     !  vorticity
             888                     !  divergence
             889                     !  temperature
             890                     !  specific humidity ( on grid point space in NDSL version)
             891                     !  terrain pressure
             892                     !
             893                     !!      call joinsr(wss3,vornow,divnow,temnow,dummy,jtrun,jtmax,levp &
             894                     !!                 ,mlistnum,3,1)
             895                     !!      call transr(jtrun,jtmax,nx,my,my_max,levp,poly,wss3,cc3     &
             896                     !!                 ,3,nsizey)
             897                     !!      call ujoinsr(cc3,rvor,rdiv,tt,dummy,nx,my_max,lev,jlistnum,3,1)
             898                           call transr(jtrun,jtmax,nx,my,my_max,levp,poly,vornow,cc,1,nsizey)
             899                           call ujoinsr(cc,rvor,dummy,dummy,dummy,nx,my_max,lev,jlistnum,1,1)
             900                           call transr(jtrun,jtmax,nx,my,my_max,levp,poly,divnow,cc,1,nsizey)
             901                           call ujoinsr(cc,rdiv,dummy,dummy,dummy,nx,my_max,lev,jlistnum,1,1)
             902                           call transr(jtrun,jtmax,nx,my,my_max,levp,poly,temnow,cc,1,nsizey)
             903                           call ujoinsr(cc,tt,dummy,dummy,dummy,nx,my_max,lev,jlistnum,1,1)
             904                           call transr1(jtrun,jtmax,nx,my,my_max,poly,plnow,pt,nsizey)
             905                     !
             906     1                     do 160 jj = 1, jlistnum
             907     1                       j=jlist1(jj)
             908     1                       nxj=nxdef_2d(j)
             909     1                       call prexp_hybrid_cwb ( nxjp(j),nxp,lev,ptop,sigma,pt(1,jj) &
             910     1                                         ,pk(1,1,jj),pk2(1,1,jj),plt(1,1,jj) )
             911     1                160  continue
             912                     !
             913                     !  compute globel moisture budget and p-coordinate variables
             914                     !
             915                           qgini = 0.
             916                     !
             917     1                     do 420 jj = 1, jlistnum
             918     1                       j=jlist1(jj)
             919     1                       nxj=nxdef_2d(j)
             920     1                       q1 = 0.0
                                   <<< Loop-information Start >>>
                                   <<<  [PARALLELIZATION]
                                   <<<    Standard iteration count: 5
                                   <<<  [OPTIMIZATION]
                                   <<<    PREFETCH(HARD) Expected by compiler :
                                   <<<      pt, qt
                                   <<< Loop-information  End >>>
             921     2  pp                   do 400 k = 1, lev
                                   <<< Loop-information Start >>>
                                   <<<  [OPTIMIZATION]
                                   <<<    SIMD(VL: 8)
                                   <<<    SOFTWARE PIPELINING(IPC: 1.54, ITR: 192, MVE: 2, POL: S)
                                   <<<    PREFETCH(HARD) Expected by compiler :
                                   <<<      pt, qt
                                   <<< Loop-information  End >>>
             922     3   p   8v              do 400 i = 1, nxj
             923     3   p   8v                dsigp = dsigma(k,1)*pt(i,jj)+dsigma(k,2)
             924     3   p   8v                q1        = q1 + qt(i,k,jj)*dsigp
             925     2   p   8v       400    continue
             926     1                       qgini = qgini + q1*cosl(j)*100./grav
             927     1                420  continue
             928                     !
             929                           call mpe_global_sum(qgini,1,mpe_double)
             930                           if(myrank .eq. 0) print *,'in getrdy qgini=',qgini
             931                     !
             932                     !  compute the spectrally truncated velocity coefficients
             933                     !
             934                           call tranuv ( jtrun,jtmax,nx,my,my_max,levp,onocos,wcfac,wdfac &
             935                                        ,poly,dpoly,vornow,divnow,ut,vt,nsizey)
             936                     !
             937                     !  zonal and meridional gradients of terrain pressure
             938                     !
             939                           call trngra ( jtrun,jtmax,nx,my,my_max,cim,poly,dpoly,plnow, &
             940                                         dlpl,dtpl,nsizey)
             941                     !
             942                     !  compute spline coefficients for long wave radiation calculation
             943                     !  compute lontitude and latitude of grid points for zenth angle
             944                     !  calculation in by radiation parameterization. those array are
             945                     !  passed to subroutine diabat by common block /radcon/
             946                     !
             947                           njump1 = njump + 1
             948                           if ( mod( nxp,njump1) .ne. 0 )  njump1 = njump
             949                           njump2 = njump + 2
             950                           if ( mod( nxp,njump2) .ne. 0 )  njump2 = njump1
             951                           njump3 = njump + 3
             952                           if ( mod( nxp,njump3) .ne. 0 )  njump3 = njump2
             953                     !
             954     1                     if ( lreduce .eq. 1 ) then
             955     1                       njump1=njump
             956     1                       njump2=njump
             957     1                       njump3=njump
             958     1                     endif
             959                     !
             960                           lvlw = nxp/njump
             961                           lvlw1= nxp/njump1
             962                           lvlw2= nxp/njump2
             963                           lvlw3= nxp/njump3
             964                           call splinc (lvlw ,nxp,il(1,1),ib(1,1),cof(1,1))
             965                           call splinc (lvlw1,nxp,il(1,2),ib(1,2),cof(1,2))
             966                           call splinc (lvlw2,nxp,il(1,3),ib(1,3),cof(1,3))
             967                           call splinc (lvlw3,nxp,il(1,4),ib(1,4),cof(1,4))
             968                     !
             969     1                     if(myrank .eq. 0) then
             970     1                     print *, "  from getrdy: njump= ",njump,njump1,njump2,njump3
             971     1                     endif
             972                     !
             973                           pi = 4.0*atan(1.0)
                                   <<< Loop-information Start >>>
                                   <<<  [PARALLELIZATION]
                                   <<<    Standard iteration count: 45
                                   <<<  [OPTIMIZATION]
                                   <<<    SIMD(VL: 8)
                                   <<<    MULTI-OPERATION FUNCTION
                                   <<<    PREFETCH(HARD) Expected by compiler :
                                   <<<      sinl, xlat
                                   <<< Loop-information  End >>>
             974     1  pp   2v            do 520 j = 1, my
             975     1   p   2v              xlat(j) = asin(sinl(j))*180./pi
             976     1   p   2v       520  continue
             977                     
                                   <<< Loop-information Start >>>
                                   <<<  [PARALLELIZATION]
                                   <<<    Standard iteration count: 2
                                   <<<  [OPTIMIZATION]
                                   <<<    PREFETCH(HARD) Expected by compiler :
                                   <<<      xlon
                                   <<< Loop-information  End >>>
             978     1  pp                 do jj = 1, jlistnum
             979     1   p                   j=jlist1(jj)
             980     1   p                   nxj=nxdef(j)
             981     1   p                   xlon(1,jj)=0.
                                   <<< Loop-information Start >>>
                                   <<<  [OPTIMIZATION]
                                   <<<    SIMD(VL: 8)
                                   <<<    SOFTWARE PIPELINING(IPC: 2.00, ITR: 72, MVE: 4, POL: S)
                                   <<<    PREFETCH(HARD) Expected by compiler :
                                   <<<      xlon
                                   <<< Loop-information  End >>>
             982     2   p    v              do i=2,nxj
             983     2   p    v                xlon(i,jj)=xlon(1,jj)+float(i-1)*360./nxj
             984     3   p    v                if(xlon(i,jj).gt.180. .and. xlon(i,jj).lt.360.)then
             985     3   p    v                  xlon(i,jj)=-180.0+abs(xlon(i,jj)-180.)
             986     3   p    v                else if(xlon(i,jj).ge.360.)then
             987     3   p    v                  xlon(i,jj)=xlon(i,jj)-360.
             988     3   p    v                endif
             989     2   p    v              enddo
             990     1   p                 enddo
             991                     
             992                     
             993                     !---------------------------------
             994                     ! read forecast sst
             995                     !---------------------------------
             996     1                     IF(ldailyFCTsst .OR. ldailyFCTicesndpt .OR. dailyClm_option .ge.1 ) THEN
             997     1                       CALL read_dailyFCT(idtg,taui,dt,tg,cice,sndepth,xlon,xlat,ocean)
             998     1                     ENDIF
             999                     
            1000                     !---------------------------------
            1001                     !0.0 initial_sit
            1002                     !---------------------------------
            1003     1                     if(do_sit) then
            1004     1                       CALL set_ocndepth()
            1005     1                       if(myrank .eq. 0) print *,'end set_ocndepth'
            1006     1                       CALL allocate_sitgrid_array(nxp,my_max)
            1007     1                       if(myrank .eq. 0) print *,'end allocate_sitgrid_array'
            1008     1                       if(lwoa0) CALL read_woa0
            1009     1                       if(myrank .eq. 0) print *,'end read_woa0'
            1010     2                       IF (lgodas) then
            1011     3                         IF(ldailysst)then
            1012     3                           CALL read_dailygodas(idtg,taui,dt)
            1013     3                           if(myrank .eq. 0) print *,'end read_dailygodas'
            1014     3                         ELSE
            1015     3                           CALL read_godas(idtg)
            1016     3                           if(myrank .eq. 0) print *,'end read_godas'
            1017     3                         ENDIF
            1018     2                       ENDIF
            1019     2                       if(locaf0) then
            1020     3                         if(myrank.eq.0) then
            1021     3                           print *,'ready in call ifilin_ocaf'
            1022     3                         endif
            1023     2                         call read_ocaf0(nx,my,lkvl,ggdef,idtg)
            1024     2                       endif
            1025     1               
            1026     2                       do jj = 1, jlistnum
            1027     2                         j=jlist1(jj)
            1028     2                         nxj=nxdef_2d(j)
                                   <<< Loop-information Start >>>
                                   <<<  [OPTIMIZATION]
                                   <<<    SPILLS :
                                   <<<      GENERAL   : SPILL 1  FILL 1
                                   <<<      SIMD&FP   : SPILL 0  FILL 0
                                   <<<      SCALABLE  : SPILL 0  FILL 0
                                   <<<      PREDICATE : SPILL 0  FILL 0
                                   <<< Loop-information  End >>>
            1029     3                         do ii=1,nxj
            1030     3                           i=nxjstart(j)+ii-1
            1031     3                           sitmask(ii,jj)=0.
            1032     3               !    !  1.0 set geological data
            1033     3                           sitcor(ii,jj)   = 2*(7.292e-5)*sin(xlat(j)*api/180.)
            1034     3                           sitlat(ii)      = xlat(j)
            1035     4                           IF(xlon(i,jj) .LT. 0.) then
            1036     4                             sitlon(ii,jj)=xlon(i,jj)+360.
            1037     4                           ELSE
            1038     4                             sitlon(ii,jj)=xlon(i,jj)
            1039     4                           ENDIF
            1040     3                           call cal_ratioBlending(myrank,ii,jj,sitlat(ii),sitlon(ii,jj),ratioSIT(ii,jj))
            1041     3               
            1042     3               
            1043     3               !    !  2.0 set sst, sss and sic
            1044     3                           obswtb(ii,jj)   = tg(ii,jj)
            1045     3                           obsseaice(ii,jj)= cice(ii,jj)
            1046     3                           seaice(ii,jj)   = cice(ii,jj)
            1047     3                           t_surf         = obswtb(ii,jj)
            1048     4                           if ( obsseaice(ii,jj) > 0.5 ) then
            1049     4                             thickness(ii,jj) = specified_ice_thickness
            1050     4               !              ice_mask (ii,jj) = .true.
            1051     4                             t_surf          = MIN( t_surf, ctfreez )
            1052     4                           else
            1053     4                             thickness(ii,jj) = 0.0
            1054     4               !              ice_mask (ii,jj) = .false.
            1055     4                             t_surf          = MAX( t_surf, ctfreez )
            1056     4                           endif
            1057     3                           tsi(ii,jj)= MIN( t_surf, ctfreez )
            1058     3               
            1059     3               !    !  4. set additional SIT input variables
            1060     4                           if(land(ii,jj) ) then
            1061     4                             sitlclass(ii,jj)= 1.                   ! land landclass
            1062     4                             bathy(ii,jj)    = 0.                   ! 0 m for the first guess, need to read terrain data later
            1063     4                             wlvl(ii,jj)     = bathy(ii,jj)-1.       ! set water level at 1 m below the bathy for land grids
            1064     4                             ocnmask(ii,jj)  = xmissing             ! not coupled to 3-D ocn model
            1065     4                             obox_mask(ii,jj)= xmissing             ! not coupled to 3-D ocn model
            1066     4                             sni(ii,jj)      = 0.                   ! assuming initially no snow over seaice (m swe)
            1067     4                             slm(ii,jj)      = 1.                   ! land fraction
            1068     4                             obswsb(ii,jj)   = 0.                   ! set observed SSS at 0 PSU over land water
            1069     4                             tsl(ii,jj)      = tg(ii,jj)
            1070     4                             tslm(ii,jj)     = tg(ii,jj)
            1071     4                             tslm1(ii,jj)    = tg(ii,jj)
            1072     4                           endif
            1073     4                           if(ice(ii,jj) ) then                     ! sea ice
            1074     4                             sitlclass(ii,jj)= 2.                   ! water landclass
            1075     4                             bathy(ii,jj)    = bathydepth                ! 0 m for the first guess, need to read terrain data later
            1076     4                             wlvl(ii,jj)     = 0.                   ! set water level at 1 m below the bathy for land grids
            1077     4                             ocnmask(ii,jj)  = xmissing             ! not coupled to 3-D ocn model
            1078     4                             obox_mask(ii,jj)= xmissing             ! not coupled to 3-D ocn model
            1079     4                             sni(ii,jj)      = 0.                   ! assuming initially no snow over seaice (m swe)
            1080     4                             slm(ii,jj)      = 0.                   ! land fraction
            1081     4                             obswsb(ii,jj)   = 36.3                 ! set observed SSS at 0 PSU over land water
            1082     4                             tsl(ii,jj)      = (1-cice(ii,jj))*tg(ii,jj)+cice(ii,jj)*tsi(ii,jj)
            1083     4                             tslm(ii,jj)     = tsl(ii,jj)
            1084     4                             tslm1(ii,jj)    = tsl(ii,jj)
            1085     4                           endif
            1086     4                           if(ocean(ii,jj) )then
            1087     4                             sitlclass(ii,jj)= 2.                   ! water landclass
            1088     4                             bathy(ii,jj)    = bathydepth                ! 200 m depth for the first guess, need to read terrain data later)
            1089     4                             wlvl(ii,jj)     = 0.                   ! set water level at 0 m
            1090     4                             ocnmask(ii,jj)  = xmissing             ! not coupled to 3-D ocn model
            1091     4                             obox_mask(ii,jj)= xmissing             ! not coupled to 3-D ocn model
            1092     4                             sni(ii,jj)      = 0.                   ! assuming no snow over seaice (m swe). It can be read from NCEP data.
            1093     4                             slm(ii,jj)      = 0.                   ! land fraction
            1094     4                             obswsb(ii,jj)   = 36.3                 ! set observed SSS at 36.3 PSU
            1095     4                             tsl(ii,jj)      = tg(ii,jj)
            1096     4                             tslm(ii,jj)     = tg(ii,jj)
            1097     4                             tslm1(ii,jj)    = tg(ii,jj)
            1098     4               !!Ocea n within 40N-40S
            1099     5                            if( (sitlat(ii).GE.(sit_domain_s-sit_domain_extgrd)) &
            1100     5                              .AND. (sitlat(ii).LE.(sit_domain_n+sit_domain_extgrd)) ) then
            1101     6                              if ((sitlon(ii,jj).GE.(sit_domain_w-sit_domain_extgrd))&
            1102     6                              .AND. (sitlon(ii,jj).LE.(sit_domain_e+sit_domain_extgrd)))then
            1103     6               
            1104     6                                sitmask(ii,jj)=1.
            1105     6                                if(locaf0 .and. mask1st(ii,jj) .eq. 0.) sitmask(ii,jj)=0.
            1106     6                              endif
            1107     5                            endif
            1108     4                           endif
            1109     3               
            1110     3                           ctfreez2(ii,jj) = tmelts(obswsb(ii,jj))
            1111     3                           tsw(ii,jj)      = tg(ii,jj)
            1112     3               
            1113     3                         enddo
            1114     2               
            1115     2               
            1116     2               
            1117     2               !      ! 5.0 set additional SIT ocn profle t,s,u,v and tke
            1118     2                        call time_weights(idtg,0.)
            1119     2                        lsitstart=.true.
                                   <<< Loop-information Start >>>
                                   <<<  [PARALLELIZATION]
                                   <<<    Standard iteration count: 6
                                   <<<  [OPTIMIZATION]
                                   <<<    SIMD(VL: 8)
                                   <<<    SOFTWARE PIPELINING(IPC: 3.00, ITR: 144, MVE: 5, POL: S)
                                   <<<    PREFETCH(HARD) Expected by compiler :
                                   <<<      zsi, silw, tsnic, obswt, obsws, obswu
                                   <<<      obswv, sitwt, sitwu, sitwv, sitww, sitws
                                   <<<      sitwtke, wlmx, wldisp, wkm, wkh
                                   <<<      wrho1000, wtfn, wsfn, wtfn0, wsfn0
                                   <<<      awufl, awvfl, awtfl, awsfl, awtfl0
                                   <<<      awsfl0, awtkefl, sftobswt, (unknown)
                                   <<< Loop-information  End >>>
            1120     2  pp   2v                call sit_vdiff_init ( nxjp(j), nxp, jj, j,                   &
            1121     2               !       ! 0-INPUT only, original ATM/SIT variabels
            1122     2                            sitlat, sitlon(:,jj),                                     &
            1123     2                            sitmask(:,jj), bathy(:,jj), wlvl(:,jj),                   &
            1124     2                            ocnmask(:,jj), obox_mask(:,jj),                           &
            1125     2                            sni(:,jj), thickness(:,jj), tsi(:,jj),                    &
            1126     2                            obsseaice(:,jj), obswtb(:,jj), obswsb(:,jj),              &
            1127     2                            ctfreez2(:,jj),                                           &
            1128     2               !       ! 2-d SIT vars
            1129     2                            sitwtb(:,jj), sitwub(:,jj), sitwvb(:,jj),                 &
            1130     2                            sitwsb(:,jj),                                             &
            1131     2                            subfluxw(:,jj), wsubsal(:,jj),                            &
            1132     2                            sitcc(:,jj), sithc(:,jj), engwac(:,jj),                   &
            1133     2                            sc(:,jj), saltwac(:,jj),                                  &
            1134     2                            wtfns(:,jj), wsfns(:,jj),                                 &
            1135     2               !       ! 3-d SIT vars: snow/ice
            1136     2                            zsi(:,jj,0:1), silw(:,jj,0:1), tsnic(:,jj,0:3),           &
            1137     2               !       ! 3-d SIT vars: water column
            1138     2                            obswt(:,jj,0:lkvl+1), obsws(:,jj,0:lkvl+1), obswu(:,jj,0:lkvl+1), &
            1139     2                            obswv(:,jj,0:lkvl+1),                                     &
            1140     2                            sitwt(:,jj,0:lkvl+1), sitwu(:,jj,0:lkvl+1), sitwv(:,jj,0:lkvl+1), &
            1141     2                            sitww(:,jj,0:lkvl+1), sitws(:,jj,0:lkvl+1),               &
            1142     2                            sitwtke(:,jj,0:lkvl+1), wlmx(:,jj,0:lkvl+1),   &
            1143     2                            wldisp(:,jj,0:lkvl+1), wkm(:,jj,0:lkvl+1), wkh(:,jj,0:lkvl+1), &
            1144     2                            wrho1000(:,jj,0:lkvl+1),                                  &
            1145     2                            wtfn(:,jj,0:lkvl+1), wsfn(:,jj,0:lkvl+1),                 &
            1146     2                            wtfn0(:,jj,0:lkvl+1), wsfn0(:,jj,0:lkvl+1),               &
            1147     2                            awufl(:,jj,0:lkvl+1), awvfl(:,jj,0:lkvl+1), awtfl(:,jj,0:lkvl+1), &
            1148     2                            awsfl(:,jj,0:lkvl+1), awtfl0(:,jj,0:lkvl+1),awsfl0(:,jj,0:lkvl+1),&
            1149     2                            awtkefl(:,jj,0:lkvl+1),             &
            1150     2               !       ! 4- OUTPUT only, original ATM variabels
            1151     2                            seaice(:,jj),                                             &
            1152     2                            grndcapc(:,jj), grndhflx(:,jj), grndflux(:,jj),           &
            1153     2                            sftobswt(:,jj,0:lkvl+1) )
            1154     2               
            1155     2                       enddo
            1156     1               
            1157     1               
            1158     2                       if(locaf) then
            1159     3                         if(myrank.eq.0) then
            1160     3                           print *,'ready in call ifilin_ocaf'
            1161     3                         endif
            1162     2                         call read_ocaf(nx,my,lkvl,ggdef)
            1163     2                       endif
            1164     1               
            1165     1               
            1166     2                       if(restrt) then
            1167     2                         call readrerun_sitgrid1(itaui)
            1168     2                         call readrerun_sitgrid2(itaui)
            1169     2                         call readrerun_sitgrid3(itaui)
            1170     2                         restrt= .false.
            1171     2                       endif
            1172     1               
            1173     2                       if(lpre6hr_sit) then
            1174     2                         call readpre6hr_sit(nx,my,itaup,ifilin,idtg,ggdef)
            1175     2                       endif
            1176     1               
            1177     1               
            1178     1                     endif   !end of(do_sit)
            1179                     
            1180                     !------------------------------
            1181                     ! end do_sit
            1182                     !------------------------------
            1183                     !----
            1184                     ! for u10 v10 t2 being output at tau=0 (6/20/2003)
            1185                     !
            1186     1                     if( .not. restrt ) then
            1187     2                       do jj = 1, jlistnum
            1188     2                         j=jlist1(jj)
            1189     2                         nxj=nxdef_2d(j)
            1190     2               !
            1191     2               !         (ut, vt) : scaled velocity
            1192     2               !         tt : virtual potential temperature
            1193     2               !         tg : real temperature
            1194     2               !         (ux, vx) : real velocity at the lowest sigma level
            1195     2               !         tx : potential temperature at the lowest sigma level
            1196     2               !         tsx: surface skin real temperature
            1197     2               !         tgx: potential temperature at the ground
            1198     2               !
            1199     2                         xx = rad/cosl(j)
                                   <<< Loop-information Start >>>
                                   <<<  [PARALLELIZATION]
                                   <<<    Standard iteration count: 167
                                   <<<  [OPTIMIZATION]
                                   <<<    SIMD(VL: 8)
                                   <<<    PREFETCH(HARD) Expected by compiler :
                                   <<<      qt, qx, vt, vx, ut, ux, pk2, tg, tgp, tt
                                   <<<      tsx, tx, pk, hs, pt, ps
                                   <<<    SPILLS :
                                   <<<      GENERAL   : SPILL 0  FILL 1
                                   <<<      SIMD&FP   : SPILL 0  FILL 0
                                   <<<      SCALABLE  : SPILL 0  FILL 0
                                   <<<      PREDICATE : SPILL 0  FILL 0
                                   <<< Loop-information  End >>>
            1200     3  pp    v                do i = 1, nxj
            1201     3   p    v                  ps(i) = pt(i,jj) + ptop
            1202     3   p    v                  hs(i) = cp*tt(i,lev,jj)*(pk2(i,lev,jj)-pk(i,lev,jj))/grav
            1203     3   p    v                  ux(i) = ut(i,lev,jj) * xx  ! back to real velocity
            1204     3   p    v                  vx(i) = vt(i,lev,jj) * xx  ! back to real velocity
            1205     3   p    v                  tx(i) = tt(i,lev,jj) / (1.0+0.608*qt(i,lev,jj))
            1206     3   p    v                  qx(i) = qt(i,lev,jj)
            1207     3   p    v                  tsx(i) = tt(i,lev,jj) * pk2(i,lev,jj) / (1.0+0.608*qt(i,lev,jj))
            1208     3   p    v                  tgp(i) = tg(i,jj)/pk2(i,lev,jj)   ! tg in term of potential temp
            1209     3   p    v                enddo
            1210     2                         call qsatq ( nxjp(j), tg(1,jj), ps, qs )
                                   <<< Loop-information Start >>>
                                   <<<  [PARALLELIZATION]
                                   <<<    Standard iteration count: 229
                                   <<<  [OPTIMIZATION]
                                   <<<    PREFETCH(HARD) Expected by compiler :
                                   <<<      ocean, qsfc
                                   <<< Loop-information  End >>>
            1211     3  pp    s                do i = 1, nxj
            1212     4   p    m                  if(ocean(i,jj) .or. istyp(i,jj).eq.0)then
            1213     4   p    s                    qsfc(i) = qs(i)
            1214     4   p    s                  else
            1215     4   p    s                    wet = ( smc(i,1,jj)-wltsmc(istyp(i,jj)) ) / &
            1216     4                                   ( refsmc(istyp(i,jj))-wltsmc(istyp(i,jj)) )
            1217     4   p    s                    qsfc(i) = wet*qs(i)+(1.0-wet)*qx(i)
            1218     4   p    s                    qsfc(i) = min(qs(i),qsfc(i) )
            1219     4   p    v                  endif
            1220     3   p    v                enddo
            1221     2                         call sfcuvt( nxjp(j),nxp,dt,grav,rgas,cp,hltm                 &
            1222     2                                   ,tgp,z0(1,jj),ocean(1,jj),ps,tsx                    &
            1223     2                                   ,hs,ux,vx,tx,qx,ustar(1,jj),tstar(1,jj),qstar(1,jj) &
            1224     2                                   ,hflux(1,jj),qflux(1,jj),qsfc,t2(1,jj),q2(1,jj)     &
            1225     2                                   ,rh2(1,jj),rh10(1,jj),u10(1,jj),v10(1,jj) )
            1226     2                       enddo
            1227     1               !        call mpe_unify(ustar,nx,my,2,mpe_double)
            1228     1               !        call mpe_unify(tstar,nx,my,2,mpe_double)
            1229     1               !        call mpe_unify(qstar,nx,my,2,mpe_double)
            1230     1               !        call mpe_unify(t2,nx,my,2,mpe_double)
            1231     1               !        call mpe_unify(rh2,nx,my,2,mpe_double)
            1232     1               !        call mpe_unify(u10,nx,my,2,mpe_double)
            1233     1               !        call mpe_unify(v10,nx,my,2,mpe_double)
            1234     1               !        call mpe_unify(hflux,nx,my,2,mpe_double)
            1235     1               !        call mpe_unify(qflux,nx,my,2,mpe_double)
            1236     1                     endif    ! end of ( .not. restrt ) for u10 v10 t2 being output at tau=0
            1237                     
            1238                     ! for Thompson : 1st guess number concentration where mass non-zero
            1239     1                     if ( .not.restrt .and. nmmiph.eq.18 ) then
                                   <<< Loop-information Start >>>
                                   <<<  [PARALLELIZATION]
                                   <<<    Standard iteration count: 2
                                   <<< Loop-information  End >>>
            1240     2  pp                   do jj = 1, jlistnum
            1241     2   p                     j=jlist1(jj)
            1242     2   p                     nxj=nxdef_2d(j)
            1243     3   p                     do k = 1, lev
                                   <<< Loop-information Start >>>
                                   <<<  [OPTIMIZATION]
                                   <<<    PREFETCH(HARD) Expected by compiler :
                                   <<<      qt, tt, pk, plt
                                   <<<    SPILLS :
                                   <<<      GENERAL   : SPILL 1  FILL 4
                                   <<<      SIMD&FP   : SPILL 0  FILL 0
                                   <<<      SCALABLE  : SPILL 0  FILL 0
                                   <<<      PREDICATE : SPILL 0  FILL 0
                                   <<< Loop-information  End >>>
            1244     4   p    s                  do i = 1, nxj
            1245     4                             ! virtual temperature :
            1246     4   p    s                    ttv = tt(i,k,jj)*pk(i,k,jj)
            1247     4                             ! real temperature :
            1248     4   p    s                    ttr = ttv/(1.0+0.608*qt(i,k,jj))
            1249     4                             ! air density :
            1250     4   p    s                    rho = plt(i,k,jj)*100./(con_rd*ttv)
            1251     4               
            1252     4   p    s                    tem = qt(i,(ntiw-1)*lev+k,jj)
            1253     5   p    s                    if ( tem .gt. 0. ) then
            1254     5   p    s                       qt(i,(ntinc-1)*lev+k,jj) =                             &
            1255     5                                     make_IceNumber(tem*rho,ttr)/rho
            1256     5   p    s                    endif
            1257     4               
            1258     4   p    s                    tem = qt(i,(ntrw-1)*lev+k,jj)
            1259     5   p    s                    if ( tem .gt. 0. ) then
            1260     5   p    s                       qt(i,(ntrnc-1)*lev+k,jj) =                             &
            1261     5                                     make_RainNumber(tem*rho,ttr)/rho
            1262     5   p    s                    endif
            1263     4   p    s                  enddo
            1264     3   p                     enddo
            1265     2   p                   enddo
            1266     1                     endif
            1267                     !
            1268                     !  output initial fileds
            1269                     !
            1270     1                     if (.not.restrt)then
                                   <<< Loop-information Start >>>
                                   <<<  [PARALLELIZATION]
                                   <<<    Standard iteration count: 2
                                   <<<  [OPTIMIZATION]
                                   <<<    SIMD(VL: 8)
                                   <<<    PREFETCH(HARD) Expected by compiler :
                                   <<<      wk1
                                   <<< Loop-information  End >>>
            1271     1  pp   4v              wk1 = 0.
                                   <<< Loop-information Start >>>
                                   <<<  [PARALLELIZATION]
                                   <<<    Standard iteration count: 9
                                   <<<  [OPTIMIZATION]
                                   <<<    SIMD(VL: 8)
                                   <<<    PREFETCH(HARD) Expected by compiler :
                                   <<<      ww1
                                   <<< Loop-information  End >>>
            1272     1  pp   4v              ww1 = 0.
                                   <<< Loop-information Start >>>
                                   <<<  [PARALLELIZATION]
                                   <<<    Standard iteration count: 9
                                   <<<  [OPTIMIZATION]
                                   <<<    SIMD(VL: 8)
                                   <<<    PREFETCH(HARD) Expected by compiler :
                                   <<<      ww2
                                   <<< Loop-information  End >>>
            1273     1  pp   4v              ww2 = 0.
                                   <<< Loop-information Start >>>
                                   <<<  [PARALLELIZATION]
                                   <<<    Standard iteration count: 9
                                   <<<  [OPTIMIZATION]
                                   <<<    SIMD(VL: 8)
                                   <<<    PREFETCH(HARD) Expected by compiler :
                                   <<<      raintot
                                   <<< Loop-information  End >>>
            1274     1  pp   4v              raintot=0.
                                   <<< Loop-information Start >>>
                                   <<<  [PARALLELIZATION]
                                   <<<    Standard iteration count: 9
                                   <<<  [OPTIMIZATION]
                                   <<<    SIMD(VL: 8)
                                   <<<    PREFETCH(HARD) Expected by compiler :
                                   <<<      raincu
                                   <<< Loop-information  End >>>
            1275     1  pp   4v              raincu=0.
                                   <<< Loop-information Start >>>
                                   <<<  [PARALLELIZATION]
                                   <<<    Standard iteration count: 9
                                   <<<  [OPTIMIZATION]
                                   <<<    SIMD(VL: 8)
                                   <<<    PREFETCH(HARD) Expected by compiler :
                                   <<<      rainlp
                                   <<< Loop-information  End >>>
            1276     1  pp   4v              rainlp=0.
                                   <<< Loop-information Start >>>
                                   <<<  [PARALLELIZATION]
                                   <<<    Standard iteration count: 9
                                   <<<  [OPTIMIZATION]
                                   <<<    SIMD(VL: 8)
                                   <<<    PREFETCH(HARD) Expected by compiler :
                                   <<<      raincu6
                                   <<< Loop-information  End >>>
            1277     1  pp   4v              raincu6=0.
                                   <<< Loop-information Start >>>
                                   <<<  [PARALLELIZATION]
                                   <<<    Standard iteration count: 9
                                   <<<  [OPTIMIZATION]
                                   <<<    SIMD(VL: 8)
                                   <<<    PREFETCH(HARD) Expected by compiler :
                                   <<<      rainlp6
                                   <<< Loop-information  End >>>
            1278     1  pp   4v              rainlp6=0.
                                   <<< Loop-information Start >>>
                                   <<<  [PARALLELIZATION]
                                   <<<    Standard iteration count: 9
                                   <<<  [OPTIMIZATION]
                                   <<<    SIMD(VL: 8)
                                   <<<    PREFETCH(HARD) Expected by compiler :
                                   <<<      gfx
                                   <<< Loop-information  End >>>
            1279     1  pp   4v              gfx=0.
                                   <<< Loop-information Start >>>
                                   <<<  [PARALLELIZATION]
                                   <<<    Standard iteration count: 9
                                   <<<  [OPTIMIZATION]
                                   <<<    SIMD(VL: 8)
                                   <<<    PREFETCH(HARD) Expected by compiler :
                                   <<<      sld
                                   <<< Loop-information  End >>>
            1280     1  pp   4v              sld=0.
                                   <<< Loop-information Start >>>
                                   <<<  [PARALLELIZATION]
                                   <<<    Standard iteration count: 9
                                   <<<  [OPTIMIZATION]
                                   <<<    SIMD(VL: 8)
                                   <<<    PREFETCH(HARD) Expected by compiler :
                                   <<<      rld
                                   <<< Loop-information  End >>>
            1281     1  pp   4v              rld=0.
            1282     1               !        flash=0.   !xb110, flash density
            1283     1               
            1284     1               !!       open grib2 file
            1285     2                       if( outgrb2 == 1 .and. myrank == 0 )then
            1286     3                         if(io_quilting)then
            1287     3                             grbnxmy=nx*my
            1288     3                             write( keydoit,'(A14,I12.12,A8)') &
            1289     3                             "OPEN..0000....",idtg,"H...DOIT"
            1290     3                             ntag=ntag+1
            1291     3                             call mpe_send_key(keydoit,ntag,istat)
            1292     3                         else
            1293     3                           grbid=233  ! 231 outflds  232 out24  233 mfc
            1294     3                133                    format( A  ,A ,I10.10 ,A       )
            1295     3                           write(grbfile,133 )trim(ifilout_grb),'/GFS_',idtg/100 ,'_0000.grb2'
            1296     3                           if(myrank==0) print*,'OutFileName= ',trim(grbfile)
            1297     3                           call opn_grb2(nx,my,idtg, 0 ,istat)
            1298     3                         endif
            1299     2                       endif
            1300     1               
            1301     1                       call outflds ( 0,nx,my,my_max,lev,ncld,lmax,numout,idtg,ifilout &
            1302     1                            , outdir,ktrop,ptop,capa,cp,rgas,grav,sigma,sgeo           &
            1303     1                            , ptend,pt,plt,pk,pk2,phi,ut,vt,vvel                       &
            1304     1                            , tt,qt,rdiv,rvor,tg,gwr,z0,hflux,qflux,snr                &
            1305     1                            , raintot,raincu,rainlp,plcl,cumtop,ss,rs,alb,gwclim       &
            1306     1                            , acld,cosl,wk1,ww2,ww2,t2,q2,rh2,rh10,u10,v10,gfx,rld,sld &
            1307     1               !byl             , km_soil,smc,slc,stc,canopy,ggdef,slp,v850,v700,h850,h500 &
            1308     1                            , km_soil,smc,slc,stc,canopy,ggdef,typtrk                  &
            1309     1               !             , ctot,chig,cmid,clow,hpbl,.true.,flash,do_sit)
            1310     1                            , ctot,chig,cmid,clow,hpbl,.true.,do_sit)
            1311     1               
            1312     1               ! add 40m 100m output for green energy plan
            1313     1               
            1314     2                     if(out_green)then
            1315     2               
            1316     2               
            1317     2                       call  outflds_green(0,nx,my,my_max,lev,ncld                     &
            1318     2                             , idtg,ifilout,cp,rgas,grav,t2,u10,v10,ss,pk           &
            1319     2                             , sgeo,pt,plt,ptop,ut,vt,tt,qt,cosl,raincu6,rainlp6       &
            1320     2                             , ggdef)
            1321     2                     endif
            1322     2                       if(outgrb2==1.and.myrank==0)then
            1323     3                           if(io_quilting)then
            1324     3                             keydoit(1:4)='CLSE'
            1325     3                             ntag=ntag+1
            1326     3                             call mpe_send_key(keydoit,ntag,istat)
            1327     3                           else
            1328     3                             call cls_grb2(istat)
            1329     3                           endif
            1330     2                       endif
            1331     1               
            1332     1               #ifdef RSM
            1333     1                     if (outrsm) then
            1334     1                       if(myrank.eq.0)print*,' output: rsm date',idtg
            1335     1                       write(dtgrsm,'(I12)') idtg
            1336     1                       read(dtgrsm,'(I10,I2)')idtgrsm,ii   ! ii is dummy integer
            1337     1               #ifdef CWB_MPMD
            1338     1                       call send_idate(idtgrsm)
            1339     1               #else
            1340     1                       call wrte_idate(idtgrsm)
            1341     1               #endif
            1342     1                       call rsmout(idtg,0,nx,my,my_max,lev,ncld      &
            1343     1                               , ptop,cp,rgas,grav,sgeo,pdiff        &
            1344     1                               , t1000,pt,plt,pk,pk2,phi,ut,vt       &
            1345     1                               , tt,qt,tg,snr,cosl                   &
            1346     1                               , km_soil,smc,stc                     &
            1347     1                               , ice,land,ocean)
            1348     1                     endif
            1349     1               #endif
            1350     1               !
            1351     1               !
            1352     2                       if(typhoon)then
                                   <<< Loop-information Start >>>
                                   <<<  [OPTIMIZATION]
                                   <<<    PREFETCH(HARD) Expected by compiler :
                                   <<<      ixtyp, jytyp
                                   <<<    SPILLS :
                                   <<<      GENERAL   : SPILL 3  FILL 4
                                   <<<      SIMD&FP   : SPILL 0  FILL 0
                                   <<<      SCALABLE  : SPILL 0  FILL 0
                                   <<<      PREDICATE : SPILL 0  FILL 0
                                   <<< Loop-information  End >>>
            1353     3                         do n=1,ntyph
            1354     3                           i=ixtyp(1,n)
            1355     3                           j=jytyp(1,n)
                                   <<< Loop-information Start >>>
                                   <<<  [OPTIMIZATION]
                                   <<<    FULL UNROLLING
                                   <<< Loop-information  End >>>
            1356     4       f                 do m=1,5 !(1:slp 2:v850 3:v700 4:h850 5:h500)
            1357     4       f                   call unify_reduceintp(nx,my,my_max,typtrk(1,1,m),ww4)
            1358     4       f                   tensity(0,m,n)=( ww4(i,j+1)+ww4(i+1,j+1)    &
            1359     4                                          + ww4(i,j  )+ww4(i+1,j  ) )/4.
            1360     4       f                 enddo
            1361     3               !byl            tensity(0,2,n)=( v850(i,j+1)+v850(i+1,j+1)  &
            1362     3               !byl                           + v850(i,j  )+v850(i+1,j  ) )/4.
            1363     3               !byl            tensity(0,3,n)=( v700(i,j+1)+v700(i+1,j+1)  &
            1364     3               !byl                           + v700(i,j  )+v700(i+1,j  ) )/4.
            1365     3               !byl            tensity(0,4,n)=( h850(i,j+1)+h850(i+1,j+1)  &
            1366     3               !byl                           + h850(i,j  )+h850(i+1,j  ) )/4.
            1367     3               !byl            tensity(0,5,n)=( h500(i,j+1)+h500(i+1,j+1)  &
            1368     3               !byl                           + h500(i,j  )+h500(i+1,j  ) )/4.
            1369     3                         enddo
            1370     2                       endif
            1371     1               
            1372     1                     endif   ! end of (.not.restrt) for output initial fileds
            1373                     !
            1374                           return
            1375                           end

 Procedure information
   Lines      : 1375
   Statements : 825
   Stack(byte): 85920
   Prefetch num: 0

 Scoping unit of external sub-program : getrdy
   Attribute and Cross reference of name
     abs
      |(Class and Type) : intrinsic function name, REAL(8)
      |(Attributes)     : PURE, ELEMENTAL
      |(Declaration)    : 
      |(Definition)     : 
      |(Reference)      : 985
     achar
      |(Class and Type) : intrinsic function name, CHARACTER((unknown),1)
      |(Attributes)     : PURE, ELEMENTAL
      |(Declaration)    : 
      |(Definition)     : 
      |(Reference)      : 493  493  494  494  495  495  496  496
     acld
      |(Class and Type) : variable name, REAL(8)
      |(Attributes)     : ALLOCATABLE, DIMENSION, SAVE, use-associated
      |(Declaration)    : 
      |(Definition)     : 1301
      |(Reference)      : 
     alb
      |(Class and Type) : variable name, REAL(8)
      |(Attributes)     : ALLOCATABLE, DIMENSION, SAVE, use-associated
      |(Declaration)    : 
      |(Definition)     : 339  466  472  1301
      |(Reference)      : 
     albn
      |(Class and Type) : module name
      |(Attributes)     : 
      |(Declaration)    : 
      |(Definition)     : 
      |(Reference)      : 31
     allocate_sitgrid_array
      |(Class and Type) : module subroutine name
      |(Attributes)     : use-associated
      |(Declaration)    : 
      |(Definition)     : 
      |(Reference)      : 1006
     alnsf
      |(Class and Type) : variable name, REAL(8)
      |(Attributes)     : ALLOCATABLE, DIMENSION, SAVE, use-associated
      |(Declaration)    : 
      |(Definition)     : 352  361
      |(Reference)      : 361
     alnwf
      |(Class and Type) : variable name, REAL(8)
      |(Attributes)     : ALLOCATABLE, DIMENSION, SAVE, use-associated
      |(Declaration)    : 
      |(Definition)     : 352  362
      |(Reference)      : 362
     alvsf
      |(Class and Type) : variable name, REAL(8)
      |(Attributes)     : ALLOCATABLE, DIMENSION, SAVE, use-associated
      |(Declaration)    : 
      |(Definition)     : 352  359
      |(Reference)      : 359
     alvwf
      |(Class and Type) : variable name, REAL(8)
      |(Attributes)     : ALLOCATABLE, DIMENSION, SAVE, use-associated
      |(Declaration)    : 
      |(Definition)     : 352  360
      |(Reference)      : 360
     api
      |(Class and Type) : named constant, REAL(8)
      |(Attributes)     : use-associated
      |(Declaration)    : 
      |(Definition)     : 
      |(Reference)      : 41  1033
     asin
      |(Class and Type) : intrinsic function name, REAL(8)
      |(Attributes)     : PURE, ELEMENTAL
      |(Declaration)    : 
      |(Definition)     : 
      |(Reference)      : 975
     asl
      |(Class and Type) : variable name, REAL(8)
      |(Attributes)     : ALLOCATABLE, DIMENSION, SAVE, use-associated
      |(Declaration)    : 
      |(Definition)     : 558  601
      |(Reference)      : 
     atan
      |(Class and Type) : intrinsic function name, REAL(8)
      |(Attributes)     : PURE, ELEMENTAL
      |(Declaration)    : 
      |(Definition)     : 
      |(Reference)      : 973
     atl
      |(Class and Type) : variable name, REAL(8)
      |(Attributes)     : ALLOCATABLE, DIMENSION, SAVE, use-associated
      |(Declaration)    : 
      |(Definition)     : 559  602
      |(Reference)      : 
     awsfl
      |(Class and Type) : variable name, REAL(8)
      |(Attributes)     : ALLOCATABLE, DIMENSION, SAVE, use-associated
      |(Declaration)    : 
      |(Definition)     : 1120
      |(Reference)      : 
     awsfl0
      |(Class and Type) : variable name, REAL(8)
      |(Attributes)     : ALLOCATABLE, DIMENSION, SAVE, use-associated
      |(Declaration)    : 
      |(Definition)     : 1120
      |(Reference)      : 
     awtfl
      |(Class and Type) : variable name, REAL(8)
      |(Attributes)     : ALLOCATABLE, DIMENSION, SAVE, use-associated
      |(Declaration)    : 
      |(Definition)     : 1120
      |(Reference)      : 
     awtfl0
      |(Class and Type) : variable name, REAL(8)
      |(Attributes)     : ALLOCATABLE, DIMENSION, SAVE, use-associated
      |(Declaration)    : 
      |(Definition)     : 1120
      |(Reference)      : 
     awtkefl
      |(Class and Type) : variable name, REAL(8)
      |(Attributes)     : ALLOCATABLE, DIMENSION, SAVE, use-associated
      |(Declaration)    : 
      |(Definition)     : 1120
      |(Reference)      : 
     awufl
      |(Class and Type) : variable name, REAL(8)
      |(Attributes)     : ALLOCATABLE, DIMENSION, SAVE, use-associated
      |(Declaration)    : 
      |(Definition)     : 1120
      |(Reference)      : 
     awvfl
      |(Class and Type) : variable name, REAL(8)
      |(Attributes)     : ALLOCATABLE, DIMENSION, SAVE, use-associated
      |(Declaration)    : 
      |(Definition)     : 1120
      |(Reference)      : 
     bathy
      |(Class and Type) : variable name, REAL(8)
      |(Attributes)     : ALLOCATABLE, DIMENSION, SAVE, use-associated
      |(Declaration)    : 
      |(Definition)     : 1062  1075  1088  1120
      |(Reference)      : 1063
     bathydepth
      |(Class and Type) : variable name, REAL(8)
      |(Attributes)     : namelist-group-object, use-associated
      |(Declaration)    : 
      |(Definition)     : 
      |(Reference)      : 36  1075  1088
     bckfile
      |(Class and Type) : variable name, CHARACTER(80,1)
      |(Attributes)     : common-block-object, use-associated
      |(Declaration)    : 
      |(Definition)     : 295  339  352  653  686
      |(Reference)      : 
     cal_ratioBlending
      |(Class and Type) : module subroutine name
      |(Attributes)     : use-associated
      |(Declaration)    : 
      |(Definition)     : 
      |(Reference)      : 34  1040
     canopy
      |(Class and Type) : variable name, REAL(8)
      |(Attributes)     : ALLOCATABLE, DIMENSION, SAVE, use-associated
      |(Declaration)    : 
      |(Definition)     : 501  616  1301
      |(Reference)      : 
     capa
      |(Class and Type) : variable name, REAL(8)
      |(Attributes)     : common-block-object, use-associated
      |(Declaration)    : 
      |(Definition)     : 720  1301
      |(Reference)      : 
     cc
      |(Class and Type) : variable name, REAL(8)
      |(Attributes)     : DIMENSION
      |(Declaration)    : 60
      |(Definition)     : 121  741  742  898  899  900  901  902  903
      |(Reference)      : 
     char
      |(Class and Type) : intrinsic function name, CHARACTER((unknown),1)
      |(Attributes)     : PURE, ELEMENTAL
      |(Declaration)    : 
      |(Definition)     : 
      |(Reference)      : 441
     chig
      |(Class and Type) : variable name, REAL(8)
      |(Attributes)     : ALLOCATABLE, DIMENSION, SAVE, use-associated
      |(Declaration)    : 
      |(Definition)     : 1301
      |(Reference)      : 
     chlen
      |(Class and Type) : external subroutine name
      |(Attributes)     : 
      |(Declaration)    : 
      |(Definition)     : 
      |(Reference)      : 171  172  818  819
     cice
      |(Class and Type) : variable name, REAL(8)
      |(Attributes)     : ALLOCATABLE, DIMENSION, SAVE, use-associated
      |(Declaration)    : 
      |(Definition)     : 435  479  997
      |(Reference)      : 469  479  483  484  1045  1046  1082  1082
     cim
      |(Class and Type) : variable name, REAL(8)
      |(Attributes)     : ALLOCATABLE, DIMENSION, SAVE, use-associated
      |(Declaration)    : 
      |(Definition)     : 751  939
      |(Reference)      : 
     clow
      |(Class and Type) : variable name, REAL(8)
      |(Attributes)     : ALLOCATABLE, DIMENSION, SAVE, use-associated
      |(Declaration)    : 
      |(Definition)     : 1301
      |(Reference)      : 
     cls_grb2
      |(Class and Type) : module subroutine name
      |(Attributes)     : use-associated
      |(Declaration)    : 
      |(Definition)     : 
      |(Reference)      : 52  1328
     cmid
      |(Class and Type) : variable name, REAL(8)
      |(Attributes)     : ALLOCATABLE, DIMENSION, SAVE, use-associated
      |(Declaration)    : 
      |(Definition)     : 1301
      |(Reference)      : 
     cof
      |(Class and Type) : variable name, REAL(8)
      |(Attributes)     : ALLOCATABLE, DIMENSION, SAVE, use-associated
      |(Declaration)    : 
      |(Definition)     : 964  965  966  967
      |(Reference)      : 
     con_eps
      |(Class and Type) : named constant, REAL(8)
      |(Attributes)     : use-associated
      |(Declaration)    : 
      |(Definition)     : 
      |(Reference)      : 48
     con_rd
      |(Class and Type) : named constant, REAL(8)
      |(Attributes)     : use-associated
      |(Declaration)    : 
      |(Definition)     : 
      |(Reference)      : 48  1250
     const
      |(Class and Type) : module name
      |(Attributes)     : 
      |(Declaration)    : 
      |(Definition)     : 
      |(Reference)      : 20
     cosl
      |(Class and Type) : variable name, REAL(8)
      |(Attributes)     : ALLOCATABLE, DIMENSION, SAVE, use-associated
      |(Declaration)    : 
      |(Definition)     : 720  1301  1317
      |(Reference)      : 926  1199
     cp
      |(Class and Type) : variable name, REAL(8)
      |(Attributes)     : common-block-object, use-associated
      |(Declaration)    : 
      |(Definition)     : 720  1221  1301  1317
      |(Reference)      : 1202
     cstar
      |(Class and Type) : variable name, LOGICAL(4)
      |(Attributes)     : common-block-object, use-associated
      |(Declaration)    : 
      |(Definition)     : 720
      |(Reference)      : 369
     ctau
      |(Class and Type) : variable name, CHARACTER(6,1)
      |(Attributes)     : 
      |(Declaration)    : 64
      |(Definition)     : 174
      |(Reference)      : 177  203
     ctfreez
      |(Class and Type) : variable name, REAL(8)
      |(Attributes)     : use-associated
      |(Declaration)    : 
      |(Definition)     : 
      |(Reference)      : 34  1051  1055  1057
     ctfreez2
      |(Class and Type) : variable name, REAL(8)
      |(Attributes)     : ALLOCATABLE, DIMENSION, SAVE, use-associated
      |(Declaration)    : 
      |(Definition)     : 1110  1120
      |(Reference)      : 
     ctot
      |(Class and Type) : variable name, REAL(8)
      |(Attributes)     : ALLOCATABLE, DIMENSION, SAVE, use-associated
      |(Declaration)    : 
      |(Definition)     : 1301
      |(Reference)      : 
     cumtop
      |(Class and Type) : variable name, REAL(8)
      |(Attributes)     : ALLOCATABLE, DIMENSION, SAVE, use-associated
      |(Declaration)    : 
      |(Definition)     : 585  1301
      |(Reference)      : 
     curate
      |(Class and Type) : variable name, REAL(8)
      |(Attributes)     : ALLOCATABLE, DIMENSION, SAVE, use-associated
      |(Declaration)    : 
      |(Definition)     : 584
      |(Reference)      : 
     cwbout
      |(Class and Type) : variable name, CHARACTER(80,1)
      |(Attributes)     : common-block-object, use-associated
      |(Declaration)    : 
      |(Definition)     : 171  818
      |(Reference)      : 177  311  820
     dailyClm_option
      |(Class and Type) : variable name, INTEGER(4)
      |(Attributes)     : common-block-object, use-associated
      |(Declaration)    : 
      |(Definition)     : 
      |(Reference)      : 996
     dfk
      |(Class and Type) : variable name, REAL(8)
      |(Attributes)     : DIMENSION, common-block-object, use-associated
      |(Declaration)    : 
      |(Definition)     : 128
      |(Reference)      : 
     dfkt
      |(Class and Type) : variable name, REAL(8)
      |(Attributes)     : DIMENSION, common-block-object, use-associated
      |(Declaration)    : 
      |(Definition)     : 128
      |(Reference)      : 
     divnow
      |(Class and Type) : variable name, REAL(8)
      |(Attributes)     : ALLOCATABLE, DIMENSION, SAVE, use-associated
      |(Declaration)    : 
      |(Definition)     : 751  761  762  773  774  900  934
      |(Reference)      : 785
     divold
      |(Class and Type) : variable name, REAL(8)
      |(Attributes)     : ALLOCATABLE, DIMENSION, SAVE, use-associated
      |(Declaration)    : 
      |(Definition)     : 785
      |(Reference)      : 
     dlpl
      |(Class and Type) : variable name, REAL(8)
      |(Attributes)     : ALLOCATABLE, DIMENSION, SAVE, use-associated
      |(Declaration)    : 
      |(Definition)     : 939
      |(Reference)      : 
     dmschkr
      |(Class and Type) : external subroutine name
      |(Attributes)     : 
      |(Declaration)    : 
      |(Definition)     : 
      |(Reference)      : 441
     dmsexit
      |(Class and Type) : external subroutine name
      |(Attributes)     : 
      |(Declaration)    : 
      |(Definition)     : 
      |(Reference)      : 376  656  689
     dmsread
      |(Class and Type) : external subroutine name
      |(Attributes)     : 
      |(Declaration)    : 
      |(Definition)     : 
      |(Reference)      : 277  281  285  295  346  398  434  446  653  686
     do_sit
      |(Class and Type) : variable name, LOGICAL(4)
      |(Attributes)     : common-block-object, use-associated
      |(Declaration)    : 
      |(Definition)     : 1301
      |(Reference)      : 1003
     doincr
      |(Class and Type) : variable name, LOGICAL(4)
      |(Attributes)     : common-block-object, use-associated
      |(Declaration)    : 
      |(Definition)     : 
      |(Reference)      : 714  756
     donnmi
      |(Class and Type) : variable name, LOGICAL(4)
      |(Attributes)     : common-block-object, use-associated
      |(Declaration)    : 
      |(Definition)     : 321
      |(Reference)      : 
     doo3l
      |(Class and Type) : variable name, LOGICAL(4)
      |(Attributes)     : common-block-object, use-associated
      |(Declaration)    : 
      |(Definition)     : 
      |(Reference)      : 133
     dpoly
      |(Class and Type) : variable name, REAL(8)
      |(Attributes)     : ALLOCATABLE, DIMENSION, SAVE, use-associated
      |(Declaration)    : 
      |(Definition)     : 751  934  939
      |(Reference)      : 
     dsigma
      |(Class and Type) : variable name, REAL(8)
      |(Attributes)     : ALLOCATABLE, DIMENSION, SAVE, use-associated
      |(Declaration)    : 
      |(Definition)     : 
      |(Reference)      : 923  923
     dsigp
      |(Class and Type) : variable name, REAL(8)
      |(Attributes)     : 
      |(Declaration)    : 104
      |(Definition)     : 923
      |(Reference)      : 924
     dt
      |(Class and Type) : variable name, REAL(8)
      |(Attributes)     : common-block-object, use-associated
      |(Declaration)    : 
      |(Definition)     : 997  1012  1221
      |(Reference)      : 
     dtgfix12
      |(Class and Type) : external subroutine name
      |(Attributes)     : 
      |(Declaration)    : 
      |(Definition)     : 
      |(Reference)      : 383
     dtpl
      |(Class and Type) : variable name, REAL(8)
      |(Attributes)     : ALLOCATABLE, DIMENSION, SAVE, use-associated
      |(Declaration)    : 
      |(Definition)     : 939
      |(Reference)      : 
     dtrad
      |(Class and Type) : variable name, REAL(8)
      |(Attributes)     : ALLOCATABLE, DIMENSION, SAVE, use-associated
      |(Declaration)    : 
      |(Definition)     : 557  600
      |(Reference)      : 
     dummy
      |(Class and Type) : variable name, REAL(8)
      |(Attributes)     : 
      |(Declaration)    : 60
      |(Definition)     : 741  741  741  899  899  899  901  901  901  903  903  903
      |(Reference)      : 
     e
      |(Class and Type) : variable name, REAL(8)
      |(Attributes)     : ALLOCATABLE, DIMENSION, SAVE, use-associated
      |(Declaration)    : 
      |(Definition)     : 555  598
      |(Reference)      : 
     engwac
      |(Class and Type) : variable name, REAL(8)
      |(Attributes)     : ALLOCATABLE, DIMENSION, SAVE, use-associated
      |(Declaration)    : 
      |(Definition)     : 1120
      |(Reference)      : 
     eps
      |(Class and Type) : variable name, REAL(8)
      |(Attributes)     : ALLOCATABLE, DIMENSION, SAVE, use-associated
      |(Declaration)    : 
      |(Definition)     : 556  599
      |(Reference)      : 
     exp
      |(Class and Type) : intrinsic function name, REAL(8)
      |(Attributes)     : PURE, ELEMENTAL
      |(Declaration)    : 
      |(Definition)     : 
      |(Reference)      : 523
     f71
      |(Class and Type) : variable name, CHARACTER(50,1)
      |(Attributes)     : 
      |(Declaration)    : 66
      |(Definition)     : 148  150  151  152
      |(Reference)      : 159
     facsf
      |(Class and Type) : variable name, REAL(8)
      |(Attributes)     : ALLOCATABLE, DIMENSION, SAVE, use-associated
      |(Declaration)    : 
      |(Definition)     : 352  363
      |(Reference)      : 363
     fact
      |(Class and Type) : variable name, REAL(8)
      |(Attributes)     : 
      |(Declaration)    : 104
      |(Definition)     : 523
      |(Reference)      : 529  529
     facwf
      |(Class and Type) : variable name, REAL(8)
      |(Attributes)     : ALLOCATABLE, DIMENSION, SAVE, use-associated
      |(Declaration)    : 
      |(Definition)     : 352  364
      |(Reference)      : 364
     fftcom
      |(Class and Type) : module name
      |(Attributes)     : 
      |(Declaration)    : 
      |(Definition)     : 
      |(Reference)      : 23
     flg
      |(Class and Type) : variable name, LOGICAL(4)
      |(Attributes)     : 
      |(Declaration)    : 90
      |(Definition)     : 183  185
      |(Reference)      : 
     float
      |(Class and Type) : intrinsic function name, REAL(8)
      |(Attributes)     : PURE, ELEMENTAL
      |(Declaration)    : 
      |(Definition)     : 
      |(Reference)      : 983
     fpsp
      |(Class and Type) : variable name, REAL(8)
      |(Attributes)     : ALLOCATABLE, DIMENSION, SAVE, use-associated
      |(Declaration)    : 
      |(Definition)     : 330
      |(Reference)      : 
     fpsp1
      |(Class and Type) : variable name, REAL(8)
      |(Attributes)     : ALLOCATABLE, DIMENSION, SAVE, use-associated
      |(Declaration)    : 
      |(Definition)     : 331
      |(Reference)      : 
     fqp
      |(Class and Type) : variable name, REAL(8)
      |(Attributes)     : ALLOCATABLE, DIMENSION, SAVE, use-associated
      |(Declaration)    : 
      |(Definition)     : 333
      |(Reference)      : 
     fqp1
      |(Class and Type) : variable name, REAL(8)
      |(Attributes)     : ALLOCATABLE, DIMENSION, SAVE, use-associated
      |(Declaration)    : 
      |(Definition)     : 335
      |(Reference)      : 
     ftp
      |(Class and Type) : variable name, REAL(8)
      |(Attributes)     : ALLOCATABLE, DIMENSION, SAVE, use-associated
      |(Declaration)    : 
      |(Definition)     : 332
      |(Reference)      : 
     ftp1
      |(Class and Type) : variable name, REAL(8)
      |(Attributes)     : ALLOCATABLE, DIMENSION, SAVE, use-associated
      |(Declaration)    : 
      |(Definition)     : 334
      |(Reference)      : 
     getrdy
      |(Class and Type) : external subroutine name
      |(Attributes)     : 
      |(Declaration)    : 
      |(Definition)     : 1
      |(Reference)      : 
     gfx
      |(Class and Type) : variable name, REAL(8)
      |(Attributes)     : ALLOCATABLE, DIMENSION, SAVE, use-associated
      |(Declaration)    : 
      |(Definition)     : 1279  1301
      |(Reference)      : 
     ggdef
      |(Class and Type) : variable name, CHARACTER(4,1)
      |(Attributes)     : common-block-object, use-associated
      |(Declaration)    : 
      |(Definition)     : 276  280  284  339  345  352  384  397  433  439  501  720  1023  1162  1174  1301  1317
      |(Reference)      : 294  652  685
     gmdef
      |(Class and Type) : variable name, CHARACTER(4,1)
      |(Attributes)     : common-block-object, use-associated
      |(Declaration)    : 
      |(Definition)     : 501  720
      |(Reference)      : 
     grav
      |(Class and Type) : variable name, REAL(8)
      |(Attributes)     : common-block-object, use-associated
      |(Declaration)    : 
      |(Definition)     : 720  1221  1301  1317
      |(Reference)      : 666  926  1202
     grbfile
      |(Class and Type) : variable name, CHARACTER(255,1)
      |(Attributes)     : use-associated
      |(Declaration)    : 
      |(Definition)     : 1295
      |(Reference)      : 52  1296
     grbid
      |(Class and Type) : variable name, INTEGER(4)
      |(Attributes)     : use-associated
      |(Declaration)    : 
      |(Definition)     : 1293
      |(Reference)      : 52
     grbnxmy
      |(Class and Type) : variable name, INTEGER(4)
      |(Attributes)     : use-associated
      |(Declaration)    : 
      |(Definition)     : 1287
      |(Reference)      : 52
     grid
      |(Class and Type) : module name
      |(Attributes)     : 
      |(Declaration)    : 
      |(Definition)     : 
      |(Reference)      : 21
     grndcapc
      |(Class and Type) : variable name, REAL(8)
      |(Attributes)     : ALLOCATABLE, DIMENSION, SAVE, use-associated
      |(Declaration)    : 
      |(Definition)     : 1120
      |(Reference)      : 
     grndflux
      |(Class and Type) : variable name, REAL(8)
      |(Attributes)     : ALLOCATABLE, DIMENSION, SAVE, use-associated
      |(Declaration)    : 
      |(Definition)     : 1120
      |(Reference)      : 
     grndhflx
      |(Class and Type) : variable name, REAL(8)
      |(Attributes)     : ALLOCATABLE, DIMENSION, SAVE, use-associated
      |(Declaration)    : 
      |(Definition)     : 1120
      |(Reference)      : 
     gwclim
      |(Class and Type) : variable name, REAL(8)
      |(Attributes)     : ALLOCATABLE, DIMENSION, SAVE, use-associated
      |(Declaration)    : 
      |(Definition)     : 339  1301
      |(Reference)      : 529  614  626  627
     gwr
      |(Class and Type) : variable name, REAL(8)
      |(Attributes)     : ALLOCATABLE, DIMENSION, SAVE, use-associated
      |(Declaration)    : 
      |(Definition)     : 384  611  614  1301
      |(Reference)      : 
     hflux
      |(Class and Type) : variable name, REAL(8)
      |(Attributes)     : ALLOCATABLE, DIMENSION, SAVE, use-associated
      |(Declaration)    : 
      |(Definition)     : 545  582  1221  1301
      |(Reference)      : 
     hltm
      |(Class and Type) : variable name, REAL(8)
      |(Attributes)     : common-block-object, use-associated
      |(Declaration)    : 
      |(Definition)     : 1221
      |(Reference)      : 
     hpbl
      |(Class and Type) : variable name, REAL(8)
      |(Attributes)     : ALLOCATABLE, DIMENSION, SAVE, use-associated
      |(Declaration)    : 
      |(Definition)     : 1301
      |(Reference)      : 
     hs
      |(Class and Type) : variable name, REAL(8)
      |(Attributes)     : DIMENSION
      |(Declaration)    : 87
      |(Definition)     : 1202  1221
      |(Reference)      : 
     i
      |(Class and Type) : variable name, INTEGER(4)
      |(Attributes)     : 
      |(Declaration)    : 101
      |(Definition)     : 238  255  302  358  410  463  513  527  538  554  565  575  597  608  624  641  664  696  783  922  982  1030  1200  1211  1244  1354
      |(Reference)      : 303  304  304  359  359  360  360  361  361  362  362  363  363  364  364  418  418  423  423  464  465  466  467  469  469  470  471  472  473  475  479  479  480  480  483  483  484  484  484  514  514  514  515  515  515  516  516  516  517  517  517  528  528  529  529  529  530  530  539  542  543  544  545  545  545  546  546  546  555  556  557  558  559  566  566  566  576  577  579  580  581  582  582  582  583  583  583  584  585  586  587  588  598  599  600  601  602  609  610  610  611  613  613  614  614  616  625  625  626  626  627  627  642  643  666  697  699  699  785  785  786  786  787  787  923  924  983  983  984  984  985  985  986  987  987  1035  1036  1038  1201  1201  1202  1202  1202  1202  1203  1203  1204  1204  1205  1205  1205  1206  1206  1207  1207  1207  1207  1208  1208  1208  1212  1212  1213  1213  1215  1215  1215  1215  1217  1217  1217  1218  1218  1218  1246  1246  1248  1250  1252  1254  1258  1260  1358  1358  1358  1358
     ib
      |(Class and Type) : variable name, INTEGER(4)
      |(Attributes)     : ALLOCATABLE, DIMENSION, SAVE, use-associated
      |(Declaration)    : 
      |(Definition)     : 964  965  966  967
      |(Reference)      : 
     ice
      |(Class and Type) : variable name, LOGICAL(4)
      |(Attributes)     : ALLOCATABLE, DIMENSION, SAVE, use-associated
      |(Declaration)    : 
      |(Definition)     : 339  464  470
      |(Reference)      : 1073
     icwarn
      |(Class and Type) : variable name, INTEGER(4)
      |(Attributes)     : 
      |(Declaration)    : 101
      |(Definition)     : 459  485  491
      |(Reference)      : 485  492
     idtg
      |(Class and Type) : variable name, INTEGER(8)
      |(Attributes)     : common-block-object, use-associated
      |(Declaration)    : 
      |(Definition)     : 276  280  284  345  383  397  433  439  720  997  1012  1015  1023  1118  1174  1297  1301  1317
      |(Reference)      : 394  394  400  438  448  718  1288  1295
     idtg2
      |(Class and Type) : variable name, INTEGER(8)
      |(Attributes)     : common-block-object, use-associated
      |(Declaration)    : 
      |(Definition)     : 383  384  501
      |(Reference)      : 452
     ifilin
      |(Class and Type) : variable name, CHARACTER(80,1)
      |(Attributes)     : common-block-object, use-associated
      |(Declaration)    : 
      |(Definition)     : 281  346  384  398  434  441  446  501  720  1174
      |(Reference)      : 
     ifilin_ocaf
      |(Class and Type) : variable name, CHARACTER(60,1)
      |(Attributes)     : SAVE, use-associated
      |(Declaration)    : 
      |(Definition)     : 
      |(Reference)      : 42
     ifilout
      |(Class and Type) : variable name, CHARACTER(80,1)
      |(Attributes)     : common-block-object, use-associated
      |(Declaration)    : 
      |(Definition)     : 277  285  720  1301  1317
      |(Reference)      : 
     ifilout_grb
      |(Class and Type) : variable name, CHARACTER(80,1)
      |(Attributes)     : use-associated
      |(Declaration)    : 
      |(Definition)     : 
      |(Reference)      : 1295
     ii
      |(Class and Type) : variable name, INTEGER(4)
      |(Attributes)     : 
      |(Declaration)    : 101
      |(Definition)     : 299  305  408  660  667  693  700  1029  1040
      |(Reference)      : 303  303  304  305  666  667  697  697  699  700  1030  1031  1033  1034  1036  1038  1040  1040  1040  1044  1044  1045  1045  1046  1046  1047  1048  1049  1053  1057  1060  1061  1062  1063  1063  1064  1065  1066  1067  1068  1069  1069  1070  1070  1071  1071  1073  1074  1075  1076  1077  1078  1079  1080  1081  1082  1082  1082  1082  1082  1083  1083  1084  1084  1086  1087  1088  1089  1090  1091  1092  1093  1094  1095  1095  1096  1096  1097  1097  1099  1099  1101  1101  1104  1105  1105  1110  1110  1111  1111
     il
      |(Class and Type) : variable name, INTEGER(4)
      |(Attributes)     : ALLOCATABLE, DIMENSION, SAVE, use-associated
      |(Declaration)    : 
      |(Definition)     : 964  965  966  967
      |(Reference)      : 
     incrini
      |(Class and Type) : external subroutine name
      |(Attributes)     : 
      |(Declaration)    : 
      |(Definition)     : 
      |(Reference)      : 715
     index
      |(Class and Type) : module name
      |(Attributes)     : 
      |(Declaration)    : 
      |(Definition)     : 
      |(Reference)      : 19
     int
      |(Class and Type) : intrinsic function name, INTEGER(4)
      |(Attributes)     : PURE, ELEMENTAL
      |(Declaration)    : 
      |(Definition)     : 
      |(Reference)      : 379
     io_quilting
      |(Class and Type) : variable name, LOGICAL(4)
      |(Attributes)     : common-block-object, use-associated
      |(Declaration)    : 
      |(Definition)     : 
      |(Reference)      : 1286  1323
     ios
      |(Class and Type) : variable name, INTEGER(4)
      |(Attributes)     : 
      |(Declaration)    : 101
      |(Definition)     : 186  191
      |(Reference)      : 192
     irad
      |(Class and Type) : variable name, INTEGER(4)
      |(Attributes)     : SAVE, use-associated
      |(Declaration)    : 
      |(Definition)     : 
      |(Reference)      : 351
     isnow
      |(Class and Type) : variable name, INTEGER(4)
      |(Attributes)     : 
      |(Declaration)    : 101
      |(Definition)     : 394
      |(Reference)      : 396
     isot
      |(Class and Type) : variable name, INTEGER(4)
      |(Attributes)     : use-associated
      |(Declaration)    : 
      |(Definition)     : 126  339
      |(Reference)      : 
     istat
      |(Class and Type) : variable name, INTEGER(4)
      |(Attributes)     : 
      |(Declaration)    : 101
      |(Definition)     : 277  281  285  295  346  398  434  441  443  446  653  686  1291  1297  1326  1328
      |(Reference)      : 445  654  687
     istyp
      |(Class and Type) : variable name, INTEGER(4)
      |(Attributes)     : ALLOCATABLE, DIMENSION, SAVE, use-associated
      |(Declaration)    : 
      |(Definition)     : 339
      |(Reference)      : 1212  1215  1215  1215
     itaui
      |(Class and Type) : variable name, INTEGER(4)
      |(Attributes)     : 
      |(Declaration)    : 101
      |(Definition)     : 173  1167  1168  1169
      |(Reference)      : 174
     itaup
      |(Class and Type) : variable name, INTEGER(4)
      |(Attributes)     : 
      |(Declaration)    : 101
      |(Definition)     : 379  384  501  1174
      |(Reference)      : 383  523
     ivegsrc
      |(Class and Type) : variable name, INTEGER(4)
      |(Attributes)     : use-associated
      |(Declaration)    : 
      |(Definition)     : 126  339
      |(Reference)      : 
     ivegtyp
      |(Class and Type) : variable name, INTEGER(4)
      |(Attributes)     : ALLOCATABLE, DIMENSION, SAVE, use-associated
      |(Declaration)    : 
      |(Definition)     : 339
      |(Reference)      : 
     ixtyp
      |(Class and Type) : variable name, INTEGER(4)
      |(Attributes)     : DIMENSION, common-block-object, use-associated
      |(Declaration)    : 
      |(Definition)     : 
      |(Reference)      : 1354
     j
      |(Class and Type) : variable name, INTEGER(4)
      |(Attributes)     : 
      |(Declaration)    : 101
      |(Definition)     : 235  252  298  356  407  461  511  525  536  551  563  573  594  606  621  639  659  692  907  918  974  979  1027  1188  1241  1355
      |(Reference)      : 236  253  299  300  301  301  303  303  304  357  408  409  462  512  526  537  552  564  574  595  607  622  640  660  662  663  663  666  693  694  695  695  697  697  699  908  909  919  926  975  975  980  1028  1030  1033  1034  1120  1120  1189  1199  1210  1221  1242  1358  1358  1358  1358
     jj
      |(Class and Type) : variable name, INTEGER(4)
      |(Attributes)     : 
      |(Declaration)    : 101
      |(Definition)     : 234  251  297  355  406  460  510  524  535  550  562  572  593  605  620  638  658  691  906  917  978  1026  1040  1187  1240
      |(Reference)      : 235  252  298  303  304  304  356  359  359  360  360  361  361  362  362  363  363  364  364  407  418  418  423  423  461  464  465  466  467  469  469  470  471  472  473  475  479  479  480  480  483  483  484  484  484  511  514  514  514  515  515  515  516  516  516  517  517  517  525  528  528  529  529  529  530  530  536  539  542  543  544  545  545  545  546  546  546  551  555  556  557  558  559  563  566  566  566  573  576  577  579  580  581  582  582  582  583  583  583  584  585  586  587  588  594  598  599  600  601  602  606  609  610  610  611  613  613  614  614  616  621  625  625  626  626  627  627  639  642  643  659  666  692  697  699  699  907  909  909  909  909  918  923  924  979  981  983  983  984  984  985  985  986  987  987  1027  1031  1033  1035  1036  1036  1038  1038  1040  1040  1044  1044  1045  1045  1046  1046  1047  1048  1049  1053  1057  1060  1061  1062  1063  1063  1064  1065  1066  1067  1068  1069  1069  1070  1070  1071  1071  1073  1074  1075  1076  1077  1078  1079  1080  1081  1082  1082  1082  1082  1082  1083  1083  1084  1084  1086  1087  1088  1089  1090  1091  1092  1093  1094  1095  1095  1096  1096  1097  1097  1101  1101  1104  1105  1105  1110  1110  1111  1111  1120  1120  1120  1120  1120  1120  1120  1120  1120  1120  1120  1120  1120  1120  1120  1120  1120  1120  1120  1120  1120  1120  1120  1120  1120  1120  1120  1120  1120  1120  1120  1120  1120  1120  1120  1120  1120  1120  1120  1120  1120  1120  1120  1120  1120  1120  1120  1120  1120  1120  1120  1120  1120  1120  1120  1120  1120  1120  1120  1120  1120  1188  1201  1202  1202  1202  1203  1204  1205  1205  1206  1207  1207  1207  1208  1208  1210  1212  1212  1215  1215  1215  1215  1221  1221  1221  1221  1221  1221  1221  1221  1221  1221  1221  1221  1221  1241  1246  1246  1248  1250  1252  1254  1258  1260
     jlist1
      |(Class and Type) : variable name, INTEGER(4)
      |(Attributes)     : ALLOCATABLE, DIMENSION, SAVE, use-associated
      |(Declaration)    : 
      |(Definition)     : 
      |(Reference)      : 235  252  298  356  407  461  511  525  536  551  563  573  594  606  621  639  659  692  907  918  979  1027  1188  1241
     jlistnum
      |(Class and Type) : variable name, INTEGER(4)
      |(Attributes)     : common-block-object, use-associated
      |(Declaration)    : 
      |(Definition)     : 741  899  901  903
      |(Reference)      : 234  251  297  355  406  460  510  524  535  550  562  572  593  605  620  638  658  691  906  917  978  1026  1187  1240
     joinrs
      |(Class and Type) : external subroutine name
      |(Attributes)     : 
      |(Declaration)    : 
      |(Definition)     : 
      |(Reference)      : 741
     jtmax
      |(Class and Type) : variable name, INTEGER(4)
      |(Attributes)     : common-block-object, use-associated
      |(Declaration)    : 
      |(Definition)     : 677  678  720  742  746  751  898  900  902  904  934  939
      |(Reference)      : 
     jtrun
      |(Class and Type) : variable name, INTEGER(4)
      |(Attributes)     : common-block-object, use-associated
      |(Declaration)    : 
      |(Definition)     : 677  678  720  742  746  751  898  900  902  904  934  939
      |(Reference)      : 782  802
     julian
      |(Class and Type) : variable name, INTEGER(4)
      |(Attributes)     : common-block-object, use-associated
      |(Declaration)    : 
      |(Definition)     : 339  352
      |(Reference)      : 
     jytyp
      |(Class and Type) : variable name, INTEGER(4)
      |(Attributes)     : DIMENSION, common-block-object, use-associated
      |(Declaration)    : 
      |(Definition)     : 
      |(Reference)      : 1355
     k
      |(Class and Type) : variable name, INTEGER(4)
      |(Attributes)     : 
      |(Declaration)    : 101
      |(Definition)     : 237  254  553  596  623  760  772  784  921  1243
      |(Reference)      : 555  556  557  558  559  598  599  600  601  602  625  626  627  761  762  763  764  773  774  775  776  785  785  786  786  787  787  923  923  924  1246  1246  1248  1250  1252  1254  1258  1260
     key
      |(Class and Type) : variable name, CHARACTER(34,1)
      |(Attributes)     : 
      |(Declaration)    : 64
      |(Definition)     : 440
      |(Reference)      : 441
     keydoit
      |(Class and Type) : variable name, CHARACTER(34,1)
      |(Attributes)     : 
      |(Declaration)    : 116
      |(Definition)     : 1288  1291  1324  1326
      |(Reference)      : 
     km_soil
      |(Class and Type) : named constant, INTEGER(4)
      |(Attributes)     : use-associated
      |(Declaration)    : 
      |(Definition)     : 
      |(Reference)      : 254  501  623  1301
     ksgeo
      |(Class and Type) : variable name, INTEGER(4)
      |(Attributes)     : common-block-object, use-associated
      |(Declaration)    : 
      |(Definition)     : 
      |(Reference)      : 636  647  650
     ktrop
      |(Class and Type) : variable name, INTEGER(4)
      |(Attributes)     : common-block-object, use-associated
      |(Declaration)    : 
      |(Definition)     : 720  1301
      |(Reference)      : 
     land
      |(Class and Type) : variable name, LOGICAL(4)
      |(Attributes)     : ALLOCATABLE, DIMENSION, SAVE, use-associated
      |(Declaration)    : 
      |(Definition)     : 339
      |(Reference)      : 1060
     landpack
      |(Class and Type) : external subroutine name
      |(Attributes)     : 
      |(Declaration)    : 
      |(Definition)     : 
      |(Reference)      : 128
     latsozp
      |(Class and Type) : variable name, INTEGER(4)
      |(Attributes)     : use-associated
      |(Declaration)    : 
      |(Definition)     : 
      |(Reference)      : 139
     lcwb
      |(Class and Type) : variable name, INTEGER(4)
      |(Attributes)     : 
      |(Declaration)    : 101
      |(Definition)     : 171  818
      |(Reference)      : 177  180  311  311  820
     ldailyFCTicesndpt
      |(Class and Type) : variable name, LOGICAL(4)
      |(Attributes)     : common-block-object, use-associated
      |(Declaration)    : 
      |(Definition)     : 
      |(Reference)      : 996
     ldailyFCTsst
      |(Class and Type) : variable name, LOGICAL(4)
      |(Attributes)     : common-block-object, use-associated
      |(Declaration)    : 
      |(Definition)     : 
      |(Reference)      : 996
     ldailysst
      |(Class and Type) : variable name, LOGICAL(4)
      |(Attributes)     : SAVE, namelist-group-object, use-associated
      |(Declaration)    : 
      |(Definition)     : 
      |(Reference)      : 36  1011
     lev
      |(Class and Type) : variable name, INTEGER(4)
      |(Attributes)     : common-block-object, use-associated
      |(Declaration)    : 
      |(Definition)     : 720  741  751  899  901  903  909  1301  1317
      |(Reference)      : 58  211  212  213  214  215  216  217  218  219  220  221  222  237  553  596  834  835  836  837  838  839  840  841  842  843  844  845  846  921  1202  1202  1202  1203  1204  1205  1205  1206  1207  1207  1207  1208  1243  1252  1254  1258  1260
     levozp
      |(Class and Type) : variable name, INTEGER(4)
      |(Attributes)     : use-associated
      |(Declaration)    : 
      |(Definition)     : 
      |(Reference)      : 139
     levp
      |(Class and Type) : variable name, INTEGER(4)
      |(Attributes)     : common-block-object, use-associated
      |(Declaration)    : 
      |(Definition)     : 742  898  900  902  934
      |(Reference)      : 60  760  772  784
     lgodas
      |(Class and Type) : variable name, LOGICAL(4)
      |(Attributes)     : SAVE, namelist-group-object, use-associated
      |(Declaration)    : 
      |(Definition)     : 
      |(Reference)      : 36  1010
     lkvl
      |(Class and Type) : variable name, INTEGER(4)
      |(Attributes)     : use-associated
      |(Declaration)    : 
      |(Definition)     : 1023  1162
      |(Reference)      : 46  1120  1120  1120  1120  1120  1120  1120  1120  1120  1120  1120  1120  1120  1120  1120  1120  1120  1120  1120  1120  1120  1120  1120  1120  1120  1120  1120
     lmax
      |(Class and Type) : variable name, INTEGER(4)
      |(Attributes)     : 
      |(Declaration)    : 101
      |(Definition)     : 120  720  1301
      |(Reference)      : 
     lncrec
      |(Class and Type) : variable name, INTEGER(4)
      |(Attributes)     : 
      |(Declaration)    : 101
      |(Definition)     : 275  277  281  285
      |(Reference)      : 
     locaf
      |(Class and Type) : variable name, LOGICAL(4)
      |(Attributes)     : SAVE, namelist-group-object, use-associated
      |(Declaration)    : 
      |(Definition)     : 
      |(Reference)      : 36  1158
     locaf0
      |(Class and Type) : variable name, LOGICAL(4)
      |(Attributes)     : SAVE, namelist-group-object, use-associated
      |(Declaration)    : 
      |(Definition)     : 
      |(Reference)      : 36  1019  1105
     lontest
      |(Class and Type) : variable name, REAL(8)
      |(Attributes)     : DIMENSION
      |(Declaration)    : 113
      |(Definition)     : 
      |(Reference)      : 
     lphy
      |(Class and Type) : variable name, INTEGER(4)
      |(Attributes)     : 
      |(Declaration)    : 101
      |(Definition)     : 172  819
      |(Reference)      : 203  206  312  312  833
     lpre6hr_sit
      |(Class and Type) : variable name, LOGICAL(4)
      |(Attributes)     : SAVE, namelist-group-object, use-associated
      |(Declaration)    : 
      |(Definition)     : 
      |(Reference)      : 36  1173
     lrec
      |(Class and Type) : variable name, CHARACTER(26,1)
      |(Attributes)     : 
      |(Declaration)    : 64
      |(Definition)     : 276  277  280  281  284  285  294  295  345  346  397  398  433  434  439  446  652  653  685  686
      |(Reference)      : 440
     lreduce
      |(Class and Type) : variable name, INTEGER(4)
      |(Attributes)     : common-block-object, use-associated
      |(Declaration)    : 
      |(Definition)     : 
      |(Reference)      : 301  663  695  954
     ls
      |(Class and Type) : variable name, INTEGER(4)
      |(Attributes)     : DIMENSION
      |(Declaration)    : 95
      |(Definition)     : 339
      |(Reference)      : 465  469
     lsftobswt
      |(Class and Type) : variable name, LOGICAL(4)
      |(Attributes)     : SAVE, namelist-group-object, use-associated
      |(Declaration)    : 
      |(Definition)     : 
      |(Reference)      : 36
     lsitstart
      |(Class and Type) : variable name, LOGICAL(4)
      |(Attributes)     : use-associated
      |(Declaration)    : 
      |(Definition)     : 1119
      |(Reference)      : 36
     lvlw
      |(Class and Type) : variable name, INTEGER(4)
      |(Attributes)     : 
      |(Declaration)    : 101
      |(Definition)     : 960  964
      |(Reference)      : 
     lvlw1
      |(Class and Type) : variable name, INTEGER(4)
      |(Attributes)     : 
      |(Declaration)    : 101
      |(Definition)     : 961  965
      |(Reference)      : 
     lvlw2
      |(Class and Type) : variable name, INTEGER(4)
      |(Attributes)     : 
      |(Declaration)    : 101
      |(Definition)     : 962  966
      |(Reference)      : 
     lvlw3
      |(Class and Type) : variable name, INTEGER(4)
      |(Attributes)     : 
      |(Declaration)    : 101
      |(Definition)     : 963  967
      |(Reference)      : 
     lwoa0
      |(Class and Type) : variable name, LOGICAL(4)
      |(Attributes)     : SAVE, namelist-group-object, use-associated
      |(Declaration)    : 
      |(Definition)     : 
      |(Reference)      : 36  1008
     MAXSMC
      |(Class and Type) : variable name, REAL(8)
      |(Attributes)     : DIMENSION, use-associated
      |(Declaration)    : 
      |(Definition)     : 128
      |(Reference)      : 
     m
      |(Class and Type) : variable name, INTEGER(4)
      |(Attributes)     : 
      |(Declaration)    : 101
      |(Definition)     : 757  769  780  800  1356
      |(Reference)      : 758  761  762  763  764  770  773  774  775  776  781  785  785  786  786  787  787  801  803  803  804  804  1357  1358
     make_IceNumber
      |(Class and Type) : module function name, REAL(8)
      |(Attributes)     : use-associated, PURE, ELEMENTAL
      |(Declaration)    : 
      |(Definition)     : 
      |(Reference)      : 49  1254
     make_RainNumber
      |(Class and Type) : module function name, REAL(8)
      |(Attributes)     : use-associated, PURE, ELEMENTAL
      |(Declaration)    : 
      |(Definition)     : 
      |(Reference)      : 49  1260
     mask1st
      |(Class and Type) : variable name, REAL(8)
      |(Attributes)     : ALLOCATABLE, DIMENSION, use-associated
      |(Declaration)    : 
      |(Definition)     : 
      |(Reference)      : 42  1105
     maskid
      |(Class and Type) : variable name, INTEGER(4)
      |(Attributes)     : SAVE, namelist-group-object, use-associated
      |(Declaration)    : 
      |(Definition)     : 
      |(Reference)      : 34
     max
      |(Class and Type) : intrinsic function name, REAL(8)
      |(Attributes)     : PURE, ELEMENTAL
      |(Declaration)    : 
      |(Definition)     : 
      |(Reference)      : 479  484  1055
     mf
      |(Class and Type) : variable name, INTEGER(4)
      |(Attributes)     : 
      |(Declaration)    : 101
      |(Definition)     : 758  770  781  801
      |(Reference)      : 759  771  782  802
     min
      |(Class and Type) : intrinsic function name, REAL(8)
      |(Attributes)     : PURE, ELEMENTAL
      |(Declaration)    : 
      |(Definition)     : 
      |(Reference)      : 423  514  515  516  517  614  1051  1057  1218
     mlist
      |(Class and Type) : variable name, INTEGER(4)
      |(Attributes)     : ALLOCATABLE, DIMENSION, SAVE, use-associated
      |(Declaration)    : 
      |(Definition)     : 
      |(Reference)      : 758  770  781  801
     mlistnum
      |(Class and Type) : variable name, INTEGER(4)
      |(Attributes)     : common-block-object, use-associated
      |(Declaration)    : 
      |(Definition)     : 
      |(Reference)      : 757  769  780  800
     mlmax
      |(Class and Type) : variable name, INTEGER(4)
      |(Attributes)     : common-block-object, use-associated
      |(Declaration)    : 
      |(Definition)     : 
      |(Reference)      : 124
     mlmax2
      |(Class and Type) : variable name, INTEGER(4)
      |(Attributes)     : 
      |(Declaration)    : 101
      |(Definition)     : 124
      |(Reference)      : 
     mo_netcdf
      |(Class and Type) : module name
      |(Attributes)     : 
      |(Declaration)    : 
      |(Definition)     : 
      |(Reference)      : 46
     mod
      |(Class and Type) : intrinsic function name, INTEGER(4)
      |(Attributes)     : PURE, ELEMENTAL
      |(Declaration)    : 
      |(Definition)     : 
      |(Reference)      : 948  950  952
     mod_eos_ocean
      |(Class and Type) : module name
      |(Attributes)     : 
      |(Declaration)    : 
      |(Definition)     : 
      |(Reference)      : 41
     mod_grb2_param
      |(Class and Type) : module name
      |(Attributes)     : 
      |(Declaration)    : 
      |(Definition)     : 
      |(Reference)      : 52
     mod_sit_control
      |(Class and Type) : module name
      |(Attributes)     : 
      |(Declaration)    : 
      |(Definition)     : 
      |(Reference)      : 36
     mod_sit_vdiff
      |(Class and Type) : module name
      |(Attributes)     : 
      |(Declaration)    : 
      |(Definition)     : 
      |(Reference)      : 34
     mod_sitgrid
      |(Class and Type) : module name
      |(Attributes)     : 
      |(Declaration)    : 
      |(Definition)     : 
      |(Reference)      : 33
     mod_sst
      |(Class and Type) : module name
      |(Attributes)     : 
      |(Declaration)    : 
      |(Definition)     : 
      |(Reference)      : 42
     mod_typhoon
      |(Class and Type) : module name
      |(Attributes)     : 
      |(Declaration)    : 
      |(Definition)     : 
      |(Reference)      : 25
     module_mp_thompson_make_number_concentrations
      |(Class and Type) : module name
      |(Attributes)     : 
      |(Declaration)    : 
      |(Definition)     : 
      |(Reference)      : 49
     mpe
      |(Class and Type) : module name
      |(Attributes)     : 
      |(Declaration)    : 
      |(Definition)     : 
      |(Reference)      : 17
     mpe2d_unify_nx
      |(Class and Type) : external subroutine name
      |(Attributes)     : 
      |(Declaration)    : 
      |(Definition)     : 
      |(Reference)      : 676  744
     mpe_bcast
      |(Class and Type) : generic name
      |(Attributes)     : use-associated
      |(Declaration)    : 
      |(Definition)     : 
      |(Reference)      : 191  443
     mpe_double
      |(Class and Type) : named constant, INTEGER(4)
      |(Attributes)     : use-associated
      |(Declaration)    : 
      |(Definition)     : 
      |(Reference)      : 929
     mpe_finalize
      |(Class and Type) : external subroutine name
      |(Attributes)     : 
      |(Declaration)    : 
      |(Definition)     : 
      |(Reference)      : 375  655  688
     mpe_global_sum
      |(Class and Type) : generic name
      |(Attributes)     : use-associated
      |(Declaration)    : 
      |(Definition)     : 
      |(Reference)      : 491  929
     mpe_integer
      |(Class and Type) : named constant, INTEGER(4)
      |(Attributes)     : use-associated
      |(Declaration)    : 
      |(Definition)     : 
      |(Reference)      : 191  443  491
     mpe_send_key
      |(Class and Type) : external subroutine name
      |(Attributes)     : 
      |(Declaration)    : 
      |(Definition)     : 
      |(Reference)      : 1291  1326
     my
      |(Class and Type) : variable name, INTEGER(4)
      |(Attributes)     : common-block-object, use-associated
      |(Declaration)    : 
      |(Definition)     : 277  278  281  282  285  286  295  339  346  347  352  384  398  399  434  435  446  447  501  653  677  678  679  680  686  720  742  746  751  898  900  902  904  934  939  1023  1162  1174  1297  1301  1317  1357
      |(Reference)      : 58  60  123  148  150  150  151  151  152  152  159  211  212  213  214  215  216  217  218  219  220  221  222  275  834  835  836  837  838  839  840  841  842  843  844  845  846  974  1287
     my_max
      |(Class and Type) : variable name, INTEGER(4)
      |(Attributes)     : common-block-object, use-associated
      |(Declaration)    : 
      |(Definition)     : 278  282  286  339  347  352  384  399  435  447  501  677  678  679  720  741  742  746  751  898  899  900  901  902  903  904  934  939  1006  1301  1317  1357
      |(Reference)      : 58  58  58  58  60  60  95  111  113
     myrank
      |(Class and Type) : variable name, INTEGER(4)
      |(Attributes)     : common-block-object, use-associated
      |(Declaration)    : 
      |(Definition)     : 135  1040
      |(Reference)      : 136  137  179  184  205  314  354  372  400  437  448  452  492  718  880  930  969  1005  1007  1009  1013  1016  1020  1159  1285  1296  1322
     n
      |(Class and Type) : variable name, INTEGER(4)
      |(Attributes)     : 
      |(Declaration)    : 101
      |(Definition)     : 782  802  1353
      |(Reference)      : 785  785  786  786  787  787  803  803  804  804  1354  1355  1358
     namelist_soilveg
      |(Class and Type) : module name
      |(Attributes)     : 
      |(Declaration)    : 
      |(Definition)     : 
      |(Reference)      : 27
     ncepice
      |(Class and Type) : variable name, LOGICAL(4)
      |(Attributes)     : 
      |(Declaration)    : 96
      |(Definition)     : 389
      |(Reference)      : 427
     ncepsnow
      |(Class and Type) : variable name, LOGICAL(4)
      |(Attributes)     : 
      |(Declaration)    : 96
      |(Definition)     : 388
      |(Reference)      : 396
     ncld
      |(Class and Type) : variable name, INTEGER(4)
      |(Attributes)     : common-block-object, use-associated
      |(Declaration)    : 
      |(Definition)     : 720  1301  1317
      |(Reference)      : 
     nco
      |(Class and Type) : variable name, INTEGER(4)
      |(Attributes)     : common-block-object, use-associated
      |(Declaration)    : 
      |(Definition)     : 
      |(Reference)      : 147  148  150  151  152
     njump
      |(Class and Type) : variable name, INTEGER(4)
      |(Attributes)     : common-block-object, use-associated
      |(Declaration)    : 
      |(Definition)     : 
      |(Reference)      : 947  948  949  951  955  956  957  960  970
     njump1
      |(Class and Type) : variable name, INTEGER(4)
      |(Attributes)     : 
      |(Declaration)    : 101
      |(Definition)     : 947  948  955
      |(Reference)      : 948  950  961  970
     njump2
      |(Class and Type) : variable name, INTEGER(4)
      |(Attributes)     : 
      |(Declaration)    : 101
      |(Definition)     : 949  950  956
      |(Reference)      : 950  952  962  970
     njump3
      |(Class and Type) : variable name, INTEGER(4)
      |(Attributes)     : 
      |(Declaration)    : 101
      |(Definition)     : 951  952  957
      |(Reference)      : 952  963  970
     nmmiph
      |(Class and Type) : variable name, INTEGER(4)
      |(Attributes)     : common-block-object, use-associated
      |(Declaration)    : 
      |(Definition)     : 
      |(Reference)      : 1239
     noah
      |(Class and Type) : module name
      |(Attributes)     : 
      |(Declaration)    : 
      |(Definition)     : 
      |(Reference)      : 26
     nsizey
      |(Class and Type) : variable name, INTEGER(4)
      |(Attributes)     : common-block-object, use-associated
      |(Declaration)    : 
      |(Definition)     : 677  678  742  746  751  898  900  902  904  934  939
      |(Reference)      : 
     ntag
      |(Class and Type) : variable name, INTEGER(4)
      |(Attributes)     : common-block-object, use-associated
      |(Declaration)    : 
      |(Definition)     : 1290  1291  1325  1326
      |(Reference)      : 1290  1325
     ntinc
      |(Class and Type) : variable name, INTEGER(4)
      |(Attributes)     : SAVE, use-associated
      |(Declaration)    : 
      |(Definition)     : 
      |(Reference)      : 1254
     ntiw
      |(Class and Type) : variable name, INTEGER(4)
      |(Attributes)     : SAVE, use-associated
      |(Declaration)    : 
      |(Definition)     : 
      |(Reference)      : 1252
     ntoz
      |(Class and Type) : variable name, INTEGER(4)
      |(Attributes)     : SAVE, use-associated
      |(Declaration)    : 
      |(Definition)     : 
      |(Reference)      : 134
     ntrnc
      |(Class and Type) : variable name, INTEGER(4)
      |(Attributes)     : SAVE, use-associated
      |(Declaration)    : 
      |(Definition)     : 
      |(Reference)      : 1260
     ntrw
      |(Class and Type) : variable name, INTEGER(4)
      |(Attributes)     : SAVE, use-associated
      |(Declaration)    : 
      |(Definition)     : 
      |(Reference)      : 1258
     ntyph
      |(Class and Type) : variable name, INTEGER(4)
      |(Attributes)     : common-block-object, use-associated
      |(Declaration)    : 
      |(Definition)     : 
      |(Reference)      : 1353
     numout
      |(Class and Type) : variable name, INTEGER(4)
      |(Attributes)     : common-block-object, use-associated
      |(Declaration)    : 
      |(Definition)     : 1301
      |(Reference)      : 
     nx
      |(Class and Type) : variable name, INTEGER(4)
      |(Attributes)     : common-block-object, use-associated
      |(Declaration)    : 
      |(Definition)     : 277  278  281  282  285  286  295  301  339  346  347  352  384  398  399  434  435  446  447  501  653  663  677  678  679  680  686  695  720  741  742  746  751  898  899  900  901  902  903  904  934  939  1023  1162  1174  1297  1301  1317  1357
      |(Reference)      : 58  60  60  60  123  148  150  150  151  151  152  152  159  211  212  213  214  215  216  217  218  219  220  221  222  275  834  835  836  837  838  839  840  841  842  843  844  845  846  1287
     nxdef
      |(Class and Type) : variable name, INTEGER(4)
      |(Attributes)     : ALLOCATABLE, DIMENSION, SAVE, use-associated
      |(Declaration)    : 
      |(Definition)     : 301  663  695
      |(Reference)      : 980
     nxdef_2d
      |(Class and Type) : variable name, INTEGER(4)
      |(Attributes)     : ALLOCATABLE, DIMENSION, SAVE, use-associated
      |(Declaration)    : 
      |(Definition)     : 
      |(Reference)      : 236  253  300  357  409  462  512  526  537  552  564  574  595  607  622  640  662  694  908  919  1028  1189  1242
     nxj
      |(Class and Type) : variable name, INTEGER(4)
      |(Attributes)     : 
      |(Declaration)    : 101
      |(Definition)     : 236  253  300  357  409  462  512  526  537  552  564  574  595  607  622  640  662  694  908  919  980  1028  1189  1242
      |(Reference)      : 238  255  302  358  410  463  513  527  538  554  565  575  597  608  624  641  664  696  922  982  983  1029  1200  1211  1244
     nxjp
      |(Class and Type) : variable name, INTEGER(4)
      |(Attributes)     : ALLOCATABLE, DIMENSION, SAVE, use-associated
      |(Declaration)    : 
      |(Definition)     : 909  1210  1221
      |(Reference)      : 1120
     nxjpart
      |(Class and Type) : variable name, INTEGER(4)
      |(Attributes)     : 
      |(Declaration)    : 114
      |(Definition)     : 
      |(Reference)      : 
     nxjstart
      |(Class and Type) : variable name, INTEGER(4)
      |(Attributes)     : ALLOCATABLE, DIMENSION, SAVE, use-associated
      |(Declaration)    : 
      |(Definition)     : 
      |(Reference)      : 299  408  660  693  1030
     nxmy
      |(Class and Type) : variable name, INTEGER(4)
      |(Attributes)     : 
      |(Declaration)    : 101
      |(Definition)     : 123  295  346  398  434  446  653  686
      |(Reference)      : 440
     nxp
      |(Class and Type) : variable name, INTEGER(4)
      |(Attributes)     : common-block-object, use-associated
      |(Declaration)    : 
      |(Definition)     : 909  964  965  966  967  1006  1221
      |(Reference)      : 58  58  58  58  87  87  87  87  87  87  87  87  87  87  95  110  111  113  948  950  952  960  961  962  963  1120
     o3l
      |(Class and Type) : variable name, REAL(8)
      |(Attributes)     : ALLOCATABLE, DIMENSION, SAVE, use-associated
      |(Declaration)    : 
      |(Definition)     : 720
      |(Reference)      : 
     obox_mask
      |(Class and Type) : variable name, REAL(8)
      |(Attributes)     : ALLOCATABLE, DIMENSION, SAVE, use-associated
      |(Declaration)    : 
      |(Definition)     : 1065  1078  1091
      |(Reference)      : 1120
     obsseaice
      |(Class and Type) : variable name, REAL(8)
      |(Attributes)     : ALLOCATABLE, DIMENSION, SAVE, use-associated
      |(Declaration)    : 
      |(Definition)     : 1045
      |(Reference)      : 1048  1120
     obsws
      |(Class and Type) : variable name, REAL(8)
      |(Attributes)     : ALLOCATABLE, DIMENSION, SAVE, use-associated
      |(Declaration)    : 
      |(Definition)     : 1120
      |(Reference)      : 
     obswsb
      |(Class and Type) : variable name, REAL(8)
      |(Attributes)     : ALLOCATABLE, DIMENSION, SAVE, use-associated
      |(Declaration)    : 
      |(Definition)     : 1068  1081  1094  1120
      |(Reference)      : 1110
     obswt
      |(Class and Type) : variable name, REAL(8)
      |(Attributes)     : ALLOCATABLE, DIMENSION, SAVE, use-associated
      |(Declaration)    : 
      |(Definition)     : 1120
      |(Reference)      : 
     obswtb
      |(Class and Type) : variable name, REAL(8)
      |(Attributes)     : ALLOCATABLE, DIMENSION, SAVE, use-associated
      |(Declaration)    : 
      |(Definition)     : 1044  1120
      |(Reference)      : 1047
     obswu
      |(Class and Type) : variable name, REAL(8)
      |(Attributes)     : ALLOCATABLE, DIMENSION, SAVE, use-associated
      |(Declaration)    : 
      |(Definition)     : 1120
      |(Reference)      : 
     obswv
      |(Class and Type) : variable name, REAL(8)
      |(Attributes)     : ALLOCATABLE, DIMENSION, SAVE, use-associated
      |(Declaration)    : 
      |(Definition)     : 1120
      |(Reference)      : 
     ocean
      |(Class and Type) : variable name, LOGICAL(4)
      |(Attributes)     : ALLOCATABLE, DIMENSION, SAVE, use-associated
      |(Declaration)    : 
      |(Definition)     : 339  467  471  997  1221
      |(Reference)      : 304  566  609  699  1086  1212
     ocnmask
      |(Class and Type) : variable name, REAL(8)
      |(Attributes)     : ALLOCATABLE, DIMENSION, SAVE, use-associated
      |(Declaration)    : 
      |(Definition)     : 1064  1077  1090
      |(Reference)      : 1120
     onocos
      |(Class and Type) : variable name, REAL(8)
      |(Attributes)     : ALLOCATABLE, DIMENSION, SAVE, use-associated
      |(Declaration)    : 
      |(Definition)     : 751  934
      |(Reference)      : 
     opn_grb2
      |(Class and Type) : module subroutine name
      |(Attributes)     : use-associated
      |(Declaration)    : 
      |(Definition)     : 
      |(Reference)      : 52  1297
     out_green
      |(Class and Type) : variable name, LOGICAL(4)
      |(Attributes)     : common-block-object, use-associated
      |(Declaration)    : 
      |(Definition)     : 
      |(Reference)      : 1314
     outdir
      |(Class and Type) : variable name, CHARACTER(16,1)
      |(Attributes)     : ALLOCATABLE, DIMENSION, SAVE, use-associated
      |(Declaration)    : 
      |(Definition)     : 1301
      |(Reference)      : 
     outflds
      |(Class and Type) : external subroutine name
      |(Attributes)     : 
      |(Declaration)    : 
      |(Definition)     : 
      |(Reference)      : 1301
     outflds_green
      |(Class and Type) : external subroutine name
      |(Attributes)     : 
      |(Declaration)    : 
      |(Definition)     : 
      |(Reference)      : 1317
     outgrb2
      |(Class and Type) : variable name, INTEGER(4)
      |(Attributes)     : use-associated
      |(Declaration)    : 
      |(Definition)     : 
      |(Reference)      : 1285  1322
     outp
      |(Class and Type) : variable name, REAL(8)
      |(Attributes)     : ALLOCATABLE, DIMENSION, SAVE, use-associated
      |(Declaration)    : 
      |(Definition)     : 161
      |(Reference)      : 
     ozne_def
      |(Class and Type) : module name
      |(Attributes)     : 
      |(Declaration)    : 
      |(Definition)     : 
      |(Reference)      : 29
     param
      |(Class and Type) : module name
      |(Attributes)     : 
      |(Declaration)    : 
      |(Definition)     : 
      |(Reference)      : 16
     pdiff
      |(Class and Type) : variable name, REAL(8)
      |(Attributes)     : ALLOCATABLE, DIMENSION, SAVE, use-associated
      |(Declaration)    : 
      |(Definition)     : 278  720
      |(Reference)      : 
     phi
      |(Class and Type) : variable name, REAL(8)
      |(Attributes)     : ALLOCATABLE, DIMENSION, SAVE, use-associated
      |(Declaration)    : 
      |(Definition)     : 720  1301
      |(Reference)      : 
     phygrid
      |(Class and Type) : module name
      |(Attributes)     : 
      |(Declaration)    : 
      |(Definition)     : 
      |(Reference)      : 24
     phyout
      |(Class and Type) : variable name, CHARACTER(80,1)
      |(Attributes)     : common-block-object, use-associated
      |(Declaration)    : 
      |(Definition)     : 172  819
      |(Reference)      : 203  312  833
     physcons
      |(Class and Type) : module name
      |(Attributes)     : 
      |(Declaration)    : 
      |(Definition)     : 
      |(Reference)      : 48
     pi
      |(Class and Type) : variable name, REAL(8)
      |(Attributes)     : 
      |(Declaration)    : 104
      |(Definition)     : 973
      |(Reference)      : 975
     pk
      |(Class and Type) : variable name, REAL(8)
      |(Attributes)     : ALLOCATABLE, DIMENSION, SAVE, use-associated
      |(Declaration)    : 
      |(Definition)     : 720  909  1301  1317
      |(Reference)      : 1202  1246
     pk2
      |(Class and Type) : variable name, REAL(8)
      |(Attributes)     : ALLOCATABLE, DIMENSION, SAVE, use-associated
      |(Declaration)    : 
      |(Definition)     : 720  909  1301
      |(Reference)      : 1202  1207  1208
     pklev
      |(Class and Type) : variable name, REAL(8)
      |(Attributes)     : DIMENSION
      |(Declaration)    : 58
      |(Definition)     : 
      |(Reference)      : 
     pl_coeff
      |(Class and Type) : variable name, INTEGER(4)
      |(Attributes)     : use-associated
      |(Declaration)    : 
      |(Definition)     : 
      |(Reference)      : 138
     plcl
      |(Class and Type) : variable name, REAL(8)
      |(Attributes)     : ALLOCATABLE, DIMENSION, SAVE, use-associated
      |(Declaration)    : 
      |(Definition)     : 586  1301
      |(Reference)      : 
     plnow
      |(Class and Type) : variable name, REAL(8)
      |(Attributes)     : ALLOCATABLE, DIMENSION, SAVE, use-associated
      |(Declaration)    : 
      |(Definition)     : 746  904  939
      |(Reference)      : 803  804
     plold
      |(Class and Type) : variable name, REAL(8)
      |(Attributes)     : ALLOCATABLE, DIMENSION, SAVE, use-associated
      |(Declaration)    : 
      |(Definition)     : 803  804
      |(Reference)      : 
     plt
      |(Class and Type) : variable name, REAL(8)
      |(Attributes)     : ALLOCATABLE, DIMENSION, SAVE, use-associated
      |(Declaration)    : 
      |(Definition)     : 720  909  1301  1317
      |(Reference)      : 1250
     poly
      |(Class and Type) : variable name, REAL(8)
      |(Attributes)     : ALLOCATABLE, DIMENSION, SAVE, use-associated
      |(Declaration)    : 
      |(Definition)     : 677  678  720  742  746  751  898  900  902  904  934  939
      |(Reference)      : 
     prexp_hybrid_cwb
      |(Class and Type) : external subroutine name
      |(Attributes)     : 
      |(Declaration)    : 
      |(Definition)     : 
      |(Reference)      : 909
     ps
      |(Class and Type) : variable name, REAL(8)
      |(Attributes)     : DIMENSION
      |(Declaration)    : 87
      |(Definition)     : 1201  1210  1221
      |(Reference)      : 
     pt
      |(Class and Type) : variable name, REAL(8)
      |(Attributes)     : ALLOCATABLE, DIMENSION, SAVE, use-associated
      |(Declaration)    : 
      |(Definition)     : 720  744  904  909  1301  1317
      |(Reference)      : 923  1201
     ptend
      |(Class and Type) : variable name, REAL(8)
      |(Attributes)     : ALLOCATABLE, DIMENSION, SAVE, use-associated
      |(Declaration)    : 
      |(Definition)     : 1301
      |(Reference)      : 
     ptop
      |(Class and Type) : variable name, REAL(8)
      |(Attributes)     : common-block-object, use-associated
      |(Declaration)    : 
      |(Definition)     : 720  909  1301  1317
      |(Reference)      : 1201
     q1
      |(Class and Type) : variable name, REAL(8)
      |(Attributes)     : 
      |(Declaration)    : 104
      |(Definition)     : 920  924
      |(Reference)      : 924  926
     q2
      |(Class and Type) : variable name, REAL(8)
      |(Attributes)     : ALLOCATABLE, DIMENSION, SAVE, use-associated
      |(Declaration)    : 
      |(Definition)     : 1221  1301
      |(Reference)      : 
     qflux
      |(Class and Type) : variable name, REAL(8)
      |(Attributes)     : ALLOCATABLE, DIMENSION, SAVE, use-associated
      |(Declaration)    : 
      |(Definition)     : 546  583  1221  1301
      |(Reference)      : 
     qgini
      |(Class and Type) : variable name, REAL(8)
      |(Attributes)     : common-block-object, use-associated
      |(Declaration)    : 
      |(Definition)     : 915  926  929
      |(Reference)      : 926  930
     qmaxn3
      |(Class and Type) : external subroutine name
      |(Attributes)     : 
      |(Declaration)    : 
      |(Definition)     : 
      |(Reference)      : 680
     qs
      |(Class and Type) : variable name, REAL(8)
      |(Attributes)     : DIMENSION
      |(Declaration)    : 87
      |(Definition)     : 1210
      |(Reference)      : 1213  1217  1218
     qsatq
      |(Class and Type) : external subroutine name
      |(Attributes)     : 
      |(Declaration)    : 
      |(Definition)     : 
      |(Reference)      : 1210
     qsfc
      |(Class and Type) : variable name, REAL(8)
      |(Attributes)     : DIMENSION
      |(Declaration)    : 87
      |(Definition)     : 1213  1217  1218  1221
      |(Reference)      : 1218
     qstar
      |(Class and Type) : variable name, REAL(8)
      |(Attributes)     : ALLOCATABLE, DIMENSION, SAVE, use-associated
      |(Declaration)    : 
      |(Definition)     : 544  581  1221
      |(Reference)      : 546  583
     qt
      |(Class and Type) : variable name, REAL(8)
      |(Attributes)     : ALLOCATABLE, DIMENSION, SAVE, use-associated
      |(Declaration)    : 
      |(Definition)     : 720  1254  1260  1301  1317
      |(Reference)      : 924  1205  1206  1207  1248  1252  1258
     qx
      |(Class and Type) : variable name, REAL(8)
      |(Attributes)     : DIMENSION
      |(Declaration)    : 87
      |(Definition)     : 1206  1221
      |(Reference)      : 1217
     REFSMC
      |(Class and Type) : variable name, REAL(8)
      |(Attributes)     : DIMENSION, use-associated
      |(Declaration)    : 
      |(Definition)     : 
      |(Reference)      : 1215
     RTYPE
      |(Class and Type) : named constant, INTEGER(4)
      |(Attributes)     : use-associated
      |(Declaration)    : 
      |(Definition)     : 
      |(Reference)      : 60
     rad
      |(Class and Type) : variable name, REAL(8)
      |(Attributes)     : common-block-object, use-associated
      |(Declaration)    : 
      |(Definition)     : 720
      |(Reference)      : 1199
     radn
      |(Class and Type) : module name
      |(Attributes)     : 
      |(Declaration)    : 
      |(Definition)     : 
      |(Reference)      : 30
     raincu
      |(Class and Type) : variable name, REAL(8)
      |(Attributes)     : ALLOCATABLE, DIMENSION, SAVE, use-associated
      |(Declaration)    : 
      |(Definition)     : 1275  1301
      |(Reference)      : 
     raincu6
      |(Class and Type) : variable name, REAL(8)
      |(Attributes)     : ALLOCATABLE, DIMENSION, SAVE, use-associated
      |(Declaration)    : 
      |(Definition)     : 1277  1317
      |(Reference)      : 
     rainlp
      |(Class and Type) : variable name, REAL(8)
      |(Attributes)     : ALLOCATABLE, DIMENSION, SAVE, use-associated
      |(Declaration)    : 
      |(Definition)     : 1276  1301
      |(Reference)      : 
     rainlp6
      |(Class and Type) : variable name, REAL(8)
      |(Attributes)     : ALLOCATABLE, DIMENSION, SAVE, use-associated
      |(Declaration)    : 
      |(Definition)     : 1278  1317
      |(Reference)      : 
     raintot
      |(Class and Type) : variable name, REAL(8)
      |(Attributes)     : ALLOCATABLE, DIMENSION, SAVE, use-associated
      |(Declaration)    : 
      |(Definition)     : 1274  1301
      |(Reference)      : 
     rank
      |(Class and Type) : module name
      |(Attributes)     : 
      |(Declaration)    : 
      |(Definition)     : 
      |(Reference)      : 18
     ratioSIT
      |(Class and Type) : variable name, REAL(8)
      |(Attributes)     : ALLOCATABLE, DIMENSION, SAVE, use-associated
      |(Declaration)    : 
      |(Definition)     : 1040
      |(Reference)      : 
     rdiv
      |(Class and Type) : variable name, REAL(8)
      |(Attributes)     : ALLOCATABLE, DIMENSION, SAVE, use-associated
      |(Declaration)    : 
      |(Definition)     : 901  1301
      |(Reference)      : 
     rdpbl
      |(Class and Type) : external subroutine name
      |(Attributes)     : 
      |(Declaration)    : 
      |(Definition)     : 
      |(Reference)      : 384
     rdsoil
      |(Class and Type) : external subroutine name
      |(Attributes)     : 
      |(Declaration)    : 
      |(Definition)     : 
      |(Reference)      : 501
     read_dailyFCT
      |(Class and Type) : module subroutine name
      |(Attributes)     : use-associated
      |(Declaration)    : 
      |(Definition)     : 
      |(Reference)      : 42  997
     read_dailygodas
      |(Class and Type) : module subroutine name
      |(Attributes)     : use-associated
      |(Declaration)    : 
      |(Definition)     : 
      |(Reference)      : 42  1012
     read_godas
      |(Class and Type) : module subroutine name
      |(Attributes)     : use-associated
      |(Declaration)    : 
      |(Definition)     : 
      |(Reference)      : 42  1015
     read_ocaf
      |(Class and Type) : module subroutine name
      |(Attributes)     : use-associated
      |(Declaration)    : 
      |(Definition)     : 
      |(Reference)      : 42  1162
     read_ocaf0
      |(Class and Type) : module subroutine name
      |(Attributes)     : use-associated
      |(Declaration)    : 
      |(Definition)     : 
      |(Reference)      : 42  1023
     read_ozplin
      |(Class and Type) : external subroutine name
      |(Attributes)     : 
      |(Declaration)    : 
      |(Definition)     : 
      |(Reference)      : 135
     read_woa0
      |(Class and Type) : module subroutine name
      |(Attributes)     : use-associated
      |(Declaration)    : 
      |(Definition)     : 
      |(Reference)      : 42  1008
     readalb
      |(Class and Type) : external subroutine name
      |(Attributes)     : 
      |(Declaration)    : 
      |(Definition)     : 
      |(Reference)      : 352
     readclx
      |(Class and Type) : external subroutine name
      |(Attributes)     : 
      |(Declaration)    : 
      |(Definition)     : 
      |(Reference)      : 339
     readpre6hr_sit
      |(Class and Type) : external subroutine name
      |(Attributes)     : 
      |(Declaration)    : 
      |(Definition)     : 
      |(Reference)      : 1174
     readrerun_sitgrid1
      |(Class and Type) : external subroutine name
      |(Attributes)     : 
      |(Declaration)    : 
      |(Definition)     : 
      |(Reference)      : 1167
     readrerun_sitgrid2
      |(Class and Type) : external subroutine name
      |(Attributes)     : 
      |(Declaration)    : 
      |(Definition)     : 
      |(Reference)      : 1168
     readrerun_sitgrid3
      |(Class and Type) : external subroutine name
      |(Attributes)     : 
      |(Declaration)    : 
      |(Definition)     : 
      |(Reference)      : 1169
     reducepick
      |(Class and Type) : external subroutine name
      |(Attributes)     : 
      |(Declaration)    : 
      |(Definition)     : 
      |(Reference)      : 663
     reducepickr
      |(Class and Type) : external subroutine name
      |(Attributes)     : 
      |(Declaration)    : 
      |(Definition)     : 
      |(Reference)      : 301  695
     restrt
      |(Class and Type) : variable name, LOGICAL(4)
      |(Attributes)     : common-block-object, use-associated
      |(Declaration)    : 
      |(Definition)     : 320  1170
      |(Reference)      : 167  326  1166  1186  1239  1270
     rfile
      |(Class and Type) : variable name, CHARACTER(55,1)
      |(Attributes)     : 
      |(Declaration)    : 64
      |(Definition)     : 177  203  820  833
      |(Reference)      : 180  186  206  209  311  312  315
     rgas
      |(Class and Type) : variable name, REAL(8)
      |(Attributes)     : common-block-object, use-associated
      |(Declaration)    : 
      |(Definition)     : 720  1221  1301  1317
      |(Reference)      : 
     rh10
      |(Class and Type) : variable name, REAL(8)
      |(Attributes)     : ALLOCATABLE, DIMENSION, SAVE, use-associated
      |(Declaration)    : 
      |(Definition)     : 1221  1301
      |(Reference)      : 
     rh2
      |(Class and Type) : variable name, REAL(8)
      |(Attributes)     : ALLOCATABLE, DIMENSION, SAVE, use-associated
      |(Declaration)    : 
      |(Definition)     : 1221  1301
      |(Reference)      : 
     rho
      |(Class and Type) : variable name, REAL(8)
      |(Attributes)     : 
      |(Declaration)    : 118
      |(Definition)     : 1250
      |(Reference)      : 1254  1254  1260  1260
     rld
      |(Class and Type) : variable name, REAL(8)
      |(Attributes)     : ALLOCATABLE, DIMENSION, SAVE, use-associated
      |(Declaration)    : 
      |(Definition)     : 1281  1301
      |(Reference)      : 
     rs
      |(Class and Type) : variable name, REAL(8)
      |(Attributes)     : ALLOCATABLE, DIMENSION, SAVE, use-associated
      |(Declaration)    : 
      |(Definition)     : 588  1301
      |(Reference)      : 
     rvor
      |(Class and Type) : variable name, REAL(8)
      |(Attributes)     : ALLOCATABLE, DIMENSION, SAVE, use-associated
      |(Declaration)    : 
      |(Definition)     : 899  1301
      |(Reference)      : 
     SICEDFN
      |(Class and Type) : module function name, REAL(8)
      |(Attributes)     : use-associated
      |(Declaration)    : 
      |(Definition)     : 
      |(Reference)      : 34
     saltwac
      |(Class and Type) : variable name, REAL(8)
      |(Attributes)     : ALLOCATABLE, DIMENSION, SAVE, use-associated
      |(Declaration)    : 
      |(Definition)     : 1120
      |(Reference)      : 
     sc
      |(Class and Type) : variable name, REAL(8)
      |(Attributes)     : ALLOCATABLE, DIMENSION, SAVE, use-associated
      |(Declaration)    : 
      |(Definition)     : 1120
      |(Reference)      : 
     seaice
      |(Class and Type) : variable name, REAL(8)
      |(Attributes)     : ALLOCATABLE, DIMENSION, SAVE, use-associated
      |(Declaration)    : 
      |(Definition)     : 1046  1120
      |(Reference)      : 
     set_ocndepth
      |(Class and Type) : module subroutine name
      |(Attributes)     : use-associated
      |(Declaration)    : 
      |(Definition)     : 
      |(Reference)      : 46  1004
     set_soilveg
      |(Class and Type) : external subroutine name
      |(Attributes)     : 
      |(Declaration)    : 
      |(Definition)     : 
      |(Reference)      : 126
     sfcuvt
      |(Class and Type) : external subroutine name
      |(Attributes)     : 
      |(Declaration)    : 
      |(Definition)     : 
      |(Reference)      : 1221
     sftobswt
      |(Class and Type) : variable name, REAL(8)
      |(Attributes)     : ALLOCATABLE, DIMENSION, SAVE, use-associated
      |(Declaration)    : 
      |(Definition)     : 1120
      |(Reference)      : 
     sgeo
      |(Class and Type) : variable name, REAL(8)
      |(Attributes)     : ALLOCATABLE, DIMENSION, SAVE, use-associated
      |(Declaration)    : 
      |(Definition)     : 643  666  676  678  679  720  1301  1317
      |(Reference)      : 
     shdmax
      |(Class and Type) : variable name, REAL(8)
      |(Attributes)     : ALLOCATABLE, DIMENSION, SAVE, use-associated
      |(Declaration)    : 
      |(Definition)     : 339
      |(Reference)      : 
     shdmin
      |(Class and Type) : variable name, REAL(8)
      |(Attributes)     : ALLOCATABLE, DIMENSION, SAVE, use-associated
      |(Declaration)    : 
      |(Definition)     : 339
      |(Reference)      : 
     sigful
      |(Class and Type) : external subroutine name
      |(Attributes)     : 
      |(Declaration)    : 
      |(Definition)     : 
      |(Reference)      : 720
     sigma
      |(Class and Type) : variable name, REAL(8)
      |(Attributes)     : ALLOCATABLE, DIMENSION, SAVE, use-associated
      |(Declaration)    : 
      |(Definition)     : 720  909  1301
      |(Reference)      : 
     sigmaf
      |(Class and Type) : variable name, REAL(8)
      |(Attributes)     : ALLOCATABLE, DIMENSION, SAVE, use-associated
      |(Declaration)    : 
      |(Definition)     : 339
      |(Reference)      : 
     silw
      |(Class and Type) : variable name, REAL(8)
      |(Attributes)     : ALLOCATABLE, DIMENSION, SAVE, use-associated
      |(Declaration)    : 
      |(Definition)     : 1120
      |(Reference)      : 
     sin
      |(Class and Type) : intrinsic function name, REAL(8)
      |(Attributes)     : PURE, ELEMENTAL
      |(Declaration)    : 
      |(Definition)     : 
      |(Reference)      : 1033
     sinl
      |(Class and Type) : variable name, REAL(8)
      |(Attributes)     : ALLOCATABLE, DIMENSION, SAVE, use-associated
      |(Declaration)    : 
      |(Definition)     : 
      |(Reference)      : 975
     sit_domain_e
      |(Class and Type) : variable name, REAL(8)
      |(Attributes)     : namelist-group-object, use-associated
      |(Declaration)    : 
      |(Definition)     : 
      |(Reference)      : 36  1101
     sit_domain_extgrd
      |(Class and Type) : variable name, REAL(8)
      |(Attributes)     : namelist-group-object, use-associated
      |(Declaration)    : 
      |(Definition)     : 
      |(Reference)      : 36  1099  1099  1101  1101
     sit_domain_n
      |(Class and Type) : variable name, REAL(8)
      |(Attributes)     : namelist-group-object, use-associated
      |(Declaration)    : 
      |(Definition)     : 
      |(Reference)      : 36  1099
     sit_domain_s
      |(Class and Type) : variable name, REAL(8)
      |(Attributes)     : namelist-group-object, use-associated
      |(Declaration)    : 
      |(Definition)     : 
      |(Reference)      : 36  1099
     sit_domain_w
      |(Class and Type) : variable name, REAL(8)
      |(Attributes)     : namelist-group-object, use-associated
      |(Declaration)    : 
      |(Definition)     : 
      |(Reference)      : 36  1101
     sit_nml
      |(Class and Type) : namelist name
      |(Attributes)     : use-associated
      |(Declaration)    : 
      |(Definition)     : 
      |(Reference)      : 36
     sit_vdiff
      |(Class and Type) : module subroutine name
      |(Attributes)     : use-associated
      |(Declaration)    : 
      |(Definition)     : 
      |(Reference)      : 34
     sit_vdiff_init
      |(Class and Type) : module subroutine name
      |(Attributes)     : use-associated
      |(Declaration)    : 
      |(Definition)     : 
      |(Reference)      : 34  1120
     sitcc
      |(Class and Type) : variable name, REAL(8)
      |(Attributes)     : ALLOCATABLE, DIMENSION, SAVE, use-associated
      |(Declaration)    : 
      |(Definition)     : 1120
      |(Reference)      : 
     sitcor
      |(Class and Type) : variable name, REAL(8)
      |(Attributes)     : ALLOCATABLE, DIMENSION, SAVE, use-associated
      |(Declaration)    : 
      |(Definition)     : 1033
      |(Reference)      : 
     sithc
      |(Class and Type) : variable name, REAL(8)
      |(Attributes)     : ALLOCATABLE, DIMENSION, SAVE, use-associated
      |(Declaration)    : 
      |(Definition)     : 1120
      |(Reference)      : 
     sitlat
      |(Class and Type) : variable name, REAL(8)
      |(Attributes)     : DIMENSION
      |(Declaration)    : 110
      |(Definition)     : 1034  1040
      |(Reference)      : 1099  1099  1120
     sitlclass
      |(Class and Type) : variable name, REAL(8)
      |(Attributes)     : ALLOCATABLE, DIMENSION, SAVE, use-associated
      |(Declaration)    : 
      |(Definition)     : 1061  1074  1087
      |(Reference)      : 
     sitlon
      |(Class and Type) : variable name, REAL(8)
      |(Attributes)     : DIMENSION
      |(Declaration)    : 111
      |(Definition)     : 1036  1038  1040
      |(Reference)      : 1101  1101  1120
     sitmask
      |(Class and Type) : variable name, REAL(8)
      |(Attributes)     : ALLOCATABLE, DIMENSION, SAVE, use-associated
      |(Declaration)    : 
      |(Definition)     : 1031  1104  1105
      |(Reference)      : 1120
     sitws
      |(Class and Type) : variable name, REAL(8)
      |(Attributes)     : ALLOCATABLE, DIMENSION, SAVE, use-associated
      |(Declaration)    : 
      |(Definition)     : 1120
      |(Reference)      : 
     sitwsb
      |(Class and Type) : variable name, REAL(8)
      |(Attributes)     : ALLOCATABLE, DIMENSION, SAVE, use-associated
      |(Declaration)    : 
      |(Definition)     : 1120
      |(Reference)      : 
     sitwt
      |(Class and Type) : variable name, REAL(8)
      |(Attributes)     : ALLOCATABLE, DIMENSION, SAVE, use-associated
      |(Declaration)    : 
      |(Definition)     : 1120
      |(Reference)      : 
     sitwtb
      |(Class and Type) : variable name, REAL(8)
      |(Attributes)     : ALLOCATABLE, DIMENSION, SAVE, use-associated
      |(Declaration)    : 
      |(Definition)     : 1120
      |(Reference)      : 
     sitwtke
      |(Class and Type) : variable name, REAL(8)
      |(Attributes)     : ALLOCATABLE, DIMENSION, SAVE, use-associated
      |(Declaration)    : 
      |(Definition)     : 1120
      |(Reference)      : 
     sitwu
      |(Class and Type) : variable name, REAL(8)
      |(Attributes)     : ALLOCATABLE, DIMENSION, SAVE, use-associated
      |(Declaration)    : 
      |(Definition)     : 1120
      |(Reference)      : 
     sitwub
      |(Class and Type) : variable name, REAL(8)
      |(Attributes)     : ALLOCATABLE, DIMENSION, SAVE, use-associated
      |(Declaration)    : 
      |(Definition)     : 1120
      |(Reference)      : 
     sitwv
      |(Class and Type) : variable name, REAL(8)
      |(Attributes)     : ALLOCATABLE, DIMENSION, SAVE, use-associated
      |(Declaration)    : 
      |(Definition)     : 1120
      |(Reference)      : 
     sitwvb
      |(Class and Type) : variable name, REAL(8)
      |(Attributes)     : ALLOCATABLE, DIMENSION, SAVE, use-associated
      |(Declaration)    : 
      |(Definition)     : 1120
      |(Reference)      : 
     sitww
      |(Class and Type) : variable name, REAL(8)
      |(Attributes)     : ALLOCATABLE, DIMENSION, SAVE, use-associated
      |(Declaration)    : 
      |(Definition)     : 1120
      |(Reference)      : 
     slc
      |(Class and Type) : variable name, REAL(8)
      |(Attributes)     : ALLOCATABLE, DIMENSION, SAVE, use-associated
      |(Declaration)    : 
      |(Definition)     : 501  514  515  516  517  530  627  1301
      |(Reference)      : 514  515  516  517  528
     sld
      |(Class and Type) : variable name, REAL(8)
      |(Attributes)     : ALLOCATABLE, DIMENSION, SAVE, use-associated
      |(Declaration)    : 
      |(Definition)     : 1280  1301
      |(Reference)      : 
     slm
      |(Class and Type) : variable name, REAL(8)
      |(Attributes)     : ALLOCATABLE, DIMENSION, SAVE, use-associated
      |(Declaration)    : 
      |(Definition)     : 1067  1080  1093
      |(Reference)      : 
     slopetyp
      |(Class and Type) : variable name, INTEGER(4)
      |(Attributes)     : ALLOCATABLE, DIMENSION, SAVE, use-associated
      |(Declaration)    : 
      |(Definition)     : 339
      |(Reference)      : 
     smc
      |(Class and Type) : variable name, REAL(8)
      |(Attributes)     : ALLOCATABLE, DIMENSION, SAVE, use-associated
      |(Declaration)    : 
      |(Definition)     : 501  529  626  1301
      |(Reference)      : 514  515  516  517  528  529  530  1215
     sncover
      |(Class and Type) : variable name, REAL(8)
      |(Attributes)     : ALLOCATABLE, DIMENSION, SAVE, use-associated
      |(Declaration)    : 
      |(Definition)     : 423
      |(Reference)      : 
     sndepth
      |(Class and Type) : variable name, REAL(8)
      |(Attributes)     : ALLOCATABLE, DIMENSION, SAVE, use-associated
      |(Declaration)    : 
      |(Definition)     : 418  997
      |(Reference)      : 
     sni
      |(Class and Type) : variable name, REAL(8)
      |(Attributes)     : ALLOCATABLE, DIMENSION, SAVE, use-associated
      |(Declaration)    : 
      |(Definition)     : 1066  1079  1092  1120
      |(Reference)      : 
     snoalb
      |(Class and Type) : variable name, REAL(8)
      |(Attributes)     : ALLOCATABLE, DIMENSION, SAVE, use-associated
      |(Declaration)    : 
      |(Definition)     : 339
      |(Reference)      : 
     snow
      |(Class and Type) : variable name, LOGICAL(4)
      |(Attributes)     : 
      |(Declaration)    : 90
      |(Definition)     : 
      |(Reference)      : 
     snr
      |(Class and Type) : variable name, REAL(8)
      |(Attributes)     : ALLOCATABLE, DIMENSION, SAVE, use-associated
      |(Declaration)    : 
      |(Definition)     : 384  399  576  1301
      |(Reference)      : 418  423
     spec
      |(Class and Type) : module name
      |(Attributes)     : 
      |(Declaration)    : 
      |(Definition)     : 
      |(Reference)      : 22
     specified_ice_thickness
      |(Class and Type) : named constant, REAL(8)
      |(Attributes)     : 
      |(Declaration)    : 112
      |(Definition)     : 
      |(Reference)      : 1049
     spgeo
      |(Class and Type) : variable name, REAL(8)
      |(Attributes)     : ALLOCATABLE, DIMENSION, SAVE, use-associated
      |(Declaration)    : 
      |(Definition)     : 677  678
      |(Reference)      : 
     splinc
      |(Class and Type) : external subroutine name
      |(Attributes)     : 
      |(Declaration)    : 
      |(Definition)     : 
      |(Reference)      : 964  965  966  967
     sqrt
      |(Class and Type) : intrinsic function name, REAL(8)
      |(Attributes)     : PURE, ELEMENTAL
      |(Declaration)    : 
      |(Definition)     : 
      |(Reference)      : 542
     ss
      |(Class and Type) : variable name, REAL(8)
      |(Attributes)     : ALLOCATABLE, DIMENSION, SAVE, use-associated
      |(Declaration)    : 
      |(Definition)     : 587  1301  1317
      |(Reference)      : 
     sst
      |(Class and Type) : variable name, REAL(8)
      |(Attributes)     : DIMENSION
      |(Declaration)    : 58
      |(Definition)     : 339  347
      |(Reference)      : 566  610
     stc
      |(Class and Type) : variable name, REAL(8)
      |(Attributes)     : ALLOCATABLE, DIMENSION, SAVE, use-associated
      |(Declaration)    : 
      |(Definition)     : 501  625  1301
      |(Reference)      : 
     std
      |(Class and Type) : variable name, REAL(8)
      |(Attributes)     : ALLOCATABLE, DIMENSION, SAVE, use-associated
      |(Declaration)    : 
      |(Definition)     : 303  304  642  697  699
      |(Reference)      : 
     subfluxw
      |(Class and Type) : variable name, REAL(8)
      |(Attributes)     : ALLOCATABLE, DIMENSION, SAVE, use-associated
      |(Declaration)    : 
      |(Definition)     : 1120
      |(Reference)      : 
     syslbl
      |(Class and Type) : external subroutine name
      |(Attributes)     : 
      |(Declaration)    : 
      |(Definition)     : 
      |(Reference)      : 276  280  284  345  397  433  439
     t1000
      |(Class and Type) : variable name, REAL(8)
      |(Attributes)     : ALLOCATABLE, DIMENSION, SAVE, use-associated
      |(Declaration)    : 
      |(Definition)     : 282  720
      |(Reference)      : 
     t2
      |(Class and Type) : variable name, REAL(8)
      |(Attributes)     : ALLOCATABLE, DIMENSION, SAVE, use-associated
      |(Declaration)    : 
      |(Definition)     : 1221  1301  1317
      |(Reference)      : 
     t_surf
      |(Class and Type) : variable name, REAL(8)
      |(Attributes)     : 
      |(Declaration)    : 109
      |(Definition)     : 1047  1051  1055
      |(Reference)      : 1051  1055  1057
     taui
      |(Class and Type) : variable name, REAL(8)
      |(Attributes)     : common-block-object, use-associated
      |(Declaration)    : 
      |(Definition)     : 319  997  1012
      |(Reference)      : 173  180  206  315
     taup
      |(Class and Type) : variable name, REAL(8)
      |(Attributes)     : common-block-object, use-associated
      |(Declaration)    : 
      |(Definition)     : 720
      |(Reference)      : 371  379
     taux
      |(Class and Type) : variable name, REAL(8)
      |(Attributes)     : 
      |(Declaration)    : 104
      |(Definition)     : 719  720
      |(Reference)      : 
     tem
      |(Class and Type) : variable name, REAL(8)
      |(Attributes)     : 
      |(Declaration)    : 118
      |(Definition)     : 1252  1258
      |(Reference)      : 1253  1254  1259  1260
     temnow
      |(Class and Type) : variable name, REAL(8)
      |(Attributes)     : ALLOCATABLE, DIMENSION, SAVE, use-associated
      |(Declaration)    : 
      |(Definition)     : 742  902
      |(Reference)      : 787
     temold
      |(Class and Type) : variable name, REAL(8)
      |(Attributes)     : ALLOCATABLE, DIMENSION, SAVE, use-associated
      |(Declaration)    : 
      |(Definition)     : 787
      |(Reference)      : 
     temp1
      |(Class and Type) : variable name, REAL(8)
      |(Attributes)     : ALLOCATABLE, DIMENSION
      |(Declaration)    : 93
      |(Definition)     : 221  272  844  875
      |(Reference)      : 
     temp2
      |(Class and Type) : variable name, REAL(8)
      |(Attributes)     : ALLOCATABLE, DIMENSION
      |(Declaration)    : 93
      |(Definition)     : 222  273  845  876
      |(Reference)      : 
     temp3
      |(Class and Type) : variable name, REAL(8)
      |(Attributes)     : ALLOCATABLE, DIMENSION
      |(Declaration)    : 93
      |(Definition)     : 846  877
      |(Reference)      : 
     tensity
      |(Class and Type) : variable name, REAL(8)
      |(Attributes)     : DIMENSION, use-associated
      |(Declaration)    : 
      |(Definition)     : 1358
      |(Reference)      : 
     tg
      |(Class and Type) : variable name, REAL(8)
      |(Attributes)     : ALLOCATABLE, DIMENSION, SAVE, use-associated
      |(Declaration)    : 
      |(Definition)     : 384  566  610  613  997  1210  1301
      |(Reference)      : 480  1044  1069  1070  1071  1082  1095  1096  1097  1111  1208
     tgclim
      |(Class and Type) : variable name, REAL(8)
      |(Attributes)     : ALLOCATABLE, DIMENSION, SAVE, use-associated
      |(Declaration)    : 
      |(Definition)     : 339  473
      |(Reference)      : 613  625
     tgp
      |(Class and Type) : variable name, REAL(8)
      |(Attributes)     : DIMENSION
      |(Declaration)    : 87
      |(Definition)     : 1208  1221
      |(Reference)      : 
     thickness
      |(Class and Type) : variable name, REAL(8)
      |(Attributes)     : ALLOCATABLE, DIMENSION, SAVE, use-associated
      |(Declaration)    : 
      |(Definition)     : 1049  1053  1120
      |(Reference)      : 
     time_weights
      |(Class and Type) : module subroutine name
      |(Attributes)     : use-associated
      |(Declaration)    : 
      |(Definition)     : 
      |(Reference)      : 42  1118
     timeoz
      |(Class and Type) : variable name, INTEGER(4)
      |(Attributes)     : use-associated
      |(Declaration)    : 
      |(Definition)     : 
      |(Reference)      : 139
     tm1
      |(Class and Type) : variable name, REAL(8)
      |(Attributes)     : ALLOCATABLE, DIMENSION
      |(Declaration)    : 80
      |(Definition)     : 211  262  834  865
      |(Reference)      : 
     tm2
      |(Class and Type) : variable name, REAL(8)
      |(Attributes)     : ALLOCATABLE, DIMENSION
      |(Declaration)    : 80
      |(Definition)     : 212  263  835  866
      |(Reference)      : 
     tm3
      |(Class and Type) : variable name, REAL(8)
      |(Attributes)     : ALLOCATABLE, DIMENSION
      |(Declaration)    : 80
      |(Definition)     : 213  264  836  867
      |(Reference)      : 
     tm4
      |(Class and Type) : variable name, REAL(8)
      |(Attributes)     : ALLOCATABLE, DIMENSION
      |(Declaration)    : 80
      |(Definition)     : 214  265  837  868
      |(Reference)      : 
     tmc1
      |(Class and Type) : variable name, REAL(8)
      |(Attributes)     : ALLOCATABLE, DIMENSION
      |(Declaration)    : 83
      |(Definition)     : 215  266  838  869
      |(Reference)      : 
     tmc2
      |(Class and Type) : variable name, REAL(8)
      |(Attributes)     : ALLOCATABLE, DIMENSION
      |(Declaration)    : 83
      |(Definition)     : 216  267  839  870
      |(Reference)      : 
     tmc3
      |(Class and Type) : variable name, REAL(8)
      |(Attributes)     : ALLOCATABLE, DIMENSION
      |(Declaration)    : 84
      |(Definition)     : 217  268  840  871
      |(Reference)      : 
     tmc4
      |(Class and Type) : variable name, REAL(8)
      |(Attributes)     : ALLOCATABLE, DIMENSION
      |(Declaration)    : 84
      |(Definition)     : 218  269  841  872
      |(Reference)      : 
     tmc5
      |(Class and Type) : variable name, REAL(8)
      |(Attributes)     : ALLOCATABLE, DIMENSION
      |(Declaration)    : 85
      |(Definition)     : 219  270  842  873
      |(Reference)      : 
     tmc6
      |(Class and Type) : variable name, REAL(8)
      |(Attributes)     : ALLOCATABLE, DIMENSION
      |(Declaration)    : 85
      |(Definition)     : 220  271  843  874
      |(Reference)      : 
     tmelts
      |(Class and Type) : module function name, REAL(8)
      |(Attributes)     : use-associated
      |(Declaration)    : 
      |(Definition)     : 
      |(Reference)      : 41  1110
     topohgt
      |(Class and Type) : variable name, CHARACTER(4,1)
      |(Attributes)     : 
      |(Declaration)    : 64
      |(Definition)     : 648  650
      |(Reference)      : 652
     topostd
      |(Class and Type) : variable name, CHARACTER(4,1)
      |(Attributes)     : 
      |(Declaration)    : 64
      |(Definition)     : 293  684
      |(Reference)      : 294  685
     totalp
      |(Class and Type) : variable name, REAL(8)
      |(Attributes)     : ALLOCATABLE, DIMENSION, SAVE, use-associated
      |(Declaration)    : 
      |(Definition)     : 539  577
      |(Reference)      : 
     trandv
      |(Class and Type) : external subroutine name
      |(Attributes)     : 
      |(Declaration)    : 
      |(Definition)     : 
      |(Reference)      : 751
     tranrs
      |(Class and Type) : external subroutine name
      |(Attributes)     : 
      |(Declaration)    : 
      |(Definition)     : 
      |(Reference)      : 742
     tranrs1
      |(Class and Type) : external subroutine name
      |(Attributes)     : 
      |(Declaration)    : 
      |(Definition)     : 
      |(Reference)      : 677  746
     transr
      |(Class and Type) : external subroutine name
      |(Attributes)     : 
      |(Declaration)    : 
      |(Definition)     : 
      |(Reference)      : 898  900  902
     transr1
      |(Class and Type) : external subroutine name
      |(Attributes)     : 
      |(Declaration)    : 
      |(Definition)     : 
      |(Reference)      : 678  904
     tranuv
      |(Class and Type) : external subroutine name
      |(Attributes)     : 
      |(Declaration)    : 
      |(Definition)     : 
      |(Reference)      : 934
     trim
      |(Class and Type) : intrinsic function name, CHARACTER((unknown),1)
      |(Attributes)     : PURE
      |(Declaration)    : 
      |(Definition)     : 
      |(Reference)      : 1295  1296
     trngra
      |(Class and Type) : external subroutine name
      |(Attributes)     : 
      |(Declaration)    : 
      |(Definition)     : 
      |(Reference)      : 939
     tsave
      |(Class and Type) : variable name, REAL(8)
      |(Attributes)     : ALLOCATABLE, DIMENSION, SAVE, use-associated
      |(Declaration)    : 
      |(Definition)     : 286  720
      |(Reference)      : 
     tsi
      |(Class and Type) : variable name, REAL(8)
      |(Attributes)     : ALLOCATABLE, DIMENSION, SAVE, use-associated
      |(Declaration)    : 
      |(Definition)     : 1057  1120
      |(Reference)      : 1082
     tsl
      |(Class and Type) : variable name, REAL(8)
      |(Attributes)     : ALLOCATABLE, DIMENSION, SAVE, use-associated
      |(Declaration)    : 
      |(Definition)     : 1069  1082  1095
      |(Reference)      : 1083  1084
     tslm
      |(Class and Type) : variable name, REAL(8)
      |(Attributes)     : ALLOCATABLE, DIMENSION, SAVE, use-associated
      |(Declaration)    : 
      |(Definition)     : 1070  1083  1096
      |(Reference)      : 
     tslm1
      |(Class and Type) : variable name, REAL(8)
      |(Attributes)     : ALLOCATABLE, DIMENSION, SAVE, use-associated
      |(Declaration)    : 
      |(Definition)     : 1071  1084  1097
      |(Reference)      : 
     tsnic
      |(Class and Type) : variable name, REAL(8)
      |(Attributes)     : ALLOCATABLE, DIMENSION, SAVE, use-associated
      |(Declaration)    : 
      |(Definition)     : 1120
      |(Reference)      : 
     tstar
      |(Class and Type) : variable name, REAL(8)
      |(Attributes)     : ALLOCATABLE, DIMENSION, SAVE, use-associated
      |(Declaration)    : 
      |(Definition)     : 543  580  1221
      |(Reference)      : 545  582
     tsw
      |(Class and Type) : variable name, REAL(8)
      |(Attributes)     : ALLOCATABLE, DIMENSION, SAVE, use-associated
      |(Declaration)    : 
      |(Definition)     : 1111
      |(Reference)      : 
     tsx
      |(Class and Type) : variable name, REAL(8)
      |(Attributes)     : DIMENSION
      |(Declaration)    : 87
      |(Definition)     : 1207  1221
      |(Reference)      : 
     tt
      |(Class and Type) : variable name, REAL(8)
      |(Attributes)     : ALLOCATABLE, DIMENSION, SAVE, use-associated
      |(Declaration)    : 
      |(Definition)     : 720  741  903  1301  1317
      |(Reference)      : 1202  1205  1207  1246
     ttr
      |(Class and Type) : variable name, REAL(8)
      |(Attributes)     : 
      |(Declaration)    : 118
      |(Definition)     : 1248
      |(Reference)      : 1254  1260
     ttv
      |(Class and Type) : variable name, REAL(8)
      |(Attributes)     : 
      |(Declaration)    : 118
      |(Definition)     : 1246
      |(Reference)      : 1248  1250
     tx
      |(Class and Type) : variable name, REAL(8)
      |(Attributes)     : DIMENSION
      |(Declaration)    : 87
      |(Definition)     : 1205  1221
      |(Reference)      : 
     typhoon
      |(Class and Type) : variable name, LOGICAL(4)
      |(Attributes)     : common-block-object, use-associated
      |(Declaration)    : 
      |(Definition)     : 
      |(Reference)      : 1352
     typtrk
      |(Class and Type) : variable name, REAL(8)
      |(Attributes)     : ALLOCATABLE, DIMENSION, SAVE, use-associated
      |(Declaration)    : 
      |(Definition)     : 1301  1357
      |(Reference)      : 
     u10
      |(Class and Type) : variable name, REAL(8)
      |(Attributes)     : ALLOCATABLE, DIMENSION, SAVE, use-associated
      |(Declaration)    : 
      |(Definition)     : 1221  1301  1317
      |(Reference)      : 
     ujoinsr
      |(Class and Type) : external subroutine name
      |(Attributes)     : 
      |(Declaration)    : 
      |(Definition)     : 
      |(Reference)      : 899  901  903
     unify_reduceintp
      |(Class and Type) : external subroutine name
      |(Attributes)     : 
      |(Declaration)    : 
      |(Definition)     : 
      |(Reference)      : 679  1357
     unify_reducepick
      |(Class and Type) : external subroutine name
      |(Attributes)     : 
      |(Declaration)    : 
      |(Definition)     : 
      |(Reference)      : 278  282  286  347  399  435  447
     ustar
      |(Class and Type) : variable name, REAL(8)
      |(Attributes)     : ALLOCATABLE, DIMENSION, SAVE, use-associated
      |(Declaration)    : 
      |(Definition)     : 542  579  1221
      |(Reference)      : 545  546  582  583
     ut
      |(Class and Type) : variable name, REAL(8)
      |(Attributes)     : ALLOCATABLE, DIMENSION, SAVE, use-associated
      |(Declaration)    : 
      |(Definition)     : 720  751  934  1301  1317
      |(Reference)      : 1203
     ux
      |(Class and Type) : variable name, REAL(8)
      |(Attributes)     : DIMENSION
      |(Declaration)    : 87
      |(Definition)     : 1203  1221
      |(Reference)      : 
     v10
      |(Class and Type) : variable name, REAL(8)
      |(Attributes)     : ALLOCATABLE, DIMENSION, SAVE, use-associated
      |(Declaration)    : 
      |(Definition)     : 1221  1301  1317
      |(Reference)      : 
     vornow
      |(Class and Type) : variable name, REAL(8)
      |(Attributes)     : ALLOCATABLE, DIMENSION, SAVE, use-associated
      |(Declaration)    : 
      |(Definition)     : 751  763  764  775  776  898  934
      |(Reference)      : 786
     vorold
      |(Class and Type) : variable name, REAL(8)
      |(Attributes)     : ALLOCATABLE, DIMENSION, SAVE, use-associated
      |(Declaration)    : 
      |(Definition)     : 786
      |(Reference)      : 
     vt
      |(Class and Type) : variable name, REAL(8)
      |(Attributes)     : ALLOCATABLE, DIMENSION, SAVE, use-associated
      |(Declaration)    : 
      |(Definition)     : 720  751  934  1301  1317
      |(Reference)      : 1204
     vvel
      |(Class and Type) : variable name, REAL(8)
      |(Attributes)     : ALLOCATABLE, DIMENSION, SAVE, use-associated
      |(Declaration)    : 
      |(Definition)     : 1301
      |(Reference)      : 
     vx
      |(Class and Type) : variable name, REAL(8)
      |(Attributes)     : DIMENSION
      |(Declaration)    : 87
      |(Definition)     : 1204  1221
      |(Reference)      : 
     WLTSMC
      |(Class and Type) : variable name, REAL(8)
      |(Attributes)     : DIMENSION, use-associated
      |(Declaration)    : 
      |(Definition)     : 
      |(Reference)      : 1215  1215
     wcfac
      |(Class and Type) : variable name, REAL(8)
      |(Attributes)     : ALLOCATABLE, DIMENSION, SAVE, use-associated
      |(Declaration)    : 
      |(Definition)     : 934
      |(Reference)      : 
     wdfac
      |(Class and Type) : variable name, REAL(8)
      |(Attributes)     : ALLOCATABLE, DIMENSION, SAVE, use-associated
      |(Declaration)    : 
      |(Definition)     : 934
      |(Reference)      : 
     weight
      |(Class and Type) : variable name, REAL(8)
      |(Attributes)     : ALLOCATABLE, DIMENSION, SAVE, use-associated
      |(Declaration)    : 
      |(Definition)     : 677  720  742  746  751
      |(Reference)      : 
     wet
      |(Class and Type) : variable name, REAL(8)
      |(Attributes)     : 
      |(Declaration)    : 104
      |(Definition)     : 1215
      |(Reference)      : 1217  1217
     wk1
      |(Class and Type) : variable name, REAL(8)
      |(Attributes)     : DIMENSION
      |(Declaration)    : 58
      |(Definition)     : 1271  1301
      |(Reference)      : 
     wkh
      |(Class and Type) : variable name, REAL(8)
      |(Attributes)     : ALLOCATABLE, DIMENSION, SAVE, use-associated
      |(Declaration)    : 
      |(Definition)     : 1120
      |(Reference)      : 
     wkm
      |(Class and Type) : variable name, REAL(8)
      |(Attributes)     : ALLOCATABLE, DIMENSION, SAVE, use-associated
      |(Declaration)    : 
      |(Definition)     : 1120
      |(Reference)      : 
     wldisp
      |(Class and Type) : variable name, REAL(8)
      |(Attributes)     : ALLOCATABLE, DIMENSION, SAVE, use-associated
      |(Declaration)    : 
      |(Definition)     : 1120
      |(Reference)      : 
     wlmx
      |(Class and Type) : variable name, REAL(8)
      |(Attributes)     : ALLOCATABLE, DIMENSION, SAVE, use-associated
      |(Declaration)    : 
      |(Definition)     : 1120
      |(Reference)      : 
     wlvl
      |(Class and Type) : variable name, REAL(8)
      |(Attributes)     : ALLOCATABLE, DIMENSION, SAVE, use-associated
      |(Declaration)    : 
      |(Definition)     : 1063  1076  1089  1120
      |(Reference)      : 
     wrestrt
      |(Class and Type) : variable name, LOGICAL(4)
      |(Attributes)     : initialized
      |(Declaration)    : 98  99
      |(Definition)     : 
      |(Reference)      : 817
     wrho1000
      |(Class and Type) : variable name, REAL(8)
      |(Attributes)     : ALLOCATABLE, DIMENSION, SAVE, use-associated
      |(Declaration)    : 
      |(Definition)     : 1120
      |(Reference)      : 
     wsfn
      |(Class and Type) : variable name, REAL(8)
      |(Attributes)     : ALLOCATABLE, DIMENSION, SAVE, use-associated
      |(Declaration)    : 
      |(Definition)     : 1120
      |(Reference)      : 
     wsfn0
      |(Class and Type) : variable name, REAL(8)
      |(Attributes)     : ALLOCATABLE, DIMENSION, SAVE, use-associated
      |(Declaration)    : 
      |(Definition)     : 1120
      |(Reference)      : 
     wsfn12
      |(Class and Type) : variable name, REAL(8)
      |(Attributes)     : ALLOCATABLE, DIMENSION, use-associated
      |(Declaration)    : 
      |(Definition)     : 
      |(Reference)      : 42
     wsfns
      |(Class and Type) : variable name, REAL(8)
      |(Attributes)     : ALLOCATABLE, DIMENSION, SAVE, use-associated
      |(Declaration)    : 
      |(Definition)     : 1120
      |(Reference)      : 
     wsubsal
      |(Class and Type) : variable name, REAL(8)
      |(Attributes)     : ALLOCATABLE, DIMENSION, SAVE, use-associated
      |(Declaration)    : 
      |(Definition)     : 1120
      |(Reference)      : 
     wtfn
      |(Class and Type) : variable name, REAL(8)
      |(Attributes)     : ALLOCATABLE, DIMENSION, SAVE, use-associated
      |(Declaration)    : 
      |(Definition)     : 1120
      |(Reference)      : 
     wtfn0
      |(Class and Type) : variable name, REAL(8)
      |(Attributes)     : ALLOCATABLE, DIMENSION, SAVE, use-associated
      |(Declaration)    : 
      |(Definition)     : 1120
      |(Reference)      : 
     wtfn12
      |(Class and Type) : variable name, REAL(8)
      |(Attributes)     : ALLOCATABLE, DIMENSION, use-associated
      |(Declaration)    : 
      |(Definition)     : 
      |(Reference)      : 42
     wtfns
      |(Class and Type) : variable name, REAL(8)
      |(Attributes)     : ALLOCATABLE, DIMENSION, SAVE, use-associated
      |(Declaration)    : 
      |(Definition)     : 1120
      |(Reference)      : 
     ww1
      |(Class and Type) : variable name, REAL(8)
      |(Attributes)     : DIMENSION
      |(Declaration)    : 58
      |(Definition)     : 277  278  281  282  285  286  295  301  346  347  398  399  434  435  446  447  653  663  686  695  1272
      |(Reference)      : 303  303  304  666  697  697  699
     ww2
      |(Class and Type) : variable name, REAL(8)
      |(Attributes)     : DIMENSION
      |(Declaration)    : 58
      |(Definition)     : 1273  1301  1301
      |(Reference)      : 
     ww3
      |(Class and Type) : variable name, REAL(8)
      |(Attributes)     : DIMENSION
      |(Declaration)    : 60
      |(Definition)     : 676  677  744  746
      |(Reference)      : 
     ww4
      |(Class and Type) : variable name, REAL(8)
      |(Attributes)     : DIMENSION
      |(Declaration)    : 60
      |(Definition)     : 679  680  1357
      |(Reference)      : 1358  1358  1358  1358
     xktk
      |(Class and Type) : variable name, REAL(8)
      |(Attributes)     : DIMENSION, common-block-object, use-associated
      |(Declaration)    : 
      |(Definition)     : 128
      |(Reference)      : 
     xlat
      |(Class and Type) : variable name, REAL(8)
      |(Attributes)     : ALLOCATABLE, DIMENSION, SAVE, use-associated
      |(Declaration)    : 
      |(Definition)     : 975  997
      |(Reference)      : 1033  1034
     xlon
      |(Class and Type) : variable name, REAL(8)
      |(Attributes)     : ALLOCATABLE, DIMENSION, SAVE, use-associated
      |(Declaration)    : 
      |(Definition)     : 981  983  985  987  997
      |(Reference)      : 983  984  984  985  986  987  1035  1036  1038
     xmissing
      |(Class and Type) : named constant, REAL(8)
      |(Attributes)     : use-associated
      |(Declaration)    : 
      |(Definition)     : 
      |(Reference)      : 36  1064  1065  1077  1078  1090  1091
     xtice
      |(Class and Type) : variable name, REAL(8)
      |(Attributes)     : ALLOCATABLE, DIMENSION, SAVE, use-associated
      |(Declaration)    : 
      |(Definition)     : 480
      |(Reference)      : 
     xx
      |(Class and Type) : variable name, REAL(8)
      |(Attributes)     : 
      |(Declaration)    : 104
      |(Definition)     : 1199
      |(Reference)      : 1203  1204
     xxaa
      |(Class and Type) : variable name, REAL(8)
      |(Attributes)     : 
      |(Declaration)    : 104
      |(Definition)     : 528
      |(Reference)      : 530
     z0
      |(Class and Type) : variable name, REAL(8)
      |(Attributes)     : ALLOCATABLE, DIMENSION, SAVE, use-associated
      |(Declaration)    : 
      |(Definition)     : 339  475  1221  1301
      |(Reference)      : 
     zice
      |(Class and Type) : variable name, REAL(8)
      |(Attributes)     : ALLOCATABLE, DIMENSION, SAVE, use-associated
      |(Declaration)    : 
      |(Definition)     : 384  447  484
      |(Reference)      : 483  484
     zsi
      |(Class and Type) : variable name, REAL(8)
      |(Attributes)     : ALLOCATABLE, DIMENSION, SAVE, use-associated
      |(Declaration)    : 
      |(Definition)     : 1120
      |(Reference)      : 
   Cross reference of label
     (Label) (label-kind)               (line-no.)
     ------- ------------- ------------ ----------
         45  execution     (Definition) 603  
                           (Reference)  593  596  597
         48  execution     (Definition) 560  
                           (Reference)  550  553  554
        105  format        (Definition) 154  
                           (Reference)  148
        106  format        (Definition) 155  
                           (Reference)  150
        107  format        (Definition) 156  
                           (Reference)  151
        108  format        (Definition) 157  
                           (Reference)  152
        133  format        (Definition) 1294  
                           (Reference)  1295
        160  execution     (Definition) 911  
                           (Reference)  906
        400  execution     (Definition) 925  
                           (Reference)  921  922
        420  execution     (Definition) 927  
                           (Reference)  917
        520  execution     (Definition) 976  
                           (Reference)  974
        800  format        (Definition) 175  
                           (Reference)  174
        820  execution     (Definition) 310  
                           (Reference)  192  209
        900  execution     (Definition) 322  
                           (Reference)  309

 Total information
   Procedures       : 1
   Total lines      : 1375
   Total statements : 825
   Total stack(byte): 85920
   Total prefetch num: 0

