
 Fujitsu Fortran Version 4.6.1  Thu Jun 29 14:23:33 2023

 Compilation information
   Current directory : /IFS/nwpr/gfs/xb157/Git/tco639l72/src_rsm
   Source file       : module_mp_thompson_gfs.f90

 Option information
   Command line options : -Kident_mpi -f2004 -c -X9 -Free -CcdRR8 -Cpp -Kfast,parallel,openmp,ocl,autoobjstack -x- -fw -Knofp_relaxed -SSL2BLAMP -Kopenmp,parallel -DTIMING -DUSE_FFTW -DW3TAG -DGFDLMP_v2 -Ec -Nlst=a,lst=d,lst=i,lst=p,lst=t,lst=x -Koptmsg=2 -I. -I/users/xa09/pkg/fx1000/fftw-3.3.10/include -I/package/fx1000/netcdf-4.7.4/include -I/package/fx1000/g2lib-1.4.0_cwb/include -I/opt/FJSVxtclanga/.common/MELI025/include/mpi/fujitsu -I/opt/FJSVxtclanga/.common/MELI025/lib64 -Knointentopt
   Cpp options          : -DTIMING -DUSE_FFTW -DW3TAG -DGFDLMP_v2 -I. -I/users/xa09/pkg/fx1000/fftw-3.3.10/include -I/package/fx1000/netcdf-4.7.4/include -I/package/fx1000/g2lib-1.4.0_cwb/include -I/opt/FJSVxtclanga/.common/MELI025/include/mpi/fujitsu -I/opt/FJSVxtclanga/.common/MELI025/lib64 -Dunix -Dlinux -D__FUJITSU -D__FRT_major__=4 -D__FRT_minor__=6 -D__FRT_patchlevel__=1 -D__FRT_version__="4.6.1" -D__aarch64__ -D__unix -D_OPENMP=201511 -D__frt_version=800 -D__ARM_ARCH=8 -D__ARM_FEATURE_SVE -D__ELF__ -D__unix__ -D__linux__ -D__linux -Asystem(unix) -otmp
   Effective options    : -fw -g0 -AE -Ec -Free -O3 -X9
                          -CcdRR8 -x- -xaccept=nomodule_allocatable
                          -KA64FX -KARMV8_3_A -KSVE -Kalign_commons
                          -Kalign_loops -Knoarray_declaration_opt
                          -Kassume=noshortloop -Kassume=nomemory_bandwidth
                          -Kassume=notime_saving_compilation -Kauto
                          -Kautoobjstack -Knocalleralloc -Kcmodel=small
                          -Keval -Keval_noconcurrent -Knoextract_stride_store
                          -Knofenv_access -Kfp_contract -Knofp_relaxed
                          -Kfsimple -Kfz -Khpctag -Kilfunc=procedure
                          -Knointentopt -Klargepage -Kloop_blocking
                          -Kloop_fission -Kloop_nofission_stripmining
                          -Kloop_fission_threshold=50 -Kloop_fusion
                          -Kloop_interchange -Kloop_part_parallel
                          -Kloop_part_simd -Kloop_perfect_nest
                          -Kloop_noversioning -Knolto -Kmfunc=1 -Kocl
                          -Komitfp -Knooptlib_string -Koptmsg=2
                          -Knopc_relative_literal_loads -Kplt -Knopreex
                          -Kprefetch_noconditional -Kprefetch_noindirect
                          -Kprefetch_sequential=auto -Kprefetch_nostride
                          -Kprefetch_cache_level=all -Kprefetch_noinfer
                          -Kprefetch_strong -Kprefetch_strong_L2 -Knopreload
                          -Ksch_post_ra -Ksch_pre_ra -Ksibling_calls
                          -Ksimd=auto -Ksimd_packed_promotion
                          -Ksimd_reduction_product -Ksimd_reg_size=512
                          -Ksimd_nouncounted_loop
                          -Ksimd_use_multiple_structures -Knostriping
                          -Knosubscript_opt -Kswp -Kswp_freg_rate=100
                          -Kswp_ireg_rate=100 -Kswp_preg_rate=100
                          -Kswp_policy=auto -Ktemparraystack -Kunroll
                          -Knounroll_and_jam -Knozfill
                          -Kopenmp -Kopenmp_noassume_norecurrence
                          -Kopenmp_nocollapse_except_innermost
                          -Kopenmp_noordered_reduction -Knoopenmp_simd
                          -Kthreadsafe -Kparallel -Kparallel_nofp_precision
                          -Knoarray_private -Knodynamic_iteration -Kreduction
                          -Kregion_extension
                          -Nallextput -Nnoalloc_assign
                          -Ncancel_overtime_compilation -Nnocheck_global
                          -Nnocoarray -Nnocompdisp -Nnocopyarg -Nnocoverage
                          -Nfjprof -Nfreealloc -Nf90move -Nnohook_func
                          -Nnohook_time -Nlibomp -Nline -Nlst -Nlst=a -Nlst=d
                          -Nlst=i -Nlst=p -Nlst=t -Nlst=x -Nnomallocfree
                          -Nnoobsfun -Nnoprivatealloc -Nquickdbg=noargchk
                          -Nquickdbg=nosubchk -Nquickdbg=noundef -NRnotrap
                          -Nnorecursive -Nnoreordered_variable_stack
                          -Nrt_notune -Nnosave -Nsetvalue=noheap
                          -Nsetvalue=nostack -Nsetvalue=noscalar
                          -Nsetvalue=noarray -Nsetvalue=nostruct -Nuse_rodata

 Module "module_mp_thompson"
  (inc)(line-no.)(nest)(optimize)
               1                     !+---+-----------------------------------------------------------------+
               2                     !.. This subroutine computes the moisture tendencies of water vapor,
               3                     !.. cloud droplets, rain, cloud ice (pristine), snow, and graupel.
               4                     !.. Prior to WRFv2.2 this code was based on Reisner et al (1998), but
               5                     !.. few of those pieces remain.  A complete description is now found in
               6                     !.. Thompson, G., P. R. Field, R. M. Rasmussen, and W. D. Hall, 2008:
               7                     !.. Explicit Forecasts of winter precipitation using an improved bulk
               8                     !.. microphysics scheme. Part II: Implementation of a new snow
               9                     !.. parameterization.  Mon. Wea. Rev., 136, 5095-5115.
              10                     !.. Prior to WRFv3.1, this code was single-moment rain prediction as
              11                     !.. described in the reference above, but in v3.1 and higher, the
              12                     !.. scheme is two-moment rain (predicted rain number concentration).
              13                     !..
              14                     !.. Most importantly, users may wish to modify the prescribed number of
              15                     !.. cloud droplets (Nt_c; see guidelines mentioned below).  Otherwise,
              16                     !.. users may alter the rain and graupel size distribution parameters
              17                     !.. to use exponential (Marshal-Palmer) or generalized gamma shape.
              18                     !.. The snow field assumes a combination of two gamma functions (from
              19                     !.. Field et al. 2005) and would require significant modifications
              20                     !.. throughout the entire code to alter its shape as well as accretion
              21                     !.. rates.  Users may also alter the constants used for density of rain,
              22                     !.. graupel, ice, and snow, but the latter is not constant when using
              23                     !.. Paul Field's snow distribution and moments methods.  Other values
              24                     !.. users can modify include the constants for mass and/or velocity
              25                     !.. power law relations and assumed capacitances used in deposition/
              26                     !.. sublimation/evaporation/melting.
              27                     !.. Remaining values should probably be left alone.
              28                     !..
              29                     !..Author: Greg Thompson, NCAR-RAL, gthompsn@ucar.edu, 303-497-2805
              30                     !..Last modified: 27 Jul 2012
              31                     !+---+-----------------------------------------------------------------+
              32                     !wrft:model_layer:physics
              33                     !+---+-----------------------------------------------------------------+
              34                     !
              35                           MODULE module_mp_thompson
              36                     
              37                           USE physcons,   ONLY : g => con_g
              38                           USE module_mp_radar
              39                     
              40                           IMPLICIT NONE
              41                     
              42                           LOGICAL, PARAMETER, PRIVATE:: iiwarm = .false.
              43                           INTEGER, PARAMETER, PRIVATE:: IFDRY = 0
              44                           REAL, PARAMETER, PRIVATE:: T_0 = 273.15
              45                           REAL, PARAMETER, PRIVATE:: PI = 3.1415926536
              46                     
              47                     !..Densities of rain, snow, graupel, and cloud ice.
              48                           REAL, PARAMETER, PRIVATE:: rho_w = 1000.0
              49                           REAL, PARAMETER, PRIVATE:: rho_s = 100.0
              50                           REAL, PARAMETER, PRIVATE:: rho_g = 500.0
              51                           REAL, PARAMETER, PRIVATE:: rho_i = 890.0
              52                     
              53                     !..Prescribed number of cloud droplets.  Set according to known data or
              54                     !.. roughly 100 per cc (100.E6 m^-3) for Maritime cases and
              55                     !.. 300 per cc (300.E6 m^-3) for Continental.  Gamma shape parameter,
              56                     !.. mu_c, calculated based on Nt_c is important in autoconversion
              57                     !.. scheme.
              58                     !     REAL, PARAMETER, PRIVATE:: Nt_c = 100.E6
              59                           REAL, PARAMETER, PRIVATE:: Nt_co = 100.E6
              60                           REAL, PARAMETER, PRIVATE:: Nt_cl = 300.E6
              61                     
              62                     !..Generalized gamma distributions for rain, graupel and cloud ice.
              63                     !.. N(D) = N_0 * D**mu * exp(-lamda*D);  mu=0 is exponential.
              64                           REAL, PARAMETER, PRIVATE:: mu_r = 0.0
              65                           REAL, PARAMETER, PRIVATE:: mu_g = 0.0
              66                           REAL, PARAMETER, PRIVATE:: mu_i = 0.0
              67                     !     REAL, PRIVATE:: mu_c
              68                           REAL, PRIVATE:: mu_co, mu_cl
              69                     
              70                     !..Sum of two gamma distrib for snow (Field et al. 2005).
              71                     !.. N(D) = M2**4/M3**3 * [Kap0*exp(-M2*Lam0*D/M3)
              72                     !..    + Kap1*(M2/M3)**mu_s * D**mu_s * exp(-M2*Lam1*D/M3)]
              73                     !.. M2 and M3 are the (bm_s)th and (bm_s+1)th moments respectively
              74                     !.. calculated as function of ice water content and temperature.
              75                           REAL, PARAMETER, PRIVATE:: mu_s = 0.6357
              76                           REAL, PARAMETER, PRIVATE:: Kap0 = 490.6
              77                           REAL, PARAMETER, PRIVATE:: Kap1 = 17.46
              78                           REAL, PARAMETER, PRIVATE:: Lam0 = 20.78
              79                           REAL, PARAMETER, PRIVATE:: Lam1 = 3.29
              80                     
              81                     !..Y-intercept parameter for graupel is not constant and depends on
              82                     !.. mixing ratio.  Also, when mu_g is non-zero, these become equiv
              83                     !.. y-intercept for an exponential distrib and proper values are
              84                     !.. computed based on same mixing ratio and total number concentration.
              85                           REAL, PARAMETER, PRIVATE:: gonv_min = 1.E4
              86                           REAL, PARAMETER, PRIVATE:: gonv_max = 3.E6
              87                     
              88                     !..Mass power law relations:  mass = am*D**bm
              89                     !.. Snow from Field et al. (2005), others assume spherical form.
              90                           REAL, PARAMETER, PRIVATE:: am_r = PI*rho_w/6.0
              91                           REAL, PARAMETER, PRIVATE:: bm_r = 3.0
              92                           REAL, PARAMETER, PRIVATE:: am_s = 0.069
              93                           REAL, PARAMETER, PRIVATE:: bm_s = 2.0
              94                           REAL, PARAMETER, PRIVATE:: am_g = PI*rho_g/6.0
              95                           REAL, PARAMETER, PRIVATE:: bm_g = 3.0
              96                           REAL, PARAMETER, PRIVATE:: am_i = PI*rho_i/6.0
              97                           REAL, PARAMETER, PRIVATE:: bm_i = 3.0
              98                     
              99                     !..Fallspeed power laws relations:  v = (av*D**bv)*exp(-fv*D)
             100                     !.. Rain from Ferrier (1994), ice, snow, and graupel from
             101                     !.. Thompson et al (2008). Coefficient fv is zero for graupel/ice.
             102                           REAL, PARAMETER, PRIVATE:: av_r = 4854.0
             103                           REAL, PARAMETER, PRIVATE:: bv_r = 1.0
             104                           REAL, PARAMETER, PRIVATE:: fv_r = 195.0
             105                           REAL, PARAMETER, PRIVATE:: av_s = 40.0
             106                           REAL, PARAMETER, PRIVATE:: bv_s = 0.55
             107                           REAL, PARAMETER, PRIVATE:: fv_s = 100.0
             108                           REAL, PARAMETER, PRIVATE:: av_g = 442.0
             109                           REAL, PARAMETER, PRIVATE:: bv_g = 0.89
             110                           REAL, PARAMETER, PRIVATE:: av_i = 1847.5
             111                           REAL, PARAMETER, PRIVATE:: bv_i = 1.0
             112                     
             113                     !..Capacitance of sphere and plates/aggregates: D**3, D**2
             114                           REAL, PARAMETER, PRIVATE:: C_cube = 0.5
             115                           REAL, PARAMETER, PRIVATE:: C_sqrd = 0.3
             116                     
             117                     !..Collection efficiencies.  Rain/snow/graupel collection of cloud
             118                     !.. droplets use variables (Ef_rw, Ef_sw, Ef_gw respectively) and
             119                     !.. get computed elsewhere because they are dependent on stokes
             120                     !.. number.
             121                           REAL, PARAMETER, PRIVATE:: Ef_si = 0.05
             122                           REAL, PARAMETER, PRIVATE:: Ef_rs = 0.95
             123                           REAL, PARAMETER, PRIVATE:: Ef_rg = 0.75
             124                           REAL, PARAMETER, PRIVATE:: Ef_ri = 0.95
             125                     
             126                     !..Minimum microphys values
             127                     !.. R1 value, 1.E-12, cannot be set lower because of numerical
             128                     !.. problems with Paul Field's moments and should not be set larger
             129                     !.. because of truncation problems in snow/ice growth.
             130                           REAL, PARAMETER, PRIVATE:: R1 = 1.E-12
             131                           REAL, PARAMETER, PRIVATE:: R2 = 1.E-6
             132                           REAL, PARAMETER, PRIVATE:: eps = 1.E-15
             133                     
             134                     !..Constants in Cooper curve relation for cloud ice number.
             135                           REAL, PARAMETER, PRIVATE:: TNO = 5.0
             136                           REAL, PARAMETER, PRIVATE:: ATO = 0.304
             137                     
             138                     !..Rho_not used in fallspeed relations (rho_not/rho)**.5 adjustment.
             139                           REAL, PARAMETER, PRIVATE:: rho_not = 101325.0/(287.05*298.0)
             140                     
             141                     !..Schmidt number
             142                           REAL, PARAMETER, PRIVATE:: Sc = 0.632
             143                           REAL, PRIVATE:: Sc3
             144                     
             145                     !..Homogeneous freezing temperature
             146                           REAL, PARAMETER, PRIVATE:: HGFR = 235.16
             147                     
             148                     !..Water vapor and air gas constants at constant pressure
             149                           REAL, PARAMETER, PRIVATE:: Rv = 461.5
             150                           REAL, PARAMETER, PRIVATE:: oRv = 1./Rv
             151                           REAL, PARAMETER, PRIVATE:: R = 287.04
             152                           REAL, PARAMETER, PRIVATE:: Cp = 1004.0
             153                     
             154                     !..Enthalpy of sublimation, vaporization, and fusion at 0C.
             155                           REAL, PARAMETER, PRIVATE:: lsub = 2.834E6
             156                           REAL, PARAMETER, PRIVATE:: lvap0 = 2.5E6
             157                           REAL, PARAMETER, PRIVATE:: lfus = lsub - lvap0
             158                           REAL, PARAMETER, PRIVATE:: olfus = 1./lfus
             159                     
             160                     !..Ice initiates with this mass (kg), corresponding diameter calc.
             161                     !..Min diameters and mass of cloud, rain, snow, and graupel (m, kg).
             162                           REAL, PARAMETER, PRIVATE:: xm0i = 1.E-12
             163                           REAL, PARAMETER, PRIVATE:: D0c = 1.E-6
             164                           REAL, PARAMETER, PRIVATE:: D0r = 50.E-6
             165                           REAL, PARAMETER, PRIVATE:: D0s = 200.E-6
             166                           REAL, PARAMETER, PRIVATE:: D0g = 250.E-6
             167                           REAL, PRIVATE:: D0i, xm0s, xm0g
             168                     
             169                     !..Lookup table dimensions
             170                           INTEGER, PARAMETER, PRIVATE:: nbins = 100
             171                           INTEGER, PARAMETER, PRIVATE:: nbc = nbins
             172                           INTEGER, PARAMETER, PRIVATE:: nbi = nbins
             173                           INTEGER, PARAMETER, PRIVATE:: nbr = nbins
             174                           INTEGER, PARAMETER, PRIVATE:: nbs = nbins
             175                           INTEGER, PARAMETER, PRIVATE:: nbg = nbins
             176                           INTEGER, PARAMETER, PRIVATE:: ntb_c = 37
             177                           INTEGER, PARAMETER, PRIVATE:: ntb_i = 64
             178                           INTEGER, PARAMETER, PRIVATE:: ntb_r = 37
             179                           INTEGER, PARAMETER, PRIVATE:: ntb_s = 28
             180                           INTEGER, PARAMETER, PRIVATE:: ntb_g = 28
             181                           INTEGER, PARAMETER, PRIVATE:: ntb_g1 = 28
             182                           INTEGER, PARAMETER, PRIVATE:: ntb_r1 = 37
             183                           INTEGER, PARAMETER, PRIVATE:: ntb_i1 = 55
             184                           INTEGER, PARAMETER, PRIVATE:: ntb_t = 9
             185                           INTEGER, PRIVATE:: nic2, nii2, nii3, nir2, nir3, nis2, nig2, nig3
             186                     
             187                           DOUBLE PRECISION, DIMENSION(nbins+1):: xDx
             188                           DOUBLE PRECISION, DIMENSION(nbc):: Dc, dtc
             189                           DOUBLE PRECISION, DIMENSION(nbi):: Di, dti
             190                           DOUBLE PRECISION, DIMENSION(nbr):: Dr, dtr
             191                           DOUBLE PRECISION, DIMENSION(nbs):: Ds, dts
             192                           DOUBLE PRECISION, DIMENSION(nbg):: Dg, dtg
             193                     
             194                     !..Lookup tables for cloud water content (kg/m**3).
             195                           REAL, DIMENSION(ntb_c), PARAMETER, PRIVATE::                   &
             196                           r_c = (/1.e-6,2.e-6,3.e-6,4.e-6,5.e-6,6.e-6,7.e-6,8.e-6,9.e-6, &
             197                                   1.e-5,2.e-5,3.e-5,4.e-5,5.e-5,6.e-5,7.e-5,8.e-5,9.e-5, &
             198                                   1.e-4,2.e-4,3.e-4,4.e-4,5.e-4,6.e-4,7.e-4,8.e-4,9.e-4, &
             199                                   1.e-3,2.e-3,3.e-3,4.e-3,5.e-3,6.e-3,7.e-3,8.e-3,9.e-3, &
             200                                   1.e-2/)
             201                     
             202                     !..Lookup tables for cloud ice content (kg/m**3).
             203                           REAL, DIMENSION(ntb_i), PARAMETER, PRIVATE:: &
             204                           r_i = (/1.e-10,2.e-10,3.e-10,4.e-10, &
             205                                   5.e-10,6.e-10,7.e-10,8.e-10,9.e-10, &
             206                                   1.e-9,2.e-9,3.e-9,4.e-9,5.e-9,6.e-9,7.e-9,8.e-9,9.e-9, &
             207                                   1.e-8,2.e-8,3.e-8,4.e-8,5.e-8,6.e-8,7.e-8,8.e-8,9.e-8, &
             208                                   1.e-7,2.e-7,3.e-7,4.e-7,5.e-7,6.e-7,7.e-7,8.e-7,9.e-7, &
             209                                   1.e-6,2.e-6,3.e-6,4.e-6,5.e-6,6.e-6,7.e-6,8.e-6,9.e-6, &
             210                                   1.e-5,2.e-5,3.e-5,4.e-5,5.e-5,6.e-5,7.e-5,8.e-5,9.e-5, &
             211                                   1.e-4,2.e-4,3.e-4,4.e-4,5.e-4,6.e-4,7.e-4,8.e-4,9.e-4, &
             212                                   1.e-3/)
             213                     
             214                     !..Lookup tables for rain content (kg/m**3).
             215                           REAL, DIMENSION(ntb_r), PARAMETER, PRIVATE:: &
             216                           r_r = (/1.e-6,2.e-6,3.e-6,4.e-6,5.e-6,6.e-6,7.e-6,8.e-6,9.e-6, &
             217                                   1.e-5,2.e-5,3.e-5,4.e-5,5.e-5,6.e-5,7.e-5,8.e-5,9.e-5, &
             218                                   1.e-4,2.e-4,3.e-4,4.e-4,5.e-4,6.e-4,7.e-4,8.e-4,9.e-4, &
             219                                   1.e-3,2.e-3,3.e-3,4.e-3,5.e-3,6.e-3,7.e-3,8.e-3,9.e-3, &
             220                                   1.e-2/)
             221                     
             222                     !..Lookup tables for graupel content (kg/m**3).
             223                           REAL, DIMENSION(ntb_g), PARAMETER, PRIVATE:: &
             224                           r_g = (/1.e-5,2.e-5,3.e-5,4.e-5,5.e-5,6.e-5,7.e-5,8.e-5,9.e-5, &
             225                                   1.e-4,2.e-4,3.e-4,4.e-4,5.e-4,6.e-4,7.e-4,8.e-4,9.e-4, &
             226                                   1.e-3,2.e-3,3.e-3,4.e-3,5.e-3,6.e-3,7.e-3,8.e-3,9.e-3, &
             227                                   1.e-2/)
             228                     
             229                     !..Lookup tables for snow content (kg/m**3).
             230                           REAL, DIMENSION(ntb_s), PARAMETER, PRIVATE:: &
             231                           r_s = (/1.e-5,2.e-5,3.e-5,4.e-5,5.e-5,6.e-5,7.e-5,8.e-5,9.e-5, &
             232                                   1.e-4,2.e-4,3.e-4,4.e-4,5.e-4,6.e-4,7.e-4,8.e-4,9.e-4, &
             233                                   1.e-3,2.e-3,3.e-3,4.e-3,5.e-3,6.e-3,7.e-3,8.e-3,9.e-3, &
             234                                   1.e-2/)
             235                     
             236                     !..Lookup tables for rain y-intercept parameter (/m**4).
             237                           REAL, DIMENSION(ntb_r1), PARAMETER, PRIVATE:: &
             238                           N0r_exp = (/1.e6,2.e6,3.e6,4.e6,5.e6,6.e6,7.e6,8.e6,9.e6, &
             239                                       1.e7,2.e7,3.e7,4.e7,5.e7,6.e7,7.e7,8.e7,9.e7, &
             240                                       1.e8,2.e8,3.e8,4.e8,5.e8,6.e8,7.e8,8.e8,9.e8, &
             241                                       1.e9,2.e9,3.e9,4.e9,5.e9,6.e9,7.e9,8.e9,9.e9, &
             242                                       1.e10/)
             243                     
             244                     !..Lookup tables for graupel y-intercept parameter (/m**4).
             245                           REAL, DIMENSION(ntb_g1), PARAMETER, PRIVATE:: &
             246                           N0g_exp = (/1.e4,2.e4,3.e4,4.e4,5.e4,6.e4,7.e4,8.e4,9.e4, &
             247                                       1.e5,2.e5,3.e5,4.e5,5.e5,6.e5,7.e5,8.e5,9.e5, &
             248                                       1.e6,2.e6,3.e6,4.e6,5.e6,6.e6,7.e6,8.e6,9.e6, &
             249                                       1.e7/)
             250                     
             251                     !..Lookup tables for ice number concentration (/m**3).
             252                           REAL, DIMENSION(ntb_i1), PARAMETER, PRIVATE:: &
             253                           Nt_i = (/1.0,2.0,3.0,4.0,5.0,6.0,7.0,8.0,9.0, &
             254                                    1.e1,2.e1,3.e1,4.e1,5.e1,6.e1,7.e1,8.e1,9.e1, &
             255                                    1.e2,2.e2,3.e2,4.e2,5.e2,6.e2,7.e2,8.e2,9.e2, &
             256                                    1.e3,2.e3,3.e3,4.e3,5.e3,6.e3,7.e3,8.e3,9.e3, &
             257                                    1.e4,2.e4,3.e4,4.e4,5.e4,6.e4,7.e4,8.e4,9.e4, &
             258                                    1.e5,2.e5,3.e5,4.e5,5.e5,6.e5,7.e5,8.e5,9.e5, &
             259                                    1.e6/)
             260                     
             261                     !..For snow moments conversions (from Field et al. 2005)
             262                           REAL, DIMENSION(10), PARAMETER, PRIVATE:: &
             263                           sa = (/ 5.065339, -0.062659, -3.032362, 0.029469, -0.000285, &
             264                                   0.31255,   0.000204,  0.003199, 0.0,      -0.015952/)
             265                           REAL, DIMENSION(10), PARAMETER, PRIVATE:: &
             266                           sb = (/ 0.476221, -0.015896,  0.165977, 0.007468, -0.000141, &
             267                                   0.060366,  0.000079,  0.000594, 0.0,      -0.003577/)
             268                     
             269                     !..Temperatures (5 C interval 0 to -40) used in lookup tables.
             270                           REAL, DIMENSION(ntb_t), PARAMETER, PRIVATE:: &
             271                           Tc = (/-0.01, -5., -10., -15., -20., -25., -30., -35., -40./)
             272                     
             273                     !..Lookup tables for various accretion/collection terms.
             274                     !.. ntb_x refers to the number of elements for rain, snow, graupel,
             275                     !.. and temperature array indices.  Variables beginning with t-p/c/m/n
             276                     !.. represent lookup tables.  Save compile-time memory by making
             277                     !.. allocatable (2009Jun12, J. Michalakes).
             278                           INTEGER, PARAMETER, PRIVATE:: R8SIZE = 8
             279                           REAL (KIND=R8SIZE), ALLOCATABLE, DIMENSION(:,:,:,:)::             &
             280                                     tcg_racg, tmr_racg, tcr_gacr, tmg_gacr,                 &
             281                                     tnr_racg, tnr_gacr
             282                           REAL (KIND=R8SIZE), ALLOCATABLE, DIMENSION(:,:,:,:)::             &
             283                                     tcs_racs1, tmr_racs1, tcs_racs2, tmr_racs2,             &
             284                                     tcr_sacr1, tms_sacr1, tcr_sacr2, tms_sacr2,             &
             285                                     tnr_racs1, tnr_racs2, tnr_sacr1, tnr_sacr2
             286                     !     REAL (KIND=R8SIZE), ALLOCATABLE, DIMENSION(:,:)::                 &
             287                           REAL (KIND=R8SIZE), ALLOCATABLE, DIMENSION(:,:,:)::               &
             288                                     tpi_qcfz, tni_qcfz
             289                           REAL (KIND=R8SIZE), ALLOCATABLE, DIMENSION(:,:,:)::               &
             290                                     tpi_qrfz, tpg_qrfz, tni_qrfz, tnr_qrfz
             291                           REAL (KIND=R8SIZE), ALLOCATABLE, DIMENSION(:,:)::                 &
             292                                     tps_iaus, tni_iaus, tpi_ide
             293                           REAL (KIND=R8SIZE), ALLOCATABLE, DIMENSION(:,:):: t_Efrw
             294                           REAL (KIND=R8SIZE), ALLOCATABLE, DIMENSION(:,:):: t_Efsw
             295                           REAL (KIND=R8SIZE), ALLOCATABLE, DIMENSION(:,:,:):: tnr_rev
             296                     
             297                     !..Variables holding a bunch of exponents and gamma values (cloud water,
             298                     !.. cloud ice, rain, snow, then graupel).
             299                     !     REAL, DIMENSION(3), PRIVATE:: cce, ccg
             300                     !     REAL, PRIVATE::  ocg1, ocg2
             301                           REAL, DIMENSION(3,2), PRIVATE:: cce, ccg
             302                           REAL, DIMENSION(2), PRIVATE::  ocg1, ocg2
             303                           REAL, DIMENSION(7), PRIVATE:: cie, cig
             304                           REAL, PRIVATE:: oig1, oig2, obmi
             305                           REAL, DIMENSION(13), PRIVATE:: cre, crg
             306                           REAL, PRIVATE:: ore1, org1, org2, org3, obmr
             307                           REAL, DIMENSION(18), PRIVATE:: cse, csg
             308                           REAL, PRIVATE:: oams, obms, ocms
             309                           REAL, DIMENSION(12), PRIVATE:: cge, cgg
             310                           REAL, PRIVATE:: oge1, ogg1, ogg2, ogg3, oamg, obmg, ocmg
             311                     
             312                     !..Declaration of precomputed constants in various rate eqns.
             313                           REAL:: t1_qr_qc, t1_qr_qi, t2_qr_qi, t1_qg_qc, t1_qs_qc, t1_qs_qi
             314                           REAL:: t1_qr_ev, t2_qr_ev
             315                           REAL:: t1_qs_sd, t2_qs_sd, t1_qg_sd, t2_qg_sd
             316                           REAL:: t1_qs_me, t2_qs_me, t1_qg_me, t2_qg_me
             317                     
             318                     !     CHARACTER*256:: mp_debug
             319                     
             320                     !+---+
             321                     !+---+-----------------------------------------------------------------+
             322                     !..END DECLARATIONS
             323                     !+---+-----------------------------------------------------------------+
             324                     !+---+
             325                     !ctrlL
             326                     
             327                           CONTAINS
             328                     
             329                           SUBROUTINE thompson_init
             330                     
             331                           IMPLICIT NONE
             332                     
             333                           INTEGER:: i, j, k, m, n
             334                           LOGICAL:: micro_init
             335                     
             336                     !..Allocate space for lookup tables (J. Michalakes 2009Jun08).
             337                           micro_init = .FALSE.
             338                     
             339     1                     if (.NOT. ALLOCATED(tcg_racg) ) then
             340     1                        ALLOCATE(tcg_racg(ntb_g1,ntb_g,ntb_r1,ntb_r))
             341     1                        micro_init = .TRUE.
             342     1                     endif
             343                     
             344                           if (.NOT. ALLOCATED(tmr_racg)) ALLOCATE(tmr_racg(ntb_g1,ntb_g,ntb_r1,ntb_r))
             345                           if (.NOT. ALLOCATED(tcr_gacr)) ALLOCATE(tcr_gacr(ntb_g1,ntb_g,ntb_r1,ntb_r))
             346                           if (.NOT. ALLOCATED(tmg_gacr)) ALLOCATE(tmg_gacr(ntb_g1,ntb_g,ntb_r1,ntb_r))
             347                           if (.NOT. ALLOCATED(tnr_racg)) ALLOCATE(tnr_racg(ntb_g1,ntb_g,ntb_r1,ntb_r))
             348                           if (.NOT. ALLOCATED(tnr_gacr)) ALLOCATE(tnr_gacr(ntb_g1,ntb_g,ntb_r1,ntb_r))
             349                     
             350                           if (.NOT. ALLOCATED(tcs_racs1)) ALLOCATE(tcs_racs1(ntb_s,ntb_t,ntb_r1,ntb_r))
             351                           if (.NOT. ALLOCATED(tmr_racs1)) ALLOCATE(tmr_racs1(ntb_s,ntb_t,ntb_r1,ntb_r))
             352                           if (.NOT. ALLOCATED(tcs_racs2)) ALLOCATE(tcs_racs2(ntb_s,ntb_t,ntb_r1,ntb_r))
             353                           if (.NOT. ALLOCATED(tmr_racs2)) ALLOCATE(tmr_racs2(ntb_s,ntb_t,ntb_r1,ntb_r))
             354                           if (.NOT. ALLOCATED(tcr_sacr1)) ALLOCATE(tcr_sacr1(ntb_s,ntb_t,ntb_r1,ntb_r))
             355                           if (.NOT. ALLOCATED(tms_sacr1)) ALLOCATE(tms_sacr1(ntb_s,ntb_t,ntb_r1,ntb_r))
             356                           if (.NOT. ALLOCATED(tcr_sacr2)) ALLOCATE(tcr_sacr2(ntb_s,ntb_t,ntb_r1,ntb_r))
             357                           if (.NOT. ALLOCATED(tms_sacr2)) ALLOCATE(tms_sacr2(ntb_s,ntb_t,ntb_r1,ntb_r))
             358                           if (.NOT. ALLOCATED(tnr_racs1)) ALLOCATE(tnr_racs1(ntb_s,ntb_t,ntb_r1,ntb_r))
             359                           if (.NOT. ALLOCATED(tnr_racs2)) ALLOCATE(tnr_racs2(ntb_s,ntb_t,ntb_r1,ntb_r))
             360                           if (.NOT. ALLOCATED(tnr_sacr1)) ALLOCATE(tnr_sacr1(ntb_s,ntb_t,ntb_r1,ntb_r))
             361                           if (.NOT. ALLOCATED(tnr_sacr2)) ALLOCATE(tnr_sacr2(ntb_s,ntb_t,ntb_r1,ntb_r))
             362                     
             363                     !     if (.NOT. ALLOCATED(tpi_qcfz)) ALLOCATE(tpi_qcfz(ntb_c,45))
             364                     !     if (.NOT. ALLOCATED(tni_qcfz)) ALLOCATE(tni_qcfz(ntb_c,45))
             365                           if (.NOT. ALLOCATED(tpi_qcfz)) ALLOCATE(tpi_qcfz(ntb_c,45,2))
             366                           if (.NOT. ALLOCATED(tni_qcfz)) ALLOCATE(tni_qcfz(ntb_c,45,2))
             367                     
             368                           if (.NOT. ALLOCATED(tpi_qrfz)) ALLOCATE(tpi_qrfz(ntb_r,ntb_r1,45))
             369                           if (.NOT. ALLOCATED(tpg_qrfz)) ALLOCATE(tpg_qrfz(ntb_r,ntb_r1,45))
             370                           if (.NOT. ALLOCATED(tni_qrfz)) ALLOCATE(tni_qrfz(ntb_r,ntb_r1,45))
             371                           if (.NOT. ALLOCATED(tnr_qrfz)) ALLOCATE(tnr_qrfz(ntb_r,ntb_r1,45))
             372                     
             373                           if (.NOT. ALLOCATED(tps_iaus)) ALLOCATE(tps_iaus(ntb_i,ntb_i1))
             374                           if (.NOT. ALLOCATED(tni_iaus)) ALLOCATE(tni_iaus(ntb_i,ntb_i1))
             375                           if (.NOT. ALLOCATED(tpi_ide)) ALLOCATE(tpi_ide(ntb_i,ntb_i1))
             376                     
             377                           if (.NOT. ALLOCATED(t_Efrw)) ALLOCATE(t_Efrw(nbr,nbc))
             378                           if (.NOT. ALLOCATED(t_Efsw)) ALLOCATE(t_Efsw(nbs,nbc))
             379                     
             380                           if (.NOT. ALLOCATED(tnr_rev)) ALLOCATE(tnr_rev(nbr, ntb_r1, ntb_r))
             381                     
             382     1                     if (micro_init) then
             383     1               
             384     1               !..From Martin et al. (1994), assign gamma shape parameter mu for cloud
             385     1               !.. drops according to general dispersion characteristics (disp=~0.25
             386     1               !.. for Maritime and 0.45 for Continental).
             387     1               !.. disp=SQRT((mu+2)/(mu+1) - 1) so mu varies from 15 for Maritime
             388     1               !.. to 2 for really dirty air.
             389     1               !     mu_c = MIN(15., (1000.E6/Nt_c + 2.))
             390     1                     mu_co = MIN(15., (1000.E6/Nt_co + 2.))
             391     1                     mu_cl = MIN(15., (1000.E6/Nt_cl + 2.))
             392     1               
             393     1               !..Schmidt number to one-third used numerous times.
             394     1                     Sc3 = Sc**(1./3.)
             395     1               
             396     1               !..Compute min ice diam from mass, min snow/graupel mass from diam.
             397     1                     D0i = (xm0i/am_i)**(1./bm_i)
             398     1                     xm0s = am_s * D0s**bm_s
             399     1                     xm0g = am_g * D0g**bm_g
             400     1               
             401     1               !..These constants various exponents and gamma() assoc with cloud,
             402     1               !.. rain, snow, and graupel.
             403     1               !     cce(1) = mu_c + 1.
             404     1               !     cce(2) = bm_r + mu_c + 1.
             405     1               !     cce(3) = bm_r + mu_c + 4.
             406     1               !     ccg(1) = WGAMMA(cce(1))
             407     1               !     ccg(2) = WGAMMA(cce(2))
             408     1               !     ccg(3) = WGAMMA(cce(3))
             409     1               !     ocg1 = 1./ccg(1)
             410     1               !     ocg2 = 1./ccg(2)
             411     1                     cce(1,1) = mu_cl + 1.
             412     1                     cce(1,2) = mu_co + 1.
             413     1                     cce(2,1) = bm_r + mu_cl + 1.
             414     1                     cce(2,2) = bm_r + mu_co + 1.
             415     1                     cce(3,1) = bm_r + mu_cl + 4.
             416     1                     cce(3,2) = bm_r + mu_co + 4.
             417     1    i                ccg(1,1) = WGAMMA(cce(1,1))
             418     1    i                ccg(1,2) = WGAMMA(cce(1,2))
             419     1    i                ccg(2,1) = WGAMMA(cce(2,1))
             420     1    i                ccg(2,2) = WGAMMA(cce(2,2))
             421     1    i                ccg(3,1) = WGAMMA(cce(3,1))
             422     1    i                ccg(3,2) = WGAMMA(cce(3,2))
             423     1                     ocg1(1) = 1./ccg(1,1)
             424     1                     ocg1(2) = 1./ccg(1,2)
             425     1                     ocg2(1) = 1./ccg(2,1)
             426     1                     ocg2(2) = 1./ccg(2,2)
             427     1               
             428     1                     cie(1) = mu_i + 1.
             429     1                     cie(2) = bm_i + mu_i + 1.
             430     1                     cie(3) = bm_i + mu_i + bv_i + 1.
             431     1                     cie(4) = mu_i + bv_i + 1.
             432     1                     cie(5) = mu_i + 2.
             433     1                     cie(6) = bm_i*0.5 + mu_i + bv_i + 1.
             434     1                     cie(7) = bm_i*0.5 + mu_i + 1.
             435     1    i                cig(1) = WGAMMA(cie(1))
             436     1    i                cig(2) = WGAMMA(cie(2))
             437     1    i                cig(3) = WGAMMA(cie(3))
             438     1    i                cig(4) = WGAMMA(cie(4))
             439     1    i                cig(5) = WGAMMA(cie(5))
             440     1    i                cig(6) = WGAMMA(cie(6))
             441     1    i                cig(7) = WGAMMA(cie(7))
             442     1                     oig1 = 1./cig(1)
             443     1                     oig2 = 1./cig(2)
             444     1                     obmi = 1./bm_i
             445     1               
             446     1                     cre(1) = bm_r + 1.
             447     1                     cre(2) = mu_r + 1.
             448     1                     cre(3) = bm_r + mu_r + 1.
             449     1                     cre(4) = bm_r*2. + mu_r + 1.
             450     1                     cre(5) = mu_r + bv_r + 1.
             451     1                     cre(6) = bm_r + mu_r + bv_r + 1.
             452     1                     cre(7) = bm_r*0.5 + mu_r + bv_r + 1.
             453     1                     cre(8) = bm_r + mu_r + bv_r + 3.
             454     1                     cre(9) = mu_r + bv_r + 3.
             455     1                     cre(10) = mu_r + 2.
             456     1                     cre(11) = 0.5*(bv_r + 5. + 2.*mu_r)
             457     1                     cre(12) = bm_r*0.5 + mu_r + 1.
             458     1                     cre(13) = bm_r*2. + mu_r + bv_r + 1.
                                   <<< Loop-information Start >>>
                                   <<<  [OPTIMIZATION]
                                   <<<    PREFETCH(HARD) Expected by compiler :
                                   <<<      crg
                                   <<< Loop-information  End >>>
             459     2                     do n = 1, 13
             460     2    i                   crg(n) = WGAMMA(cre(n))
             461     2                     enddo
             462     1                     obmr = 1./bm_r
             463     1                     ore1 = 1./cre(1)
             464     1                     org1 = 1./crg(1)
             465     1                     org2 = 1./crg(2)
             466     1                     org3 = 1./crg(3)
             467     1               
             468     1                     cse(1) = bm_s + 1.
             469     1                     cse(2) = bm_s + 2.
             470     1                     cse(3) = bm_s*2.
             471     1                     cse(4) = bm_s + bv_s + 1.
             472     1                     cse(5) = bm_s*2. + bv_s + 1.
             473     1                     cse(6) = bm_s*2. + 1.
             474     1                     cse(7) = bm_s + mu_s + 1.
             475     1                     cse(8) = bm_s + mu_s + 2.
             476     1                     cse(9) = bm_s + mu_s + 3.
             477     1                     cse(10) = bm_s + mu_s + bv_s + 1.
             478     1                     cse(11) = bm_s*2. + mu_s + bv_s + 1.
             479     1                     cse(12) = bm_s*2. + mu_s + 1.
             480     1                     cse(13) = bv_s + 2.
             481     1                     cse(14) = bm_s + bv_s
             482     1                     cse(15) = mu_s + 1.
             483     1                     cse(16) = 1.0 + (1.0 + bv_s)/2.
             484     1                     cse(17) = cse(16) + mu_s + 1.
             485     1                     cse(18) = bv_s + mu_s + 3.
                                   <<< Loop-information Start >>>
                                   <<<  [OPTIMIZATION]
                                   <<<    PREFETCH(HARD) Expected by compiler :
                                   <<<      csg
                                   <<< Loop-information  End >>>
             486     2                     do n = 1, 18
             487     2    i                   csg(n) = WGAMMA(cse(n))
             488     2                     enddo
             489     1                     oams = 1./am_s
             490     1                     obms = 1./bm_s
             491     1                     ocms = oams**obms
             492     1               
             493     1                     cge(1) = bm_g + 1.
             494     1                     cge(2) = mu_g + 1.
             495     1                     cge(3) = bm_g + mu_g + 1.
             496     1                     cge(4) = bm_g*2. + mu_g + 1.
             497     1                     cge(5) = bm_g*2. + mu_g + bv_g + 1.
             498     1                     cge(6) = bm_g + mu_g + bv_g + 1.
             499     1                     cge(7) = bm_g + mu_g + bv_g + 2.
             500     1                     cge(8) = bm_g + mu_g + bv_g + 3.
             501     1                     cge(9) = mu_g + bv_g + 3.
             502     1                     cge(10) = mu_g + 2.
             503     1                     cge(11) = 0.5*(bv_g + 5. + 2.*mu_g)
             504     1                     cge(12) = 0.5*(bv_g + 5.) + mu_g
                                   <<< Loop-information Start >>>
                                   <<<  [OPTIMIZATION]
                                   <<<    FULL UNROLLING
                                   <<< Loop-information  End >>>
             505     2       f             do n = 1, 12
             506     2    i  f                cgg(n) = WGAMMA(cge(n))
             507     2       f             enddo
             508     1                     oamg = 1./am_g
             509     1                     obmg = 1./bm_g
             510     1                     ocmg = oamg**obmg
             511     1                     oge1 = 1./cge(1)
             512     1                     ogg1 = 1./cgg(1)
             513     1                     ogg2 = 1./cgg(2)
             514     1                     ogg3 = 1./cgg(3)
             515     1               
             516     1               !+---+-----------------------------------------------------------------+
             517     1               !..Simplify various rate eqns the best we can now.
             518     1               !+---+-----------------------------------------------------------------+
             519     1               
             520     1               !..Rain collecting cloud water and cloud ice
             521     1                     t1_qr_qc = PI*.25*av_r * crg(9)
             522     1                     t1_qr_qi = PI*.25*av_r * crg(9)
             523     1                     t2_qr_qi = PI*.25*am_r*av_r * crg(8)
             524     1               
             525     1               !..Graupel collecting cloud water
             526     1                     t1_qg_qc = PI*.25*av_g * cgg(9)
             527     1               
             528     1               !..Snow collecting cloud water
             529     1                     t1_qs_qc = PI*.25*av_s
             530     1               
             531     1               !..Snow collecting cloud ice
             532     1                     t1_qs_qi = PI*.25*av_s
             533     1               
             534     1               !..Evaporation of rain; ignore depositional growth of rain.
             535     1                     t1_qr_ev = 0.78 * crg(10)
             536     1                     t2_qr_ev = 0.308*Sc3*SQRT(av_r) * crg(11)
             537     1               
             538     1               !..Sublimation/depositional growth of snow
             539     1                     t1_qs_sd = 0.86
             540     1                     t2_qs_sd = 0.28*Sc3*SQRT(av_s)
             541     1               
             542     1               !..Melting of snow
             543     1                     t1_qs_me = PI*4.*C_sqrd*olfus * 0.86
             544     1                     t2_qs_me = PI*4.*C_sqrd*olfus * 0.28*Sc3*SQRT(av_s)
             545     1               
             546     1               !..Sublimation/depositional growth of graupel
             547     1                     t1_qg_sd = 0.86 * cgg(10)
             548     1                     t2_qg_sd = 0.28*Sc3*SQRT(av_g) * cgg(11)
             549     1               
             550     1               !..Melting of graupel
             551     1                     t1_qg_me = PI*4.*C_cube*olfus * 0.86 * cgg(10)
             552     1                     t2_qg_me = PI*4.*C_cube*olfus * 0.28*Sc3*SQRT(av_g) * cgg(11)
             553     1               
             554     1               !..Constants for helping find lookup table indexes.
             555     1                     nic2 = NINT(DLOG10(r_c(1)))
             556     1                     nii2 = NINT(DLOG10(r_i(1)))
             557     1                     nii3 = NINT(DLOG10(Nt_i(1)))
             558     1                     nir2 = NINT(DLOG10(r_r(1)))
             559     1                     nir3 = NINT(DLOG10(N0r_exp(1)))
             560     1                     nis2 = NINT(DLOG10(r_s(1)))
             561     1                     nig2 = NINT(DLOG10(r_g(1)))
             562     1                     nig3 = NINT(DLOG10(N0g_exp(1)))
             563     1               
             564     1               !..Create bins of cloud water (from min diameter up to 100 microns).
             565     1                     Dc(1) = D0c*1.0d0
             566     1                     dtc(1) = D0c*1.0d0
                                   <<< Loop-information Start >>>
                                   <<<  [OPTIMIZATION]
                                   <<<    SOFTWARE PIPELINING(IPC: 0.66, ITR: 6, MVE: 2, POL: S)
                                   <<<    PREFETCH(HARD) Expected by compiler :
                                   <<<      Dc, dtc
                                   <<< Loop-information  End >>>
             567     2   s   2s            do n = 2, nbc
             568     2   m   2m               Dc(n) = Dc(n-1) + 1.0D-6
             569     2   m   2v               dtc(n) = (Dc(n) - Dc(n-1))
             570     2   p   2v            enddo
             571     1               
             572     1               !..Create bins of cloud ice (from min diameter up to 5x min snow size).
             573     1                     xDx(1) = D0i*1.0d0
             574     1                     xDx(nbi+1) = 5.0d0*D0s
                                   <<< Loop-information Start >>>
                                   <<<  [PARALLELIZATION]
                                   <<<    Standard iteration count: 15
                                   <<<  [OPTIMIZATION]
                                   <<<    SIMD(VL: 8)
                                   <<<    SOFTWARE PIPELINING(IPC: 0.78, ITR: 64, MVE: 4, POL: S)
                                   <<<    PREFETCH(HARD) Expected by compiler :
                                   <<<      xDx
                                   <<< Loop-information  End >>>
             575     2  pp    v            do n = 2, nbi
             576     2   p    v               xDx(n) = DEXP(DFLOAT(n-1)/DFLOAT(nbi) &
             577     2                                 *DLOG(xDx(nbi+1)/xDx(1)) +DLOG(xDx(1)))
             578     2   p    v            enddo
                                   <<< Loop-information Start >>>
                                   <<<  [PARALLELIZATION]
                                   <<<    Standard iteration count: 762
                                   <<<  [OPTIMIZATION]
                                   <<<    SIMD(VL: 8)
                                   <<<    FULL UNROLLING
                                   <<< Loop-information  End >>>
             579     2   s   fv            do n = 1, nbi
             580     2   p   fv               Di(n) = DSQRT(xDx(n)*xDx(n+1))
             581     2   p   fv               dti(n) = xDx(n+1) - xDx(n)
             582     2   p   fv            enddo
             583     1               
             584     1               !..Create bins of rain (from min diameter up to 5 mm).
             585     1                     xDx(1) = D0r*1.0d0
             586     1                     xDx(nbr+1) = 0.005d0
                                   <<< Loop-information Start >>>
                                   <<<  [PARALLELIZATION]
                                   <<<    Standard iteration count: 15
                                   <<<  [OPTIMIZATION]
                                   <<<    SIMD(VL: 8)
                                   <<<    SOFTWARE PIPELINING(IPC: 0.78, ITR: 64, MVE: 4, POL: S)
                                   <<<    PREFETCH(HARD) Expected by compiler :
                                   <<<      xDx
                                   <<< Loop-information  End >>>
             587     2  pp    v            do n = 2, nbr
             588     2   p    v               xDx(n) = DEXP(DFLOAT(n-1)/DFLOAT(nbr) &
             589     2                                 *DLOG(xDx(nbr+1)/xDx(1)) +DLOG(xDx(1)))
             590     2   p    v            enddo
                                   <<< Loop-information Start >>>
                                   <<<  [PARALLELIZATION]
                                   <<<    Standard iteration count: 762
                                   <<<  [OPTIMIZATION]
                                   <<<    SIMD(VL: 8)
                                   <<<    FULL UNROLLING
                                   <<< Loop-information  End >>>
             591     2   s   fv            do n = 1, nbr
             592     2   p   fv               Dr(n) = DSQRT(xDx(n)*xDx(n+1))
             593     2   p   fv               dtr(n) = xDx(n+1) - xDx(n)
             594     2   p   fv            enddo
             595     1               
             596     1               !..Create bins of snow (from min diameter up to 2 cm).
             597     1                     xDx(1) = D0s*1.0d0
             598     1                     xDx(nbs+1) = 0.02d0
                                   <<< Loop-information Start >>>
                                   <<<  [PARALLELIZATION]
                                   <<<    Standard iteration count: 15
                                   <<<  [OPTIMIZATION]
                                   <<<    SIMD(VL: 8)
                                   <<<    SOFTWARE PIPELINING(IPC: 0.78, ITR: 64, MVE: 4, POL: S)
                                   <<<    PREFETCH(HARD) Expected by compiler :
                                   <<<      xDx
                                   <<< Loop-information  End >>>
             599     2  pp    v            do n = 2, nbs
             600     2   p    v               xDx(n) = DEXP(DFLOAT(n-1)/DFLOAT(nbs) &
             601     2                                 *DLOG(xDx(nbs+1)/xDx(1)) +DLOG(xDx(1)))
             602     2   p    v            enddo
                                   <<< Loop-information Start >>>
                                   <<<  [PARALLELIZATION]
                                   <<<    Standard iteration count: 762
                                   <<<  [OPTIMIZATION]
                                   <<<    SIMD(VL: 8)
                                   <<<    FULL UNROLLING
                                   <<< Loop-information  End >>>
             603     2   s   fv            do n = 1, nbs
             604     2   p   fv               Ds(n) = DSQRT(xDx(n)*xDx(n+1))
             605     2   p   fv               dts(n) = xDx(n+1) - xDx(n)
             606     2   p   fv            enddo
             607     1               
             608     1               !..Create bins of graupel (from min diameter up to 5 cm).
             609     1                     xDx(1) = D0g*1.0d0
             610     1                     xDx(nbg+1) = 0.05d0
                                   <<< Loop-information Start >>>
                                   <<<  [PARALLELIZATION]
                                   <<<    Standard iteration count: 15
                                   <<<  [OPTIMIZATION]
                                   <<<    SIMD(VL: 8)
                                   <<<    SOFTWARE PIPELINING(IPC: 0.78, ITR: 64, MVE: 4, POL: S)
                                   <<<    PREFETCH(HARD) Expected by compiler :
                                   <<<      xDx
                                   <<< Loop-information  End >>>
             611     2  pp    v            do n = 2, nbg
             612     2   p    v               xDx(n) = DEXP(DFLOAT(n-1)/DFLOAT(nbg) &
             613     2                                 *DLOG(xDx(nbg+1)/xDx(1)) +DLOG(xDx(1)))
             614     2   p    v            enddo
                                   <<< Loop-information Start >>>
                                   <<<  [PARALLELIZATION]
                                   <<<    Standard iteration count: 762
                                   <<<  [OPTIMIZATION]
                                   <<<    SIMD(VL: 8)
                                   <<<    FULL UNROLLING
                                   <<< Loop-information  End >>>
             615     2   s   fv            do n = 1, nbg
             616     2   p   fv               Dg(n) = DSQRT(xDx(n)*xDx(n+1))
             617     2   p   fv               dtg(n) = xDx(n+1) - xDx(n)
             618     2   p   fv            enddo
             619     1               
             620     1               !+---+-----------------------------------------------------------------+
             621     1               !..Create lookup tables for most costly calculations.
             622     1               !+---+-----------------------------------------------------------------+
             623     1               
                                   <<< Loop-information Start >>>
                                   <<<  [PARALLELIZATION]
                                   <<<    Standard iteration count: 2
                                   <<< Loop-information  End >>>
             624     2  pp                 do m = 1, ntb_r
             625     3   p                    do k = 1, ntb_r1
                                   <<< Loop-information Start >>>
                                   <<<  [OPTIMIZATION]
                                   <<<    PREFETCH(HARD) Expected by compiler :
                                   <<<      tnr_gacr, tnr_racg, tmg_gacr, tcr_gacr
                                   <<<      tmr_racg, tcg_racg
                                   <<< Loop-information  End >>>
             626     4   p                       do j = 1, ntb_g
                                   <<< Loop-information Start >>>
                                   <<<  [OPTIMIZATION]
                                   <<<    SIMD(VL: 8)
                                   <<<    FULL UNROLLING
                                   <<< Loop-information  End >>>
             627     5   p   fv                     do i = 1, ntb_g1
             628     5   p   fv                        tcg_racg(i,j,k,m) = 0.0d0
             629     5   p   fv                        tmr_racg(i,j,k,m) = 0.0d0
             630     5   p   fv                        tcr_gacr(i,j,k,m) = 0.0d0
             631     5   p   fv                        tmg_gacr(i,j,k,m) = 0.0d0
             632     5   p   fv                        tnr_racg(i,j,k,m) = 0.0d0
             633     5   p   fv                        tnr_gacr(i,j,k,m) = 0.0d0
             634     5   p   fv                     enddo
             635     4   p                       enddo
             636     3   p                    enddo
             637     2   p                 enddo
             638     1               
                                   <<< Loop-information Start >>>
                                   <<<  [PARALLELIZATION]
                                   <<<    Standard iteration count: 2
                                   <<< Loop-information  End >>>
             639     2  pp                 do m = 1, ntb_r
             640     3   p                    do k = 1, ntb_r1
                                   <<< Loop-information Start >>>
                                   <<<  [OPTIMIZATION]
                                   <<<    PREFETCH(HARD) Expected by compiler :
                                   <<<      tnr_sacr2, tnr_sacr1, tnr_racs2
                                   <<<      tnr_racs1, tms_sacr2, tcr_sacr2
                                   <<<      tms_sacr1, tcr_sacr1, tmr_racs2
                                   <<<      tcs_racs2, tmr_racs1, tcs_racs1
                                   <<<    SPILLS :
                                   <<<      GENERAL   : SPILL 0  FILL 19
                                   <<<      SIMD&FP   : SPILL 0  FILL 0
                                   <<<      SCALABLE  : SPILL 0  FILL 0
                                   <<<      PREDICATE : SPILL 0  FILL 0
                                   <<< Loop-information  End >>>
             641     4   p                       do j = 1, ntb_t
                                   <<< Loop-information Start >>>
                                   <<<  [OPTIMIZATION]
                                   <<<    SIMD(VL: 8)
                                   <<<    FULL UNROLLING
                                   <<< Loop-information  End >>>
             642     5   p   fv                     do i = 1, ntb_s
             643     5   p   fv                        tcs_racs1(i,j,k,m) = 0.0d0
             644     5   p   fv                        tmr_racs1(i,j,k,m) = 0.0d0
             645     5   p   fv                        tcs_racs2(i,j,k,m) = 0.0d0
             646     5   p   fv                        tmr_racs2(i,j,k,m) = 0.0d0
             647     5   p   fv                        tcr_sacr1(i,j,k,m) = 0.0d0
             648     5   p   fv                        tms_sacr1(i,j,k,m) = 0.0d0
             649     5   p   fv                        tcr_sacr2(i,j,k,m) = 0.0d0
             650     5   p   fv                        tms_sacr2(i,j,k,m) = 0.0d0
             651     5   p   fv                        tnr_racs1(i,j,k,m) = 0.0d0
             652     5   p   fv                        tnr_racs2(i,j,k,m) = 0.0d0
             653     5   p   fv                        tnr_sacr1(i,j,k,m) = 0.0d0
             654     5   p   fv                        tnr_sacr2(i,j,k,m) = 0.0d0
             655     5   p   fv                     enddo
             656     4   p                       enddo
             657     3   p                    enddo
             658     2   p                 enddo
             659     1               
                                   <<< Loop-information Start >>>
                                   <<<  [PARALLELIZATION]
                                   <<<    Standard iteration count: 2
                                   <<< Loop-information  End >>>
             660     2  pp                 do k = 1, 45
             661     3   p                    do j = 1, ntb_r1
                                   <<< Loop-information Start >>>
                                   <<<  [OPTIMIZATION]
                                   <<<    SIMD(VL: 8)
                                   <<<    FULL UNROLLING
                                   <<< Loop-information  End >>>
             662     4   p   fv                  do i = 1, ntb_r
             663     4   p   fv                     tpi_qrfz(i,j,k) = 0.0d0
             664     4   p   fv                     tni_qrfz(i,j,k) = 0.0d0
             665     4   p   fv                     tpg_qrfz(i,j,k) = 0.0d0
             666     4   p   fv                     tnr_qrfz(i,j,k) = 0.0d0
             667     4   p   fv                  enddo
             668     3   p                    enddo
             669     2               !        do i = 1, ntb_c
             670     2               !           tpi_qcfz(i,k) = 0.0d0
             671     2               !           tni_qcfz(i,k) = 0.0d0
             672     2               !        enddo
             673     3   p                    do j = 1, 2
                                   <<< Loop-information Start >>>
                                   <<<  [OPTIMIZATION]
                                   <<<    SIMD(VL: 8)
                                   <<<    FULL UNROLLING
                                   <<< Loop-information  End >>>
             674     4   p   fv               do i = 1, ntb_c
             675     4   p   fv                  tpi_qcfz(i,k,j) = 0.0d0
             676     4   p   fv                  tni_qcfz(i,k,j) = 0.0d0
             677     4   p   fv               enddo
             678     3   p                    enddo
             679     2   p                 enddo
             680     1               
                                   <<< Loop-information Start >>>
                                   <<<  [PARALLELIZATION]
                                   <<<    Standard iteration count: 4
                                   <<<  [OPTIMIZATION]
                                   <<<    PREFETCH(HARD) Expected by compiler :
                                   <<<      tpi_ide, tni_iaus, tps_iaus
                                   <<< Loop-information  End >>>
             681     2  pp                 do j = 1, ntb_i1
                                   <<< Loop-information Start >>>
                                   <<<  [OPTIMIZATION]
                                   <<<    SIMD(VL: 8)
                                   <<<    FULL UNROLLING
                                   <<< Loop-information  End >>>
             682     3   p   fv               do i = 1, ntb_i
             683     3   p   fv                  tps_iaus(i,j) = 0.0d0
             684     3   p   fv                  tni_iaus(i,j) = 0.0d0
             685     3   p   fv                  tpi_ide(i,j) = 0.0d0
             686     3   p   fv               enddo
             687     2   p                 enddo
             688     1               
                                   <<< Loop-information Start >>>
                                   <<<  [PARALLELIZATION]
                                   <<<    Standard iteration count: 4
                                   <<<  [OPTIMIZATION]
                                   <<<    PREFETCH(HARD) Expected by compiler :
                                   <<<      t_Efrw, t_Efsw
                                   <<< Loop-information  End >>>
             689     2  pp                 do j = 1, nbc
                                   <<< Loop-information Start >>>
                                   <<<  [OPTIMIZATION]
                                   <<<    SIMD(VL: 8)
                                   <<<    FULL UNROLLING
                                   <<< Loop-information  End >>>
             690     3   p   fv               do i = 1, nbr
             691     3   p   fv                  t_Efrw(i,j) = 0.0
             692     3   p   fv               enddo
                                   <<< Loop-information Start >>>
                                   <<<  [PARALLELIZATION]
                                   <<<    Standard iteration count: 1455
                                   <<<  [OPTIMIZATION]
                                   <<<    SIMD(VL: 8)
                                   <<<    FULL UNROLLING
                                   <<< Loop-information  End >>>
             693     3   p   fv               do i = 1, nbs
             694     3   p   fv                  t_Efsw(i,j) = 0.0
             695     3   p   fv               enddo
             696     2   p                 enddo
             697     1               
                                   <<< Loop-information Start >>>
                                   <<<  [PARALLELIZATION]
                                   <<<    Standard iteration count: 2
                                   <<< Loop-information  End >>>
             698     2  pp                 do k = 1, ntb_r
                                   <<< Loop-information Start >>>
                                   <<<  [OPTIMIZATION]
                                   <<<    PREFETCH(HARD) Expected by compiler :
                                   <<<      tnr_rev
                                   <<< Loop-information  End >>>
             699     3   p                    do j = 1, ntb_r1
                                   <<< Loop-information Start >>>
                                   <<<  [OPTIMIZATION]
                                   <<<    SIMD(VL: 8)
                                   <<<    FULL UNROLLING
                                   <<< Loop-information  End >>>
             700     4   p   fv                  do i = 1, nbr
             701     4   p   fv                     tnr_rev(i,j,k) = 0.0d0
             702     4   p   fv                  enddo
             703     3   p                    enddo
             704     2   p                 enddo
             705     1               
             706     1               !..Collision efficiency between rain/snow and cloud water.
             707     1                     call table_Efrw
             708     1                     call table_Efsw
             709     1               
             710     1               !..Drop evaporation.
             711     1               !     CALL wrf_debug(200, '  creating rain evap table')
             712     1               !     call table_dropEvap
             713     1               
             714     1               !..Initialize various constants for computing radar reflectivity.
             715     1                     xam_r = am_r
             716     1                     xbm_r = bm_r
             717     1                     xmu_r = mu_r
             718     1                     xam_s = am_s
             719     1                     xbm_s = bm_s
             720     1                     xmu_s = mu_s
             721     1                     xam_g = am_g
             722     1                     xbm_g = bm_g
             723     1                     xmu_g = mu_g
             724     1                     call radar_init
             725     1               
             726     2                     if (.not. iiwarm) then
             727     2               
             728     2               !..Rain collecting graupel & graupel collecting rain.
             729     2               !     CALL wrf_debug(200, '  creating rain collecting graupel table')
             730     2               !     print*, '  creating rain collecting graupel table'
             731     2                     call qr_acr_qg
             732     2               
             733     2               !..Rain collecting snow & snow collecting rain.
             734     2               !      CALL wrf_debug(200, '  creating rain collecting snow table')
             735     2               !      print*,' creating rain collecting snow table'
             736     2                     call qr_acr_qs
             737     2               
             738     2               !..Cloud water and rain freezing (Bigg, 1953).
             739     2               !     CALL wrf_debug(200, '  creating freezing of water drops table')
             740     2               !     print*,'  creating freezing of water drops table'
             741     2                     call freezeH2O
             742     2               
             743     2               !..Conversion of some ice mass into snow category.
             744     2               !     CALL wrf_debug(200, '  creating ice converting to snow table')
             745     2               !     print*,'  creating ice converting to snow table'
             746     2                     call qi_aut_qs
             747     2               
             748     2                     endif
             749     1               
             750     1               !      CALL wrf_debug(150, ' ... DONE microphysical lookup tables')
             751     1               !      print*,' ... DONE microphysical lookup tables'
             752     1               
             753     1                     endif
             754                     
             755                           END SUBROUTINE thompson_init
             756                     !+---+-----------------------------------------------------------------+
             757                     !
             758                     !+---+-----------------------------------------------------------------+
             759                     !..This is a wrapper routine designed to transfer values from 3D to 1D.
             760                     !+---+-----------------------------------------------------------------+
             761                           SUBROUTINE mp_gt_driver(ims,ime,kms,kme,its,ite,kts,kte,        &
             762                     		              qv, qc, qr, qi, qs, qg, ni, nr,         &
             763                                                   tt, p, dz, dt_in,itimestep,             &
             764                                                   RAINNCV,                                &
             765                                                   SR,islmsk,                              &
             766                                                   refl_10cm,lradar,                       &
             767                                                   re_cloud, re_ice, re_snow,me,phii)
             768                     
             769                           implicit none
             770                     
             771                     !..Subroutine arguments
             772                     !     INTEGER, INTENT(IN):: ids,ide, kds,kde
             773                           INTEGER, INTENT(IN):: ims,ime, kms,kme, &
             774                                                 its,ite, kts,kte
             775                           REAL, DIMENSION(ims:ime, kms:kme), INTENT(INOUT)::                        &
             776                                               qv, qc, qr, qi, qs, qg, ni, nr, tt
             777                           REAL, DIMENSION(ims:ime, kms:kme), INTENT(INOUT)::                        &
             778                                               re_cloud, re_ice, re_snow
             779                           REAL, DIMENSION(ims:ime, kms:kme), INTENT(IN)::                           &
             780                                                p, dz
             781                           REAL, DIMENSION(ims:ime, kms:kme+1), INTENT(IN):: phii
             782                           INTEGER, DIMENSION(ims:ime), INTENT(IN):: islmsk !      land and ocean
             783                           REAL, DIMENSION(its:ite), INTENT(INOUT):: &
             784                                               RAINNCV, SR
             785                           REAL, DIMENSION(ims:ime, kms:kme), INTENT(INOUT)::                        &
             786                                               refl_10cm
             787                           REAL, INTENT(IN):: dt_in
             788                           INTEGER, INTENT(IN):: itimestep,me
             789                     
             790                     !..Local variables
             791                           REAL, DIMENSION(kts:kte):: &
             792                                               qv1d, qc1d, qi1d, qr1d, qs1d, qg1d, ni1d, &
             793                                               nr1d, t1d, p1d, dz1d, dBZ, nc1d
             794                           REAL, DIMENSION(kts:kte):: re_qc1d, re_qi1d, re_qs1d
             795                           REAL, DIMENSION(its:ite):: pcp_ra, pcp_sn, pcp_gr, pcp_ic
             796                           REAL:: dt, pptrain, pptsnow, pptgraul, pptice
             797                           REAL:: qc_max, qr_max, qs_max, qi_max, qg_max, ni_max, nr_max
             798                           INTEGER:: i, j, k
             799                           INTEGER:: imax_qc,imax_qr,imax_qi,imax_qs,imax_qg,imax_ni,imax_nr
             800                           INTEGER:: kmax_qc,kmax_qr,kmax_qi,kmax_qs,kmax_qg,kmax_ni,kmax_nr
             801                           INTEGER:: i_start, i_end
             802                           LOGICAL, INTENT(IN) :: lradar
             803                           real :: Nt_c
             804                     
             805                     !+---+
             806                     
             807                           i_start = its
             808                           i_end   = MIN(ite, ime)
             809                     
             810                     !..For idealized testing by developer.
             811                     !     if ( (ide-ids+1).gt.4 .and. (jde-jds+1).lt.4 .and.                &
             812                     !          ids.eq.its.and.ide.eq.ite.and.jds.eq.jts.and.jde.eq.jte) then
             813                     !        i_start = its + 2
             814                     !        i_end   = ite
             815                     !     endif
             816                     
             817                           dt = dt_in
             818                     
             819                           qc_max = 0.
             820                           qr_max = 0.
             821                           qs_max = 0.
             822                           qi_max = 0.
             823                           qg_max = 0
             824                           ni_max = 0.
             825                           nr_max = 0.
             826                           imax_qc = 0
             827                           imax_qr = 0
             828                           imax_qi = 0
             829                           imax_qs = 0
             830                           imax_qg = 0
             831                           imax_ni = 0
             832                           imax_nr = 0
             833                           kmax_qc = 0
             834                           kmax_qr = 0
             835                           kmax_qi = 0
             836                           kmax_qs = 0
             837                           kmax_qg = 0
             838                           kmax_ni = 0
             839                           kmax_nr = 0
             840                     !     do i = 1, 256
             841                     !        mp_debug(i:i) = char(0)
             842                     !     enddo
             843                     
                                   <<< Loop-information Start >>>
                                   <<<  [OPTIMIZATION]
                                   <<<    PREFETCH(HARD) Expected by compiler :
                                   <<<      dBZ, re_qs1d, re_qi1d, re_qc1d
                                   <<< Loop-information  End >>>
             844     1                     i_loop:  do i = i_start, i_end
             845     1               
             846     1                        pptrain = 0.
             847     1                        pptsnow = 0.
             848     1                        pptgraul = 0.
             849     1                        pptice = 0.
             850     1                        RAINNCV(i) = 0.
             851     1               !         IF ( PRESENT (snowncv) ) THEN
             852     1               !            SNOWNCV(i) = 0.
             853     1               !         ENDIF
             854     1               !         IF ( PRESENT (graupelncv) ) THEN
             855     1               !            GRAUPELNCV(i) = 0.
             856     1               !         ENDIF
             857     1                        SR(i) = 0.
             858     1               
             859     2                        if(islmsk(i) == 1) then
             860     2                          Nt_c = Nt_cl
             861     2                        else
             862     2                          Nt_c = Nt_co
             863     2                        endif
             864     1               
             865     1               !         if(me==0) then
             866     1               !           print*,'islmsk,Nt_c:',i,islmsk(i),Nt_c,Nt_cl,Nt_co
             867     1               !         endif
             868     1               
                                   <<< Loop-information Start >>>
                                   <<<  [PARALLELIZATION]
                                   <<<    Standard iteration count: 184
                                   <<<  [OPTIMIZATION]
                                   <<<    SIMD(VL: 8)
                                   <<<    PREFETCH(HARD) Expected by compiler :
                                   <<<      nc1d, nr1d, ni1d, qg1d, qs1d, qr1d, qi1d
                                   <<<      qc1d, qv1d, dz1d, p1d, t1d
                                   <<<    SPILLS :
                                   <<<      GENERAL   : SPILL 0  FILL 1
                                   <<<      SIMD&FP   : SPILL 0  FILL 0
                                   <<<      SCALABLE  : SPILL 0  FILL 0
                                   <<<      PREDICATE : SPILL 0  FILL 0
                                   <<< Loop-information  End >>>
             869     2  pp    v               do k = kts, kte
             870     2   p    v                  t1d(k) = tt(i,k)
             871     2   p    v                  p1d(k) = p(i,k)
             872     2   p    v                  dz1d (k) = (phii(i,k+1)-phii(i,k)) / g
             873     2               !           qv1d(k) = qv(i,k)
             874     2   p    v                  qv1d(k) = qv(i,k)/(1.-qv(i,k))
             875     2   p    v                  qc1d(k) = qc(i,k)
             876     2   p    v                  qi1d(k) = qi(i,k)
             877     2   p    v                  qr1d(k) = qr(i,k)
             878     2   p    v                  qs1d(k) = qs(i,k)
             879     2   p    v                  qg1d(k) = qg(i,k)
             880     2   p    v                  ni1d(k) = ni(i,k)
             881     2   p    v                  nr1d(k) = nr(i,k)
             882     2   p    v                  nc1d(k) = Nt_c
             883     2   p    v               enddo
             884     1               
             885     1                        call mp_thompson(qv1d, qc1d, qi1d, qr1d, qs1d, qg1d, ni1d, 	&
             886     1                                     nr1d, t1d, p1d, dz1d, 				&
             887     1                                     pptrain, pptsnow, pptgraul, pptice, 		&
             888     1                                     islmsk(i),                             		&
             889     1                                     kts, kte, dt, i)
             890     1               
             891     1                        pcp_ra(i) = pptrain
             892     1                        pcp_sn(i) = pptsnow
             893     1                        pcp_gr(i) = pptgraul
             894     1                        pcp_ic(i) = pptice
             895     1                        RAINNCV(i) = (pptrain + pptsnow + pptgraul + pptice)/1000.
             896     1               !         RAINNC(i) = RAINNC(i) + pptrain + pptsnow + pptgraul + pptice
             897     1               !         IF ( PRESENT(snowncv) .AND. PRESENT(snownc) ) THEN
             898     1               !            SNOWNCV(i) = pptsnow + pptice
             899     1               !            SNOWNC(i) = SNOWNC(i) + pptsnow + pptice
             900     1               !         ENDIF
             901     1               !         IF ( PRESENT(graupelncv) .AND. PRESENT(graupelnc) ) THEN
             902     1               !            GRAUPELNCV(i) = pptgraul
             903     1               !            GRAUPELNC(i) = GRAUPELNC(i) + pptgraul
             904     1               !         ENDIF
             905     1                        SR(i) = (pptsnow + pptgraul + pptice)/(RAINNCV(i)*1000.+1.e-12)
             906     1               
                                   <<< Loop-information Start >>>
                                   <<<  [OPTIMIZATION]
                                   <<<    PREFETCH(HARD) Expected by compiler :
                                   <<<      qv1d, qi1d, qc1d, qr1d, qs1d, qg1d, ni1d
                                   <<<      nr1d, t1d
                                   <<< Loop-information  End >>>
             907     2   s    s               do k = kts, kte
             908     2               !           qv(i,k) = qv1d(k)
             909     2   m    v                  qv(i,k) = qv1d(k)/(1.+qv1d(k))
             910     2   p    v                  qc(i,k) = qc1d(k)
             911     2   p    v                  qi(i,k) = qi1d(k)
             912     2   p    v                  qr(i,k) = qr1d(k)
             913     2   p    v                  qs(i,k) = qs1d(k)
             914     2   p    v                  qg(i,k) = qg1d(k)
             915     2   p    v                  ni(i,k) = ni1d(k)
             916     2   p    v                  nr(i,k) = nr1d(k)
             917     2               !#ifdef WRF_CHEM
             918     2               !            rainprod(i,k,j) = rainprod1d(k)
             919     2               !            evapprod(i,k,j) = evapprod1d(k)
             920     2               !#endif
             921     2               !            th(i,k) = t1d(k)/pii(i,k)
             922     2   p    v                  tt(i,k) = t1d(k)
             923     3   s    s                  if (qc1d(k) .gt. qc_max) then
             924     3   s    s                   imax_qc = i
             925     3   s    s                   kmax_qc = k
             926     3   m    m                   qc_max = qc1d(k)
             927     3   p    v                  elseif (qc1d(k) .lt. 0.0) then
             928     3               !             write(*,*) 'WARNING, negative qc ', qc1d(k),               &
             929     3               !                        ' at i,k=', i,k
             930     3   p    v                  endif
             931     3   s    s                  if (qr1d(k) .gt. qr_max) then
             932     3   s    s                   imax_qr = i
             933     3   s    s                   kmax_qr = k
             934     3   m    m                   qr_max = qr1d(k)
             935     3   p    v                  elseif (qr1d(k) .lt. 0.0) then
             936     3               !             write(*,*) 'WARNING, negative qr ', qr1d(k),               &
             937     3               !                        ' at i,k=', i,k
             938     3   p    v                  endif
             939     3   s    s                  if (nr1d(k) .gt. nr_max) then
             940     3   s    s                   imax_nr = i
             941     3   s    s                   kmax_nr = k
             942     3   m    m                   nr_max = nr1d(k)
             943     3   p    v                  elseif (nr1d(k) .lt. 0.0) then
             944     3               !             write(*,*) 'WARNING, negative nr ', nr1d(k),         &
             945     3               !                        ' at i,k=', i,k
             946     3   p    v                  endif
             947     3   s    s                  if (qs1d(k) .gt. qs_max) then
             948     3   s    s                   imax_qs = i
             949     3   s    s                   kmax_qs = k
             950     3   m    m                   qs_max = qs1d(k)
             951     3   p    v                  elseif (qs1d(k) .lt. 0.0) then
             952     3               !             write(*,*) 'WARNING, negative qs ', qs1d(k),                &
             953     3               !                        ' at i,k=', i,k
             954     3   p    v                  endif
             955     3   s    s                  if (qi1d(k) .gt. qi_max) then
             956     3   s    s                   imax_qi = i
             957     3   s    s                   kmax_qi = k
             958     3   m    m                   qi_max = qi1d(k)
             959     3   p    v                  elseif (qi1d(k) .lt. 0.0) then
             960     3               !             write(*,*) 'WARNING, negative qi ', qi1d(k),                &
             961     3               !                        ' at i,k=', i,k
             962     3   p    v                  endif
             963     3   s    s                  if (qg1d(k) .gt. qg_max) then
             964     3   s    s                   imax_qg = i
             965     3   s    s                   kmax_qg = k
             966     3   m    m                   qg_max = qg1d(k)
             967     3   p    v                  elseif (qg1d(k) .lt. 0.0) then
             968     3               !             write(*,*) 'WARNING, negative qg ', qg1d(k),                &
             969     3               !                        ' at i,k=', i,k
             970     3   p    v                  endif
             971     3   s    s                  if (ni1d(k) .gt. ni_max) then
             972     3   s    s                   imax_ni = i
             973     3   s    s                   kmax_ni = k
             974     3   m    m                   ni_max = ni1d(k)
             975     3   p    v                  elseif (ni1d(k) .lt. 0.0) then
             976     3               !             write(*,*) 'WARNING, negative ni ', ni1d(k),                &
             977     3               !                        ' at i,k=', i,k
             978     3   p    v                  endif
             979     3   p    v                  if (qv1d(k) .lt. 0.0) then
             980     4   p    v                   if (k.lt.kte-2 .and. k.gt.kts+1) then
             981     4   m    m                      qv(i,k) = 0.5*(qv(i,k-1) + qv(i,k+1))
             982     4   p    v                   else
             983     4   m    v                      qv(i,k) = 1.E-7
             984     4   p    v                   endif
             985     3               !             write(*,*) 'WARNING, negative qv ', qv1d(k),                &
             986     3               !                        ' at i,k=', i,k
             987     3   p    v                  endif
             988     2   p    v               enddo
             989     1               
             990     2                        if (lradar) then
             991     2                         call calc_refl10cm (qv1d, qc1d, qr1d, nr1d, qs1d, qg1d,       &
             992     2                                     t1d, p1d, dBZ, kts, kte, i)
                                   <<< Loop-information Start >>>
                                   <<<  [PARALLELIZATION]
                                   <<<    Standard iteration count: 728
                                   <<<  [OPTIMIZATION]
                                   <<<    SIMD(VL: 8)
                                   <<<    SOFTWARE PIPELINING(IPC: 3.25, ITR: 128, MVE: 4, POL: S)
                                   <<<    PREFETCH(HARD) Expected by compiler :
                                   <<<      dBZ
                                   <<< Loop-information  End >>>
             993     3  pp   2v                do k = kts, kte
             994     3   p   2v                   refl_10cm(i,k) = MAX(-35., dBZ(k))
             995     3   p   2v                enddo
             996     2                        endif
             997     1               
                                   <<< Loop-information Start >>>
                                   <<<  [PARALLELIZATION]
                                   <<<    Standard iteration count: 1067
                                   <<<  [OPTIMIZATION]
                                   <<<    SIMD(VL: 8)
                                   <<<    PREFETCH(HARD) Expected by compiler :
                                   <<<      re_qs1d, re_qi1d, re_qc1d
                                   <<< Loop-information  End >>>
             998     2  pp   2v                do k = kts, kte
             999     2   p   2v                   re_qc1d(k) = 2.51E-6
            1000     2   p   2v                   re_qi1d(k) = 10.01E-6
            1001     2   p   2v                   re_qs1d(k) = 10.01E-6
            1002     2   p   2v                enddo
            1003     1                         call calc_effectRad (t1d, p1d, qv1d, qc1d, nc1d, qi1d, ni1d, qs1d, &
            1004     1                                     islmsk(i), re_qc1d, re_qi1d, re_qs1d, kts, kte)
                                   <<< Loop-information Start >>>
                                   <<<  [PARALLELIZATION]
                                   <<<    Standard iteration count: 208
                                   <<<  [OPTIMIZATION]
                                   <<<    SIMD(VL: 8)
                                   <<<    SOFTWARE PIPELINING(IPC: 3.50, ITR: 56, MVE: 2, POL: S)
                                   <<<    PREFETCH(HARD) Expected by compiler :
                                   <<<      re_qi1d, re_qc1d, re_qs1d
                                   <<< Loop-information  End >>>
            1005     2  pp    v                do k = kts, kte
            1006     2   p    v                   re_cloud(i,k)=MAX( 2.51E-6, MIN(re_qc1d(k), 50.E-6))*1.e6
            1007     2   p    v                   re_ice(i,k)  =MAX(10.01E-6, MIN(re_qi1d(k), 125.E-6))*1.e6
            1008     2   p    v                   re_snow(i,k) =MAX(10.01E-6, MIN(re_qs1d(k), 999.E-6))*1.e6
            1009     2   p    v                enddo
            1010     1                     enddo i_loop
            1011                     
            1012                     ! DEBUG - GT
            1013                     !      write(mp_debug,'(a,7(a,e13.6,1x,a,i3,a,i3,a,1x))') 'MP-GT:', &
            1014                     !         'qc: ', qc_max, '(', imax_qc, ',', kmax_qc, ')', &
            1015                     !         'qr: ', qr_max, '(', imax_qr, ',', kmax_qr, ')', &
            1016                     !         'qi: ', qi_max, '(', imax_qi, ',', kmax_qi, ')', &
            1017                     !         'qs: ', qs_max, '(', imax_qs, ',', kmax_qs, ')', &
            1018                     !         'qg: ', qg_max, '(', imax_qg, ',', kmax_qg, ')', &
            1019                     !         'ni: ', ni_max, '(', imax_ni, ',', kmax_ni, ')', &
            1020                     !         'nr: ', nr_max, '(', imax_nr, ',', kmax_nr, ')'
            1021                     !      CALL wrf_debug(150, mp_debug)
            1022                     !      write(*,'(a,7(a,e13.6,1x,a,i3,a,i3,a,1x))') 'MP-GT:',         &
            1023                     !         'qc: ', qc_max, '(', imax_qc, ',', kmax_qc, ')', &
            1024                     !         'qr: ', qr_max, '(', imax_qr, ',', kmax_qr, ')', &
            1025                     !         'qi: ', qi_max, '(', imax_qi, ',', kmax_qi, ')', &
            1026                     !         'qs: ', qs_max, '(', imax_qs, ',', kmax_qs, ')', &
            1027                     !         'qg: ', qg_max, '(', imax_qg, ',', kmax_qg, ')', &
            1028                     !         'ni: ', ni_max, '(', imax_ni, ',', kmax_ni, ')', &
            1029                     !         'nr: ', nr_max, '(', imax_nr, ',', kmax_nr, ')'
            1030                     ! END DEBUG - GT
            1031                     
            1032                     !      do i = 1, 256
            1033                     !         mp_debug(i:i) = char(0)
            1034                     !      enddo
            1035                     
            1036                           END SUBROUTINE mp_gt_driver
            1037                     
            1038                     !+---+-----------------------------------------------------------------+
            1039                     !
            1040                     !+---+-----------------------------------------------------------------+
            1041                     !+---+-----------------------------------------------------------------+
            1042                     !.. This subroutine computes the moisture tendencies of water vapor,
            1043                     !.. cloud droplets, rain, cloud ice (pristine), snow, and graupel.
            1044                     !.. Previously this code was based on Reisner et al (1998), but few of
            1045                     !.. those pieces remain.  A complete description is now found in
            1046                     !.. Thompson et al. (2004, 2008).
            1047                     !+---+-----------------------------------------------------------------+
            1048                     !
            1049                           subroutine mp_thompson (qv1d, qc1d, qi1d, qr1d, qs1d, qg1d, ni1d, &
            1050                                               nr1d, t1d, p1d, dzq, 				&
            1051                                               pptrain, pptsnow, pptgraul, pptice, 		&
            1052                                               islmski,					&
            1053                                               kts, kte, dt, ii)
            1054                     
            1055                           implicit none
            1056                     
            1057                     !..Sub arguments
            1058                           INTEGER, INTENT(IN):: kts, kte, ii
            1059                           INTEGER, INTENT(IN):: islmski
            1060                           REAL, DIMENSION(kts:kte), INTENT(INOUT):: &
            1061                                               qv1d, qc1d, qi1d, qr1d, qs1d, qg1d, ni1d, &
            1062                                               nr1d, t1d, p1d
            1063                     !#ifdef WRF_CHEM
            1064                     !      REAL, DIMENSION(kts:kte), INTENT(INOUT):: &
            1065                     !                          rainprod, evapprod
            1066                     !#endif
            1067                           REAL, DIMENSION(kts:kte), INTENT(IN):: dzq
            1068                           REAL, INTENT(INOUT):: pptrain, pptsnow, pptgraul, pptice
            1069                           REAL, INTENT(IN):: dt
            1070                     
            1071                     !..Local variables
            1072                           REAL, DIMENSION(kts:kte):: tten, qvten, qcten, qiten, &
            1073                                qrten, qsten, qgten, niten, nrten
            1074                     
            1075                           DOUBLE PRECISION, DIMENSION(kts:kte):: prw_vcd
            1076                     
            1077                           DOUBLE PRECISION, DIMENSION(kts:kte):: prr_wau, prr_rcw, prr_rcs, &
            1078                                prr_rcg, prr_sml, prr_gml, &
            1079                                prr_rci, prv_rev,          &
            1080                                pnr_wau, pnr_rcs, pnr_rcg, &
            1081                                pnr_rci, pnr_sml, pnr_gml, &
            1082                                pnr_rev, pnr_rcr, pnr_rfz
            1083                     
            1084                           DOUBLE PRECISION, DIMENSION(kts:kte):: pri_inu, pni_inu, pri_ihm, &
            1085                                pni_ihm, pri_wfz, pni_wfz, &
            1086                                pri_rfz, pni_rfz, pri_ide, &
            1087                                pni_ide, pri_rci, pni_rci, &
            1088                                pni_sci, pni_iau
            1089                     
            1090                           DOUBLE PRECISION, DIMENSION(kts:kte):: prs_iau, prs_sci, prs_rcs, &
            1091                                prs_scw, prs_sde, prs_ihm, &
            1092                                prs_ide
            1093                     
            1094                           DOUBLE PRECISION, DIMENSION(kts:kte):: prg_scw, prg_rfz, prg_gde, &
            1095                                prg_gcw, prg_rci, prg_rcs, &
            1096                                prg_rcg, prg_ihm
            1097                     
            1098                           DOUBLE PRECISION, PARAMETER:: zeroD0 = 0.0d0
            1099                     
            1100                           REAL, DIMENSION(kts:kte):: temp, pres, qv
            1101                           REAL, DIMENSION(kts:kte):: rc, ri, rr, rs, rg, ni, nr
            1102                           REAL, DIMENSION(kts:kte):: rho, rhof, rhof2
            1103                           REAL, DIMENSION(kts:kte):: qvs, qvsi, delQvs
            1104                           REAL, DIMENSION(kts:kte):: satw, sati, ssatw, ssati
            1105                           REAL, DIMENSION(kts:kte):: diffu, visco, vsc2, &
            1106                                tcond, lvap, ocp, lvt2
            1107                     
            1108                           DOUBLE PRECISION, DIMENSION(kts:kte):: ilamr, ilamg, N0_r, N0_g
            1109                           REAL, DIMENSION(kts:kte):: mvd_r, mvd_c
            1110                           REAL, DIMENSION(kts:kte):: smob, smo2, smo1, smo0, &
            1111                                smoc, smod, smoe, smof
            1112                     
            1113                           REAL, DIMENSION(kts:kte):: sed_r, sed_s, sed_g, sed_i, sed_n
            1114                     
            1115                           REAL:: rgvm, delta_tp, orho, lfus2
            1116                           REAL, DIMENSION(4):: onstep
            1117                           DOUBLE PRECISION:: N0_exp, N0_min, lam_exp, lamc, lamr, lamg
            1118                           DOUBLE PRECISION:: lami, ilami
            1119                           REAL:: xDc, Dc_b, Dc_g, xDi, xDr, xDs, xDg, Ds_m, Dg_m
            1120                           DOUBLE PRECISION:: Dr_star
            1121                           REAL:: zeta1, zeta, taud, tau
            1122                           REAL:: stoke_r, stoke_s, stoke_g, stoke_i
            1123                           REAL:: vti, vtr, vts, vtg
            1124                           REAL, DIMENSION(kts:kte+1):: vtik, vtnik, vtrk, vtnrk, vtsk, vtgk
            1125                           REAL, DIMENSION(kts:kte):: vts_boost
            1126                           REAL:: Mrat, ils1, ils2, t1_vts, t2_vts, t3_vts, t4_vts, C_snow
            1127                           REAL:: a_, b_, loga_, A1, A2, tf
            1128                           REAL:: tempc, tc0, r_mvd1, r_mvd2, xkrat
            1129                           REAL:: xnc, xri, xni, xmi, oxmi, xrc, xrr, xnr
            1130                           REAL:: xsat, rate_max, sump, ratio
            1131                           REAL:: clap, fcd, dfcd
            1132                           REAL:: otemp, rvs, rvs_p, rvs_pp, gamsc, alphsc, t1_evap, t1_subl
            1133                           REAL:: r_frac, g_frac
            1134                           REAL:: Ef_rw, Ef_sw, Ef_gw, Ef_rr
            1135                           REAL:: dtsave, odts, odt, odzq
            1136                           REAL:: xslw1, ygra1, zans1
            1137                           INTEGER:: i, k, k2, n, nn, nstep, k_0, kbot, IT, iexfrq
            1138                           INTEGER, DIMENSION(4):: ksed1
            1139                           INTEGER:: nir, nis, nig, nii, nic
            1140                           INTEGER:: idx_tc, idx_t, idx_s, idx_g1, idx_g, idx_r1, idx_r,     &
            1141                                     idx_i1, idx_i, idx_c, idx, idx_d
            1142                           LOGICAL:: melti, no_micro
            1143                           LOGICAL, DIMENSION(kts:kte):: L_qc, L_qi, L_qr, L_qs, L_qg
            1144                           LOGICAL:: debug_flag
            1145                           INTEGER:: idx_lo ! land and ocean
            1146                     
            1147                     !+---+
            1148                     
            1149                           debug_flag = .false.
            1150                     !     if (ii.eq.315 ) debug_flag = .true.
            1151                     
            1152                           no_micro = .true.
            1153                           dtsave = dt
            1154                           odt = 1./dt
            1155                           odts = 1./dtsave
            1156                           iexfrq = 1
            1157                     
            1158     1                     if(islmski == 1) then
            1159     1                       idx_lo = 1
            1160     1                     else
            1161     1                       idx_lo = 2
            1162     1                     endif
            1163                     
            1164                     !+---+-----------------------------------------------------------------+
            1165                     !.. Source/sink terms.  First 2 chars: "pr" represents source/sink of
            1166                     !.. mass while "pn" represents source/sink of number.  Next char is one
            1167                     !.. of "v" for water vapor, "r" for rain, "i" for cloud ice, "w" for
            1168                     !.. cloud water, "s" for snow, and "g" for graupel.  Next chars
            1169                     !.. represent processes: "de" for sublimation/deposition, "ev" for
            1170                     !.. evaporation, "fz" for freezing, "ml" for melting, "au" for
            1171                     !.. autoconversion, "nu" for ice nucleation, "hm" for Hallet/Mossop
            1172                     !.. secondary ice production, and "c" for collection followed by the
            1173                     !.. character for the species being collected.  ALL of these terms are
            1174                     !.. positive (except for deposition/sublimation terms which can switch
            1175                     !.. signs based on super/subsaturation) and are treated as negatives
            1176                     !.. where necessary in the tendency equations.
            1177                     !+---+-----------------------------------------------------------------+
            1178                     
                                   <<< Loop-information Start >>>
                                   <<<  [PARALLELIZATION]
                                   <<<    Standard iteration count: 92
                                   <<<  [OPTIMIZATION]
                                   <<<    SIMD(VL: 8)
                                   <<<    PREFETCH(HARD) Expected by compiler :
                                   <<<      prg_rci, qvten, qcten, qrten, prg_rcs
                                   <<<      prg_rcg, prg_ihm, tten, qiten, qsten
                                   <<<      qgten, niten, nrten, prw_vcd, prv_rev
                                   <<<      prr_wau
                                   <<<    PREFETCH(SOFT) : 80
                                   <<<     SEQUENTIAL : 80
                                   <<<      prr_rcw: 2, prr_rcs: 2, prr_rcg: 2
                                   <<<      prr_sml: 2, prr_gml: 2, prr_rci: 2
                                   <<<      pnr_wau: 2, pnr_rcs: 2, pnr_rcg: 2
                                   <<<      pnr_rci: 2, pnr_sml: 2, pnr_gml: 2
                                   <<<      pnr_rev: 2, pnr_rcr: 2, pnr_rfz: 2
                                   <<<      pri_inu: 2, pni_inu: 2, pri_ihm: 2
                                   <<<      pni_ihm: 2, pri_wfz: 2, pni_wfz: 2
                                   <<<      pri_rfz: 2, pni_rfz: 2, pri_ide: 2
                                   <<<      pni_ide: 2, pri_rci: 2, pni_rci: 2
                                   <<<      pni_sci: 2, pni_iau: 2, prs_iau: 2
                                   <<<      prs_sci: 2, prs_rcs: 2, prs_scw: 2
                                   <<<      prs_sde: 2, prs_ihm: 2, prs_ide: 2
                                   <<<      prg_scw: 2, prg_rfz: 2, prg_gde: 2
                                   <<<      prg_gcw: 2
                                   <<<    SPILLS :
                                   <<<      GENERAL   : SPILL 0  FILL 29
                                   <<<      SIMD&FP   : SPILL 0  FILL 0
                                   <<<      SCALABLE  : SPILL 0  FILL 0
                                   <<<      PREDICATE : SPILL 0  FILL 0
                                   <<< Loop-information  End >>>
            1179     1  pp    v            do k = kts, kte
            1180     1   p    v               tten(k) = 0.
            1181     1   p    v               qvten(k) = 0.
            1182     1   p    v               qcten(k) = 0.
            1183     1   p    v               qiten(k) = 0.
            1184     1   p    v               qrten(k) = 0.
            1185     1   p    v               qsten(k) = 0.
            1186     1   p    v               qgten(k) = 0.
            1187     1   p    v               niten(k) = 0.
            1188     1   p    v               nrten(k) = 0.
            1189     1               
            1190     1   p    v               prw_vcd(k) = 0.
            1191     1               
            1192     1   p    v               prv_rev(k) = 0.
            1193     1   p    v               prr_wau(k) = 0.
            1194     1   p    v               prr_rcw(k) = 0.
            1195     1   p    v               prr_rcs(k) = 0.
            1196     1   p    v               prr_rcg(k) = 0.
            1197     1   p    v               prr_sml(k) = 0.
            1198     1   p    v               prr_gml(k) = 0.
            1199     1   p    v               prr_rci(k) = 0.
            1200     1   p    v               pnr_wau(k) = 0.
            1201     1   p    v               pnr_rcs(k) = 0.
            1202     1   p    v               pnr_rcg(k) = 0.
            1203     1   p    v               pnr_rci(k) = 0.
            1204     1   p    v               pnr_sml(k) = 0.
            1205     1   p    v               pnr_gml(k) = 0.
            1206     1   p    v               pnr_rev(k) = 0.
            1207     1   p    v               pnr_rcr(k) = 0.
            1208     1   p    v               pnr_rfz(k) = 0.
            1209     1               
            1210     1   p    v               pri_inu(k) = 0.
            1211     1   p    v               pni_inu(k) = 0.
            1212     1   p    v               pri_ihm(k) = 0.
            1213     1   p    v               pni_ihm(k) = 0.
            1214     1   p    v               pri_wfz(k) = 0.
            1215     1   p    v               pni_wfz(k) = 0.
            1216     1   p    v               pri_rfz(k) = 0.
            1217     1   p    v               pni_rfz(k) = 0.
            1218     1   p    v               pri_ide(k) = 0.
            1219     1   p    v               pni_ide(k) = 0.
            1220     1   p    v               pri_rci(k) = 0.
            1221     1   p    v               pni_rci(k) = 0.
            1222     1   p    v               pni_sci(k) = 0.
            1223     1   p    v               pni_iau(k) = 0.
            1224     1               
            1225     1   p    v               prs_iau(k) = 0.
            1226     1   p    v               prs_sci(k) = 0.
            1227     1   p    v               prs_rcs(k) = 0.
            1228     1   p    v               prs_scw(k) = 0.
            1229     1   p    v               prs_sde(k) = 0.
            1230     1   p    v               prs_ihm(k) = 0.
            1231     1   p    v               prs_ide(k) = 0.
            1232     1               
            1233     1   p    v               prg_scw(k) = 0.
            1234     1   p    v               prg_rfz(k) = 0.
            1235     1   p    v               prg_gde(k) = 0.
            1236     1   p    v               prg_gcw(k) = 0.
            1237     1   p    v               prg_rci(k) = 0.
            1238     1   p    v               prg_rcs(k) = 0.
            1239     1   p    v               prg_rcg(k) = 0.
            1240     1   p    v               prg_ihm(k) = 0.
            1241     1   p    v            enddo
            1242                     !#ifdef WRF_CHEM
            1243                     !      do k = kts, kte
            1244                     !         rainprod(k) = 0.
            1245                     !         evapprod(k) = 0.
            1246                     !      enddo
            1247                     !#endif
            1248                     
            1249                     !+---+-----------------------------------------------------------------+
            1250                     !..Put column of data into local arrays.
            1251                     !+---+-----------------------------------------------------------------+
                                   <<< Loop-information Start >>>
                                   <<<  [PARALLELIZATION]
                                   <<<    Standard iteration count: 16
                                   <<< Loop-information  End >>>
            1252     1  pp    s            do k = kts, kte
            1253     1   p    v               temp(k) = t1d(k)
            1254     1   p    v               qv(k) = MAX(1.E-10, qv1d(k))
            1255     1   p    v               pres(k) = p1d(k)
            1256     1   p    v               rho(k) = 0.622*pres(k)/(R*temp(k)*(qv(k)+0.622))
            1257     2   p    v               if (qc1d(k) .gt. R1) then
            1258     2   p    v                  no_micro = .false.
            1259     2   p    v                  rc(k) = qc1d(k)*rho(k)
            1260     2   p    v                  L_qc(k) = .true.
            1261     2   p                    else
            1262     2   p    v                  qc1d(k) = 0.0
            1263     2   p                       rc(k) = R1
            1264     2   p                       L_qc(k) = .false.
            1265     2   p    v               endif
            1266     2   p    v               if (qi1d(k) .gt. R1) then
            1267     2   p    m                  no_micro = .false.
            1268     2   p    v                  ri(k) = qi1d(k)*rho(k)
            1269     2   p    v                  ni(k) = MAX(R2, ni1d(k)*rho(k))
            1270     2   p    v                  L_qi(k) = .true.
            1271     2   p    m                  lami = (am_i*cig(2)*oig1*ni(k)/ri(k))**obmi
            1272     2   p    s                  ilami = 1./lami
            1273     2   p    s                  xDi = (bm_i + mu_i + 1.) * ilami
            1274     3   p    m                  if (xDi.lt. 20.E-6) then
            1275     3   p    s                   lami = cie(2)/20.E-6
            1276     3   p    m                   ni(k) = MIN(250.D3, cig(1)*oig2*ri(k)/am_i*lami**bm_i)
            1277     3   p                       elseif (xDi.gt. 300.E-6) then
            1278     3   p    m                   lami = cie(2)/300.E-6
            1279     3   p    m                   ni(k) = cig(1)*oig2*ri(k)/am_i*lami**bm_i
            1280     3   p                       endif
            1281     2   p                    else
            1282     2   p    v                  qi1d(k) = 0.0
            1283     2   p                       ni1d(k) = 0.0
            1284     2   p                       ri(k) = R1
            1285     2   p                       ni(k) = R2
            1286     2   p                       L_qi(k) = .false.
            1287     2   p    v               endif
            1288     1               
            1289     2   p    v               if (qr1d(k) .gt. R1) then
            1290     2   p    m                  no_micro = .false.
            1291     2   p    v                  rr(k) = qr1d(k)*rho(k)
            1292     2   p    v                  nr(k) = MAX(R2, nr1d(k)*rho(k))
            1293     2   p    v                  L_qr(k) = .true.
            1294     2   p    m                  lamr = (am_r*crg(3)*org2*nr(k)/rr(k))**obmr
            1295     2   p    s                  mvd_r(k) = (3.0 + mu_r + 0.672) / lamr
            1296     3   p    m                  if (mvd_r(k) .gt. 2.5E-3) then
            1297     3   p    v                     mvd_r(k) = 2.5E-3
            1298     3   p                          lamr = (3.0 + mu_r + 0.672) / mvd_r(k)
            1299     3   p    s                     nr(k) = crg(2)*org3*rr(k)*lamr**bm_r / am_r
            1300     3   p                       elseif (mvd_r(k) .lt. D0r*0.75) then
            1301     3   p    m                     mvd_r(k) = D0r*0.75
            1302     3   p    s                     lamr = (3.0 + mu_r + 0.672) / mvd_r(k)
            1303     3   p    m                     nr(k) = crg(2)*org3*rr(k)*lamr**bm_r / am_r
            1304     3   p                       endif
            1305     2   p                    else
            1306     2   p    v                  qr1d(k) = 0.0
            1307     2   p                       nr1d(k) = 0.0
            1308     2   p                       rr(k) = R1
            1309     2   p                       nr(k) = R2
            1310     2   p                       L_qr(k) = .false.
            1311     2   p    v               endif
            1312     2   p    v               if (qs1d(k) .gt. R1) then
            1313     2   p    v                  no_micro = .false.
            1314     2   p    v                  rs(k) = qs1d(k)*rho(k)
            1315     2   p    v                  L_qs(k) = .true.
            1316     2   p                    else
            1317     2   p    v                  qs1d(k) = 0.0
            1318     2   p                       rs(k) = R1
            1319     2   p                       L_qs(k) = .false.
            1320     2   p    v               endif
            1321     2   p    v               if (qg1d(k) .gt. R1) then
            1322     2   p    v                  no_micro = .false.
            1323     2   p    v                  rg(k) = qg1d(k)*rho(k)
            1324     2   p    v                  L_qg(k) = .true.
            1325     2   p                    else
            1326     2   p    v                  qg1d(k) = 0.0
            1327     2   p                       rg(k) = R1
            1328     2   p                       L_qg(k) = .false.
            1329     2   p    v               endif
            1330     1   p    v            enddo
            1331                     
            1332                     !+---+-----------------------------------------------------------------+
            1333                     !..Derive various thermodynamic variables frequently used.
            1334                     !.. Saturation vapor pressure (mixing ratio) over liquid/ice comes from
            1335                     !.. Flatau et al. 1992; enthalpy (latent heat) of vaporization from
            1336                     !.. Bohren & Albrecht 1998; others from Pruppacher & Klett 1978.
            1337                     !+---+-----------------------------------------------------------------+
                                   <<< Loop-information Start >>>
                                   <<<  [OPTIMIZATION]
                                   <<<    PREFETCH(HARD) Expected by compiler :
                                   <<<      temp, rho, pres, qv, rhof, rhof2, qvs
                                   <<<      delQvs, qvsi, satw, sati, ssatw, ssati
                                   <<<      diffu
                                   <<<    PREFETCH(SOFT) : 10
                                   <<<     SEQUENTIAL : 10
                                   <<<      visco: 2, ocp: 2, vsc2: 2, lvap: 2
                                   <<<      tcond: 2
                                   <<<    SPILLS :
                                   <<<      GENERAL   : SPILL 0  FILL 1
                                   <<<      SIMD&FP   : SPILL 1  FILL 7
                                   <<<      SCALABLE  : SPILL 0  FILL 0
                                   <<<      PREDICATE : SPILL 0  FILL 0
                                   <<< Loop-information  End >>>
            1338     1   s    s            do k = kts, kte
            1339     1   p    v               tempc = temp(k) - 273.15
            1340     1   p    v               rhof(k) = SQRT(RHO_NOT/rho(k))
            1341     1   p    v               rhof2(k) = SQRT(rhof(k))
            1342     1   pi   v               qvs(k) = rslf(pres(k), temp(k))
            1343     1   pi   v               delQvs(k) = MAX(0.0, rslf(pres(k), 273.15)-qv(k))
            1344     2   p    v               if (tempc .le. 0.0) then
            1345     2   pi   v                qvsi(k) = rsif(pres(k), temp(k))
            1346     2   p    v               else
            1347     2   p    v                qvsi(k) = qvs(k)
            1348     2   p    v               endif
            1349     1   p    v               satw(k) = qv(k)/qvs(k)
            1350     1   p    v               sati(k) = qv(k)/qvsi(k)
            1351     1   p    v               ssatw(k) = satw(k) - 1.
            1352     1   p    v               ssati(k) = sati(k) - 1.
            1353     1   p    v               if (abs(ssatw(k)).lt. eps) ssatw(k) = 0.0
            1354     1   p    v               if (abs(ssati(k)).lt. eps) ssati(k) = 0.0
            1355     1   m    m               if (no_micro .and. ssati(k).gt. 0.0) no_micro = .false.
            1356     1   p    v               diffu(k) = 2.11E-5*(temp(k)/273.15)**1.94 * (101325./pres(k))
            1357     2   p    v               if (tempc .ge. 0.0) then
            1358     2   p    v                  visco(k) = (1.718+0.0049*tempc)*1.0E-5
            1359     2   p    v               else
            1360     2   p    v                  visco(k) = (1.718+0.0049*tempc-1.2E-5*tempc*tempc)*1.0E-5
            1361     2   p    v               endif
            1362     1   p    v               ocp(k) = 1./(Cp*(1.+0.887*qv(k)))
            1363     1   p    v               vsc2(k) = SQRT(rho(k)/visco(k))
            1364     1   p    v               lvap(k) = lvap0 + (2106.0 - 4218.0)*tempc
            1365     1   p    v               tcond(k) = (5.69 + 0.0168*tempc)*1.0E-5 * 418.936
            1366     1   p    v            enddo
            1367                     
            1368                     !+---+-----------------------------------------------------------------+
            1369                     !..If no existing hydrometeor species and no chance to initiate ice or
            1370                     !.. condense cloud water, just exit quickly!
            1371                     !+---+-----------------------------------------------------------------+
            1372                     
            1373                           if (no_micro) return
            1374                     
            1375                     !+---+-----------------------------------------------------------------+
            1376                     !..Calculate y-intercept, slope, and useful moments for snow.
            1377                     !+---+-----------------------------------------------------------------+
            1378     1                     if (.not. iiwarm) then
                                   <<< Loop-information Start >>>
                                   <<<  [PARALLELIZATION]
                                   <<<    Standard iteration count: 5
                                   <<<  [OPTIMIZATION]
                                   <<<    SIMD(VL: 8)
                                   <<<    PREFETCH(HARD) Expected by compiler :
                                   <<<      L_qs, rs, temp, smob, smo2, smo0, smo1
                                   <<<      smoc, smoe, smof
                                   <<<    SPILLS :
                                   <<<      GENERAL   : SPILL 0  FILL 0
                                   <<<      SIMD&FP   : SPILL 0  FILL 0
                                   <<<      SCALABLE  : SPILL 64  FILL 169
                                   <<<      PREDICATE : SPILL 0  FILL 0
                                   <<< Loop-information  End >>>
            1379     2  pp    v            do k = kts, kte
            1380     2   p    v               if (.not. L_qs(k)) CYCLE
            1381     2   p    v               tc0 = MIN(-0.1, temp(k)-273.15)
            1382     2   p    v               smob(k) = rs(k)*oams
            1383     2               
            1384     2               !..All other moments based on reference, 2nd moment.  If bm_s.ne.2,
            1385     2               !.. then we must compute actual 2nd moment and use as reference.
            1386     3   p    v               if (bm_s.gt.(2.0-1.e-3) .and. bm_s.lt.(2.0+1.e-3)) then
            1387     3   p    v                  smo2(k) = smob(k)
            1388     3                        else
            1389     3                           loga_ = sa(1) + sa(2)*tc0 + sa(3)*bm_s &
            1390     3                              + sa(4)*tc0*bm_s + sa(5)*tc0*tc0 &
            1391     3                              + sa(6)*bm_s*bm_s + sa(7)*tc0*tc0*bm_s &
            1392     3                              + sa(8)*tc0*bm_s*bm_s + sa(9)*tc0*tc0*tc0 &
            1393     3                              + sa(10)*bm_s*bm_s*bm_s
            1394     3                           a_ = 10.0**loga_
            1395     3                           b_ = sb(1) + sb(2)*tc0 + sb(3)*bm_s &
            1396     3                              + sb(4)*tc0*bm_s + sb(5)*tc0*tc0 &
            1397     3                              + sb(6)*bm_s*bm_s + sb(7)*tc0*tc0*bm_s &
            1398     3                              + sb(8)*tc0*bm_s*bm_s + sb(9)*tc0*tc0*tc0 &
            1399     3                              + sb(10)*bm_s*bm_s*bm_s
            1400     3                           smo2(k) = (smob(k)/a_)**(1./b_)
            1401     3   p    v               endif
            1402     2               
            1403     2               !..Calculate 0th moment.  Represents snow number concentration.
            1404     2   p    v               loga_ = sa(1) + sa(2)*tc0 + sa(5)*tc0*tc0 + sa(9)*tc0*tc0*tc0
            1405     2   p    v               a_ = 10.0**loga_
            1406     2   p    v               b_ = sb(1) + sb(2)*tc0 + sb(5)*tc0*tc0 + sb(9)*tc0*tc0*tc0
            1407     2   p    v               smo0(k) = a_ * smo2(k)**b_
            1408     2               
            1409     2               !..Calculate 1st moment.  Useful for depositional growth and melting.
            1410     2   p    v               loga_ = sa(1) + sa(2)*tc0 + sa(3) &
            1411     2                              + sa(4)*tc0 + sa(5)*tc0*tc0 &
            1412     2                              + sa(6) + sa(7)*tc0*tc0 &
            1413     2                              + sa(8)*tc0 + sa(9)*tc0*tc0*tc0 &
            1414     2                              + sa(10)
            1415     2   p    v               a_ = 10.0**loga_
            1416     2   p    v               b_ = sb(1)+ sb(2)*tc0 + sb(3) + sb(4)*tc0 &
            1417     2                             + sb(5)*tc0*tc0 + sb(6) &
            1418     2                             + sb(7)*tc0*tc0 + sb(8)*tc0 &
            1419     2                             + sb(9)*tc0*tc0*tc0 + sb(10)
            1420     2   p    v               smo1(k) = a_ * smo2(k)**b_
            1421     2               
            1422     2               !..Calculate bm_s+1 (th) moment.  Useful for diameter calcs.
            1423     2   p    v               loga_ = sa(1) + sa(2)*tc0 + sa(3)*cse(1) &
            1424     2                              + sa(4)*tc0*cse(1) + sa(5)*tc0*tc0 &
            1425     2                              + sa(6)*cse(1)*cse(1) + sa(7)*tc0*tc0*cse(1) &
            1426     2                              + sa(8)*tc0*cse(1)*cse(1) + sa(9)*tc0*tc0*tc0 &
            1427     2                              + sa(10)*cse(1)*cse(1)*cse(1)
            1428     2   p    v               a_ = 10.0**loga_
            1429     2   p    v               b_ = sb(1)+ sb(2)*tc0 + sb(3)*cse(1) + sb(4)*tc0*cse(1) &
            1430     2                             + sb(5)*tc0*tc0 + sb(6)*cse(1)*cse(1) &
            1431     2                             + sb(7)*tc0*tc0*cse(1) + sb(8)*tc0*cse(1)*cse(1) &
            1432     2                             + sb(9)*tc0*tc0*tc0 + sb(10)*cse(1)*cse(1)*cse(1)
            1433     2   p    v               smoc(k) = a_ * smo2(k)**b_
            1434     2               
            1435     2               !..Calculate bv_s+2 (th) moment.  Useful for riming.
            1436     2   p    v               loga_ = sa(1) + sa(2)*tc0 + sa(3)*cse(13) &
            1437     2                              + sa(4)*tc0*cse(13) + sa(5)*tc0*tc0 &
            1438     2                              + sa(6)*cse(13)*cse(13) + sa(7)*tc0*tc0*cse(13) &
            1439     2                              + sa(8)*tc0*cse(13)*cse(13) + sa(9)*tc0*tc0*tc0 &
            1440     2                              + sa(10)*cse(13)*cse(13)*cse(13)
            1441     2   p    v               a_ = 10.0**loga_
            1442     2   p    v               b_ = sb(1)+ sb(2)*tc0 + sb(3)*cse(13) + sb(4)*tc0*cse(13) &
            1443     2                             + sb(5)*tc0*tc0 + sb(6)*cse(13)*cse(13) &
            1444     2                             + sb(7)*tc0*tc0*cse(13) + sb(8)*tc0*cse(13)*cse(13) &
            1445     2                             + sb(9)*tc0*tc0*tc0 + sb(10)*cse(13)*cse(13)*cse(13)
            1446     2   p    v               smoe(k) = a_ * smo2(k)**b_
            1447     2               
            1448     2               !..Calculate 1+(bv_s+1)/2 (th) moment.  Useful for depositional growth.
            1449     2   p    v               loga_ = sa(1) + sa(2)*tc0 + sa(3)*cse(16) &
            1450     2                              + sa(4)*tc0*cse(16) + sa(5)*tc0*tc0 &
            1451     2                              + sa(6)*cse(16)*cse(16) + sa(7)*tc0*tc0*cse(16) &
            1452     2                              + sa(8)*tc0*cse(16)*cse(16) + sa(9)*tc0*tc0*tc0 &
            1453     2                              + sa(10)*cse(16)*cse(16)*cse(16)
            1454     2   p    v               a_ = 10.0**loga_
            1455     2   p    v               b_ = sb(1)+ sb(2)*tc0 + sb(3)*cse(16) + sb(4)*tc0*cse(16) &
            1456     2                             + sb(5)*tc0*tc0 + sb(6)*cse(16)*cse(16) &
            1457     2                             + sb(7)*tc0*tc0*cse(16) + sb(8)*tc0*cse(16)*cse(16) &
            1458     2                             + sb(9)*tc0*tc0*tc0 + sb(10)*cse(16)*cse(16)*cse(16)
            1459     2   p    v               smof(k) = a_ * smo2(k)**b_
            1460     2               
            1461     2   p    v            enddo
            1462     1               
            1463     1               !+---+-----------------------------------------------------------------+
            1464     1               !..Calculate y-intercept, slope values for graupel.
            1465     1               !+---+-----------------------------------------------------------------+
            1466     1                     N0_min = gonv_max
                                   <<< Loop-information Start >>>
                                   <<<  [PARALLELIZATION]
                                   <<<    Standard iteration count: 22
                                   <<<  [OPTIMIZATION]
                                   <<<    SIMD(VL: 8)
                                   <<<    SOFTWARE PIPELINING(IPC: 1.25, ITR: 8, MVE: 2, POL: S)
                                   <<<    PREFETCH(HARD) Expected by compiler :
                                   <<<      temp, rg, ilamg, N0_g, (unknown)
                                   <<<    SPILLS :
                                   <<<      GENERAL   : SPILL 0  FILL 0
                                   <<<      SIMD&FP   : SPILL 0  FILL 1
                                   <<<      SCALABLE  : SPILL 0  FILL 0
                                   <<<      PREDICATE : SPILL 0  FILL 0
                                   <<< Loop-information  End >>>
            1467     2   m    m            do k = kte, kts, -1
            1468     3   p    v               if (temp(k).lt.270.65 .and. L_qr(k) .and. mvd_r(k).gt.100.E-6) then
            1469     3   p    m                  xslw1 = 4.01 + dlog10(mvd_r(k))
            1470     3   p    v               else
            1471     3   p    s                  xslw1 = 0.01
            1472     3   p    m               endif
            1473     2   p    m               ygra1 = 4.31 + dlog10(max(5.E-5, rg(k)))
            1474     2   p    v               zans1 = 3.1 + (100./(300.*xslw1*ygra1/(10./xslw1+1.+0.25*ygra1)+30.+10.*ygra1))
            1475     2   p    v               N0_exp = 10.**(zans1)
            1476     2   p    v               N0_exp = MAX(DBLE(gonv_min), MIN(N0_exp, DBLE(gonv_max)))
            1477     2   s    s               N0_min = MIN(N0_exp, N0_min)
            1478     2   p    v               N0_exp = N0_min
            1479     2   p    v               lam_exp = (N0_exp*am_g*cgg(1)/rg(k))**oge1
            1480     2   p    v               lamg = lam_exp * (cgg(3)*ogg2*ogg1)**obmg
            1481     2   p    v               ilamg(k) = 1./lamg
            1482     2   p    v               N0_g(k) = N0_exp/(cgg(2)*lam_exp) * lamg**cge(2)
            1483     2               !+---+-----------------------------------------------------------------+
            1484     2               !     if( debug_flag .and. k.lt.42) then
            1485     2               !        if (k.eq.41) write(mp_debug,*) 'DEBUG-GT:   K,   zans1,      rc,        rr,         rg,        N0_g'
            1486     2               !        if (k.eq.41) CALL wrf_debug(0, mp_debug)
            1487     2               !        write(mp_debug, 'a, i2, 1x, f6.3, 1x, 4(1x,e13.6,1x)')         &
            1488     2               !                   '  GT ', k, zans1, rc(k), rr(k), rg(k), N0_g(k)
            1489     2               !        CALL wrf_debug(0, mp_debug)
            1490     2               !     endif
            1491     2               !+---+-----------------------------------------------------------------+
            1492     2   p    v            enddo
            1493     1               
            1494     1                     endif
            1495                     
            1496                     !+---+-----------------------------------------------------------------+
            1497                     !..Calculate y-intercept, slope values for rain.
            1498                     !+---+-----------------------------------------------------------------+
                                   <<< Loop-information Start >>>
                                   <<<  [PARALLELIZATION]
                                   <<<    Standard iteration count: 22
                                   <<<  [OPTIMIZATION]
                                   <<<    SIMD(VL: 8)
                                   <<<    PREFETCH(HARD) Expected by compiler :
                                   <<<      rr, nr, ilamr, N0_r, mvd_r
                                   <<< Loop-information  End >>>
            1499     1  pp    v            do k = kte, kts, -1
            1500     1   p    v               lamr = (am_r*crg(3)*org2*nr(k)/rr(k))**obmr
            1501     1   p    v               ilamr(k) = 1./lamr
            1502     1   p    v               mvd_r(k) = (3.0 + mu_r + 0.672) / lamr
            1503     1   p    v               N0_r(k) = nr(k)*org2*lamr**cre(2)
            1504     1   p    v            enddo
            1505                     
            1506                     !+---+-----------------------------------------------------------------+
            1507                     !..Compute warm-rain process terms (except evap done later).
            1508                     !+---+-----------------------------------------------------------------+
            1509                     
                                   <<< Loop-information Start >>>
                                   <<<  [OPTIMIZATION]
                                   <<<    PREFETCH(HARD) Expected by compiler :
                                   <<<      L_qr, mvd_c, L_qc
                                   <<<    SPILLS :
                                   <<<      GENERAL   : SPILL 0  FILL 5
                                   <<<      SIMD&FP   : SPILL 1  FILL 14
                                   <<<      SCALABLE  : SPILL 0  FILL 0
                                   <<<      PREDICATE : SPILL 0  FILL 0
                                   <<< Loop-information  End >>>
            1510     1                     do k = kts, kte
            1511     1               
            1512     1               !..Rain self-collection follows Seifert, 1994 and drop break-up
            1513     1               !.. follows Verlinde and Cotton, 1993.                                        RAIN2M
            1514     2                        if (L_qr(k) .and. mvd_r(k).gt. D0r) then
            1515     2               !-GT      Ef_rr = 1.0
            1516     2               !-GT      if (mvd_r(k) .gt. 1500.0E-6) then
            1517     2                            Ef_rr = 2.0 - EXP(2300.0*(mvd_r(k)-1600.0E-6))
            1518     2               !-GT      endif
            1519     2                         pnr_rcr(k) = Ef_rr * 4.*nr(k)*rr(k)
            1520     2                        endif
            1521     1               
            1522     1                        mvd_c(k) = D0c
            1523     1                        if (.not. L_qc(k)) CYCLE
            1524     1               !        xDc = MAX(D0c*1.E6, ((rc(k)/(am_r*Nt_c))**obmr) * 1.E6)
            1525     1               !        lamc = (Nt_c*am_r* ccg(2) * ocg1 / rc(k))**obmr
            1526     2                        if(islmski == 1) then
            1527     2                          xDc = MAX(D0c*1.E6, ((rc(k)/(am_r*Nt_cl))**obmr) * 1.E6)
            1528     2                          lamc = (Nt_cl*am_r* ccg(2,1) * ocg1(1) / rc(k))**obmr ! land
            1529     2                        else
            1530     2                          xDc = MAX(D0c*1.E6, ((rc(k)/(am_r*Nt_co))**obmr) * 1.E6)
            1531     2                          lamc = (Nt_co*am_r* ccg(2,2) * ocg1(2) / rc(k))**obmr ! ocean
            1532     2                        endif
            1533     1               !        mvd_c(k) = (3.0+mu_c+0.672) / lamc
            1534     2                        if(islmski == 1) then
            1535     2                          mvd_c(k) = (3.0+mu_cl+0.672) / lamc
            1536     2                        else
            1537     2                          mvd_c(k) = (3.0+mu_co+0.672) / lamc
            1538     2                        endif
            1539     1               
            1540     1               !        print*,'mvd_c:',mvd_c(k),islmski,mu_co,mu_cl,lamc
            1541     1               
            1542     1               !..Autoconversion follows Berry & Reinhardt (1974) with characteristic
            1543     1               !.. diameters correctly computed from gamma distrib of cloud droplets.
            1544     2                       if (rc(k).gt. 0.01e-3) then
            1545     2               !         Dc_g = ((ccg(3)*ocg2)**obmr / lamc) * 1.E6
            1546     3                         if(islmski == 1) then
            1547     3                           Dc_g = ((ccg(3,1)*ocg2(1))**obmr / lamc) * 1.E6
            1548     3                         else
            1549     3                           Dc_g = ((ccg(3,2)*ocg2(2))**obmr / lamc) * 1.E6
            1550     3                         endif
            1551     2               
            1552     2                         Dc_b = (xDc*xDc*xDc*Dc_g*Dc_g*Dc_g - xDc*xDc*xDc*xDc*xDc*xDc) &
            1553     2                                **(1./6.)
            1554     2                         zeta1 = 0.5*((6.25E-6*xDc*Dc_b*Dc_b*Dc_b - 0.4) &
            1555     2                                    + abs(6.25E-6*xDc*Dc_b*Dc_b*Dc_b - 0.4))
            1556     2                         zeta = 0.027*rc(k)*zeta1
            1557     2                         taud = 0.5*((0.5*Dc_b - 7.5) + abs(0.5*Dc_b - 7.5)) + R1
            1558     2                         tau  = 3.72/(rc(k)*taud)
            1559     2                         prr_wau(k) = zeta/tau
            1560     2                         prr_wau(k) = MIN(DBLE(rc(k)*odts), prr_wau(k))
            1561     2               !         pnr_wau(k) = prr_wau(k) / (am_r*mu_c*D0r*D0r*D0r)              ! RAIN2M
            1562     3                         if(islmski == 1) then
            1563     3                           pnr_wau(k) = prr_wau(k) / (am_r*mu_cl*D0r*D0r*D0r)              ! RAIN2M
            1564     3                         else
            1565     3                           pnr_wau(k) = prr_wau(k) / (am_r*mu_co*D0r*D0r*D0r)              ! RAIN2M
            1566     3                         endif
            1567     2                        endif
            1568     1               
            1569     1               !..Rain collecting cloud water.  In CE, assume Dc<<Dr and vtc=~0.
            1570     2                        if (L_qr(k) .and. mvd_r(k).gt. D0r .and. mvd_c(k).gt. D0c) then
            1571     2                         lamr = 1./ilamr(k)
            1572     2                         idx = 1 + INT(nbr*DLOG(mvd_r(k)/Dr(1))/DLOG(Dr(nbr)/Dr(1)))
            1573     2                         idx = MIN(idx, nbr)
            1574     3                         if(INT(mvd_c(k)*1.E6) .gt. nbr) then
            1575     3                           print*,'t_efrw:idx:',idx,'mvd_c(k)*1.e6:',                  &
            1576     3                                    INT(mvd_c(k)*1.E6)
            1577     3                           stop
            1578     3                         endif
            1579     2                         Ef_rw = t_Efrw(idx, INT(mvd_c(k)*1.E6))
            1580     2                         prr_rcw(k) = rhof(k)*t1_qr_qc*Ef_rw*rc(k)*N0_r(k) &
            1581     2                                        *((lamr+fv_r)**(-cre(9)))
            1582     2                         prr_rcw(k) = MIN(DBLE(rc(k)*odts), prr_rcw(k))
            1583     2                        endif
            1584     1                     enddo
            1585                     
            1586                     !+---+-----------------------------------------------------------------+
            1587                     !..Compute all frozen hydrometeor species' process terms.
            1588                     !+---+-----------------------------------------------------------------+
            1589     1                     if (.not. iiwarm) then
            1590     2                     do k = kts, kte
            1591     2                        vts_boost(k) = 1.5
            1592     2               
            1593     2               !..Temperature lookup table indexes.
            1594     2                        tempc = temp(k) - 273.15
            1595     2                        idx_tc = MAX(1, MIN(NINT(-tempc), 45) )
            1596     2                        idx_t = INT( (tempc-2.5)/5. ) - 1
            1597     2                        idx_t = MAX(1, -idx_t)
            1598     2                        idx_t = MIN(idx_t, ntb_t)
            1599     2                        IT = MAX(1, MIN(NINT(-tempc), 31) )
            1600     2               
            1601     2               !..Cloud water lookup table index.
            1602     3                        if (rc(k).gt. r_c(1)) then
            1603     3                         nic = NINT(DLOG10(rc(k)))
            1604     4                         do nn = nic-1, nic+1
            1605     4                            n = nn
            1606     4                            if ( (rc(k)/10.**nn).ge.1.0 .and. &
            1607     4                                 (rc(k)/10.**nn).lt.10.0) goto 141
            1608     4                         enddo
            1609     3                141      continue
            1610     3                         idx_c = INT(rc(k)/10.**n) + 10*(n-nic2) - (n-nic2)
            1611     3                         idx_c = MAX(1, MIN(idx_c, ntb_c))
            1612     3                        else
            1613     3                         idx_c = 1
            1614     3                        endif
            1615     2               
            1616     2               !..Cloud ice lookup table indexes.
            1617     3                        if (ri(k).gt. r_i(1)) then
            1618     3                         nii = NINT(DLOG10(ri(k)))
                                   <<< Loop-information Start >>>
                                   <<<  [OPTIMIZATION]
                                   <<<    SPILLS :
                                   <<<      GENERAL   : SPILL 0  FILL 0
                                   <<<      SIMD&FP   : SPILL 0  FILL 1
                                   <<<      SCALABLE  : SPILL 0  FILL 0
                                   <<<      PREDICATE : SPILL 0  FILL 0
                                   <<< Loop-information  End >>>
            1619     4                         do nn = nii-1, nii+1
            1620     4                            n = nn
            1621     4                            if ( (ri(k)/10.**nn).ge.1.0 .and. &
            1622     4                                 (ri(k)/10.**nn).lt.10.0) goto 142
            1623     4                         enddo
            1624     3                142      continue
            1625     3                         idx_i = INT(ri(k)/10.**n) + 10*(n-nii2) - (n-nii2)
            1626     3                         idx_i = MAX(1, MIN(idx_i, ntb_i))
            1627     3                        else
            1628     3                         idx_i = 1
            1629     3                        endif
            1630     2               
            1631     3                        if (ni(k).gt. Nt_i(1)) then
            1632     3                         nii = NINT(DLOG10(ni(k)))
                                   <<< Loop-information Start >>>
                                   <<<  [OPTIMIZATION]
                                   <<<    SPILLS :
                                   <<<      GENERAL   : SPILL 0  FILL 0
                                   <<<      SIMD&FP   : SPILL 0  FILL 1
                                   <<<      SCALABLE  : SPILL 0  FILL 0
                                   <<<      PREDICATE : SPILL 0  FILL 0
                                   <<< Loop-information  End >>>
            1633     4                         do nn = nii-1, nii+1
            1634     4                            n = nn
            1635     4                            if ( (ni(k)/10.**nn).ge.1.0 .and. &
            1636     4                                 (ni(k)/10.**nn).lt.10.0) goto 143
            1637     4                         enddo
            1638     3                143      continue
            1639     3                         idx_i1 = INT(ni(k)/10.**n) + 10*(n-nii3) - (n-nii3)
            1640     3                         idx_i1 = MAX(1, MIN(idx_i1, ntb_i1))
            1641     3                        else
            1642     3                         idx_i1 = 1
            1643     3                        endif
            1644     2               
            1645     2               !..Rain lookup table indexes.
            1646     3                        if (rr(k).gt. r_r(1)) then
            1647     3                         nir = NINT(DLOG10(rr(k)))
            1648     4                         do nn = nir-1, nir+1
            1649     4                            n = nn
            1650     4                            if ( (rr(k)/10.**nn).ge.1.0 .and. &
            1651     4                                 (rr(k)/10.**nn).lt.10.0) goto 144
            1652     4                         enddo
            1653     3                144      continue
            1654     3                         idx_r = INT(rr(k)/10.**n) + 10*(n-nir2) - (n-nir2)
            1655     3                         idx_r = MAX(1, MIN(idx_r, ntb_r))
            1656     3               
            1657     3                         lamr = 1./ilamr(k)
            1658     3                         lam_exp = lamr * (crg(3)*org2*org1)**bm_r
            1659     3                         N0_exp = org1*rr(k)/am_r * lam_exp**cre(1)
            1660     3                         nir = NINT(DLOG10(N0_exp))
            1661     4                         do nn = nir-1, nir+1
            1662     4                            n = nn
            1663     4                            if ( (N0_exp/10.**nn).ge.1.0 .and. &
            1664     4                                 (N0_exp/10.**nn).lt.10.0) goto 145
            1665     4                         enddo
            1666     3                145      continue
            1667     3                         idx_r1 = INT(N0_exp/10.**n) + 10*(n-nir3) - (n-nir3)
            1668     3                         idx_r1 = MAX(1, MIN(idx_r1, ntb_r1))
            1669     3                        else
            1670     3                         idx_r = 1
            1671     3                         idx_r1 = ntb_r1
            1672     3                        endif
            1673     2               
            1674     2               !..Snow lookup table index.
            1675     3                        if (rs(k).gt. r_s(1)) then
            1676     3                         nis = NINT(DLOG10(rs(k)))
            1677     4                         do nn = nis-1, nis+1
            1678     4                            n = nn
            1679     4                            if ( (rs(k)/10.**nn).ge.1.0 .and. &
            1680     4                                 (rs(k)/10.**nn).lt.10.0) goto 146
            1681     4                         enddo
            1682     3                146      continue
            1683     3                         idx_s = INT(rs(k)/10.**n) + 10*(n-nis2) - (n-nis2)
            1684     3                         idx_s = MAX(1, MIN(idx_s, ntb_s))
            1685     3                        else
            1686     3                         idx_s = 1
            1687     3                        endif
            1688     2               
            1689     2               !..Graupel lookup table index.
            1690     3                        if (rg(k).gt. r_g(1)) then
            1691     3                         nig = NINT(DLOG10(rg(k)))
            1692     4                         do nn = nig-1, nig+1
            1693     4                            n = nn
            1694     4                            if ( (rg(k)/10.**nn).ge.1.0 .and. &
            1695     4                                 (rg(k)/10.**nn).lt.10.0) goto 147
            1696     4                         enddo
            1697     3                147      continue
            1698     3                         idx_g = INT(rg(k)/10.**n) + 10*(n-nig2) - (n-nig2)
            1699     3                         idx_g = MAX(1, MIN(idx_g, ntb_g))
            1700     3               
            1701     3                         lamg = 1./ilamg(k)
            1702     3                         lam_exp = lamg * (cgg(3)*ogg2*ogg1)**bm_g
            1703     3                         N0_exp = ogg1*rg(k)/am_g * lam_exp**cge(1)
            1704     3                         nig = NINT(DLOG10(N0_exp))
            1705     4                         do nn = nig-1, nig+1
            1706     4                            n = nn
            1707     4                            if ( (N0_exp/10.**nn).ge.1.0 .and. &
            1708     4                                 (N0_exp/10.**nn).lt.10.0) goto 148
            1709     4                         enddo
            1710     3                148      continue
            1711     3                         idx_g1 = INT(N0_exp/10.**n) + 10*(n-nig3) - (n-nig3)
            1712     3                         idx_g1 = MAX(1, MIN(idx_g1, ntb_g1))
            1713     3                        else
            1714     3                         idx_g = 1
            1715     3                         idx_g1 = ntb_g1
            1716     3                        endif
            1717     2               
            1718     2               !..Deposition/sublimation prefactor (from Srivastava & Coen 1992).
            1719     2                        otemp = 1./temp(k)
            1720     2                        rvs = rho(k)*qvsi(k)
            1721     2                        rvs_p = rvs*otemp*(lsub*otemp*oRv - 1.)
            1722     2                        rvs_pp = rvs * ( otemp*(lsub*otemp*oRv - 1.) &
            1723     2                                        *otemp*(lsub*otemp*oRv - 1.) &
            1724     2                                        + (-2.*lsub*otemp*otemp*otemp*oRv) &
            1725     2                                        + otemp*otemp)
            1726     2                        gamsc = lsub*diffu(k)/tcond(k) * rvs_p
            1727     2                        alphsc = 0.5*(gamsc/(1.+gamsc))*(gamsc/(1.+gamsc)) &
            1728     2                                   * rvs_pp/rvs_p * rvs/rvs_p
            1729     2                        alphsc = MAX(1.E-9, alphsc)
            1730     2                        xsat = ssati(k)
            1731     2                        if (abs(xsat).lt. 1.E-9) xsat=0.
            1732     2                        t1_subl = 4.*PI*( 1.0 - alphsc*xsat &
            1733     2                               + 2.*alphsc*alphsc*xsat*xsat &
            1734     2                               - 5.*alphsc*alphsc*alphsc*xsat*xsat*xsat ) &
            1735     2                               / (1.+gamsc)
            1736     2               
            1737     2               !..Snow collecting cloud water.  In CE, assume Dc<<Ds and vtc=~0.
            1738     3                        if (L_qc(k) .and. mvd_c(k).gt. D0c) then
            1739     3                         xDs = 0.0
            1740     3                         if (L_qs(k)) xDs = smoc(k) / smob(k)
            1741     4                         if (xDs .gt. D0s) then
            1742     4                          idx = 1 + INT(nbs*DLOG(xDs/Ds(1))/DLOG(Ds(nbs)/Ds(1)))
            1743     4                          idx = MIN(idx, nbs)
            1744     5                          if(INT(mvd_c(k)*1.E6) .gt. nbr) then
            1745     5                            print*,'t_efsw:idx:',idx,'mvd_c(k)*1.e6:', &
            1746     5                                  INT(mvd_c(k)*1.E6)
            1747     5                            stop
            1748     5                          endif
            1749     4                          Ef_sw = t_Efsw(idx, INT(mvd_c(k)*1.E6))
            1750     4                          prs_scw(k) = rhof(k)*t1_qs_qc*Ef_sw*rc(k)*smoe(k)
            1751     4                         endif
            1752     3               
            1753     3               !..Graupel collecting cloud water.  In CE, assume Dc<<Dg and vtc=~0.
            1754     4                         if (rg(k).ge. r_g(1) .and. mvd_c(k).gt. D0c) then
            1755     4                          xDg = (bm_g + mu_g + 1.) * ilamg(k)
            1756     4                          vtg = rhof(k)*av_g*cgg(6)*ogg3 * ilamg(k)**bv_g
            1757     4                          stoke_g = mvd_c(k)*mvd_c(k)*vtg*rho_w/(9.*visco(k)*xDg)
            1758     5                          if (xDg.gt. D0g) then
            1759     6                           if (stoke_g.ge.0.4 .and. stoke_g.le.10.) then
            1760     6                            Ef_gw = 0.55*DLOG10(2.51*stoke_g)
            1761     6                           elseif (stoke_g.lt.0.4) then
            1762     6                            Ef_gw = 0.0
            1763     6                           elseif (stoke_g.gt.10) then
            1764     6                            Ef_gw = 0.77
            1765     6                           endif
            1766     5                           prg_gcw(k) = rhof(k)*t1_qg_qc*Ef_gw*rc(k)*N0_g(k) &
            1767     5                                         *ilamg(k)**cge(9)
            1768     5                          endif
            1769     4                         endif
            1770     3                        endif
            1771     2               
            1772     2               !..Rain collecting snow.  Cannot assume Wisner (1972) approximation
            1773     2               !.. or Mizuno (1990) approach so we solve the CE explicitly and store
            1774     2               !.. results in lookup table.
            1775     3                        if (rr(k).ge. r_r(1)) then
            1776     4                         if (rs(k).ge. r_s(1)) then
            1777     5                          if (temp(k).lt.T_0) then
            1778     5                           prr_rcs(k) = -(tmr_racs2(idx_s,idx_t,idx_r1,idx_r) &
            1779     5                                          + tcr_sacr2(idx_s,idx_t,idx_r1,idx_r) &
            1780     5                                          + tmr_racs1(idx_s,idx_t,idx_r1,idx_r) &
            1781     5                                          + tcr_sacr1(idx_s,idx_t,idx_r1,idx_r))
            1782     5                           prs_rcs(k) = tmr_racs2(idx_s,idx_t,idx_r1,idx_r) &
            1783     5                                        + tcr_sacr2(idx_s,idx_t,idx_r1,idx_r) &
            1784     5                                        - tcs_racs1(idx_s,idx_t,idx_r1,idx_r) &
            1785     5                                        - tms_sacr1(idx_s,idx_t,idx_r1,idx_r)
            1786     5                           prg_rcs(k) = tmr_racs1(idx_s,idx_t,idx_r1,idx_r) &
            1787     5                                        + tcr_sacr1(idx_s,idx_t,idx_r1,idx_r) &
            1788     5                                        + tcs_racs1(idx_s,idx_t,idx_r1,idx_r) &
            1789     5                                        + tms_sacr1(idx_s,idx_t,idx_r1,idx_r)
            1790     5                           prr_rcs(k) = MAX(DBLE(-rr(k)*odts), prr_rcs(k))
            1791     5                           prs_rcs(k) = MAX(DBLE(-rs(k)*odts), prs_rcs(k))
            1792     5                           prg_rcs(k) = MIN(DBLE((rr(k)+rs(k))*odts), prg_rcs(k))
            1793     5                           pnr_rcs(k) = tnr_racs1(idx_s,idx_t,idx_r1,idx_r)            &   ! RAIN2M
            1794     5                                        + tnr_racs2(idx_s,idx_t,idx_r1,idx_r)          &
            1795     5                                        + tnr_sacr1(idx_s,idx_t,idx_r1,idx_r)          &
            1796     5                                        + tnr_sacr2(idx_s,idx_t,idx_r1,idx_r)
            1797     5                          else
            1798     5                           prs_rcs(k) = -tcs_racs1(idx_s,idx_t,idx_r1,idx_r)           &
            1799     5                                        - tms_sacr1(idx_s,idx_t,idx_r1,idx_r)          &
            1800     5                                        + tmr_racs2(idx_s,idx_t,idx_r1,idx_r)          &
            1801     5                                        + tcr_sacr2(idx_s,idx_t,idx_r1,idx_r)
            1802     5                           prs_rcs(k) = MAX(DBLE(-rs(k)*odts), prs_rcs(k))
            1803     5                           prr_rcs(k) = -prs_rcs(k)
            1804     5                           pnr_rcs(k) = tnr_racs2(idx_s,idx_t,idx_r1,idx_r)            &   ! RAIN2M
            1805     5                                        + tnr_sacr2(idx_s,idx_t,idx_r1,idx_r)
            1806     5                          endif
            1807     4                          pnr_rcs(k) = MIN(DBLE(nr(k)*odts), pnr_rcs(k))
            1808     4                         endif
            1809     3               
            1810     3               !..Rain collecting graupel.  Cannot assume Wisner (1972) approximation
            1811     3               !.. or Mizuno (1990) approach so we solve the CE explicitly and store
            1812     3               !.. results in lookup table.
            1813     4                         if (rg(k).ge. r_g(1)) then
            1814     5                          if (temp(k).lt.T_0) then
            1815     5                           prg_rcg(k) = tmr_racg(idx_g1,idx_g,idx_r1,idx_r) &
            1816     5                                        + tcr_gacr(idx_g1,idx_g,idx_r1,idx_r)
            1817     5                           prg_rcg(k) = MIN(DBLE(rr(k)*odts), prg_rcg(k))
            1818     5                           prr_rcg(k) = -prg_rcg(k)
            1819     5                           pnr_rcg(k) = tnr_racg(idx_g1,idx_g,idx_r1,idx_r)            &   ! RAIN2M
            1820     5                                        + tnr_gacr(idx_g1,idx_g,idx_r1,idx_r)
            1821     5                           pnr_rcg(k) = MIN(DBLE(nr(k)*odts), pnr_rcg(k))
            1822     5                          else
            1823     5                           prr_rcg(k) = tcg_racg(idx_g1,idx_g,idx_r1,idx_r)
            1824     5                           prr_rcg(k) = MIN(DBLE(rg(k)*odts), prr_rcg(k))
            1825     5                           prg_rcg(k) = -prr_rcg(k)
            1826     5                          endif
            1827     4                         endif
            1828     3                        endif
            1829     2               
            1830     2               !+---+-----------------------------------------------------------------+
            1831     2               !..Next IF block handles only those processes below 0C.
            1832     2               !+---+-----------------------------------------------------------------+
            1833     2               
            1834     3                        if (temp(k).lt.T_0) then
            1835     3               
            1836     3                         vts_boost(k) = 1.0
            1837     3                         rate_max = (qv(k)-qvsi(k))*rho(k)*odts*0.999
            1838     3               
            1839     3               !..Freezing of water drops into graupel/cloud ice (Bigg 1953).
            1840     4                         if (rr(k).gt. r_r(1)) then
            1841     4                          prg_rfz(k) = tpg_qrfz(idx_r,idx_r1,idx_tc)*odts
            1842     4                          pri_rfz(k) = tpi_qrfz(idx_r,idx_r1,idx_tc)*odts
            1843     4                          pni_rfz(k) = tni_qrfz(idx_r,idx_r1,idx_tc)*odts
            1844     4                          pnr_rfz(k) = tnr_qrfz(idx_r,idx_r1,idx_tc)*odts                 ! RAIN2M
            1845     4                          pnr_rfz(k) = MIN(DBLE(nr(k)*odts), pnr_rfz(k))
            1846     4                         elseif (rr(k).gt. R1 .and. temp(k).lt.HGFR) then
            1847     4                          pri_rfz(k) = rr(k)*odts
            1848     4                          pnr_rfz(k) = nr(k)*odts                                         ! RAIN2M
            1849     4                          pni_rfz(k) = pnr_rfz(k)
            1850     4                         endif
            1851     4                         if (rc(k).gt. r_c(1)) then
            1852     4               !          pri_wfz(k) = tpi_qcfz(idx_c,idx_tc)*odts
            1853     4                          pri_wfz(k) = tpi_qcfz(idx_c,idx_tc,idx_lo)*odts
            1854     4                          pri_wfz(k) = MIN(DBLE(rc(k)*odts), pri_wfz(k))
            1855     4               !          pni_wfz(k) = tni_qcfz(idx_c,idx_tc)*odts
            1856     4                          pni_wfz(k) = tni_qcfz(idx_c,idx_tc,idx_lo)*odts
            1857     4               !          pni_wfz(k) = MIN(DBLE(Nt_c*odts), pri_wfz(k)/(2.*xm0i), &
            1858     4               !                               pni_wfz(k))
            1859     5                          if(islmski==1) then
            1860     5                            pni_wfz(k) = MIN(DBLE(Nt_cl*odts), pri_wfz(k)/(2.*xm0i), &
            1861     5                                               pni_wfz(k))
            1862     5                          else
            1863     5                            pni_wfz(k) = MIN(DBLE(Nt_co*odts), pri_wfz(k)/(2.*xm0i), &
            1864     5                                               pni_wfz(k))
            1865     5                          endif
            1866     4                         elseif (rc(k).gt. R1 .and. temp(k).lt.HGFR) then
            1867     4                          pri_wfz(k) = rc(k)*odts
            1868     4               !          pni_wfz(k) = MIN(DBLE(Nt_c*odts), pri_wfz(k)/(2.*xm0i), &
            1869     4               !                               pni_wfz(k))
            1870     5                          if(islmski == 1) then
            1871     5                            pni_wfz(k) = MIN(DBLE(Nt_cl*odts), pri_wfz(k)/(2.*xm0i), &
            1872     5                                               pni_wfz(k))
            1873     5                          else
            1874     5                            pni_wfz(k) = MIN(DBLE(Nt_co*odts), pri_wfz(k)/(2.*xm0i), &
            1875     5                                               pni_wfz(k))
            1876     5                          endif
            1877     4                         endif
            1878     3               
            1879     3               !..Nucleate ice from deposition & condensation freezing (Cooper 1986)
            1880     3               !.. but only if water sat and T<-12C or 25%+ ice supersaturated.
            1881     4                        if ( (ssati(k).ge. 0.25) .or. (ssatw(k).gt. eps &
            1882     4                                               .and. temp(k).lt.261.15) ) then
            1883     4                          xnc = MIN(250.E3, TNO*EXP(ATO*(T_0-temp(k))))
            1884     4                          xni = ni(k) + (pni_rfz(k)+pni_wfz(k))*dtsave
            1885     4                          pni_inu(k) = 0.5*(xnc-xni + abs(xnc-xni))*odts
            1886     4                          pri_inu(k) = MIN(DBLE(rate_max), xm0i*pni_inu(k))
            1887     4                          pni_inu(k) = pri_inu(k)/xm0i
            1888     4                         endif
            1889     3               
            1890     3               !..Deposition/sublimation of cloud ice (Srivastava & Coen 1992).
            1891     4                         if (L_qi(k)) then
            1892     4                          lami = (am_i*cig(2)*oig1*ni(k)/ri(k))**obmi
            1893     4                          ilami = 1./lami
            1894     4                          xDi = MAX(DBLE(D0i), (bm_i + mu_i + 1.) * ilami)
            1895     4                          xmi = am_i*xDi**bm_i
            1896     4                          oxmi = 1./xmi
            1897     4                          pri_ide(k) = C_cube*t1_subl*diffu(k)*ssati(k)*rvs &
            1898     4                                 *oig1*cig(5)*ni(k)*ilami
            1899     4               
            1900     5                          if (pri_ide(k) .lt. 0.0) then
            1901     5                           pri_ide(k) = MAX(DBLE(-ri(k)*odts), pri_ide(k), DBLE(rate_max))
            1902     5                           pni_ide(k) = pri_ide(k)*oxmi
            1903     5                           pni_ide(k) = MAX(DBLE(-ni(k)*odts), pni_ide(k))
            1904     5                          else
            1905     5                           pri_ide(k) = MIN(pri_ide(k), DBLE(rate_max))
            1906     5                           prs_ide(k) = (1.0D0-tpi_ide(idx_i,idx_i1))*pri_ide(k)
            1907     5                           pri_ide(k) = tpi_ide(idx_i,idx_i1)*pri_ide(k)
            1908     5                          endif
            1909     4               
            1910     4               
            1911     4               !..Some cloud ice needs to move into the snow category.  Use lookup
            1912     4               !.. table that resulted from explicit bin representation of distrib.
            1913     5                          if ( (idx_i.eq. ntb_i) .or. (xDi.gt. 5.0*D0s) ) then
            1914     5                           prs_iau(k) = ri(k)*.99*odts
            1915     5                           pni_iau(k) = ni(k)*.95*odts
            1916     5                          elseif (xDi.lt. 0.1*D0s) then
            1917     5                           prs_iau(k) = 0.
            1918     5                           pni_iau(k) = 0.
            1919     5                          else
            1920     5                           prs_iau(k) = tps_iaus(idx_i,idx_i1)*odts
            1921     5                           prs_iau(k) = MIN(DBLE(ri(k)*.99*odts), prs_iau(k))
            1922     5                           pni_iau(k) = tni_iaus(idx_i,idx_i1)*odts
            1923     5                           pni_iau(k) = MIN(DBLE(ni(k)*.95*odts), pni_iau(k))
            1924     5                          endif
            1925     4                         endif
            1926     3               
            1927     3               !..Deposition/sublimation of snow/graupel follows Srivastava & Coen
            1928     3               !.. (1992).
            1929     4                         if (L_qs(k)) then
            1930     4                          C_snow = C_sqrd + (tempc+15.)*(C_cube-C_sqrd)/(-30.+15.)
            1931     4                          C_snow = MAX(C_sqrd, MIN(C_snow, C_cube))
            1932     4                          prs_sde(k) = C_snow*t1_subl*diffu(k)*ssati(k)*rvs &
            1933     4                                       * (t1_qs_sd*smo1(k) &
            1934     4                                        + t2_qs_sd*rhof2(k)*vsc2(k)*smof(k))
            1935     5                          if (prs_sde(k).lt. 0.) then
            1936     5                           prs_sde(k) = MAX(DBLE(-rs(k)*odts), prs_sde(k), DBLE(rate_max))
            1937     5                          else
            1938     5                           prs_sde(k) = MIN(prs_sde(k), DBLE(rate_max))
            1939     5                          endif
            1940     4                         endif
            1941     3               
            1942     4                         if (L_qg(k) .and. ssati(k).lt. -eps) then
            1943     4                          prg_gde(k) = C_cube*t1_subl*diffu(k)*ssati(k)*rvs &
            1944     4                              * N0_g(k) * (t1_qg_sd*ilamg(k)**cge(10) &
            1945     4                              + t2_qg_sd*vsc2(k)*rhof2(k)*ilamg(k)**cge(11))
            1946     5                          if (prg_gde(k).lt. 0.) then
            1947     5                           prg_gde(k) = MAX(DBLE(-rg(k)*odts), prg_gde(k), DBLE(rate_max))
            1948     5                          else
            1949     5                           prg_gde(k) = MIN(prg_gde(k), DBLE(rate_max))
            1950     5                          endif
            1951     4                         endif
            1952     3               
            1953     3               !..Snow collecting cloud ice.  In CE, assume Di<<Ds and vti=~0.
            1954     4                         if (L_qi(k)) then
            1955     4                          lami = (am_i*cig(2)*oig1*ni(k)/ri(k))**obmi
            1956     4                          ilami = 1./lami
            1957     4                          xDi = MAX(DBLE(D0i), (bm_i + mu_i + 1.) * ilami)
            1958     4                          xmi = am_i*xDi**bm_i
            1959     4                          oxmi = 1./xmi
            1960     5                          if (rs(k).ge. r_s(1)) then
            1961     5                           prs_sci(k) = t1_qs_qi*rhof(k)*Ef_si*ri(k)*smoe(k)
            1962     5                           pni_sci(k) = prs_sci(k) * oxmi
            1963     5                          endif
            1964     4               
            1965     4               !..Rain collecting cloud ice.  In CE, assume Di<<Dr and vti=~0.
            1966     5                          if (rr(k).ge. r_r(1) .and. mvd_r(k).gt. 4.*xDi) then
            1967     5                           lamr = 1./ilamr(k)
            1968     5                           pri_rci(k) = rhof(k)*t1_qr_qi*Ef_ri*ri(k)*N0_r(k) &
            1969     5                                          *((lamr+fv_r)**(-cre(9)))
            1970     5                           pnr_rci(k) = rhof(k)*t1_qr_qi*Ef_ri*ni(k)*N0_r(k)           &   ! RAIN2M
            1971     5                                          *((lamr+fv_r)**(-cre(9)))
            1972     5                           pni_rci(k) = pri_rci(k) * oxmi
            1973     5                           prr_rci(k) = rhof(k)*t2_qr_qi*Ef_ri*ni(k)*N0_r(k) &
            1974     5                                          *((lamr+fv_r)**(-cre(8)))
            1975     5                           prr_rci(k) = MIN(DBLE(rr(k)*odts), prr_rci(k))
            1976     5                           prg_rci(k) = pri_rci(k) + prr_rci(k)
            1977     5                          endif
            1978     4                         endif
            1979     3               
            1980     3               !..Ice multiplication from rime-splinters (Hallet & Mossop 1974).
            1981     4                         if (prg_gcw(k).gt. eps .and. tempc.gt.-8.0) then
            1982     4                          tf = 0.
            1983     5                          if (tempc.ge.-5.0 .and. tempc.lt.-3.0) then
            1984     5                           tf = 0.5*(-3.0 - tempc)
            1985     5                          elseif (tempc.gt.-8.0 .and. tempc.lt.-5.0) then
            1986     5                           tf = 0.33333333*(8.0 + tempc)
            1987     5                          endif
            1988     4                          pni_ihm(k) = 3.5E8*tf*prg_gcw(k)
            1989     4                          pri_ihm(k) = xm0i*pni_ihm(k)
            1990     4                          prs_ihm(k) = prs_scw(k)/(prs_scw(k)+prg_gcw(k)) &
            1991     4                                         * pri_ihm(k)
            1992     4                          prg_ihm(k) = prg_gcw(k)/(prs_scw(k)+prg_gcw(k)) &
            1993     4                                         * pri_ihm(k)
            1994     4                         endif
            1995     3               
            1996     3               !..A portion of rimed snow converts to graupel but some remains snow.
            1997     3               !.. Interp from 5 to 75% as riming factor increases from 5.0 to 30.0
            1998     3               !.. 0.028 came from (.75-.05)/(30.-5.).  This remains ad-hoc and should
            1999     3               !.. be revisited.
            2000     4                         if (prs_scw(k).gt.5.0*prs_sde(k) .and. &
            2001     4                                        prs_sde(k).gt.eps) then
            2002     4                          r_frac = MIN(30.0D0, prs_scw(k)/prs_sde(k))
            2003     4                          g_frac = MIN(0.75, 0.05 + (r_frac-5.)*.028)
            2004     4                          vts_boost(k) = MIN(1.5, 1.1 + (r_frac-5.)*.016)
            2005     4                          prg_scw(k) = g_frac*prs_scw(k)
            2006     4                          prs_scw(k) = (1. - g_frac)*prs_scw(k)
            2007     4                         endif
            2008     3               
            2009     3                        else
            2010     3               
            2011     3               !..Melt snow and graupel and enhance from collisions with liquid.
            2012     3               !.. We also need to sublimate snow and graupel if subsaturated.
            2013     4                         if (L_qs(k)) then
            2014     4                          prr_sml(k) = (tempc*tcond(k)-lvap0*diffu(k)*delQvs(k))       &
            2015     4                                     * (t1_qs_me*smo1(k) + t2_qs_me*rhof2(k)*vsc2(k)*smof(k))
            2016     4                          prr_sml(k) = prr_sml(k) + 4218.*olfus*tempc &
            2017     4                                                  * (prr_rcs(k)+prs_scw(k))
            2018     4                          prr_sml(k) = MIN(DBLE(rs(k)*odts), MAX(0.D0, prr_sml(k)))
            2019     4                          pnr_sml(k) = smo0(k)/rs(k)*prr_sml(k) * 10.0**(-0.75*tempc)      ! RAIN2M
            2020     4                          pnr_sml(k) = MIN(DBLE(smo0(k)*odts), pnr_sml(k))
            2021     4                          if (tempc.gt.3.5 .or. rs(k).lt.0.005E-3) pnr_sml(k)=0.0
            2022     4               
            2023     5                          if (ssati(k).lt. 0.) then
            2024     5                           prs_sde(k) = C_cube*t1_subl*diffu(k)*ssati(k)*rvs &
            2025     5                                        * (t1_qs_sd*smo1(k) &
            2026     5                                         + t2_qs_sd*rhof2(k)*vsc2(k)*smof(k))
            2027     5                           prs_sde(k) = MAX(DBLE(-rs(k)*odts), prs_sde(k))
            2028     5                          endif
            2029     4                         endif
            2030     3               
            2031     4                         if (L_qg(k)) then
            2032     4                          prr_gml(k) = (tempc*tcond(k)-lvap0*diffu(k)*delQvs(k))       &
            2033     4                                     * N0_g(k)*(t1_qg_me*ilamg(k)**cge(10)             &
            2034     4                                     + t2_qg_me*rhof2(k)*vsc2(k)*ilamg(k)**cge(11))
            2035     4               !-GT       prr_gml(k) = prr_gml(k) + 4218.*olfus*tempc &
            2036     4               !-GT                               * (prr_rcg(k)+prg_gcw(k))
            2037     4                          prr_gml(k) = MIN(DBLE(rg(k)*odts), MAX(0.D0, prr_gml(k)))
            2038     4                          pnr_gml(k) = N0_g(k)*cgg(2)*ilamg(k)**cge(2) / rg(k)         &   ! RAIN2M
            2039     4                                     * prr_gml(k) * 10.0**(-1.5*tempc)
            2040     4                          if (tempc.gt.7.5 .or. rg(k).lt.0.005E-3) pnr_gml(k)=0.0
            2041     4               
            2042     5                          if (ssati(k).lt. 0.) then
            2043     5                           prg_gde(k) = C_cube*t1_subl*diffu(k)*ssati(k)*rvs &
            2044     5                               * N0_g(k) * (t1_qg_sd*ilamg(k)**cge(10) &
            2045     5                               + t2_qg_sd*vsc2(k)*rhof2(k)*ilamg(k)**cge(11))
            2046     5                           prg_gde(k) = MAX(DBLE(-rg(k)*odts), prg_gde(k))
            2047     5                          endif
            2048     4                         endif
            2049     3               
            2050     3               !.. This change will be required if users run adaptive time step that
            2051     3               !.. results in delta-t that is generally too long to allow cloud water
            2052     3               !.. collection by snow/graupel above melting temperature.
            2053     3               !.. Credit to Bjorn-Egil Nygaard for discovering.
            2054     4                         if (dt .gt. 120.) then
            2055     4                            prr_rcw(k)=prr_rcw(k)+prs_scw(k)+prg_gcw(k)
            2056     4                            prs_scw(k)=0.
            2057     4                            prg_gcw(k)=0.
            2058     4                         endif
            2059     3               
            2060     3                        endif
            2061     2               
            2062     2                     enddo
            2063     1                     endif
            2064                     
            2065                     !+---+-----------------------------------------------------------------+
            2066                     !..Ensure we do not deplete more hydrometeor species than exists.
            2067                     !+---+-----------------------------------------------------------------+
                                   <<< Loop-information Start >>>
                                   <<<  [PARALLELIZATION]
                                   <<<    Standard iteration count: 42
                                   <<<  [OPTIMIZATION]
                                   <<<    SIMD(VL: 8)
                                   <<<    PREFETCH(HARD) Expected by compiler :
                                   <<<      prr_rcw, prs_scw, prg_scw, prr_wau
                                   <<<      prg_gcw, pri_wfz, pri_ide, pri_inu
                                   <<<      prs_ide, prs_sde, prg_gde, rc, qv, qvsi
                                   <<<      L_qc, pni_ide
                                   <<<    PREFETCH(SOFT) : 48
                                   <<<     SEQUENTIAL : 48
                                   <<<      prs_iau: 2, pri_rci: 2, prs_sci: 2
                                   <<<      prr_rcs: 2, ri: 2, L_qi: 2, pri_rfz: 2
                                   <<<      prr_rcg: 2, prr_rci: 2, prg_rfz: 2
                                   <<<      rr: 2, L_qr: 2, rs: 2, prr_sml: 2
                                   <<<      prs_ihm: 2, prs_rcs: 2, L_qs: 2, temp: 2
                                   <<<      rg: 2, L_qg: 2, prg_ihm: 2, prr_gml: 2
                                   <<<      prg_rcg: 2, pri_ihm: 2
                                   <<<    SPILLS :
                                   <<<      GENERAL   : SPILL 0  FILL 19
                                   <<<      SIMD&FP   : SPILL 0  FILL 0
                                   <<<      SCALABLE  : SPILL 0  FILL 0
                                   <<<      PREDICATE : SPILL 0  FILL 0
                                   <<< Loop-information  End >>>
            2068     1  pp    v            do k = kts, kte
            2069     1               
            2070     1               !..If ice supersaturated, ensure sum of depos growth terms does not
            2071     1               !.. deplete more vapor than possibly exists.  If subsaturated, limit
            2072     1               !.. sum of sublimation terms such that vapor does not reproduce ice
            2073     1               !.. supersat again.
            2074     1   p    v               sump = pri_inu(k) + pri_ide(k) + prs_ide(k) &
            2075     1                             + prs_sde(k) + prg_gde(k)
            2076     1   p    v               rate_max = (qv(k)-qvsi(k))*odts*0.999
            2077     2   p    v               if ( (sump.gt. eps .and. sump.gt. rate_max) .or. &
            2078     2                             (sump.lt. -eps .and. sump.lt. rate_max) ) then
            2079     2   p    v                ratio = rate_max/sump
            2080     2   p    v                pri_inu(k) = pri_inu(k) * ratio
            2081     2   p    v                pri_ide(k) = pri_ide(k) * ratio
            2082     2   p    v                pni_ide(k) = pni_ide(k) * ratio
            2083     2   p    v                prs_ide(k) = prs_ide(k) * ratio
            2084     2   p    v                prs_sde(k) = prs_sde(k) * ratio
            2085     2   p    v                prg_gde(k) = prg_gde(k) * ratio
            2086     2   p    v               endif
            2087     1               
            2088     1               !..Cloud water conservation.
            2089     1   p    v               sump = -prr_wau(k) - pri_wfz(k) - prr_rcw(k) &
            2090     1                               - prs_scw(k) - prg_scw(k) - prg_gcw(k)
            2091     1   p    v               rate_max = -rc(k)*odts
            2092     2   p    v               if (sump.lt. rate_max .and. L_qc(k)) then
            2093     2   p    v                ratio = rate_max/sump
            2094     2   p    v                prr_wau(k) = prr_wau(k) * ratio
            2095     2   p    v                pri_wfz(k) = pri_wfz(k) * ratio
            2096     2   p    v                prr_rcw(k) = prr_rcw(k) * ratio
            2097     2   p    v                prs_scw(k) = prs_scw(k) * ratio
            2098     2   p    v                prg_scw(k) = prg_scw(k) * ratio
            2099     2   p    v                prg_gcw(k) = prg_gcw(k) * ratio
            2100     2   p    v               endif
            2101     1               
            2102     1               !..Cloud ice conservation.
            2103     1   p    v               sump = pri_ide(k) - prs_iau(k) - prs_sci(k) &
            2104     1                               - pri_rci(k)
            2105     1   p    v               rate_max = -ri(k)*odts
            2106     2   p    v               if (sump.lt. rate_max .and. L_qi(k)) then
            2107     2   p    v                ratio = rate_max/sump
            2108     2   p    v                pri_ide(k) = pri_ide(k) * ratio
            2109     2   p    v                prs_iau(k) = prs_iau(k) * ratio
            2110     2   p    v                prs_sci(k) = prs_sci(k) * ratio
            2111     2   p    v                pri_rci(k) = pri_rci(k) * ratio
            2112     2   p    v               endif
            2113     1               
            2114     1               !..Rain conservation.
            2115     1   p    v               sump = -prg_rfz(k) - pri_rfz(k) - prr_rci(k) &
            2116     1                               + prr_rcs(k) + prr_rcg(k)
            2117     1   p    v               rate_max = -rr(k)*odts
            2118     2   p    v               if (sump.lt. rate_max .and. L_qr(k)) then
            2119     2   p    v                ratio = rate_max/sump
            2120     2   p    v                prg_rfz(k) = prg_rfz(k) * ratio
            2121     2   p    v                pri_rfz(k) = pri_rfz(k) * ratio
            2122     2   p    v                prr_rci(k) = prr_rci(k) * ratio
            2123     2   p    v                prr_rcs(k) = prr_rcs(k) * ratio
            2124     2   p    v                prr_rcg(k) = prr_rcg(k) * ratio
            2125     2   p    v               endif
            2126     1               
            2127     1               !..Snow conservation.
            2128     1   p    v               sump = prs_sde(k) - prs_ihm(k) - prr_sml(k) &
            2129     1                               + prs_rcs(k)
            2130     1   p    v               rate_max = -rs(k)*odts
            2131     2   p    v               if (sump.lt. rate_max .and. L_qs(k)) then
            2132     2   p    v                ratio = rate_max/sump
            2133     2   p    v                prs_sde(k) = prs_sde(k) * ratio
            2134     2   p    v                prs_ihm(k) = prs_ihm(k) * ratio
            2135     2   p    v                prr_sml(k) = prr_sml(k) * ratio
            2136     2   p    v                prs_rcs(k) = prs_rcs(k) * ratio
            2137     2   p    v               endif
            2138     1               
            2139     1               !..Graupel conservation.
            2140     1   p    v               sump = prg_gde(k) - prg_ihm(k) - prr_gml(k) &
            2141     1                             + prg_rcg(k)
            2142     1   p    v               rate_max = -rg(k)*odts
            2143     2   p    v               if (sump.lt. rate_max .and. L_qg(k)) then
            2144     2   p    v                ratio = rate_max/sump
            2145     2   p    v                prg_gde(k) = prg_gde(k) * ratio
            2146     2   p    v                prg_ihm(k) = prg_ihm(k) * ratio
            2147     2   p    v                prr_gml(k) = prr_gml(k) * ratio
            2148     2   p    v                prg_rcg(k) = prg_rcg(k) * ratio
            2149     2   p    v               endif
            2150     1               
            2151     1               !..Re-enforce proper mass conservation for subsequent elements in case
            2152     1               !.. any of the above terms were altered.  Thanks P. Blossey. 2009Sep28
            2153     1   p    v               pri_ihm(k) = prs_ihm(k) + prg_ihm(k)
            2154     1   p    v               ratio = MIN( ABS(prr_rcg(k)), ABS(prg_rcg(k)) )
            2155     1   p    v               prr_rcg(k) = ratio * SIGN(1.0, SNGL(prr_rcg(k)))
            2156     1   p    v               prg_rcg(k) = -prr_rcg(k)
            2157     2   p    v               if (temp(k).gt.T_0) then
            2158     2   p    v                  ratio = MIN( ABS(prr_rcs(k)), ABS(prs_rcs(k)) )
            2159     2   p    v                  prr_rcs(k) = ratio * SIGN(1.0, SNGL(prr_rcs(k)))
            2160     2   p    v                  prs_rcs(k) = -prr_rcs(k)
            2161     2   p    v               endif
            2162     1               
            2163     1   p    v            enddo
            2164                     
            2165                     !+---+-----------------------------------------------------------------+
            2166                     !..Calculate tendencies of all species but constrain the number of ice
            2167                     !.. to reasonable values.
            2168                     !+---+-----------------------------------------------------------------+
                                   <<< Loop-information Start >>>
                                   <<<  [PARALLELIZATION]
                                   <<<    Standard iteration count: 14
                                   <<<  [OPTIMIZATION]
                                   <<<    SIMD(VL: 8)
                                   <<<    PREFETCH(HARD) Expected by compiler :
                                   <<<      prg_scw, prs_sci, temp, rho, pri_inu
                                   <<<      pri_ide, prs_ide, prs_sde, prg_gde
                                   <<<      qvten, prr_wau, pri_wfz, prr_rcw
                                   <<<      prs_scw, prg_gcw, qcten
                                   <<<    PREFETCH(SOFT) : 92
                                   <<<     SEQUENTIAL : 92
                                   <<<      pri_ihm: 2, pri_rfz: 2, pri_rci: 2
                                   <<<      prs_iau: 2, prg_rci: 2, qiten: 2
                                   <<<      prg_ihm: 2, prs_rcs: 2, prr_sml: 2
                                   <<<      prs_ihm: 2, qsten: 2, prg_rcg: 2
                                   <<<      prg_rfz: 2, prr_gml: 2, prg_rcs: 2
                                   <<<      qgten: 2, lvap: 2, ocp: 2, prr_rci: 2
                                   <<<      prr_rcs: 2, tten: 2, prr_rcg: 2
                                   <<<      pni_ide: 2, pni_inu: 2, pni_ihm: 2
                                   <<<      pni_wfz: 2, pni_rfz: 2, pni_iau: 2
                                   <<<      ni1d: 2, pni_sci: 2, qi1d: 2, pni_rci: 2
                                   <<<      niten: 2, qr1d: 2, nr1d: 2, qrten: 2
                                   <<<      pnr_wau: 2, pnr_sml: 2, pnr_gml: 2
                                   <<<      pnr_rci: 2, pnr_rfz: 2, pnr_rcr: 2
                                   <<<      pnr_rcg: 2, pnr_rcs: 2, nrten: 2
                                   <<<      mvd_r: 2
                                   <<<    SPILLS :
                                   <<<      GENERAL   : SPILL 0  FILL 41
                                   <<<      SIMD&FP   : SPILL 0  FILL 1
                                   <<<      SCALABLE  : SPILL 9  FILL 37
                                   <<<      PREDICATE : SPILL 0  FILL 0
                                   <<< Loop-information  End >>>
            2169     1  pp    v            do k = kts, kte
            2170     1   p    v               orho = 1./rho(k)
            2171     1   p    v               lfus2 = lsub - lvap(k)
            2172     1               
            2173     1               !..Water vapor tendency
            2174     1   p    v               qvten(k) = qvten(k) + (-pri_inu(k) - pri_ide(k) &
            2175     1                                     - prs_ide(k) - prs_sde(k) - prg_gde(k)) &
            2176     1                                     * orho
            2177     1               
            2178     1               !..Cloud water tendency
            2179     1   p    v               qcten(k) = qcten(k) + (-prr_wau(k) - pri_wfz(k) &
            2180     1                                     - prr_rcw(k) - prs_scw(k) - prg_scw(k) &
            2181     1                                     - prg_gcw(k)) &
            2182     1                                     * orho
            2183     1               
            2184     1               !..Cloud ice mixing ratio tendency
            2185     1   p    v               qiten(k) = qiten(k) + (pri_inu(k) + pri_ihm(k) &
            2186     1                                     + pri_wfz(k) + pri_rfz(k) + pri_ide(k) &
            2187     1                                     - prs_iau(k) - prs_sci(k) - pri_rci(k)) &
            2188     1                                     * orho
            2189     1               
            2190     1               !..Cloud ice number tendency.
            2191     1   p    v               niten(k) = niten(k) + (pni_inu(k) + pni_ihm(k) &
            2192     1                                     + pni_wfz(k) + pni_rfz(k) + pni_ide(k) &
            2193     1                                     - pni_iau(k) - pni_sci(k) - pni_rci(k)) &
            2194     1                                     * orho
            2195     1               
            2196     1               !..Cloud ice mass/number balance; keep mass-wt mean size between
            2197     1               !.. 20 and 300 microns.  Also no more than 250 xtals per liter.
            2198     1   p    v               xri=MAX(R1,(qi1d(k) + qiten(k)*dtsave)*rho(k))
            2199     1   p    v               xni=MAX(R2,(ni1d(k) + niten(k)*dtsave)*rho(k))
            2200     2   p    v               if (xri.gt. R1) then
            2201     2   p    v                 lami = (am_i*cig(2)*oig1*xni/xri)**obmi
            2202     2   p    v                 ilami = 1./lami
            2203     2   p    v                 xDi = (bm_i + mu_i + 1.) * ilami
            2204     3   p    v                 if (xDi.lt. 20.E-6) then
            2205     3   p    v                  lami = cie(2)/20.E-6
            2206     3   p    v                  xni = MIN(250.D3, cig(1)*oig2*xri/am_i*lami**bm_i)
            2207     3   p    v                  niten(k) = (xni-ni1d(k)*rho(k))*odts*orho
            2208     3   p    v                 elseif (xDi.gt. 300.E-6) then
            2209     3   p    v                  lami = cie(2)/300.E-6
            2210     3   p    v                  xni = cig(1)*oig2*xri/am_i*lami**bm_i
            2211     3   p    v                  niten(k) = (xni-ni1d(k)*rho(k))*odts*orho
            2212     3   p    v                 endif
            2213     2   p    v               else
            2214     2   p    v                niten(k) = -ni1d(k)*odts
            2215     2   p    v               endif
            2216     1   p    v               xni=MAX(0.,(ni1d(k) + niten(k)*dtsave)*rho(k))
            2217     1   p    v               if (xni.gt.250.E3) &
            2218     1                               niten(k) = (250.E3-ni1d(k)*rho(k))*odts*orho
            2219     1               
            2220     1               !..Rain tendency
            2221     1   p    v               qrten(k) = qrten(k) + (prr_wau(k) + prr_rcw(k) &
            2222     1                                     + prr_sml(k) + prr_gml(k) + prr_rcs(k) &
            2223     1                                     + prr_rcg(k) - prg_rfz(k) &
            2224     1                                     - pri_rfz(k) - prr_rci(k)) &
            2225     1                                     * orho
            2226     1               
            2227     1               !..Rain number tendency
            2228     1   p    v               nrten(k) = nrten(k) + (pnr_wau(k) + pnr_sml(k) + pnr_gml(k)    &
            2229     1                                     - (pnr_rfz(k) + pnr_rcr(k) + pnr_rcg(k)           &
            2230     1                                     + pnr_rcs(k) + pnr_rci(k)) )                      &
            2231     1                                     * orho
            2232     1               
            2233     1               !..Rain mass/number balance; keep median volume diameter between
            2234     1               !.. 37 microns (D0r*0.75) and 2.5 mm.
            2235     1   p    v               xrr=MAX(R1,(qr1d(k) + qrten(k)*dtsave)*rho(k))
            2236     1   p    v               xnr=MAX(R2,(nr1d(k) + nrten(k)*dtsave)*rho(k))
            2237     2   p    v               if (xrr.gt. R1) then
            2238     2   p    v                 lamr = (am_r*crg(3)*org2*xnr/xrr)**obmr
            2239     2   p    v                 mvd_r(k) = (3.0 + mu_r + 0.672) / lamr
            2240     3   p    v                 if (mvd_r(k) .gt. 2.5E-3) then
            2241     3   p    v                    mvd_r(k) = 2.5E-3
            2242     3   p    v                    lamr = (3.0 + mu_r + 0.672) / mvd_r(k)
            2243     3   p    v                    xnr = crg(2)*org3*xrr*lamr**bm_r / am_r
            2244     3   p    v                    nrten(k) = (xnr-nr1d(k)*rho(k))*odts*orho
            2245     3   p    v                 elseif (mvd_r(k) .lt. D0r*0.75) then
            2246     3   p    v                    mvd_r(k) = D0r*0.75
            2247     3   p    v                    lamr = (3.0 + mu_r + 0.672) / mvd_r(k)
            2248     3   p    v                    xnr = crg(2)*org3*xrr*lamr**bm_r / am_r
            2249     3   p    v                    nrten(k) = (xnr-nr1d(k)*rho(k))*odts*orho
            2250     3   p    v                 endif
            2251     2   p    v               else
            2252     2   p    v                 qrten(k) = -qr1d(k)*odts
            2253     2   p    v                 nrten(k) = -nr1d(k)*odts
            2254     2   p    v               endif
            2255     1               
            2256     1               !..Snow tendency
            2257     1   p    v               qsten(k) = qsten(k) + (prs_iau(k) + prs_sde(k) &
            2258     1                                     + prs_sci(k) + prs_scw(k) + prs_rcs(k) &
            2259     1                                     + prs_ide(k) - prs_ihm(k) - prr_sml(k)) &
            2260     1                                     * orho
            2261     1               
            2262     1               !..Graupel tendency
            2263     1   p    v               qgten(k) = qgten(k) + (prg_scw(k) + prg_rfz(k) &
            2264     1                                     + prg_gde(k) + prg_rcg(k) + prg_gcw(k) &
            2265     1                                     + prg_rci(k) + prg_rcs(k) - prg_ihm(k) &
            2266     1                                     - prr_gml(k)) &
            2267     1                                     * orho
            2268     1               
            2269     1               !..Temperature tendency
            2270     2   p    v               if (temp(k).lt.T_0) then
            2271     2   p    v                tten(k) = tten(k) &
            2272     2                                   + ( lsub*ocp(k)*(pri_inu(k) + pri_ide(k) &
            2273     2                                                    + prs_ide(k) + prs_sde(k) &
            2274     2                                                    + prg_gde(k)) &
            2275     2                                    + lfus2*ocp(k)*(pri_wfz(k) + pri_rfz(k) &
            2276     2                                                    + prg_rfz(k) + prs_scw(k) &
            2277     2                                                    + prg_scw(k) + prg_gcw(k) &
            2278     2                                                    + prg_rcs(k) + prs_rcs(k) &
            2279     2                                                    + prr_rci(k) + prg_rcg(k)) &
            2280     2                                      )*orho * (1-IFDRY)
            2281     2   p    v               else
            2282     2   p    v                tten(k) = tten(k) &
            2283     2                                   + ( lfus*ocp(k)*(-prr_sml(k) - prr_gml(k) &
            2284     2                                                    - prr_rcg(k) - prr_rcs(k)) &
            2285     2                                     + lsub*ocp(k)*(prs_sde(k) + prg_gde(k)) &
            2286     2                                      )*orho * (1-IFDRY)
            2287     2   p    v               endif
            2288     1               
            2289     1   p    v            enddo
            2290                     
            2291                     !+---+-----------------------------------------------------------------+
            2292                     !..Update variables for TAU+1 before condensation & sedimention.
            2293                     !+---+-----------------------------------------------------------------+
                                   <<< Loop-information Start >>>
                                   <<<  [PARALLELIZATION]
                                   <<<    Standard iteration count: 38
                                   <<<  [OPTIMIZATION]
                                   <<<    SIMD(VL: 8)
                                   <<<    SOFTWARE PIPELINING(IPC: 1.14, ITR: 8, MVE: 2, POL: S)
                                   <<<    PREFETCH(HARD) Expected by compiler :
                                   <<<      temp, tten, t1d, qvten, pres, qv1d, qv
                                   <<<      rho, rhof, rhof2, qcten, qc1d, visco
                                   <<<      ocp, diffu, qvs, ssatw, (unknown)
                                   <<<    PREFETCH(SOFT) : 24
                                   <<<     SEQUENTIAL : 24
                                   <<<      vsc2: 2, lvap: 2, tcond: 2, lvt2: 2
                                   <<<      qi1d: 2, qiten: 2, qr1d: 2, qrten: 2
                                   <<<      qs1d: 2, qsten: 2, qg1d: 2, qgten: 2
                                   <<< Loop-information  End >>>
            2294     1   m    m            do k = kts, kte
            2295     1   m    s               temp(k) = t1d(k) + DT*tten(k)
            2296     1   p    v               otemp = 1./temp(k)
            2297     1   p    v               tempc = temp(k) - 273.15
            2298     1   p    v               qv(k) = MAX(1.E-10, qv1d(k) + DT*qvten(k))
            2299     1   p    v               rho(k) = 0.622*pres(k)/(R*temp(k)*(qv(k)+0.622))
            2300     1   p    v               rhof(k) = SQRT(RHO_NOT/rho(k))
            2301     1   p    v               rhof2(k) = SQRT(rhof(k))
            2302     1   pi   v               qvs(k) = rslf(pres(k), temp(k))
            2303     1   p                    ssatw(k) = qv(k)/qvs(k) - 1.
            2304     1   p                    if (abs(ssatw(k)).lt. eps) ssatw(k) = 0.0
            2305     1   p                    diffu(k) = 2.11E-5*(temp(k)/273.15)**1.94 * (101325./pres(k))
            2306     2   p                    if (tempc .ge. 0.0) then
            2307     2   p                       visco(k) = (1.718+0.0049*tempc)*1.0E-5
            2308     2   p                    else
            2309     2   p                       visco(k) = (1.718+0.0049*tempc-1.2E-5*tempc*tempc)*1.0E-5
            2310     2   p                    endif
            2311     1   p                    vsc2(k) = SQRT(rho(k)/visco(k))
            2312     1   p                    lvap(k) = lvap0 + (2106.0 - 4218.0)*tempc
            2313     1   p                    tcond(k) = (5.69 + 0.0168*tempc)*1.0E-5 * 418.936
            2314     1   p                    ocp(k) = 1./(Cp*(1.+0.887*qv(k)))
            2315     1   p                    lvt2(k)=lvap(k)*lvap(k)*ocp(k)*oRv*otemp*otemp
            2316     1               
            2317     2   p                    if ((qc1d(k) + qcten(k)*DT) .gt. R1) then
            2318     2   p                       rc(k) = (qc1d(k) + qcten(k)*DT)*rho(k)
            2319     2   p                       L_qc(k) = .true.
            2320     2   p                    else
            2321     2   p                       rc(k) = R1
            2322     2   p                       L_qc(k) = .false.
            2323     2   p                    endif
            2324     1               
            2325     2   p                    if ((qi1d(k) + qiten(k)*DT) .gt. R1) then
            2326     2   p                       ri(k) = (qi1d(k) + qiten(k)*DT)*rho(k)
            2327     2   p                       ni(k) = MAX(R2, (ni1d(k) + niten(k)*DT)*rho(k))
            2328     2   p                       L_qi(k) = .true.
            2329     2   p                    else
            2330     2   p                       ri(k) = R1
            2331     2   p                       ni(k) = R2
            2332     2   p                       L_qi(k) = .false.
            2333     2   p                    endif
            2334     1               
            2335     2   p                    if ((qr1d(k) + qrten(k)*DT) .gt. R1) then
            2336     2   p                       rr(k) = (qr1d(k) + qrten(k)*DT)*rho(k)
            2337     2   p                       nr(k) = MAX(R2, (nr1d(k) + nrten(k)*DT)*rho(k))
            2338     2   p                       L_qr(k) = .true.
            2339     2   p                       lamr = (am_r*crg(3)*org2*nr(k)/rr(k))**obmr
            2340     2   p                       mvd_r(k) = (3.0 + mu_r + 0.672) / lamr
            2341     3   p                       if (mvd_r(k) .gt. 2.5E-3) then
            2342     3   p                          mvd_r(k) = 2.5E-3
            2343     3   p                          lamr = (3.0 + mu_r + 0.672) / mvd_r(k)
            2344     3   p                          nr(k) = crg(2)*org3*rr(k)*lamr**bm_r / am_r
            2345     3   p                       elseif (mvd_r(k) .lt. D0r*0.75) then
            2346     3   p                          mvd_r(k) = D0r*0.75
            2347     3   p                          lamr = (3.0 + mu_r + 0.672) / mvd_r(k)
            2348     3   p                          nr(k) = crg(2)*org3*rr(k)*lamr**bm_r / am_r
            2349     3   p                       endif
            2350     2   p                    else
            2351     2   p                       rr(k) = R1
            2352     2   p                       nr(k) = R2
            2353     2   p                       L_qr(k) = .false.
            2354     2   p                    endif
            2355     1               
            2356     2   p                    if ((qs1d(k) + qsten(k)*DT) .gt. R1) then
            2357     2   p                       rs(k) = (qs1d(k) + qsten(k)*DT)*rho(k)
            2358     2   p                       L_qs(k) = .true.
            2359     2   p                    else
            2360     2   p                       rs(k) = R1
            2361     2   p                       L_qs(k) = .false.
            2362     2   p                    endif
            2363     1               
            2364     2   p                    if ((qg1d(k) + qgten(k)*DT) .gt. R1) then
            2365     2   p                       rg(k) = (qg1d(k) + qgten(k)*DT)*rho(k)
            2366     2   p                       L_qg(k) = .true.
            2367     2   p                    else
            2368     2   p                       rg(k) = R1
            2369     2   p                       L_qg(k) = .false.
            2370     2   p                    endif
            2371     1   p                 enddo
            2372                     
            2373                     !+---+-----------------------------------------------------------------+
            2374                     !..With tendency-updated mixing ratios, recalculate snow moments and
            2375                     !.. intercepts/slopes of graupel and rain.
            2376                     !+---+-----------------------------------------------------------------+
            2377     1                     if (.not. iiwarm) then
                                   <<< Loop-information Start >>>
                                   <<<  [PARALLELIZATION]
                                   <<<    Standard iteration count: 11
                                   <<<  [OPTIMIZATION]
                                   <<<    SIMD(VL: 8)
                                   <<<    PREFETCH(HARD) Expected by compiler :
                                   <<<      L_qs, rs, temp, smob, smo2, smoc, smod
                                   <<<    SPILLS :
                                   <<<      GENERAL   : SPILL 0  FILL 0
                                   <<<      SIMD&FP   : SPILL 0  FILL 0
                                   <<<      SCALABLE  : SPILL 21  FILL 61
                                   <<<      PREDICATE : SPILL 0  FILL 0
                                   <<< Loop-information  End >>>
            2378     2  pp    v            do k = kts, kte
            2379     2   p    v               if (.not. L_qs(k)) CYCLE
            2380     2   p    v               tc0 = MIN(-0.1, temp(k)-273.15)
            2381     2   p    v               smob(k) = rs(k)*oams
            2382     2               
            2383     2               !..All other moments based on reference, 2nd moment.  If bm_s.ne.2,
            2384     2               !.. then we must compute actual 2nd moment and use as reference.
            2385     3   p    v               if (bm_s.gt.(2.0-1.e-3) .and. bm_s.lt.(2.0+1.e-3)) then
            2386     3   p    v                  smo2(k) = smob(k)
            2387     3                        else
            2388     3                           loga_ = sa(1) + sa(2)*tc0 + sa(3)*bm_s &
            2389     3                              + sa(4)*tc0*bm_s + sa(5)*tc0*tc0 &
            2390     3                              + sa(6)*bm_s*bm_s + sa(7)*tc0*tc0*bm_s &
            2391     3                              + sa(8)*tc0*bm_s*bm_s + sa(9)*tc0*tc0*tc0 &
            2392     3                              + sa(10)*bm_s*bm_s*bm_s
            2393     3                           a_ = 10.0**loga_
            2394     3                           b_ = sb(1) + sb(2)*tc0 + sb(3)*bm_s &
            2395     3                              + sb(4)*tc0*bm_s + sb(5)*tc0*tc0 &
            2396     3                              + sb(6)*bm_s*bm_s + sb(7)*tc0*tc0*bm_s &
            2397     3                              + sb(8)*tc0*bm_s*bm_s + sb(9)*tc0*tc0*tc0 &
            2398     3                              + sb(10)*bm_s*bm_s*bm_s
            2399     3                           smo2(k) = (smob(k)/a_)**(1./b_)
            2400     3   p    v               endif
            2401     2               
            2402     2               !..Calculate bm_s+1 (th) moment.  Useful for diameter calcs.
            2403     2   p    v               loga_ = sa(1) + sa(2)*tc0 + sa(3)*cse(1) &
            2404     2                              + sa(4)*tc0*cse(1) + sa(5)*tc0*tc0 &
            2405     2                              + sa(6)*cse(1)*cse(1) + sa(7)*tc0*tc0*cse(1) &
            2406     2                              + sa(8)*tc0*cse(1)*cse(1) + sa(9)*tc0*tc0*tc0 &
            2407     2                              + sa(10)*cse(1)*cse(1)*cse(1)
            2408     2   p    v               a_ = 10.0**loga_
            2409     2   p    v               b_ = sb(1)+ sb(2)*tc0 + sb(3)*cse(1) + sb(4)*tc0*cse(1) &
            2410     2                             + sb(5)*tc0*tc0 + sb(6)*cse(1)*cse(1) &
            2411     2                             + sb(7)*tc0*tc0*cse(1) + sb(8)*tc0*cse(1)*cse(1) &
            2412     2                             + sb(9)*tc0*tc0*tc0 + sb(10)*cse(1)*cse(1)*cse(1)
            2413     2   p    v               smoc(k) = a_ * smo2(k)**b_
            2414     2               
            2415     2               !..Calculate bm_s+bv_s (th) moment.  Useful for sedimentation.
            2416     2   p    v               loga_ = sa(1) + sa(2)*tc0 + sa(3)*cse(14) &
            2417     2                              + sa(4)*tc0*cse(14) + sa(5)*tc0*tc0 &
            2418     2                              + sa(6)*cse(14)*cse(14) + sa(7)*tc0*tc0*cse(14) &
            2419     2                              + sa(8)*tc0*cse(14)*cse(14) + sa(9)*tc0*tc0*tc0 &
            2420     2                              + sa(10)*cse(14)*cse(14)*cse(14)
            2421     2   p    v               a_ = 10.0**loga_
            2422     2   p    v               b_ = sb(1)+ sb(2)*tc0 + sb(3)*cse(14) + sb(4)*tc0*cse(14) &
            2423     2                             + sb(5)*tc0*tc0 + sb(6)*cse(14)*cse(14) &
            2424     2                             + sb(7)*tc0*tc0*cse(14) + sb(8)*tc0*cse(14)*cse(14) &
            2425     2                             + sb(9)*tc0*tc0*tc0 + sb(10)*cse(14)*cse(14)*cse(14)
            2426     2   p    v               smod(k) = a_ * smo2(k)**b_
            2427     2   p    v            enddo
            2428     1               
            2429     1               !+---+-----------------------------------------------------------------+
            2430     1               !..Calculate y-intercept, slope values for graupel.
            2431     1               !+---+-----------------------------------------------------------------+
            2432     1                     N0_min = gonv_max
                                   <<< Loop-information Start >>>
                                   <<<  [PARALLELIZATION]
                                   <<<    Standard iteration count: 22
                                   <<<  [OPTIMIZATION]
                                   <<<    SIMD(VL: 8)
                                   <<<    SOFTWARE PIPELINING(IPC: 1.25, ITR: 8, MVE: 2, POL: S)
                                   <<<    PREFETCH(HARD) Expected by compiler :
                                   <<<      temp, rg, ilamg, N0_g, (unknown)
                                   <<< Loop-information  End >>>
            2433     2   m    m            do k = kte, kts, -1
            2434     3   p    v               if (temp(k).lt.270.65 .and. L_qr(k) .and. mvd_r(k).gt.100.E-6) then
            2435     3   p    m                  xslw1 = 4.01 + dlog10(mvd_r(k))
            2436     3   p    v               else
            2437     3   p    s                  xslw1 = 0.01
            2438     3   p    m               endif
            2439     2   p    m               ygra1 = 4.31 + dlog10(max(5.E-5, rg(k)))
            2440     2   p    v               zans1 = 3.1 + (100./(300.*xslw1*ygra1/(10./xslw1+1.+0.25*ygra1)+30.+10.*ygra1))
            2441     2   p    v               N0_exp = 10.**(zans1)
            2442     2   p    v               N0_exp = MAX(DBLE(gonv_min), MIN(N0_exp, DBLE(gonv_max)))
            2443     2   s    s               N0_min = MIN(N0_exp, N0_min)
            2444     2   p    v               N0_exp = N0_min
            2445     2   p    v               lam_exp = (N0_exp*am_g*cgg(1)/rg(k))**oge1
            2446     2   p    v               lamg = lam_exp * (cgg(3)*ogg2*ogg1)**obmg
            2447     2   p    v               ilamg(k) = 1./lamg
            2448     2   p    v               N0_g(k) = N0_exp/(cgg(2)*lam_exp) * lamg**cge(2)
            2449     2   p    v            enddo
            2450     1               
            2451     1                     endif
            2452                     
            2453                     !+---+-----------------------------------------------------------------+
            2454                     !..Calculate y-intercept, slope values for rain.
            2455                     !+---+-----------------------------------------------------------------+
                                   <<< Loop-information Start >>>
                                   <<<  [PARALLELIZATION]
                                   <<<    Standard iteration count: 22
                                   <<<  [OPTIMIZATION]
                                   <<<    SIMD(VL: 8)
                                   <<<    PREFETCH(HARD) Expected by compiler :
                                   <<<      rr, nr, ilamr, N0_r, mvd_r
                                   <<< Loop-information  End >>>
            2456     1  pp    v            do k = kte, kts, -1
            2457     1   p    v               lamr = (am_r*crg(3)*org2*nr(k)/rr(k))**obmr
            2458     1   p    v               ilamr(k) = 1./lamr
            2459     1   p    v               mvd_r(k) = (3.0 + mu_r + 0.672) / lamr
            2460     1   p    v               N0_r(k) = nr(k)*org2*lamr**cre(2)
            2461     1   p    v            enddo
            2462                     
            2463                     !+---+-----------------------------------------------------------------+
            2464                     !..Cloud water condensation and evaporation.  Newly formulated using
            2465                     !.. Newton-Raphson iterations (3 should suffice) as provided by B. Hall.
            2466                     !+---+-----------------------------------------------------------------+
                                   <<< Loop-information Start >>>
                                   <<<  [OPTIMIZATION]
                                   <<<    PREFETCH(HARD) Expected by compiler :
                                   <<<      ssatw
                                   <<< Loop-information  End >>>
            2467     1                     do k = kts, kte
            2468     2                        if ( (ssatw(k).gt. eps) .or. (ssatw(k).lt. -eps .and. &
            2469     2                                  L_qc(k)) ) then
            2470     2                         clap = (qv(k)-qvs(k))/(1. + lvt2(k)*qvs(k))
                                   <<< Loop-information Start >>>
                                   <<<  [OPTIMIZATION]
                                   <<<    FULL UNROLLING
                                   <<< Loop-information  End >>>
            2471     3   s   fs                do n = 1, 3
            2472     3   s   fs                   fcd = qvs(k)* EXP(lvt2(k)*clap) - qv(k) + clap
            2473     3   s   fs                   dfcd = qvs(k)*lvt2(k)* EXP(lvt2(k)*clap) + 1.
            2474     3   s   fs                   clap = clap - fcd/dfcd
            2475     3   s   fs                enddo
            2476     2                         xrc = rc(k) + clap * rho(k)
            2477     3                         if (xrc.gt. 0.0) then
            2478     3                            prw_vcd(k) = clap*odt
            2479     3                         else
            2480     3                            prw_vcd(k) = -rc(k)/rho(k)*odts
            2481     3                         endif
            2482     2               
            2483     2                         qcten(k) = qcten(k) + prw_vcd(k)
            2484     2                         qvten(k) = qvten(k) - prw_vcd(k)
            2485     2                         tten(k) = tten(k) + lvap(k)*ocp(k)*prw_vcd(k)*(1-IFDRY)
            2486     2                         rc(k) = MAX(R1, (qc1d(k) + DT*qcten(k))*rho(k))
            2487     2                         qv(k) = MAX(1.E-10, qv1d(k) + DT*qvten(k))
            2488     2                         temp(k) = t1d(k) + DT*tten(k)
            2489     2                         rho(k) = 0.622*pres(k)/(R*temp(k)*(qv(k)+0.622))
            2490     2    i                    qvs(k) = rslf(pres(k), temp(k))
            2491     2                         ssatw(k) = qv(k)/qvs(k) - 1.
            2492     2                        endif
            2493     1                     enddo
            2494                     
            2495                     !+---+-----------------------------------------------------------------+
            2496                     !.. If still subsaturated, allow rain to evaporate, following
            2497                     !.. Srivastava & Coen (1992).
            2498                     !+---+-----------------------------------------------------------------+
                                   <<< Loop-information Start >>>
                                   <<<  [PARALLELIZATION]
                                   <<<    Standard iteration count: 12
                                   <<<  [OPTIMIZATION]
                                   <<<    SIMD(VL: 8)
                                   <<<    PREFETCH(HARD) Expected by compiler :
                                   <<<      ssatw, L_qr, prw_vcd, temp, pres, rho
                                   <<<      qv, qvs, lvap, tcond, rhof, rr, rhof2
                                   <<<      ocp, diffu, visco
                                   <<<    PREFETCH(SOFT) : 28
                                   <<<     SEQUENTIAL : 28
                                   <<<      vsc2: 2, N0_r: 2, qvten: 2, ilamr: 2
                                   <<<      prv_rev: 2, t1d: 2, qv1d: 2, tten: 2
                                   <<<      qr1d: 2, nr1d: 2, qrten: 2, nrten: 2
                                   <<<      nr: 2, pnr_rev: 2
                                   <<<    SPILLS :
                                   <<<      GENERAL   : SPILL 0  FILL 9
                                   <<<      SIMD&FP   : SPILL 0  FILL 0
                                   <<<      SCALABLE  : SPILL 28  FILL 67
                                   <<<      PREDICATE : SPILL 1  FILL 1
                                   <<< Loop-information  End >>>
            2499     1  pp    v            do k = kts, kte
            2500     2   p    v               if ( (ssatw(k).lt. -eps) .and. L_qr(k) &
            2501     2                                    .and. (.not.(prw_vcd(k).gt. 0.)) ) then
            2502     2   p    v                tempc = temp(k) - 273.15
            2503     2   p    v                otemp = 1./temp(k)
            2504     2   p    v                rhof(k) = SQRT(RHO_NOT/rho(k))
            2505     2   p    v                rhof2(k) = SQRT(rhof(k))
            2506     2   p    v                diffu(k) = 2.11E-5*(temp(k)/273.15)**1.94 * (101325./pres(k))
            2507     3   p    v                if (tempc .ge. 0.0) then
            2508     3   p    v                   visco(k) = (1.718+0.0049*tempc)*1.0E-5
            2509     3   p    v                else
            2510     3   p    v                   visco(k) = (1.718+0.0049*tempc-1.2E-5*tempc*tempc)*1.0E-5
            2511     3   p    v                endif
            2512     2   p    v                vsc2(k) = SQRT(rho(k)/visco(k))
            2513     2   p    v                lvap(k) = lvap0 + (2106.0 - 4218.0)*tempc
            2514     2   p    v                tcond(k) = (5.69 + 0.0168*tempc)*1.0E-5 * 418.936
            2515     2   p    v                ocp(k) = 1./(Cp*(1.+0.887*qv(k)))
            2516     2               
            2517     2   p    v                rvs = rho(k)*qvs(k)
            2518     2   p    v                rvs_p = rvs*otemp*(lvap(k)*otemp*oRv - 1.)
            2519     2   p    v                rvs_pp = rvs * ( otemp*(lvap(k)*otemp*oRv - 1.) &
            2520     2                                         *otemp*(lvap(k)*otemp*oRv - 1.) &
            2521     2                                         + (-2.*lvap(k)*otemp*otemp*otemp*oRv) &
            2522     2                                         + otemp*otemp)
            2523     2   p    v                gamsc = lvap(k)*diffu(k)/tcond(k) * rvs_p
            2524     2   p    v                alphsc = 0.5*(gamsc/(1.+gamsc))*(gamsc/(1.+gamsc)) &
            2525     2                                    * rvs_pp/rvs_p * rvs/rvs_p
            2526     2   p    v                alphsc = MAX(1.E-9, alphsc)
            2527     2   p    v                xsat   = MIN(-1.E-9, ssatw(k))
            2528     2   p    v                t1_evap = 2.*PI*( 1.0 - alphsc*xsat  &
            2529     2                                + 2.*alphsc*alphsc*xsat*xsat  &
            2530     2                                - 5.*alphsc*alphsc*alphsc*xsat*xsat*xsat ) &
            2531     2                                / (1.+gamsc)
            2532     2               
            2533     2   p    v                lamr = 1./ilamr(k)
            2534     2               !..Rapidly eliminate near zero values when low humidity (<95%)
            2535     3   p    v                if (qv(k)/qvs(k) .lt. 0.95 .AND. rr(k)/rho(k).le.1.E-8) then
            2536     3   p    v                prv_rev(k) = rr(k)/rho(k)*odts
            2537     3   p    v                else
            2538     3   p    v                prv_rev(k) = t1_evap*diffu(k)*(-ssatw(k))*N0_r(k)*rvs &
            2539     3                             * (t1_qr_ev*ilamr(k)**cre(10) &
            2540     3                             + t2_qr_ev*vsc2(k)*rhof2(k)*((lamr+0.5*fv_r)**(-cre(11))))
            2541     3   p    v                rate_max = MIN((rr(k)/rho(k)*odts), (qvs(k)-qv(k))*odts)
            2542     3   p    v                prv_rev(k) = MIN(DBLE(rate_max), prv_rev(k)/rho(k))
            2543     3   p    v                endif
            2544     2   p    v                pnr_rev(k) = MIN(DBLE(nr(k)*0.99/rho(k)*odts),                &   ! RAIN2M
            2545     2                                      prv_rev(k) * nr(k)/rr(k))
            2546     2               
            2547     2   p    v                qrten(k) = qrten(k) - prv_rev(k)
            2548     2   p    v                qvten(k) = qvten(k) + prv_rev(k)
            2549     2   p    v                nrten(k) = nrten(k) - pnr_rev(k)
            2550     2   p    v                tten(k) = tten(k) - lvap(k)*ocp(k)*prv_rev(k)*(1-IFDRY)
            2551     2               
            2552     2   p    v                rr(k) = MAX(R1, (qr1d(k) + DT*qrten(k))*rho(k))
            2553     2   p    v                qv(k) = MAX(1.E-10, qv1d(k) + DT*qvten(k))
            2554     2   p    v                nr(k) = MAX(R2, (nr1d(k) + DT*nrten(k))*rho(k))
            2555     2   p    v                temp(k) = t1d(k) + DT*tten(k)
            2556     2   p    v                rho(k) = 0.622*pres(k)/(R*temp(k)*(qv(k)+0.622))
            2557     2   p    v               endif
            2558     1   p    v            enddo
            2559                     !#ifdef WRF_CHEM
            2560                     !      do k = kts, kte
            2561                     !         evapprod(k) = prv_rev(k) - (min(zeroD0,prs_sde(k)) + &
            2562                     !                                     min(zeroD0,prg_gde(k)))
            2563                     !         rainprod(k) = prr_wau(k) + prr_rcw(k) + prs_scw(k) + &
            2564                     !                                    prg_scw(k) + prs_iau(k) + &
            2565                     !                                    prg_gcw(k) + prs_sci(k) + &
            2566                     !                                    pri_rci(k)
            2567                     !      enddo
            2568                     !#endif
            2569                     
            2570                     !+---+-----------------------------------------------------------------+
            2571                     !..Find max terminal fallspeed (distribution mass-weighted mean
            2572                     !.. velocity) and use it to determine if we need to split the timestep
            2573                     !.. (var nstep>1).  Either way, only bother to do sedimentation below
            2574                     !.. 1st level that contains any sedimenting particles (k=ksed1 on down).
            2575                     !.. New in v3.0+ is computing separate for rain, ice, snow, and
            2576                     !.. graupel species thus making code faster with credit to J. Schmidt.
            2577                     !+---+-----------------------------------------------------------------+
            2578                           nstep = 0
                                   <<< Loop-information Start >>>
                                   <<<  [OPTIMIZATION]
                                   <<<    FULL UNROLLING
                                   <<< Loop-information  End >>>
            2579             f             onstep(:) = 1.0
            2580             f             ksed1(:) = 1
                                   <<< Loop-information Start >>>
                                   <<<  [PARALLELIZATION]
                                   <<<    Standard iteration count: 667
                                   <<<  [OPTIMIZATION]
                                   <<<    SIMD(VL: 8)
                                   <<<    PREFETCH(HARD) Expected by compiler :
                                   <<<      vtrk, vtnrk, vtik, vtnik, vtsk, vtgk
                                   <<< Loop-information  End >>>
            2581     1  pp   2v            do k = kte+1, kts, -1
            2582     1   p   2v               vtrk(k) = 0.
            2583     1   p   2v               vtnrk(k) = 0.
            2584     1   p   2v               vtik(k) = 0.
            2585     1   p   2v               vtnik(k) = 0.
            2586     1   p   2v               vtsk(k) = 0.
            2587     1   p   2v               vtgk(k) = 0.
            2588     1   p   2v            enddo
                                   <<< Loop-information Start >>>
                                   <<<  [OPTIMIZATION]
                                   <<<    PREFETCH(HARD) Expected by compiler :
                                   <<<      rr, rho, rhof, vtrk, vtnrk
                                   <<<    SPILLS :
                                   <<<      GENERAL   : SPILL 0  FILL 0
                                   <<<      SIMD&FP   : SPILL 2  FILL 8
                                   <<<      SCALABLE  : SPILL 12  FILL 25
                                   <<<      PREDICATE : SPILL 0  FILL 0
                                   <<< Loop-information  End >>>
            2589     1   s    s            do k = kte, kts, -1
            2590     1   p    v               vtr = 0.
            2591     1   p    v               rhof(k) = SQRT(RHO_NOT/rho(k))
            2592     1               
            2593     2   p    v               if (rr(k).gt. R1) then
            2594     2   p    v                lamr = (am_r*crg(3)*org2*nr(k)/rr(k))**obmr
            2595     2   p    v                vtr = rhof(k)*av_r*crg(6)*org3 * lamr**cre(3)                 &
            2596     2                                     *((lamr+fv_r)**(-cre(6)))
            2597     2   s    v                vtrk(k) = vtr
            2598     2               ! First below is technically correct:
            2599     2               !         vtr = rhof(k)*av_r*crg(5)*org2 * lamr**cre(2)                 &
            2600     2               !                     *((lamr+fv_r)**(-cre(5)))
            2601     2               ! Test: make number fall faster (but still slower than mass)
            2602     2               ! Goal: less prominent size sorting
            2603     2   p    v                vtr = rhof(k)*av_r*crg(7)/crg(12) * lamr**cre(12)             &
            2604     2                                     *((lamr+fv_r)**(-cre(7)))
            2605     2   m    v                vtnrk(k) = vtr
            2606     2   p    v               else
            2607     2   s    s                vtrk(k) = vtrk(k+1)
            2608     2   m    s                vtnrk(k) = vtnrk(k+1)
            2609     2   p    v               endif
            2610     1               
            2611     2   p    v               if (MAX(vtrk(k),vtnrk(k)) .gt. 1.E-3) then
            2612     2   p    v                  ksed1(1) = MAX(ksed1(1), k)
            2613     2   p    v                  delta_tp = dzq(k)/(MAX(vtrk(k),vtnrk(k)))
            2614     2   p    v                  nstep = MAX(nstep, INT(DT/delta_tp + 1.))
            2615     2   p    v               endif
            2616     1   p    v            enddo
            2617                           if (ksed1(1) .eq. kte) ksed1(1) = kte-1
            2618                           if (nstep .gt. 0) onstep(1) = 1./REAL(nstep)
            2619                     
            2620                     !+---+-----------------------------------------------------------------+
            2621                     
            2622     1                     if (.not. iiwarm) then
            2623     1               
            2624     1                      nstep = 0
                                   <<< Loop-information Start >>>
                                   <<<  [OPTIMIZATION]
                                   <<<    PREFETCH(HARD) Expected by compiler :
                                   <<<      ri, vtik, vtnik
                                   <<< Loop-information  End >>>
            2625     2   s   2s             do k = kte, kts, -1
            2626     2   p   2v                vti = 0.
            2627     2               
            2628     3   p   2v                if (ri(k).gt. R1) then
            2629     3   p   2v                 lami = (am_i*cig(2)*oig1*ni(k)/ri(k))**obmi
            2630     3   p   2v                 ilami = 1./lami
            2631     3   p   2v                 vti = rhof(k)*av_i*cig(3)*oig2 * ilami**bv_i
            2632     3   s   2v                 vtik(k) = vti
            2633     3               ! First below is technically correct:
            2634     3               !          vti = rhof(k)*av_i*cig(4)*oig1 * ilami**bv_i
            2635     3               ! Goal: less prominent size sorting
            2636     3   p   2v                 vti = rhof(k)*av_i*cig(6)/cig(7) * ilami**bv_i
            2637     3   m   2v                 vtnik(k) = vti
            2638     3   p   2v                else
            2639     3   s   2s                 vtik(k) = vtik(k+1)
            2640     3   m   2s                 vtnik(k) = vtnik(k+1)
            2641     3   p   2v                endif
            2642     2               
            2643     3   p   2v                if (vtik(k) .gt. 1.E-3) then
            2644     3   p   2v                   ksed1(2) = MAX(ksed1(2), k)
            2645     3   p   2v                   delta_tp = dzq(k)/vtik(k)
            2646     3   p   2v                   nstep = MAX(nstep, INT(DT/delta_tp + 1.))
            2647     3   p   2v                endif
            2648     2   p   2v             enddo
            2649     1                      if (ksed1(2) .eq. kte) ksed1(2) = kte-1
            2650     1                      if (nstep .gt. 0) onstep(2) = 1./REAL(nstep)
            2651     1               
            2652     1               !+---+-----------------------------------------------------------------+
            2653     1               
            2654     1                      nstep = 0
                                   <<< Loop-information Start >>>
                                   <<<  [OPTIMIZATION]
                                   <<<    PREFETCH(HARD) Expected by compiler :
                                   <<<      rs, vtsk
                                   <<<    SPILLS :
                                   <<<      GENERAL   : SPILL 0  FILL 0
                                   <<<      SIMD&FP   : SPILL 5  FILL 10
                                   <<<      SCALABLE  : SPILL 0  FILL 6
                                   <<<      PREDICATE : SPILL 0  FILL 0
                                   <<< Loop-information  End >>>
            2655     2   s    s             do k = kte, kts, -1
            2656     2   p    v                vts = 0.
            2657     2               
            2658     3   p    v                if (rs(k).gt. R1) then
            2659     3   p    v                 xDs = smoc(k) / smob(k)
            2660     3   p    v                 Mrat = 1./xDs
            2661     3   p    v                 ils1 = 1./(Mrat*Lam0 + fv_s)
            2662     3   p    v                 ils2 = 1./(Mrat*Lam1 + fv_s)
            2663     3   p    v                 t1_vts = Kap0*csg(4)*ils1**cse(4)
            2664     3   p    v                 t2_vts = Kap1*Mrat**mu_s*csg(10)*ils2**cse(10)
            2665     3   p    v                 ils1 = 1./(Mrat*Lam0)
            2666     3   p    v                 ils2 = 1./(Mrat*Lam1)
            2667     3   p    v                 t3_vts = Kap0*csg(1)*ils1**cse(1)
            2668     3   p    v                 t4_vts = Kap1*Mrat**mu_s*csg(7)*ils2**cse(7)
            2669     3   p    v                 vts = rhof(k)*av_s * (t1_vts+t2_vts)/(t3_vts+t4_vts)
            2670     4   p    v                 if (temp(k).gt. T_0) then
            2671     4   m    v                  vtsk(k) = MAX(vts*vts_boost(k), vtrk(k))
            2672     4   p    v                 else
            2673     4   m    v                  vtsk(k) = vts*vts_boost(k)
            2674     4   p    v                 endif
            2675     3   p    v                else
            2676     3   m    s                  vtsk(k) = vtsk(k+1)
            2677     3   p    v                endif
            2678     2               
            2679     3   p    v                if (vtsk(k) .gt. 1.E-3) then
            2680     3   p    v                   ksed1(3) = MAX(ksed1(3), k)
            2681     3   p    v                   delta_tp = dzq(k)/vtsk(k)
            2682     3   p    v                   nstep = MAX(nstep, INT(DT/delta_tp + 1.))
            2683     3   p    v                endif
            2684     2   p    v             enddo
            2685     1                      if (ksed1(3) .eq. kte) ksed1(3) = kte-1
            2686     1                      if (nstep .gt. 0) onstep(3) = 1./REAL(nstep)
            2687     1               
            2688     1               !+---+-----------------------------------------------------------------+
            2689     1               
            2690     1                      nstep = 0
                                   <<< Loop-information Start >>>
                                   <<<  [OPTIMIZATION]
                                   <<<    PREFETCH(HARD) Expected by compiler :
                                   <<<      rg, vtgk
                                   <<< Loop-information  End >>>
            2691     2   s   2s             do k = kte, kts, -1
            2692     2   p   2v                vtg = 0.
            2693     2               
            2694     3   p   2v                if (rg(k).gt. R1) then
            2695     3   p   2v                 vtg = rhof(k)*av_g*cgg(6)*ogg3 * ilamg(k)**bv_g
            2696     4   p   2v                 if (temp(k).gt. T_0) then
            2697     4   m   2v                  vtgk(k) = MAX(vtg, vtrk(k))
            2698     4   p   2v                 else
            2699     4   s   2v                  vtgk(k) = vtg
            2700     4   p   2v                 endif
            2701     3   p   2v                else
            2702     3   m   2s                  vtgk(k) = vtgk(k+1)
            2703     3   p   2v                endif
            2704     2               
            2705     3   p   2v                if (vtgk(k) .gt. 1.E-3) then
            2706     3   p   2v                   ksed1(4) = MAX(ksed1(4), k)
            2707     3   p   2v                   delta_tp = dzq(k)/vtgk(k)
            2708     3   p   2v                   nstep = MAX(nstep, INT(DT/delta_tp + 1.))
            2709     3   p   2v                endif
            2710     2   p   2v             enddo
            2711     1                      if (ksed1(4) .eq. kte) ksed1(4) = kte-1
            2712     1                      if (nstep .gt. 0) onstep(4) = 1./REAL(nstep)
            2713     1                     endif
            2714                     
            2715                     !+---+-----------------------------------------------------------------+
            2716                     !..Sedimentation of mixing ratio is the integral of v(D)*m(D)*N(D)*dD,
            2717                     !.. whereas neglect m(D) term for number concentration.  Therefore,
            2718                     !.. cloud ice has proper differential sedimentation.
            2719                     !.. New in v3.0+ is computing separate for rain, ice, snow, and
            2720                     !.. graupel species thus making code faster with credit to J. Schmidt.
            2721                     !+---+-----------------------------------------------------------------+
            2722                     
            2723                           nstep = NINT(1./onstep(1))
            2724     1       2             do n = 1, nstep
                                   <<< Loop-information Start >>>
                                   <<<  [PARALLELIZATION]
                                   <<<    Standard iteration count: 616
                                   <<<  [OPTIMIZATION]
                                   <<<    SIMD(VL: 8)
                                   <<<    SOFTWARE PIPELINING(IPC: 2.50, ITR: 96, MVE: 3, POL: S)
                                   <<<    PREFETCH(HARD) Expected by compiler :
                                   <<<      sed_n, vtnrk, vtrk, nr, rr, sed_r
                                   <<< Loop-information  End >>>
            2725     2  pp   2v               do k = kte, kts, -1
            2726     2   p   2v                  sed_r(k) = vtrk(k)*rr(k)
            2727     2   p   2v                  sed_n(k) = vtnrk(k)*nr(k)
            2728     2   p   2v               enddo
            2729     1       2                k = kte
            2730     1       2                odzq = 1./dzq(k)
            2731     1       2                orho = 1./rho(k)
            2732     1       2                qrten(k) = qrten(k) - sed_r(k)*odzq*onstep(1)*orho
            2733     1       2                nrten(k) = nrten(k) - sed_n(k)*odzq*onstep(1)*orho
            2734     1       2                rr(k) = MAX(R1, rr(k) - sed_r(k)*odzq*DT*onstep(1))
            2735     1       2                nr(k) = MAX(R2, nr(k) - sed_n(k)*odzq*DT*onstep(1))
                                   <<< Loop-information Start >>>
                                   <<<  [PARALLELIZATION]
                                   <<<    Standard iteration count: 187
                                   <<<  [OPTIMIZATION]
                                   <<<    SIMD(VL: 8)
                                   <<<    SOFTWARE PIPELINING(IPC: 1.00, ITR: 32, MVE: 2, POL: S)
                                   <<<    PREFETCH(HARD) Expected by compiler :
                                   <<<      rr, nr, rho, qrten, nrten, sed_r, sed_n
                                   <<<      dzq
                                   <<< Loop-information  End >>>
            2736     2  pp   2v               do k = ksed1(1), kts, -1
            2737     2   p   2v                  odzq = 1./dzq(k)
            2738     2   p   2v                  orho = 1./rho(k)
            2739     2   p   2v                  qrten(k) = qrten(k) + (sed_r(k+1)-sed_r(k)) &
            2740     2                                                              *odzq*onstep(1)*orho
            2741     2   p   2v                  nrten(k) = nrten(k) + (sed_n(k+1)-sed_n(k)) &
            2742     2                                                              *odzq*onstep(1)*orho
            2743     2   p   2v                  rr(k) = MAX(R1, rr(k) + (sed_r(k+1)-sed_r(k)) &
            2744     2                                                          *odzq*DT*onstep(1))
            2745     2   p   2v                  nr(k) = MAX(R2, nr(k) + (sed_n(k+1)-sed_n(k)) &
            2746     2                                                          *odzq*DT*onstep(1))
            2747     2   p   2v               enddo
            2748     1               
            2749     1       2                if (rr(kts).gt.R1*10.) &
            2750     1                        pptrain = pptrain + sed_r(kts)*DT*onstep(1)
            2751     1       2             enddo
            2752                     
            2753                     !+---+-----------------------------------------------------------------+
            2754                     
            2755                           nstep = NINT(1./onstep(2))
            2756     1       2             do n = 1, nstep
                                   <<< Loop-information Start >>>
                                   <<<  [PARALLELIZATION]
                                   <<<    Standard iteration count: 616
                                   <<<  [OPTIMIZATION]
                                   <<<    SIMD(VL: 8)
                                   <<<    SOFTWARE PIPELINING(IPC: 2.50, ITR: 96, MVE: 3, POL: S)
                                   <<<    PREFETCH(HARD) Expected by compiler :
                                   <<<      sed_n, vtnik, vtik, ni, ri, sed_i
                                   <<< Loop-information  End >>>
            2757     2  pp   2v               do k = kte, kts, -1
            2758     2   p   2v                  sed_i(k) = vtik(k)*ri(k)
            2759     2   p   2v                  sed_n(k) = vtnik(k)*ni(k)
            2760     2   p   2v               enddo
            2761     1       2                k = kte
            2762     1       2                odzq = 1./dzq(k)
            2763     1       2                orho = 1./rho(k)
            2764     1       2                qiten(k) = qiten(k) - sed_i(k)*odzq*onstep(2)*orho
            2765     1       2                niten(k) = niten(k) - sed_n(k)*odzq*onstep(2)*orho
            2766     1       2                ri(k) = MAX(R1, ri(k) - sed_i(k)*odzq*DT*onstep(2))
            2767     1       2                ni(k) = MAX(R2, ni(k) - sed_n(k)*odzq*DT*onstep(2))
                                   <<< Loop-information Start >>>
                                   <<<  [PARALLELIZATION]
                                   <<<    Standard iteration count: 187
                                   <<<  [OPTIMIZATION]
                                   <<<    SIMD(VL: 8)
                                   <<<    SOFTWARE PIPELINING(IPC: 1.00, ITR: 32, MVE: 2, POL: S)
                                   <<<    PREFETCH(HARD) Expected by compiler :
                                   <<<      ri, ni, rho, qiten, niten, sed_i, sed_n
                                   <<<      dzq
                                   <<< Loop-information  End >>>
            2768     2  pp   2v               do k = ksed1(2), kts, -1
            2769     2   p   2v                  odzq = 1./dzq(k)
            2770     2   p   2v                  orho = 1./rho(k)
            2771     2   p   2v                  qiten(k) = qiten(k) + (sed_i(k+1)-sed_i(k)) &
            2772     2                                                              *odzq*onstep(2)*orho
            2773     2   p   2v                  niten(k) = niten(k) + (sed_n(k+1)-sed_n(k)) &
            2774     2                                                              *odzq*onstep(2)*orho
            2775     2   p   2v                  ri(k) = MAX(R1, ri(k) + (sed_i(k+1)-sed_i(k)) &
            2776     2                                                          *odzq*DT*onstep(2))
            2777     2   p   2v                  ni(k) = MAX(R2, ni(k) + (sed_n(k+1)-sed_n(k)) &
            2778     2                                                          *odzq*DT*onstep(2))
            2779     2   p   2v               enddo
            2780     1               
            2781     1       2                if (ri(kts).gt.R1*10.) &
            2782     1                        pptice = pptice + sed_i(kts)*DT*onstep(2)
            2783     1       2             enddo
            2784                     
            2785                     !+---+-----------------------------------------------------------------+
            2786                     
            2787                           nstep = NINT(1./onstep(3))
            2788     1       2             do n = 1, nstep
                                   <<< Loop-information Start >>>
                                   <<<  [PARALLELIZATION]
                                   <<<    Standard iteration count: 1000
                                   <<<  [OPTIMIZATION]
                                   <<<    SIMD(VL: 8)
                                   <<<    SOFTWARE PIPELINING(IPC: 2.66, ITR: 144, MVE: 4, POL: S)
                                   <<<    PREFETCH(HARD) Expected by compiler :
                                   <<<      rs, sed_s, vtsk
                                   <<< Loop-information  End >>>
            2789     2  pp   2v               do k = kte, kts, -1
            2790     2   p   2v                  sed_s(k) = vtsk(k)*rs(k)
            2791     2   p   2v               enddo
            2792     1       2                k = kte
            2793     1       2                odzq = 1./dzq(k)
            2794     1       2                orho = 1./rho(k)
            2795     1       2                qsten(k) = qsten(k) - sed_s(k)*odzq*onstep(3)*orho
            2796     1       2                rs(k) = MAX(R1, rs(k) - sed_s(k)*odzq*DT*onstep(3))
                                   <<< Loop-information Start >>>
                                   <<<  [PARALLELIZATION]
                                   <<<    Standard iteration count: 302
                                   <<<  [OPTIMIZATION]
                                   <<<    SIMD(VL: 8)
                                   <<<    SOFTWARE PIPELINING(IPC: 0.56, ITR: 48, MVE: 2, POL: S)
                                   <<<    PREFETCH(HARD) Expected by compiler :
                                   <<<      rho, dzq, sed_s, rs, qsten
                                   <<< Loop-information  End >>>
            2797     2  pp   2v               do k = ksed1(3), kts, -1
            2798     2   p   2v                  odzq = 1./dzq(k)
            2799     2   p   2v                  orho = 1./rho(k)
            2800     2   p   2v                  qsten(k) = qsten(k) + (sed_s(k+1)-sed_s(k)) &
            2801     2                                                              *odzq*onstep(3)*orho
            2802     2   p   2v                  rs(k) = MAX(R1, rs(k) + (sed_s(k+1)-sed_s(k)) &
            2803     2                                                          *odzq*DT*onstep(3))
            2804     2   p   2v               enddo
            2805     1               
            2806     1       2                if (rs(kts).gt.R1*10.) &
            2807     1                        pptsnow = pptsnow + sed_s(kts)*DT*onstep(3)
            2808     1       2             enddo
            2809                     
            2810                     !+---+-----------------------------------------------------------------+
            2811                     
            2812                           nstep = NINT(1./onstep(4))
            2813     1       2             do n = 1, nstep
                                   <<< Loop-information Start >>>
                                   <<<  [PARALLELIZATION]
                                   <<<    Standard iteration count: 1000
                                   <<<  [OPTIMIZATION]
                                   <<<    SIMD(VL: 8)
                                   <<<    SOFTWARE PIPELINING(IPC: 2.66, ITR: 144, MVE: 4, POL: S)
                                   <<<    PREFETCH(HARD) Expected by compiler :
                                   <<<      rg, sed_g, vtgk
                                   <<< Loop-information  End >>>
            2814     2  pp   2v               do k = kte, kts, -1
            2815     2   p   2v                  sed_g(k) = vtgk(k)*rg(k)
            2816     2   p   2v               enddo
            2817     1       2                k = kte
            2818     1       2                odzq = 1./dzq(k)
            2819     1       2                orho = 1./rho(k)
            2820     1       2                qgten(k) = qgten(k) - sed_g(k)*odzq*onstep(4)*orho
            2821     1       2                rg(k) = MAX(R1, rg(k) - sed_g(k)*odzq*DT*onstep(4))
                                   <<< Loop-information Start >>>
                                   <<<  [PARALLELIZATION]
                                   <<<    Standard iteration count: 302
                                   <<<  [OPTIMIZATION]
                                   <<<    SIMD(VL: 8)
                                   <<<    SOFTWARE PIPELINING(IPC: 0.56, ITR: 48, MVE: 2, POL: S)
                                   <<<    PREFETCH(HARD) Expected by compiler :
                                   <<<      rho, dzq, sed_g, rg, qgten
                                   <<< Loop-information  End >>>
            2822     2  pp   2v               do k = ksed1(4), kts, -1
            2823     2   p   2v                  odzq = 1./dzq(k)
            2824     2   p   2v                  orho = 1./rho(k)
            2825     2   p   2v                  qgten(k) = qgten(k) + (sed_g(k+1)-sed_g(k)) &
            2826     2                                                              *odzq*onstep(4)*orho
            2827     2   p   2v                  rg(k) = MAX(R1, rg(k) + (sed_g(k+1)-sed_g(k)) &
            2828     2                                                          *odzq*DT*onstep(4))
            2829     2   p   2v               enddo
            2830     1               
            2831     1       2                if (rg(kts).gt.R1*10.) &
            2832     1                        pptgraul = pptgraul + sed_g(kts)*DT*onstep(4)
            2833     1       2             enddo
            2834                     
            2835                     !+---+-----------------------------------------------------------------+
            2836                     !.. Instantly melt any cloud ice into cloud water if above 0C and
            2837                     !.. instantly freeze any cloud water found below HGFR.
            2838                     !+---+-----------------------------------------------------------------+
            2839     1                     if (.not. iiwarm) then
                                   <<< Loop-information Start >>>
                                   <<<  [PARALLELIZATION]
                                   <<<    Standard iteration count: 141
                                   <<<  [OPTIMIZATION]
                                   <<<    SIMD(VL: 8)
                                   <<<    SOFTWARE PIPELINING(IPC: 0.92, ITR: 40, MVE: 3, POL: S)
                                   <<<    PREFETCH(HARD) Expected by compiler :
                                   <<<      tten, qcten, ocp, lvap, niten, qiten
                                   <<<      qi1d, qc1d, temp, ni1d
                                   <<< Loop-information  End >>>
            2840     2  pp    v            do k = kts, kte
            2841     2   p    v               xri = MAX(0.0, qi1d(k) + qiten(k)*DT)
            2842     3   p    v               if ( (temp(k).gt. T_0) .and. (xri.gt. 0.0) ) then
            2843     3   p    v                qcten(k) = qcten(k) + xri*odt
            2844     3   p    v                qiten(k) = qiten(k) - xri*odt
            2845     3   p    v                niten(k) = -ni1d(k)*odt
            2846     3   p    v                tten(k) = tten(k) - lfus*ocp(k)*xri*odt*(1-IFDRY)
            2847     3   p    v               endif
            2848     2               
            2849     2   p    v               xrc = MAX(0.0, qc1d(k) + qcten(k)*DT)
            2850     3   p    v               if ( (temp(k).lt. HGFR) .and. (xrc.gt. 0.0) ) then
            2851     3   p    v                lfus2 = lsub - lvap(k)
            2852     3   p    v                qiten(k) = qiten(k) + xrc*odt
            2853     3   p    v                niten(k) = niten(k) + xrc/xm0i * odt
            2854     3   p    v                qcten(k) = qcten(k) - xrc*odt
            2855     3   p    v                tten(k) = tten(k) + lfus2*ocp(k)*xrc*odt*(1-IFDRY)
            2856     3   p    v               endif
            2857     2   p    v            enddo
            2858     1                     endif
            2859                     
            2860                     !+---+-----------------------------------------------------------------+
            2861                     !.. All tendencies computed, apply and pass back final values to parent.
            2862                     !+---+-----------------------------------------------------------------+
                                   <<< Loop-information Start >>>
                                   <<<  [PARALLELIZATION]
                                   <<<    Standard iteration count: 18
                                   <<<  [OPTIMIZATION]
                                   <<<    SIMD(VL: 8)
                                   <<<    PREFETCH(HARD) Expected by compiler :
                                   <<<      qgten, qg1d, qs1d, rho, nrten, qsten
                                   <<<      qrten, qr1d, nr1d, qi1d, ni1d, mvd_r
                                   <<<      qiten, niten, qcten, qc1d
                                   <<<    PREFETCH(SOFT) : 8
                                   <<<     SEQUENTIAL : 8
                                   <<<      qvten: 2, qv1d: 2, tten: 2, t1d: 2
                                   <<<    SPILLS :
                                   <<<      GENERAL   : SPILL 0  FILL 0
                                   <<<      SIMD&FP   : SPILL 0  FILL 0
                                   <<<      SCALABLE  : SPILL 0  FILL 16
                                   <<<      PREDICATE : SPILL 0  FILL 0
                                   <<< Loop-information  End >>>
            2863     1  pp    v            do k = kts, kte
            2864     1   p    v               t1d(k)  = t1d(k) + tten(k)*DT
            2865     1   p    v               qv1d(k) = MAX(1.E-10, qv1d(k) + qvten(k)*DT)
            2866     1   p    v               qc1d(k) = qc1d(k) + qcten(k)*DT
            2867     1   p    v               if (qc1d(k) .le. R1) qc1d(k) = 0.0
            2868     1   p    v               qi1d(k) = qi1d(k) + qiten(k)*DT
            2869     1   p    v               ni1d(k) = MAX(R2/rho(k), ni1d(k) + niten(k)*DT)
            2870     2   p    v               if (qi1d(k) .le. R1) then
            2871     2   p    v                 qi1d(k) = 0.0
            2872     2   p    v                 ni1d(k) = 0.0
            2873     2   p    v               else
            2874     2   p    v                 lami = (am_i*cig(2)*oig1*ni1d(k)/qi1d(k))**obmi
            2875     2   p    v                 ilami = 1./lami
            2876     2   p    v                 xDi = (bm_i + mu_i + 1.) * ilami
            2877     3   p    v                 if (xDi.lt. 20.E-6) then
            2878     3   p    v                  lami = cie(2)/20.E-6
            2879     3   p    v                 elseif (xDi.gt. 300.E-6) then
            2880     3   p    v                  lami = cie(2)/300.E-6
            2881     3   p    v                 endif
            2882     2   p    v                 ni1d(k) = MIN(cig(1)*oig2*qi1d(k)/am_i*lami**bm_i,           &
            2883     2                                        250.D3/rho(k))
            2884     2   p    v               endif
            2885     1   p    v               qr1d(k) = qr1d(k) + qrten(k)*DT
            2886     1   p    v               nr1d(k) = MAX(R2/rho(k), nr1d(k) + nrten(k)*DT)
            2887     2   p    v               if (qr1d(k) .le. R1) then
            2888     2   p    v                 qr1d(k) = 0.0
            2889     2   p    v                 nr1d(k) = 0.0
            2890     2   p    v               else
            2891     2   p    v                 lamr = (am_r*crg(3)*org2*nr1d(k)/qr1d(k))**obmr
            2892     2   p    v                 mvd_r(k) = (3.0 + mu_r + 0.672) / lamr
            2893     3   p    v                 if (mvd_r(k) .gt. 2.5E-3) then
            2894     3   p    v                    mvd_r(k) = 2.5E-3
            2895     3   p    v                 elseif (mvd_r(k) .lt. D0r*0.75) then
            2896     3   p    v                    mvd_r(k) = D0r*0.75
            2897     3   p    v                 endif
            2898     2   p    v                 lamr = (3.0 + mu_r + 0.672) / mvd_r(k)
            2899     2   p    v                 nr1d(k) = crg(2)*org3*qr1d(k)*lamr**bm_r / am_r
            2900     2   p    v               endif
            2901     1   p    v               qs1d(k) = qs1d(k) + qsten(k)*DT
            2902     1   p    v               if (qs1d(k) .le. R1) qs1d(k) = 0.0
            2903     1   p    v               qg1d(k) = qg1d(k) + qgten(k)*DT
            2904     1   p    v               if (qg1d(k) .le. R1) qg1d(k) = 0.0
            2905     1   p    v            enddo
            2906                     
            2907                           end subroutine mp_thompson
            2908                     !+---+-----------------------------------------------------------------+
            2909                     !
            2910                     !+---+-----------------------------------------------------------------+
            2911                     !..Creation of the lookup tables and support functions found below here.
            2912                     !+---+-----------------------------------------------------------------+
            2913                     !..Rain collecting graupel (and inverse).  Explicit CE integration.
            2914                     !+---+-----------------------------------------------------------------+
            2915                     
            2916                           subroutine qr_acr_qg
            2917                     
            2918                           implicit none
            2919                     
            2920                     !..Local variables
            2921                           INTEGER:: i, j, k, m, n, n2
            2922                           INTEGER:: km, km_s, km_e
            2923                           DOUBLE PRECISION, DIMENSION(nbg):: vg, N_g
            2924                           DOUBLE PRECISION, DIMENSION(nbr):: vr, N_r
            2925                           DOUBLE PRECISION:: N0_r, N0_g, lam_exp, lamg, lamr
            2926                           DOUBLE PRECISION:: massg, massr, dvg, dvr, t1, t2, z1, z2, y1, y2
            2927                     
            2928                     !+---+
            2929                     
                                   <<< Loop-information Start >>>
                                   <<<  [PARALLELIZATION]
                                   <<<    Standard iteration count: 728
                                   <<<  [OPTIMIZATION]
                                   <<<    SIMD(VL: 8)
                                   <<<    FULL UNROLLING
                                   <<< Loop-information  End >>>
            2930     1   s   fv            do n2 = 1, nbr
            2931     1               !        vr(n2) = av_r*Dr(n2)**bv_r * DEXP(-fv_r*Dr(n2))
            2932     1   p   fv               vr(n2) = -0.1021 + 4.932E3*Dr(n2) - 0.9551E6*Dr(n2)*Dr(n2)     &
            2933     1                             + 0.07934E9*Dr(n2)*Dr(n2)*Dr(n2)                          &
            2934     1                             - 0.002362E12*Dr(n2)*Dr(n2)*Dr(n2)*Dr(n2)
            2935     1   p   fv            enddo
                                   <<< Loop-information Start >>>
                                   <<<  [PARALLELIZATION]
                                   <<<    Standard iteration count: 45
                                   <<<  [OPTIMIZATION]
                                   <<<    SIMD(VL: 8)
                                   <<<    SOFTWARE PIPELINING(IPC: 1.10, ITR: 72, MVE: 4, POL: L)
                                   <<<    PREFETCH(HARD) Expected by compiler :
                                   <<<      vg, Dg
                                   <<<    SPILLS :
                                   <<<      GENERAL   : SPILL 0  FILL 0
                                   <<<      SIMD&FP   : SPILL 0  FILL 0
                                   <<<      SCALABLE  : SPILL 0  FILL 40
                                   <<<      PREDICATE : SPILL 0  FILL 0
                                   <<< Loop-information  End >>>
            2936     1  pp    v            do n = 1, nbg
            2937     1   p    v               vg(n) = av_g*Dg(n)**bv_g
            2938     1   p    v            enddo
            2939                     
            2940                     !..Note values returned from wrf_dm_decomp1d are zero-based, add 1 for
            2941                     !.. fortran indices.  J. Michalakes, 2009Oct30.
            2942                     
            2943                     #if ( defined( DM_PARALLEL ) && ( ! defined( STUBMPI ) ) )
            2944                           CALL wrf_dm_decomp1d ( ntb_r*ntb_r1, km_s, km_e )
            2945                     #else
            2946                           km_s = 0
            2947                           km_e = ntb_r*ntb_r1 - 1
            2948                     #endif
            2949                     
            2950     1                     do km = km_s, km_e
            2951     1                        m = km / ntb_r1 + 1
            2952     1                        k = mod( km , ntb_r1 ) + 1
            2953     1               
            2954     1                        lam_exp = (N0r_exp(k)*am_r*crg(1)/r_r(m))**ore1
            2955     1                        lamr = lam_exp * (crg(3)*org2*org1)**obmr
            2956     1                        N0_r = N0r_exp(k)/(crg(2)*lam_exp) * lamr**cre(2)
                                   <<< Loop-information Start >>>
                                   <<<  [PARALLELIZATION]
                                   <<<    Standard iteration count: 44
                                   <<<  [OPTIMIZATION]
                                   <<<    SIMD(VL: 8)
                                   <<<    SOFTWARE PIPELINING(IPC: 0.87, ITR: 64, MVE: 4, POL: S)
                                   <<<    PREFETCH(HARD) Expected by compiler :
                                   <<<      dtr, Dr, N_r
                                   <<< Loop-information  End >>>
            2957     2  pp    v               do n2 = 1, nbr
            2958     2   p    v                  N_r(n2) = N0_r*Dr(n2)**mu_r *DEXP(-lamr*Dr(n2))*dtr(n2)
            2959     2   p    v               enddo
            2960     1               
            2961     2                        do j = 1, ntb_g
                                   <<< Loop-information Start >>>
                                   <<<  [OPTIMIZATION]
                                   <<<    PREFETCH(HARD) Expected by compiler :
                                   <<<      (unknown)
                                   <<<    SPILLS :
                                   <<<      GENERAL   : SPILL 0  FILL 2
                                   <<<      SIMD&FP   : SPILL 0  FILL 0
                                   <<<      SCALABLE  : SPILL 0  FILL 1
                                   <<<      PREDICATE : SPILL 0  FILL 0
                                   <<< Loop-information  End >>>
            2962     3                        do i = 1, ntb_g1
            2963     3                           lam_exp = (N0g_exp(i)*am_g*cgg(1)/r_g(j))**oge1
            2964     3                           lamg = lam_exp * (cgg(3)*ogg2*ogg1)**obmg
            2965     3                           N0_g = N0g_exp(i)/(cgg(2)*lam_exp) * lamg**cge(2)
                                   <<< Loop-information Start >>>
                                   <<<  [PARALLELIZATION]
                                   <<<    Standard iteration count: 44
                                   <<<  [OPTIMIZATION]
                                   <<<    SIMD(VL: 8)
                                   <<<    SOFTWARE PIPELINING(IPC: 0.87, ITR: 64, MVE: 4, POL: S)
                                   <<<    PREFETCH(HARD) Expected by compiler :
                                   <<<      dtg, Dg, N_g
                                   <<< Loop-information  End >>>
            2966     4  pp    v                  do n = 1, nbg
            2967     4   p    v                     N_g(n) = N0_g*Dg(n)**mu_g * DEXP(-lamg*Dg(n))*dtg(n)
            2968     4   p    v                  enddo
            2969     3               
            2970     3                           t1 = 0.0d0
            2971     3                           t2 = 0.0d0
            2972     3                           z1 = 0.0d0
            2973     3                           z2 = 0.0d0
            2974     3                           y1 = 0.0d0
            2975     3                           y2 = 0.0d0
                                   <<< Loop-information Start >>>
                                   <<<  [PARALLELIZATION]
                                   <<<    Standard iteration count: 4
                                   <<<  [OPTIMIZATION]
                                   <<<    SPILLS :
                                   <<<      GENERAL   : SPILL 0  FILL 0
                                   <<<      SIMD&FP   : SPILL 6  FILL 6
                                   <<<      SCALABLE  : SPILL 0  FILL 17
                                   <<<      PREDICATE : SPILL 0  FILL 0
                                   <<< Loop-information  End >>>
            2976     4  pp                       do n2 = 1, nbr
            2977     4   p                          massr = am_r * Dr(n2)**bm_r
                                   <<< Loop-information Start >>>
                                   <<<  [PARALLELIZATION]
                                   <<<    Standard iteration count: 356
                                   <<<  [OPTIMIZATION]
                                   <<<    SIMD(VL: 8)
                                   <<<    FULL UNROLLING
                                   <<< Loop-information  End >>>
            2978     5   p   fv                     do n = 1, nbg
            2979     5   p   fv                        massg = am_g * Dg(n)**bm_g
            2980     5               
            2981     5   p   fv                        dvg = 0.5d0*((vr(n2) - vg(n)) + DABS(vr(n2)-vg(n)))
            2982     5   p   fv                        dvr = 0.5d0*((vg(n) - vr(n2)) + DABS(vg(n)-vr(n2)))
            2983     5               
            2984     5   p   fv                        t1 = t1+ PI*.25*Ef_rg*(Dg(n)+Dr(n2))*(Dg(n)+Dr(n2)) &
            2985     5                                     *dvg*massg * N_g(n)* N_r(n2)
            2986     5   p   fv                        z1 = z1+ PI*.25*Ef_rg*(Dg(n)+Dr(n2))*(Dg(n)+Dr(n2)) &
            2987     5                                     *dvg*massr * N_g(n)* N_r(n2)
            2988     5   p   fv                        y1 = y1+ PI*.25*Ef_rg*(Dg(n)+Dr(n2))*(Dg(n)+Dr(n2)) &
            2989     5                                     *dvg       * N_g(n)* N_r(n2)
            2990     5               
            2991     5   p   fv                        t2 = t2+ PI*.25*Ef_rg*(Dg(n)+Dr(n2))*(Dg(n)+Dr(n2)) &
            2992     5                                     *dvr*massr * N_g(n)* N_r(n2)
            2993     5   p   fv                        y2 = y2+ PI*.25*Ef_rg*(Dg(n)+Dr(n2))*(Dg(n)+Dr(n2)) &
            2994     5                                     *dvr       * N_g(n)* N_r(n2)
            2995     5   p   fv                        z2 = z2+ PI*.25*Ef_rg*(Dg(n)+Dr(n2))*(Dg(n)+Dr(n2)) &
            2996     5                                     *dvr*massg * N_g(n)* N_r(n2)
            2997     5   p   fv                     enddo
            2998     4   p            97            continue
            2999     4   p                       enddo
            3000     3                           tcg_racg(i,j,k,m) = t1
            3001     3                           tmr_racg(i,j,k,m) = DMIN1(z1, r_r(m)*1.0d0)
            3002     3                           tcr_gacr(i,j,k,m) = t2
            3003     3                           tmg_gacr(i,j,k,m) = z2
            3004     3                           tnr_racg(i,j,k,m) = y1
            3005     3                           tnr_gacr(i,j,k,m) = y2
            3006     3                        enddo
            3007     2                        enddo
            3008     1                     enddo
            3009                     
            3010                     !..Note wrf_dm_gatherv expects zero-based km_s, km_e (J. Michalakes, 2009Oct30).
            3011                     
            3012                     #if ( defined( DM_PARALLEL ) && ( ! defined( STUBMPI ) ) )
            3013                           CALL wrf_dm_gatherv(tcg_racg, ntb_g*ntb_g1, km_s, km_e, R8SIZE)
            3014                           CALL wrf_dm_gatherv(tmr_racg, ntb_g*ntb_g1, km_s, km_e, R8SIZE)
            3015                           CALL wrf_dm_gatherv(tcr_gacr, ntb_g*ntb_g1, km_s, km_e, R8SIZE)
            3016                           CALL wrf_dm_gatherv(tmg_gacr, ntb_g*ntb_g1, km_s, km_e, R8SIZE)
            3017                           CALL wrf_dm_gatherv(tnr_racg, ntb_g*ntb_g1, km_s, km_e, R8SIZE)
            3018                           CALL wrf_dm_gatherv(tnr_gacr, ntb_g*ntb_g1, km_s, km_e, R8SIZE)
            3019                     #endif
            3020                     
            3021                           end subroutine qr_acr_qg
            3022                     !+---+-----------------------------------------------------------------+
            3023                     !
            3024                     !+---+-----------------------------------------------------------------+
            3025                     !..Rain collecting snow (and inverse).  Explicit CE integration.
            3026                     !+---+-----------------------------------------------------------------+
            3027                     
            3028                           subroutine qr_acr_qs
            3029                     
            3030                           implicit none
            3031                     
            3032                     !..Local variables
            3033                           INTEGER:: i, j, k, m, n, n2
            3034                           INTEGER:: km, km_s, km_e
            3035                           DOUBLE PRECISION, DIMENSION(nbr):: vr, D1, N_r
            3036                           DOUBLE PRECISION, DIMENSION(nbs):: vs, N_s
            3037                           DOUBLE PRECISION:: loga_, a_, b_, second, M0, M2, M3, Mrat, oM3
            3038                           DOUBLE PRECISION:: N0_r, lam_exp, lamr, slam1, slam2
            3039                           DOUBLE PRECISION:: dvs, dvr, masss, massr
            3040                           DOUBLE PRECISION:: t1, t2, t3, t4, z1, z2, z3, z4
            3041                           DOUBLE PRECISION:: y1, y2, y3, y4
            3042                     
            3043                     !+---+
            3044                     
                                   <<< Loop-information Start >>>
                                   <<<  [PARALLELIZATION]
                                   <<<    Standard iteration count: 728
                                   <<<  [OPTIMIZATION]
                                   <<<    SIMD(VL: 8)
                                   <<<    FULL UNROLLING
                                   <<< Loop-information  End >>>
            3045     1   s   fv            do n2 = 1, nbr
            3046     1               !        vr(n2) = av_r*Dr(n2)**bv_r * DEXP(-fv_r*Dr(n2))
            3047     1   p   fv               vr(n2) = -0.1021 + 4.932E3*Dr(n2) - 0.9551E6*Dr(n2)*Dr(n2)     &
            3048     1                             + 0.07934E9*Dr(n2)*Dr(n2)*Dr(n2)                          &
            3049     1                             - 0.002362E12*Dr(n2)*Dr(n2)*Dr(n2)*Dr(n2)
            3050     1   p   fv               D1(n2) = (vr(n2)/av_s)**(1./bv_s)
            3051     1   p   fv            enddo
                                   <<< Loop-information Start >>>
                                   <<<  [PARALLELIZATION]
                                   <<<    Standard iteration count: 23
                                   <<<  [OPTIMIZATION]
                                   <<<    SIMD(VL: 8)
                                   <<<    SOFTWARE PIPELINING(IPC: 1.11, ITR: 56, MVE: 3, POL: L)
                                   <<<    PREFETCH(HARD) Expected by compiler :
                                   <<<      vs, Ds
                                   <<<    SPILLS :
                                   <<<      GENERAL   : SPILL 0  FILL 0
                                   <<<      SIMD&FP   : SPILL 0  FILL 0
                                   <<<      SCALABLE  : SPILL 0  FILL 28
                                   <<<      PREDICATE : SPILL 0  FILL 0
                                   <<< Loop-information  End >>>
            3052     1  pp    v            do n = 1, nbs
            3053     1   p    v               vs(n) = 1.5*av_s*Ds(n)**bv_s * DEXP(-fv_s*Ds(n))
            3054     1   p    v            enddo
            3055                     
            3056                     !..Note values returned from wrf_dm_decomp1d are zero-based, add 1 for
            3057                     !.. fortran indices.  J. Michalakes, 2009Oct30.
            3058                     
            3059                     #if ( defined( DM_PARALLEL ) && ( ! defined( STUBMPI ) ) )
            3060                           CALL wrf_dm_decomp1d ( ntb_r*ntb_r1, km_s, km_e )
            3061                     #else
            3062                           km_s = 0
            3063                           km_e = ntb_r*ntb_r1 - 1
            3064                     #endif
            3065                     
            3066     1                     do km = km_s, km_e
            3067     1                        m = km / ntb_r1 + 1
            3068     1                        k = mod( km , ntb_r1 ) + 1
            3069     1               
            3070     1                        lam_exp = (N0r_exp(k)*am_r*crg(1)/r_r(m))**ore1
            3071     1                        lamr = lam_exp * (crg(3)*org2*org1)**obmr
            3072     1                        N0_r = N0r_exp(k)/(crg(2)*lam_exp) * lamr**cre(2)
                                   <<< Loop-information Start >>>
                                   <<<  [PARALLELIZATION]
                                   <<<    Standard iteration count: 44
                                   <<<  [OPTIMIZATION]
                                   <<<    SIMD(VL: 8)
                                   <<<    SOFTWARE PIPELINING(IPC: 0.87, ITR: 64, MVE: 4, POL: S)
                                   <<<    PREFETCH(HARD) Expected by compiler :
                                   <<<      dtr, Dr, N_r
                                   <<< Loop-information  End >>>
            3073     2  pp    v               do n2 = 1, nbr
            3074     2   p    v                  N_r(n2) = N0_r*Dr(n2)**mu_r * DEXP(-lamr*Dr(n2))*dtr(n2)
            3075     2   p    v               enddo
            3076     1               
            3077     2                        do j = 1, ntb_t
                                   <<< Loop-information Start >>>
                                   <<<  [OPTIMIZATION]
                                   <<<    PREFETCH(HARD) Expected by compiler :
                                   <<<      (unknown)
                                   <<<    SPILLS :
                                   <<<      GENERAL   : SPILL 0  FILL 2
                                   <<<      SIMD&FP   : SPILL 22  FILL 39
                                   <<<      SCALABLE  : SPILL 11  FILL 15
                                   <<<      PREDICATE : SPILL 0  FILL 0
                                   <<< Loop-information  End >>>
            3078     3                           do i = 1, ntb_s
            3079     3               
            3080     3               !..From the bm_s moment, compute plus one moment.  If we are not
            3081     3               !.. using bm_s=2, then we must transform to the pure 2nd moment
            3082     3               !.. (variable called "second") and then to the bm_s+1 moment.
            3083     3               
            3084     3                              M2 = r_s(i)*oams *1.0d0
            3085     4                              if (bm_s.gt.2.0-1.E-3 .and. bm_s.lt.2.0+1.E-3) then
            3086     4                                 loga_ = sa(1) + sa(2)*Tc(j) + sa(3)*bm_s &
            3087     4                                    + sa(4)*Tc(j)*bm_s + sa(5)*Tc(j)*Tc(j) &
            3088     4                                    + sa(6)*bm_s*bm_s + sa(7)*Tc(j)*Tc(j)*bm_s &
            3089     4                                    + sa(8)*Tc(j)*bm_s*bm_s + sa(9)*Tc(j)*Tc(j)*Tc(j) &
            3090     4                                    + sa(10)*bm_s*bm_s*bm_s
            3091     4                                 a_ = 10.0**loga_
            3092     4                                 b_ = sb(1) + sb(2)*Tc(j) + sb(3)*bm_s &
            3093     4                                    + sb(4)*Tc(j)*bm_s + sb(5)*Tc(j)*Tc(j) &
            3094     4                                    + sb(6)*bm_s*bm_s + sb(7)*Tc(j)*Tc(j)*bm_s &
            3095     4                                    + sb(8)*Tc(j)*bm_s*bm_s + sb(9)*Tc(j)*Tc(j)*Tc(j) &
            3096     4                                    + sb(10)*bm_s*bm_s*bm_s
            3097     4                                 second = (M2/a_)**(1./b_)
            3098     4                              else
            3099     4                                 second = M2
            3100     4                              endif
            3101     3               
            3102     3                              loga_ = sa(1) + sa(2)*Tc(j) + sa(3)*cse(1) &
            3103     3                                 + sa(4)*Tc(j)*cse(1) + sa(5)*Tc(j)*Tc(j) &
            3104     3                                 + sa(6)*cse(1)*cse(1) + sa(7)*Tc(j)*Tc(j)*cse(1) &
            3105     3                                 + sa(8)*Tc(j)*cse(1)*cse(1) + sa(9)*Tc(j)*Tc(j)*Tc(j) &
            3106     3                                 + sa(10)*cse(1)*cse(1)*cse(1)
            3107     3                              a_ = 10.0**loga_
            3108     3                              b_ = sb(1)+sb(2)*Tc(j)+sb(3)*cse(1) + sb(4)*Tc(j)*cse(1) &
            3109     3                                 + sb(5)*Tc(j)*Tc(j) + sb(6)*cse(1)*cse(1) &
            3110     3                                 + sb(7)*Tc(j)*Tc(j)*cse(1) + sb(8)*Tc(j)*cse(1)*cse(1) &
            3111     3                                 + sb(9)*Tc(j)*Tc(j)*Tc(j)+sb(10)*cse(1)*cse(1)*cse(1)
            3112     3                              M3 = a_ * second**b_
            3113     3               
            3114     3                              oM3 = 1./M3
            3115     3                              Mrat = M2*(M2*oM3)*(M2*oM3)*(M2*oM3)
            3116     3                              M0   = (M2*oM3)**mu_s
            3117     3                              slam1 = M2 * oM3 * Lam0
            3118     3                              slam2 = M2 * oM3 * Lam1
            3119     3               
                                   <<< Loop-information Start >>>
                                   <<<  [PARALLELIZATION]
                                   <<<    Standard iteration count: 15
                                   <<<  [OPTIMIZATION]
                                   <<<    SIMD(VL: 8)
                                   <<<    PREFETCH(HARD) Expected by compiler :
                                   <<<      Ds, dts, N_s
                                   <<< Loop-information  End >>>
            3120     4  pp    v                     do n = 1, nbs
            3121     4   p    v                        N_s(n) = Mrat*(Kap0*DEXP(-slam1*Ds(n)) &
            3122     4                                     + Kap1*M0*Ds(n)**mu_s * DEXP(-slam2*Ds(n)))*dts(n)
            3123     4   p    v                     enddo
            3124     3               
            3125     3                              t1 = 0.0d0
            3126     3                              t2 = 0.0d0
            3127     3                              t3 = 0.0d0
            3128     3                              t4 = 0.0d0
            3129     3                              z1 = 0.0d0
            3130     3                              z2 = 0.0d0
            3131     3                              z3 = 0.0d0
            3132     3                              z4 = 0.0d0
            3133     3                              y1 = 0.0d0
            3134     3                              y2 = 0.0d0
            3135     3                              y3 = 0.0d0
            3136     3                              y4 = 0.0d0
                                   <<< Loop-information Start >>>
                                   <<<  [PARALLELIZATION]
                                   <<<    Standard iteration count: 2
                                   <<< Loop-information  End >>>
            3137     4  pp                          do n2 = 1, nbr
            3138     4   p                             massr = am_r * Dr(n2)**bm_r
                                   <<< Loop-information Start >>>
                                   <<<  [PARALLELIZATION]
                                   <<<    Standard iteration count: 134
                                   <<<  [OPTIMIZATION]
                                   <<<    PREFETCH(HARD) Expected by compiler :
                                   <<<      Ds, vs
                                   <<< Loop-information  End >>>
            3139     5   p    s                        do n = 1, nbs
            3140     5   p    m                           masss = am_s * Ds(n)**bm_s
            3141     5               
            3142     5   p    v                           dvs = 0.5d0*((vr(n2) - vs(n)) + DABS(vr(n2)-vs(n)))
            3143     5   p    v                           dvr = 0.5d0*((vs(n) - vr(n2)) + DABS(vs(n)-vr(n2)))
            3144     5               
            3145     6   p    v                           if (massr .gt. 1.5*masss) then
            3146     6   p    m                           t1 = t1+ PI*.25*Ef_rs*(Ds(n)+Dr(n2))*(Ds(n)+Dr(n2)) &
            3147     6                                        *dvs*masss * N_s(n)* N_r(n2)
            3148     6   p    s                           z1 = z1+ PI*.25*Ef_rs*(Ds(n)+Dr(n2))*(Ds(n)+Dr(n2)) &
            3149     6                                        *dvs*massr * N_s(n)* N_r(n2)
            3150     6   p    s                           y1 = y1+ PI*.25*Ef_rs*(Ds(n)+Dr(n2))*(Ds(n)+Dr(n2)) &
            3151     6                                        *dvs       * N_s(n)* N_r(n2)
            3152     6   p                                else
            3153     6   p    s                           t3 = t3+ PI*.25*Ef_rs*(Ds(n)+Dr(n2))*(Ds(n)+Dr(n2)) &
            3154     6                                        *dvs*masss * N_s(n)* N_r(n2)
            3155     6   p    s                           z3 = z3+ PI*.25*Ef_rs*(Ds(n)+Dr(n2))*(Ds(n)+Dr(n2)) &
            3156     6                                        *dvs*massr * N_s(n)* N_r(n2)
            3157     6   p    s                           y3 = y3+ PI*.25*Ef_rs*(Ds(n)+Dr(n2))*(Ds(n)+Dr(n2)) &
            3158     6                                        *dvs       * N_s(n)* N_r(n2)
            3159     6   p    s                           endif
            3160     5               
            3161     6   p    m                           if (massr .gt. 1.5*masss) then
            3162     6   p    m                           t2 = t2+ PI*.25*Ef_rs*(Ds(n)+Dr(n2))*(Ds(n)+Dr(n2)) &
            3163     6                                        *dvr*massr * N_s(n)* N_r(n2)
            3164     6   p    s                           y2 = y2+ PI*.25*Ef_rs*(Ds(n)+Dr(n2))*(Ds(n)+Dr(n2)) &
            3165     6                                        *dvr       * N_s(n)* N_r(n2)
            3166     6   p    s                           z2 = z2+ PI*.25*Ef_rs*(Ds(n)+Dr(n2))*(Ds(n)+Dr(n2)) &
            3167     6                                        *dvr*masss * N_s(n)* N_r(n2)
            3168     6   p                                else
            3169     6   p    s                           t4 = t4+ PI*.25*Ef_rs*(Ds(n)+Dr(n2))*(Ds(n)+Dr(n2)) &
            3170     6                                        *dvr*massr * N_s(n)* N_r(n2)
            3171     6   p    s                           y4 = y4+ PI*.25*Ef_rs*(Ds(n)+Dr(n2))*(Ds(n)+Dr(n2)) &
            3172     6                                        *dvr       * N_s(n)* N_r(n2)
            3173     6   p    s                           z4 = z4+ PI*.25*Ef_rs*(Ds(n)+Dr(n2))*(Ds(n)+Dr(n2)) &
            3174     6                                        *dvr*masss * N_s(n)* N_r(n2)
            3175     6   p    v                           endif
            3176     5               
            3177     5   p    v                        enddo
            3178     4   p                          enddo
            3179     3                              tcs_racs1(i,j,k,m) = t1
            3180     3                              tmr_racs1(i,j,k,m) = DMIN1(z1, r_r(m)*1.0d0)
            3181     3                              tcs_racs2(i,j,k,m) = t3
            3182     3                              tmr_racs2(i,j,k,m) = z3
            3183     3                              tcr_sacr1(i,j,k,m) = t2
            3184     3                              tms_sacr1(i,j,k,m) = z2
            3185     3                              tcr_sacr2(i,j,k,m) = t4
            3186     3                              tms_sacr2(i,j,k,m) = z4
            3187     3                              tnr_racs1(i,j,k,m) = y1
            3188     3                              tnr_racs2(i,j,k,m) = y3
            3189     3                              tnr_sacr1(i,j,k,m) = y2
            3190     3                              tnr_sacr2(i,j,k,m) = y4
            3191     3                           enddo
            3192     2                        enddo
            3193     1                     enddo
            3194                     
            3195                     !..Note wrf_dm_gatherv expects zero-based km_s, km_e (J. Michalakes, 2009Oct30).
            3196                     
            3197                     #if ( defined( DM_PARALLEL ) && ( ! defined( STUBMPI ) ) )
            3198                           CALL wrf_dm_gatherv(tcs_racs1, ntb_s*ntb_t, km_s, km_e, R8SIZE)
            3199                           CALL wrf_dm_gatherv(tmr_racs1, ntb_s*ntb_t, km_s, km_e, R8SIZE)
            3200                           CALL wrf_dm_gatherv(tcs_racs2, ntb_s*ntb_t, km_s, km_e, R8SIZE)
            3201                           CALL wrf_dm_gatherv(tmr_racs2, ntb_s*ntb_t, km_s, km_e, R8SIZE)
            3202                           CALL wrf_dm_gatherv(tcr_sacr1, ntb_s*ntb_t, km_s, km_e, R8SIZE)
            3203                           CALL wrf_dm_gatherv(tms_sacr1, ntb_s*ntb_t, km_s, km_e, R8SIZE)
            3204                           CALL wrf_dm_gatherv(tcr_sacr2, ntb_s*ntb_t, km_s, km_e, R8SIZE)
            3205                           CALL wrf_dm_gatherv(tms_sacr2, ntb_s*ntb_t, km_s, km_e, R8SIZE)
            3206                           CALL wrf_dm_gatherv(tnr_racs1, ntb_s*ntb_t, km_s, km_e, R8SIZE)
            3207                           CALL wrf_dm_gatherv(tnr_racs2, ntb_s*ntb_t, km_s, km_e, R8SIZE)
            3208                           CALL wrf_dm_gatherv(tnr_sacr1, ntb_s*ntb_t, km_s, km_e, R8SIZE)
            3209                           CALL wrf_dm_gatherv(tnr_sacr2, ntb_s*ntb_t, km_s, km_e, R8SIZE)
            3210                     #endif
            3211                     
            3212                     
            3213                           end subroutine qr_acr_qs
            3214                     !+---+-----------------------------------------------------------------+
            3215                     !
            3216                     !+---+-----------------------------------------------------------------+
            3217                     !..This is a literal adaptation of Bigg (1954) probability of drops of
            3218                     !..a particular volume freezing.  Given this probability, simply freeze
            3219                     !..the proportion of drops summing their masses.
            3220                     !+---+-----------------------------------------------------------------+
            3221                     
            3222                           subroutine freezeH2O
            3223                     
            3224                           implicit none
            3225                     
            3226                     !..Local variables
            3227                           INTEGER:: i, j, k, n, n2
            3228                           DOUBLE PRECISION, DIMENSION(nbr):: N_r, massr
            3229                           DOUBLE PRECISION, DIMENSION(nbc):: N_c, massc
            3230                           DOUBLE PRECISION:: sum1, sum2, sumn1, sumn2, &
            3231                                              prob, vol, Texp, orho_w, &
            3232                                              lam_exp, lamr, N0_r, lamc, N0_c, y
            3233                     
            3234                     !+---+
            3235                     
            3236                           orho_w = 1./rho_w
            3237                     
                                   <<< Loop-information Start >>>
                                   <<<  [PARALLELIZATION]
                                   <<<    Standard iteration count: 1143
                                   <<<  [OPTIMIZATION]
                                   <<<    SIMD(VL: 8)
                                   <<<    FULL UNROLLING
                                   <<< Loop-information  End >>>
            3238     1   s   fv            do n2 = 1, nbr
            3239     1   p   fv               massr(n2) = am_r*Dr(n2)**bm_r
            3240     1   p   fv            enddo
                                   <<< Loop-information Start >>>
                                   <<<  [PARALLELIZATION]
                                   <<<    Standard iteration count: 1143
                                   <<<  [OPTIMIZATION]
                                   <<<    SIMD(VL: 8)
                                   <<<    FULL UNROLLING
                                   <<< Loop-information  End >>>
            3241     1   s   fv            do n = 1, nbc
            3242     1   p   fv               massc(n) = am_r*Dc(n)**bm_r
            3243     1   p   fv            enddo
            3244                     
            3245                     !..Freeze water (smallest drops become cloud ice, otherwise graupel).
            3246     1                     do k = 1, 45
            3247     1               !         print*, ' Freezing water for temp = ', -k
            3248     1                        Texp = DEXP( DFLOAT(k) ) - 1.0D0
            3249     2                        do j = 1, ntb_r1
            3250     3                           do i = 1, ntb_r
            3251     3                              lam_exp = (N0r_exp(j)*am_r*crg(1)/r_r(i))**ore1
            3252     3                              lamr = lam_exp * (crg(3)*org2*org1)**obmr
            3253     3                              N0_r = N0r_exp(j)/(crg(2)*lam_exp) * lamr**cre(2)
            3254     3                              sum1 = 0.0d0
            3255     3                              sum2 = 0.0d0
            3256     3                              sumn1 = 0.0d0
            3257     3                              sumn2 = 0.0d0
                                   <<< Loop-information Start >>>
                                   <<<  [OPTIMIZATION]
                                   <<<    PREFETCH(HARD) Expected by compiler :
                                   <<<      Dr, dtr, massr
                                   <<<    SPILLS :
                                   <<<      GENERAL   : SPILL 0  FILL 0
                                   <<<      SIMD&FP   : SPILL 0  FILL 2
                                   <<<      SCALABLE  : SPILL 0  FILL 0
                                   <<<      PREDICATE : SPILL 0  FILL 0
                                   <<< Loop-information  End >>>
            3258     4                              do n2 = nbr, 1, -1
            3259     4                                 N_r(n2) = N0_r*Dr(n2)**mu_r*DEXP(-lamr*Dr(n2))*dtr(n2)
            3260     4                                 vol = massr(n2)*orho_w
            3261     4                                 prob = 1.0D0 - DEXP(-120.0D0*vol*5.2D-4 * Texp)
            3262     5                                 if (massr(n2) .lt. xm0g) then
            3263     5                                    sumn1 = sumn1 + prob*N_r(n2)
            3264     5                                    sum1 = sum1 + prob*N_r(n2)*massr(n2)
            3265     5                                 else
            3266     5                                    sumn2 = sumn2 + prob*N_r(n2)
            3267     5                                    sum2 = sum2 + prob*N_r(n2)*massr(n2)
            3268     5                                 endif
            3269     4                                 if ((sum1+sum2) .ge. r_r(i)) EXIT
            3270     4                              enddo
            3271     3                              tpi_qrfz(i,j,k) = sum1
            3272     3                              tni_qrfz(i,j,k) = sumn1
            3273     3                              tpg_qrfz(i,j,k) = sum2
            3274     3                              tnr_qrfz(i,j,k) = sumn2
            3275     3                           enddo
            3276     2                        enddo
            3277     2                        do j = 1, 2  !land and ocean
            3278     3                         do i = 1, ntb_c
            3279     3               !           lamc = 1.0D-6 * (Nt_c*am_r* ccg(2) * ocg1 / r_c(i))**obmr
            3280     3               !            N0_c = 1.0D-18 * Nt_c*ocg1 * lamc**cce(1)
            3281     4                                       if(j==1) then
            3282     4                             lamc = 1.0D-6 * (Nt_cl*am_r* ccg(2,1) * ocg1(1) / r_c(i))**obmr
            3283     4                             N0_c = 1.0D-18 * Nt_cl*ocg1(1) * lamc**cce(1,1)
            3284     4                           else
            3285     4                             lamc = 1.0D-6 * (Nt_co*am_r* ccg(2,2) * ocg1(2) / r_c(i))**obmr
            3286     4                             N0_c = 1.0D-18 * Nt_co*ocg1(2) * lamc**cce(1,2)
            3287     4                           endif
            3288     3                           sum1 = 0.0d0
            3289     3                           sumn2 = 0.0d0
                                   <<< Loop-information Start >>>
                                   <<<  [OPTIMIZATION]
                                   <<<    PREFETCH(HARD) Expected by compiler :
                                   <<<      Dc, massc, dtc
                                   <<<    SPILLS :
                                   <<<      GENERAL   : SPILL 0  FILL 1
                                   <<<      SIMD&FP   : SPILL 3  FILL 8
                                   <<<      SCALABLE  : SPILL 0  FILL 22
                                   <<<      PREDICATE : SPILL 0  FILL 0
                                   <<< Loop-information  End >>>
            3290     4                           do n = nbc, 1, -1
            3291     4                              y = Dc(n)*1.0D6
            3292     4                              vol = massc(n)*orho_w
            3293     4                              prob = 1.0D0 - DEXP(-120.0D0*vol*5.2D-4 * Texp)
            3294     4               !              N_c(n) = N0_c* y**mu_c * EXP(-lamc*y)*dtc(n)
            3295     5                              if(j==1) then
            3296     5                                N_c(n) = N0_c* y**mu_cl * EXP(-lamc*y)*dtc(n)
            3297     5                              else
            3298     5                                N_c(n) = N0_c* y**mu_co * EXP(-lamc*y)*dtc(n)
            3299     5                              endif
            3300     4                              N_c(n) = 1.0D24 * N_c(n)
            3301     4                              sumn2 = sumn2 + prob*N_c(n)
            3302     4                              sum1 = sum1 + prob*N_c(n)*massc(n)
            3303     4                              if (sum1 .ge. r_c(i)) EXIT
            3304     4                           enddo
            3305     3               !           tpi_qcfz(i,k) = sum1
            3306     3               !           tni_qcfz(i,k) = sumn2
            3307     3                           tpi_qcfz(i,k,j) = sum1
            3308     3                           tni_qcfz(i,k,j) = sumn2
            3309     3                         enddo
            3310     2                        enddo
            3311     1                     enddo
            3312                     
            3313                           end subroutine freezeH2O
            3314                     !+---+-----------------------------------------------------------------+
            3315                     !
            3316                     !+---+-----------------------------------------------------------------+
            3317                     !..Cloud ice converting to snow since portion greater than min snow
            3318                     !.. size.  Given cloud ice content (kg/m**3), number concentration
            3319                     !.. (#/m**3) and gamma shape parameter, mu_i, break the distrib into
            3320                     !.. bins and figure out the mass/number of ice with sizes larger than
            3321                     !.. D0s.  Also, compute incomplete gamma function for the integration
            3322                     !.. of ice depositional growth from diameter=0 to D0s.  Amount of
            3323                     !.. ice depositional growth is this portion of distrib while larger
            3324                     !.. diameters contribute to snow growth (as in Harrington et al. 1995).
            3325                     !+---+-----------------------------------------------------------------+
            3326                     
            3327                           subroutine qi_aut_qs
            3328                     
            3329                           implicit none
            3330                     
            3331                     !..Local variables
            3332                           INTEGER:: i, j, n2
            3333                           DOUBLE PRECISION, DIMENSION(nbi):: N_i
            3334                           DOUBLE PRECISION:: N0_i, lami, Di_mean, t1, t2
            3335                           REAL:: xlimit_intg
            3336                     
            3337                     !+---+
            3338                     
            3339     1                     do j = 1, ntb_i1
            3340     2                        do i = 1, ntb_i
            3341     2                           lami = (am_i*cig(2)*oig1*Nt_i(j)/r_i(i))**obmi
            3342     2                           Di_mean = (bm_i + mu_i + 1.) / lami
            3343     2                           N0_i = Nt_i(j)*oig1 * lami**cie(1)
            3344     2                           t1 = 0.0d0
            3345     2                           t2 = 0.0d0
            3346     3                           if (SNGL(Di_mean) .gt. 5.*D0s) then
            3347     3                            t1 = r_i(i)
            3348     3                            t2 = Nt_i(j)
            3349     3                            tpi_ide(i,j) = 0.0D0
            3350     3                           elseif (SNGL(Di_mean) .lt. D0i) then
            3351     3                            t1 = 0.0D0
            3352     3                            t2 = 0.0D0
            3353     3                            tpi_ide(i,j) = 1.0D0
            3354     3                           else
            3355     3                            xlimit_intg = lami*D0s
            3356     3                            tpi_ide(i,j) = GAMMP(mu_i+2.0, xlimit_intg) * 1.0D0
                                   <<< Loop-information Start >>>
                                   <<<  [PARALLELIZATION]
                                   <<<    Standard iteration count: 43
                                   <<<  [OPTIMIZATION]
                                   <<<    SIMD(VL: 8)
                                   <<< Loop-information  End >>>
            3357     4  pp    v                   do n2 = 1, nbi
            3358     4   p    v                     N_i(n2) = N0_i*Di(n2)**mu_i * DEXP(-lami*Di(n2))*dti(n2)
            3359     5   p    v                     if (Di(n2).ge.D0s) then
            3360     5   p    v                        t1 = t1 + N_i(n2) * am_i*Di(n2)**bm_i
            3361     5   p    v                        t2 = t2 + N_i(n2)
            3362     5   p    v                     endif
            3363     4   p    v                   enddo
            3364     3                           endif
            3365     2                           tps_iaus(i,j) = t1
            3366     2                           tni_iaus(i,j) = t2
            3367     2                        enddo
            3368     1                     enddo
            3369                     
            3370                           end subroutine qi_aut_qs
            3371                     !
            3372                     !+---+-----------------------------------------------------------------+
            3373                     !..Variable collision efficiency for rain collecting cloud water using
            3374                     !.. method of Beard and Grover, 1974 if a/A less than 0.25; otherwise
            3375                     !.. uses polynomials to get close match of Pruppacher & Klett Fig 14-9.
            3376                     !+---+-----------------------------------------------------------------+
            3377                     
            3378                           subroutine table_Efrw
            3379                     
            3380                           implicit none
            3381                     
            3382                     !..Local variables
            3383                           DOUBLE PRECISION:: vtr, stokes, reynolds, Ef_rw
            3384                           DOUBLE PRECISION:: p, yc0, F, G, H, z, K0, X
            3385                           INTEGER:: i, j
            3386                     
                                   <<< Loop-information Start >>>
                                   <<<  [PARALLELIZATION]
                                   <<<    Standard iteration count: 2
                                   <<<  [OPTIMIZATION]
                                   <<<    PREFETCH(HARD) Expected by compiler :
                                   <<<      Dc, t_Efrw
                                   <<<    SPILLS :
                                   <<<      GENERAL   : SPILL 0  FILL 0
                                   <<<      SIMD&FP   : SPILL 0  FILL 0
                                   <<<      SCALABLE  : SPILL 385  FILL 852
                                   <<<      PREDICATE : SPILL 18  FILL 41
                                   <<< Loop-information  End >>>
            3387     1  pp                 do j = 1, nbc
                                   <<< Loop-information Start >>>
                                   <<<  [OPTIMIZATION]
                                   <<<    SIMD(VL: 8)
                                   <<<    FULL UNROLLING
                                   <<< Loop-information  End >>>
            3388     2   p   fv            do i = 1, nbr
            3389     2   p   fv               Ef_rw = 0.0
            3390     2   p   fv               p = Dc(j)/Dr(i)
            3391     3   p   fv               if (Dr(i).lt.50.E-6 .or. Dc(j).lt.3.E-6) then
            3392     3   p   fv                t_Efrw(i,j) = 0.0
            3393     3   p   fv               elseif (p.gt.0.25) then
            3394     3   p   fv                X = Dc(j)*1.D6
            3395     4   p   fv                if (Dr(i) .lt. 75.e-6) then
            3396     4   p   fv                   Ef_rw = 0.026794*X - 0.20604
            3397     4   p   fv                elseif (Dr(i) .lt. 125.e-6) then
            3398     4   p   fv                   Ef_rw = -0.00066842*X*X + 0.061542*X - 0.37089
            3399     4   p   fv                elseif (Dr(i) .lt. 175.e-6) then
            3400     4   p   fv                   Ef_rw = 4.091e-06*X*X*X*X - 0.00030908*X*X*X               &
            3401     4                                  + 0.0066237*X*X - 0.0013687*X - 0.073022
            3402     4   p   fv                elseif (Dr(i) .lt. 250.e-6) then
            3403     4   p   fv                   Ef_rw = 9.6719e-5*X*X*X - 0.0068901*X*X + 0.17305*X        &
            3404     4                                  - 0.65988
            3405     4   p   fv                elseif (Dr(i) .lt. 350.e-6) then
            3406     4   p   fv                   Ef_rw = 9.0488e-5*X*X*X - 0.006585*X*X + 0.16606*X         &
            3407     4                                  - 0.56125
            3408     4   p   fv                else
            3409     4   p   fv                   Ef_rw = 0.00010721*X*X*X - 0.0072962*X*X + 0.1704*X        &
            3410     4                                  - 0.46929
            3411     4   p   fv                endif
            3412     3   p   fv               else
            3413     3   p   fv                vtr = -0.1021 + 4.932E3*Dr(i) - 0.9551E6*Dr(i)*Dr(i) &
            3414     3                             + 0.07934E9*Dr(i)*Dr(i)*Dr(i) &
            3415     3                             - 0.002362E12*Dr(i)*Dr(i)*Dr(i)*Dr(i)
            3416     3   p   fv                stokes = Dc(j)*Dc(j)*vtr*rho_w/(9.*1.718E-5*Dr(i))
            3417     3   p   fv                reynolds = 9.*stokes/(p*p*rho_w)
            3418     3               
            3419     3   p   fv                F = DLOG(reynolds)
            3420     3   p   fv                G = -0.1007D0 - 0.358D0*F + 0.0261D0*F*F
            3421     3   p   fv                K0 = DEXP(G)
            3422     3   p   fv                z = DLOG(stokes/(K0+1.D-15))
            3423     3   p   fv                H = 0.1465D0 + 1.302D0*z - 0.607D0*z*z + 0.293D0*z*z*z
            3424     3   p   fv                yc0 = 2.0D0/PI * ATAN(H)
            3425     3   p   fv                Ef_rw = (yc0+p)*(yc0+p) / ((1.+p)*(1.+p))
            3426     3               
            3427     3   p   fv               endif
            3428     2               
            3429     2   p   fv               t_Efrw(i,j) = MAX(0.0, MIN(SNGL(Ef_rw), 0.95))
            3430     2               
            3431     2   p   fv            enddo
            3432     1   p                 enddo
            3433                     
            3434                           end subroutine table_Efrw
            3435                     !
            3436                     !+---+-----------------------------------------------------------------+
            3437                     !..Variable collision efficiency for snow collecting cloud water using
            3438                     !.. method of Wang and Ji, 2000 except equate melted snow diameter to
            3439                     !.. their "effective collision cross-section."
            3440                     !+---+-----------------------------------------------------------------+
            3441                     
            3442                           subroutine table_Efsw
            3443                     
            3444                           implicit none
            3445                     
            3446                     !..Local variables
            3447                           DOUBLE PRECISION:: Ds_m, vts, vtc, stokes, reynolds, Ef_sw
            3448                           DOUBLE PRECISION:: p, yc0, F, G, H, z, K0
            3449                           INTEGER:: i, j
            3450                     
                                   <<< Loop-information Start >>>
                                   <<<  [PARALLELIZATION]
                                   <<<    Standard iteration count: 2
                                   <<<  [OPTIMIZATION]
                                   <<<    PREFETCH(HARD) Expected by compiler :
                                   <<<      Dc, t_Efsw
                                   <<<    SPILLS :
                                   <<<      GENERAL   : SPILL 0  FILL 0
                                   <<<      SIMD&FP   : SPILL 0  FILL 0
                                   <<<      SCALABLE  : SPILL 419  FILL 710
                                   <<<      PREDICATE : SPILL 4  FILL 4
                                   <<< Loop-information  End >>>
            3451     1  pp                 do j = 1, nbc
            3452     1   p                 vtc = 1.19D4 * (1.0D4*Dc(j)*Dc(j)*0.25D0)
                                   <<< Loop-information Start >>>
                                   <<<  [OPTIMIZATION]
                                   <<<    SIMD(VL: 8)
                                   <<<    FULL UNROLLING
                                   <<< Loop-information  End >>>
            3453     2   p   fv            do i = 1, nbs
            3454     2   p   fv               vts = av_s*Ds(i)**bv_s * DEXP(-fv_s*Ds(i)) - vtc
            3455     2   p   fv               Ds_m = (am_s*Ds(i)**bm_s / am_r)**obmr
            3456     2   p   fv               p = Dc(j)/Ds_m
            3457     3   p   fv               if (p.gt.0.25 .or. Ds(i).lt.D0s .or. Dc(j).lt.6.E-6 &
            3458     3                              .or. vts.lt.1.E-3) then
            3459     3   p   fv                t_Efsw(i,j) = 0.0
            3460     3   p   fv               else
            3461     3   p   fv                stokes = Dc(j)*Dc(j)*vts*rho_w/(9.*1.718E-5*Ds_m)
            3462     3   p   fv                reynolds = 9.*stokes/(p*p*rho_w)
            3463     3               
            3464     3   p   fv                F = DLOG(reynolds)
            3465     3   p   fv                G = -0.1007D0 - 0.358D0*F + 0.0261D0*F*F
            3466     3   p   fv                K0 = DEXP(G)
            3467     3   p   fv                z = DLOG(stokes/(K0+1.D-15))
            3468     3   p   fv                H = 0.1465D0 + 1.302D0*z - 0.607D0*z*z + 0.293D0*z*z*z
            3469     3   p   fv                yc0 = 2.0D0/PI * ATAN(H)
            3470     3   p   fv                Ef_sw = (yc0+p)*(yc0+p) / ((1.+p)*(1.+p))
            3471     3               
            3472     3   p   fv                t_Efsw(i,j) = MAX(0.0, MIN(SNGL(Ef_sw), 0.95))
            3473     3   p   fv               endif
            3474     2               
            3475     2   p   fv            enddo
            3476     1   p                 enddo
            3477                     
            3478                           end subroutine table_Efsw
            3479                     !
            3480                     !+---+-----------------------------------------------------------------+
            3481                     !..Integrate rain size distribution from zero to D-star to compute the
            3482                     !.. number of drops smaller than D-star that evaporate in a single
            3483                     !.. timestep.  Drops larger than D-star dont evaporate entirely so do
            3484                     !.. not affect number concentration.
            3485                     !+---+-----------------------------------------------------------------+
            3486                     
            3487                           subroutine table_dropEvap
            3488                     
            3489                           implicit none
            3490                     
            3491                     !..Local variables
            3492                           DOUBLE PRECISION:: Nt_r, N0, lam_exp, lam
            3493                           REAL:: xlimit_intg
            3494                           INTEGER:: i, j, k
            3495                     
            3496     1                     do k = 1, ntb_r
            3497     2                     do j = 1, ntb_r1
            3498     2                        lam_exp = (N0r_exp(j)*am_r*crg(1)/r_r(k))**ore1
            3499     2                        lam = lam_exp * (crg(3)*org2*org1)**obmr
            3500     2                        N0 = N0r_exp(j)/(crg(2)*lam_exp) * lam**cre(2)
            3501     2                        Nt_r = N0 * crg(2) / lam**cre(2)
            3502     2               
                                   <<< Loop-information Start >>>
                                   <<<  [OPTIMIZATION]
                                   <<<    PREFETCH(HARD) Expected by compiler :
                                   <<<      Dr
                                   <<< Loop-information  End >>>
            3503     3                        do i = 1, nbr
            3504     3                           xlimit_intg = lam*Dr(i)
            3505     3                           tnr_rev(i,j,k) = GAMMP(mu_r+1.0, xlimit_intg) * Nt_r
            3506     3                        enddo
            3507     2               
            3508     2                     enddo
            3509     1                     enddo
            3510                     
            3511                           end subroutine table_dropEvap
            3512                     
            3513                     ! TO APPLY TABLE ABOVE
            3514                     !..Rain lookup table indexes.
            3515                     !         Dr_star = DSQRT(-2.D0*DT * t1_evap/(2.*PI) &
            3516                     !                 * 0.78*4.*diffu(k)*xsat*rvs/rho_w)
            3517                     !         idx_d = NINT(1.0 + FLOAT(nbr) * DLOG(Dr_star/D0r)             &
            3518                     !               / DLOG(Dr(nbr)/D0r))
            3519                     !         idx_d = MAX(1, MIN(idx_d, nbr))
            3520                     !
            3521                     !         nir = NINT(DLOG10(rr(k)))
            3522                     !         do nn = nir-1, nir+1
            3523                     !            n = nn
            3524                     !            if ( (rr(k)/10.**nn).ge.1.0 .and. &
            3525                     !                 (rr(k)/10.**nn).lt.10.0) goto 154
            3526                     !         enddo
            3527                     !154      continue
            3528                     !         idx_r = INT(rr(k)/10.**n) + 10*(n-nir2) - (n-nir2)
            3529                     !         idx_r = MAX(1, MIN(idx_r, ntb_r))
            3530                     !
            3531                     !         lamr = (am_r*crg(3)*org2*nr(k)/rr(k))**obmr
            3532                     !         lam_exp = lamr * (crg(3)*org2*org1)**bm_r
            3533                     !         N0_exp = org1*rr(k)/am_r * lam_exp**cre(1)
            3534                     !         nir = NINT(DLOG10(N0_exp))
            3535                     !         do nn = nir-1, nir+1
            3536                     !            n = nn
            3537                     !            if ( (N0_exp/10.**nn).ge.1.0 .and. &
            3538                     !                 (N0_exp/10.**nn).lt.10.0) goto 155
            3539                     !         enddo
            3540                     !155      continue
            3541                     !         idx_r1 = INT(N0_exp/10.**n) + 10*(n-nir3) - (n-nir3)
            3542                     !         idx_r1 = MAX(1, MIN(idx_r1, ntb_r1))
            3543                     !
            3544                     !         pnr_rev(k) = MIN(nr(k)*odts, SNGL(tnr_rev(idx_d,idx_r1,idx_r) &   ! RAIN2M
            3545                     !                    * odts))
            3546                     !
            3547                     !
            3548                     !+---+-----------------------------------------------------------------+
            3549                     !+---+-----------------------------------------------------------------+
            3550                           SUBROUTINE GCF(GAMMCF,A,X,GLN)
            3551                     !     --- RETURNS THE INCOMPLETE GAMMA FUNCTION Q(A,X) EVALUATED BY ITS
            3552                     !     --- CONTINUED FRACTION REPRESENTATION AS GAMMCF.  ALSO RETURNS
            3553                     !     --- LN(GAMMA(A)) AS GLN.  THE CONTINUED FRACTION IS EVALUATED BY
            3554                     !     --- A MODIFIED LENTZ METHOD.
            3555                     !     --- USES GAMMLN
            3556                           IMPLICIT NONE
            3557                           INTEGER, PARAMETER:: ITMAX=100
            3558                           REAL, PARAMETER:: gEPS=3.E-7
            3559                           REAL, PARAMETER:: FPMIN=1.E-30
            3560                           REAL, INTENT(IN):: A, X
            3561                           REAL:: GAMMCF,GLN
            3562                           INTEGER:: I
            3563                           REAL:: AN,B,C,D,DEL,H
            3564                           GLN=GAMMLN(A)
            3565                           B=X+1.-A
            3566                           C=1./FPMIN
            3567                           D=1./B
            3568                           H=D
            3569     1                     DO 11 I=1,ITMAX
            3570     1                       AN=-I*(I-A)
            3571     1                       B=B+2.
            3572     1                       D=AN*D+B
            3573     1                       IF(ABS(D).LT.FPMIN)D=FPMIN
            3574     1                       C=B+AN/C
            3575     1                       IF(ABS(C).LT.FPMIN)C=FPMIN
            3576     1                       D=1./D
            3577     1                       DEL=D*C
            3578     1                       H=H*DEL
            3579     1                       IF(ABS(DEL-1.).LT.gEPS)GOTO 1
            3580     1                11   CONTINUE
            3581                           PRINT *, 'A TOO LARGE, ITMAX TOO SMALL IN GCF'
            3582                      1    GAMMCF=EXP(-X+A*LOG(X)-GLN)*H
            3583                           END SUBROUTINE GCF
            3584                     !  (C) Copr. 1986-92 Numerical Recipes Software 2.02
            3585                     !+---+-----------------------------------------------------------------+
            3586                           SUBROUTINE GSER(GAMSER,A,X,GLN)
            3587                     !     --- RETURNS THE INCOMPLETE GAMMA FUNCTION P(A,X) EVALUATED BY ITS
            3588                     !     --- ITS SERIES REPRESENTATION AS GAMSER.  ALSO RETURNS LN(GAMMA(A))
            3589                     !     --- AS GLN.
            3590                     !     --- USES GAMMLN
            3591                           IMPLICIT NONE
            3592                           INTEGER, PARAMETER:: ITMAX=100
            3593                           REAL, PARAMETER:: gEPS=3.E-7
            3594                           REAL, INTENT(IN):: A, X
            3595                           REAL:: GAMSER,GLN
            3596                           INTEGER:: N
            3597                           REAL:: AP,DEL,SUM
            3598                           GLN=GAMMLN(A)
            3599     1                     IF(X.LE.0.)THEN
            3600     1                       IF(X.LT.0.) PRINT *, 'X < 0 IN GSER'
            3601     1                       GAMSER=0.
            3602     1                       RETURN
            3603     1                     ENDIF
            3604                           AP=A
            3605                           SUM=1./A
            3606                           DEL=SUM
            3607     1                     DO 11 N=1,ITMAX
            3608     1                       AP=AP+1.
            3609     1                       DEL=DEL*X/AP
            3610     1                       SUM=SUM+DEL
            3611     1                       IF(ABS(DEL).LT.ABS(SUM)*gEPS)GOTO 1
            3612     1                11   CONTINUE
            3613                           PRINT *,'A TOO LARGE, ITMAX TOO SMALL IN GSER'
            3614                      1    GAMSER=SUM*EXP(-X+A*LOG(X)-GLN)
            3615                           END SUBROUTINE GSER
            3616                     !  (C) Copr. 1986-92 Numerical Recipes Software 2.02
            3617                     !+---+-----------------------------------------------------------------+
            3618                           REAL FUNCTION GAMMLN(XX)
            3619                     !     --- RETURNS THE VALUE LN(GAMMA(XX)) FOR XX > 0.
            3620                           IMPLICIT NONE
            3621                           REAL, INTENT(IN):: XX
            3622                           DOUBLE PRECISION, PARAMETER:: STP = 2.5066282746310005D0
            3623                           DOUBLE PRECISION, DIMENSION(6), PARAMETER:: &
            3624                                    COF = (/76.18009172947146D0, -86.50532032941677D0, &
            3625                                            24.01409824083091D0, -1.231739572450155D0, &
            3626                                           .1208650973866179D-2, -.5395239384953D-5/)
            3627                           DOUBLE PRECISION:: SER,TMP,X,Y
            3628                           INTEGER:: J
            3629                     
            3630                           X=XX
            3631                           Y=X
            3632                           TMP=X+5.5D0
            3633                           TMP=(X+0.5D0)*LOG(TMP)-TMP
            3634                           SER=1.000000000190015D0
                                   <<< Loop-information Start >>>
                                   <<<  [OPTIMIZATION]
                                   <<<    FULL UNROLLING
                                   <<< Loop-information  End >>>
            3635     1   s   fs            DO 11 J=1,6
            3636     1   s   fs              Y=Y+1.D0
            3637     1   m   fm              SER=SER+COF(J)/Y
            3638     1   p   fv      11    CONTINUE
            3639                           GAMMLN=TMP+LOG(STP*SER/X)
            3640                           END FUNCTION GAMMLN
            3641                     !  (C) Copr. 1986-92 Numerical Recipes Software 2.02
            3642                     !+---+-----------------------------------------------------------------+
            3643                           REAL FUNCTION GAMMP(A,X)
            3644                     !     --- COMPUTES THE INCOMPLETE GAMMA FUNCTION P(A,X)
            3645                     !     --- SEE ABRAMOWITZ AND STEGUN 6.5.1
            3646                     !     --- USES GCF,GSER
            3647                           IMPLICIT NONE
            3648                           REAL, INTENT(IN):: A,X
            3649                           REAL:: GAMMCF,GAMSER,GLN
            3650                           GAMMP = 0.
            3651     1                     IF((X.LT.0.) .OR. (A.LE.0.)) THEN
            3652     1                       PRINT *, 'BAD ARGUMENTS IN GAMMP'
            3653     1                       RETURN
            3654     1                     ELSEIF(X.LT.A+1.)THEN
            3655     1                       CALL GSER(GAMSER,A,X,GLN)
            3656     1                       GAMMP=GAMSER
            3657     1                     ELSE
            3658     1                       CALL GCF(GAMMCF,A,X,GLN)
            3659     1                       GAMMP=1.-GAMMCF
            3660     1                     ENDIF
            3661                           END FUNCTION GAMMP
            3662                     !  (C) Copr. 1986-92 Numerical Recipes Software 2.02
            3663                     !+---+-----------------------------------------------------------------+
            3664                           REAL FUNCTION WGAMMA(y)
            3665                     
            3666                           IMPLICIT NONE
            3667                           REAL, INTENT(IN):: y
            3668                     
            3669                           WGAMMA = EXP(GAMMLN(y))
            3670                     
            3671                           END FUNCTION WGAMMA
            3672                     !+---+-----------------------------------------------------------------+
            3673                     ! THIS FUNCTION CALCULATES THE LIQUID SATURATION VAPOR MIXING RATIO AS
            3674                     ! A FUNCTION OF TEMPERATURE AND PRESSURE
            3675                     !
            3676                           REAL FUNCTION RSLF(P,T)
            3677                     
            3678                           IMPLICIT NONE
            3679                           REAL, INTENT(IN):: P, T
            3680                           REAL:: ESL,X
            3681                           REAL, PARAMETER:: C0= .611583699E03
            3682                           REAL, PARAMETER:: C1= .444606896E02
            3683                           REAL, PARAMETER:: C2= .143177157E01
            3684                           REAL, PARAMETER:: C3= .264224321E-1
            3685                           REAL, PARAMETER:: C4= .299291081E-3
            3686                           REAL, PARAMETER:: C5= .203154182E-5
            3687                           REAL, PARAMETER:: C6= .702620698E-8
            3688                           REAL, PARAMETER:: C7= .379534310E-11
            3689                           REAL, PARAMETER:: C8=-.321582393E-13
            3690                     
            3691                           X=MAX(-80.,T-273.16)
            3692                     
            3693                     !      ESL=612.2*EXP(17.67*X/(T-29.65))
            3694                           ESL=C0+X*(C1+X*(C2+X*(C3+X*(C4+X*(C5+X*(C6+X*(C7+X*C8)))))))
            3695                           RSLF=.622*ESL/(P-ESL)
            3696                     
            3697                     !    ALTERNATIVE
            3698                     !  ; Source: Murphy and Koop, Review of the vapour pressure of ice and
            3699                     !             supercooled water for atmospheric applications, Q. J. R.
            3700                     !             Meteorol. Soc (2005), 131, pp. 1539-1565.
            3701                     !    ESL = EXP(54.842763 - 6763.22 / T - 4.210 * ALOG(T) + 0.000367 * T
            3702                     !        + TANH(0.0415 * (T - 218.8)) * (53.878 - 1331.22
            3703                     !        / T - 9.44523 * ALOG(T) + 0.014025 * T))
            3704                     
            3705                           END FUNCTION RSLF
            3706                     !+---+-----------------------------------------------------------------+
            3707                     ! THIS FUNCTION CALCULATES THE ICE SATURATION VAPOR MIXING RATIO AS A
            3708                     ! FUNCTION OF TEMPERATURE AND PRESSURE
            3709                     !
            3710                           REAL FUNCTION RSIF(P,T)
            3711                     
            3712                           IMPLICIT NONE
            3713                           REAL, INTENT(IN):: P, T
            3714                           REAL:: ESI,X
            3715                           REAL, PARAMETER:: C0= .609868993E03
            3716                           REAL, PARAMETER:: C1= .499320233E02
            3717                           REAL, PARAMETER:: C2= .184672631E01
            3718                           REAL, PARAMETER:: C3= .402737184E-1
            3719                           REAL, PARAMETER:: C4= .565392987E-3
            3720                           REAL, PARAMETER:: C5= .521693933E-5
            3721                           REAL, PARAMETER:: C6= .307839583E-7
            3722                           REAL, PARAMETER:: C7= .105785160E-9
            3723                           REAL, PARAMETER:: C8= .161444444E-12
            3724                     
            3725                           X=MAX(-80.,T-273.16)
            3726                           ESI=C0+X*(C1+X*(C2+X*(C3+X*(C4+X*(C5+X*(C6+X*(C7+X*C8)))))))
            3727                           RSIF=.622*ESI/(P-ESI)
            3728                     
            3729                     !    ALTERNATIVE
            3730                     !  ; Source: Murphy and Koop, Review of the vapour pressure of ice and
            3731                     !             supercooled water for atmospheric applications, Q. J. R.
            3732                     !             Meteorol. Soc (2005), 131, pp. 1539-1565.
            3733                     !     ESI = EXP(9.550426 - 5723.265/T + 3.53068*ALOG(T) - 0.00728332*T)
            3734                     
            3735                           END FUNCTION RSIF
            3736                     !+---+-----------------------------------------------------------------+
            3737                     
            3738                     !+---+-----------------------------------------------------------------+
            3739                     !..Compute radar reflectivity assuming 10 cm wavelength radar and using
            3740                     !.. Rayleigh approximation.  Only complication is melted snow/graupel
            3741                     !.. which we treat as water-coated ice spheres and use Uli Blahak's
            3742                     !.. library of routines.  The meltwater fraction is simply the amount
            3743                     !.. of frozen species remaining from what initially existed at the
            3744                     !.. melting level interface.
            3745                     !+---+-----------------------------------------------------------------+
            3746                     
            3747                           subroutine calc_refl10cm (qv1d, qc1d, qr1d, nr1d, qs1d, qg1d,     &
            3748                                               t1d, p1d, dBZ, kts, kte, ii)
            3749                     
            3750                           IMPLICIT NONE
            3751                     
            3752                     !..Sub arguments
            3753                           INTEGER, INTENT(IN):: kts, kte, ii
            3754                           REAL, DIMENSION(kts:kte), INTENT(IN)::                            &
            3755                                               qv1d, qc1d, qr1d, nr1d, qs1d, qg1d, t1d, p1d
            3756                           REAL, DIMENSION(kts:kte), INTENT(INOUT):: dBZ
            3757                     !     REAL, DIMENSION(kts:kte), INTENT(INOUT):: vt_dBZ
            3758                     
            3759                     !..Local variables
            3760                           REAL, DIMENSION(kts:kte):: temp, pres, qv, rho, rhof
            3761                           REAL, DIMENSION(kts:kte):: rc, rr, nr, rs, rg
            3762                     
            3763                           DOUBLE PRECISION, DIMENSION(kts:kte):: ilamr, ilamg, N0_r, N0_g
            3764                           REAL, DIMENSION(kts:kte):: mvd_r
            3765                           REAL, DIMENSION(kts:kte):: smob, smo2, smoc, smoz
            3766                           REAL:: oM3, M0, Mrat, slam1, slam2, xDs
            3767                           REAL:: ils1, ils2, t1_vts, t2_vts, t3_vts, t4_vts
            3768                           REAL:: vtr_dbz_wt, vts_dbz_wt, vtg_dbz_wt
            3769                     
            3770                           REAL, DIMENSION(kts:kte):: ze_rain, ze_snow, ze_graupel
            3771                     
            3772                           DOUBLE PRECISION:: N0_exp, N0_min, lam_exp, lamr, lamg
            3773                           REAL:: a_, b_, loga_, tc0
            3774                           DOUBLE PRECISION:: fmelt_s, fmelt_g
            3775                     
            3776                           INTEGER:: i, k, k_0, kbot, n
            3777                           LOGICAL:: melti
            3778                           LOGICAL, DIMENSION(kts:kte):: L_qr, L_qs, L_qg
            3779                     
            3780                           DOUBLE PRECISION:: cback, x, eta, f_d
            3781                           REAL:: xslw1, ygra1, zans1
            3782                     
            3783                     !+---+
            3784                     
                                   <<< Loop-information Start >>>
                                   <<<  [PARALLELIZATION]
                                   <<<    Standard iteration count: 1778
                                   <<<  [OPTIMIZATION]
                                   <<<    SIMD(VL: 8)
                                   <<<    PREFETCH(HARD) Expected by compiler :
                                   <<<      dBZ
                                   <<< Loop-information  End >>>
            3785     1  pp   4v            do k = kts, kte
            3786     1   p   4v               dBZ(k) = -35.0
            3787     1   p   4v            enddo
            3788                     
            3789                     !+---+-----------------------------------------------------------------+
            3790                     !..Put column of data into local arrays.
            3791                     !+---+-----------------------------------------------------------------+
                                   <<< Loop-information Start >>>
                                   <<<  [PARALLELIZATION]
                                   <<<    Standard iteration count: 19
                                   <<<  [OPTIMIZATION]
                                   <<<    SIMD(VL: 8)
                                   <<<    PREFETCH(HARD) Expected by compiler :
                                   <<<      qg1d, qs1d, qr1d, p1d, pres, L_qg, L_qs
                                   <<<      L_qr, qv1d, t1d, qv, rho, rhof, qc1d, rc
                                   <<<      rr
                                   <<<    PREFETCH(SOFT) : 16
                                   <<<     SEQUENTIAL : 16
                                   <<<      mvd_r: 2, nr1d: 2, ilamr: 2, N0_r: 2
                                   <<<      nr: 2, rs: 2, rg: 2, temp: 2
                                   <<<    SPILLS :
                                   <<<      GENERAL   : SPILL 0  FILL 2
                                   <<<      SIMD&FP   : SPILL 0  FILL 0
                                   <<<      SCALABLE  : SPILL 0  FILL 9
                                   <<<      PREDICATE : SPILL 0  FILL 0
                                   <<< Loop-information  End >>>
            3792     1  pp    v            do k = kts, kte
            3793     1   p    v               temp(k) = t1d(k)
            3794     1   p    v               qv(k) = MAX(1.E-10, qv1d(k))
            3795     1   p    v               pres(k) = p1d(k)
            3796     1   p    v               rho(k) = 0.622*pres(k)/(R*temp(k)*(qv(k)+0.622))
            3797     1   p    v               rhof(k) = SQRT(RHO_NOT/rho(k))
            3798     1   p    v               rc(k) = MAX(R1, qc1d(k)*rho(k))
            3799     2   p    v               if (qr1d(k) .gt. R1) then
            3800     2   p    v                  rr(k) = qr1d(k)*rho(k)
            3801     2   p    v                  nr(k) = MAX(R2, nr1d(k)*rho(k))
            3802     2   p    v                  lamr = (am_r*crg(3)*org2*nr(k)/rr(k))**obmr
            3803     2   p    v                  ilamr(k) = 1./lamr
            3804     2   p    v                  N0_r(k) = nr(k)*org2*lamr**cre(2)
            3805     2   p    v                  mvd_r(k) = (3.0 + mu_r + 0.672) * ilamr(k)
            3806     2   p    v                  L_qr(k) = .true.
            3807     2   p    v               else
            3808     2   p    v                  rr(k) = R1
            3809     2   p    v                  nr(k) = R1
            3810     2   p    v                  mvd_r(k) = 50.E-6
            3811     2   p    v                  L_qr(k) = .false.
            3812     2   p    v               endif
            3813     2   p    v               if (qs1d(k) .gt. R2) then
            3814     2   p    v                  rs(k) = qs1d(k)*rho(k)
            3815     2   p    v                  L_qs(k) = .true.
            3816     2   p    v               else
            3817     2   p    v                  rs(k) = R1
            3818     2   p    v                  L_qs(k) = .false.
            3819     2   p    v               endif
            3820     2   p    v               if (qg1d(k) .gt. R2) then
            3821     2   p    v                  rg(k) = qg1d(k)*rho(k)
            3822     2   p    v                  L_qg(k) = .true.
            3823     2   p    v               else
            3824     2   p    v                  rg(k) = R1
            3825     2   p    v                  L_qg(k) = .false.
            3826     2   p    v               endif
            3827     1   p    v            enddo
            3828                     
            3829                     !+---+-----------------------------------------------------------------+
            3830                     !..Calculate y-intercept, slope, and useful moments for snow.
            3831                     !+---+-----------------------------------------------------------------+
                                   <<< Loop-information Start >>>
                                   <<<  [PARALLELIZATION]
                                   <<<    Standard iteration count: 11
                                   <<<  [OPTIMIZATION]
                                   <<<    SIMD(VL: 8)
                                   <<<    PREFETCH(HARD) Expected by compiler :
                                   <<<      rs, temp, smo2, smob, smoc, smoz
                                   <<<    SPILLS :
                                   <<<      GENERAL   : SPILL 0  FILL 0
                                   <<<      SIMD&FP   : SPILL 0  FILL 0
                                   <<<      SCALABLE  : SPILL 18  FILL 47
                                   <<<      PREDICATE : SPILL 0  FILL 0
                                   <<< Loop-information  End >>>
            3832     1  pp    v            do k = kts, kte
            3833     1   p    v               tc0 = MIN(-0.1, temp(k)-273.15)
            3834     1   p    v               smob(k) = rs(k)*oams
            3835     1               
            3836     1               !..All other moments based on reference, 2nd moment.  If bm_s.ne.2,
            3837     1               !.. then we must compute actual 2nd moment and use as reference.
            3838     2   p    v               if (bm_s.gt.(2.0-1.e-3) .and. bm_s.lt.(2.0+1.e-3)) then
            3839     2   p    v                  smo2(k) = smob(k)
            3840     2                        else
            3841     2                           loga_ = sa(1) + sa(2)*tc0 + sa(3)*bm_s &
            3842     2                              + sa(4)*tc0*bm_s + sa(5)*tc0*tc0 &
            3843     2                              + sa(6)*bm_s*bm_s + sa(7)*tc0*tc0*bm_s &
            3844     2                              + sa(8)*tc0*bm_s*bm_s + sa(9)*tc0*tc0*tc0 &
            3845     2                              + sa(10)*bm_s*bm_s*bm_s
            3846     2                           a_ = 10.0**loga_
            3847     2                           b_ = sb(1) + sb(2)*tc0 + sb(3)*bm_s &
            3848     2                              + sb(4)*tc0*bm_s + sb(5)*tc0*tc0 &
            3849     2                              + sb(6)*bm_s*bm_s + sb(7)*tc0*tc0*bm_s &
            3850     2                              + sb(8)*tc0*bm_s*bm_s + sb(9)*tc0*tc0*tc0 &
            3851     2                              + sb(10)*bm_s*bm_s*bm_s
            3852     2                           smo2(k) = (smob(k)/a_)**(1./b_)
            3853     2   p    v               endif
            3854     1               
            3855     1               !..Calculate bm_s+1 (th) moment.  Useful for diameter calcs.
            3856     1   p    v               loga_ = sa(1) + sa(2)*tc0 + sa(3)*cse(1) &
            3857     1                              + sa(4)*tc0*cse(1) + sa(5)*tc0*tc0 &
            3858     1                              + sa(6)*cse(1)*cse(1) + sa(7)*tc0*tc0*cse(1) &
            3859     1                              + sa(8)*tc0*cse(1)*cse(1) + sa(9)*tc0*tc0*tc0 &
            3860     1                              + sa(10)*cse(1)*cse(1)*cse(1)
            3861     1   p    v               a_ = 10.0**loga_
            3862     1   p    v               b_ = sb(1)+ sb(2)*tc0 + sb(3)*cse(1) + sb(4)*tc0*cse(1) &
            3863     1                             + sb(5)*tc0*tc0 + sb(6)*cse(1)*cse(1) &
            3864     1                             + sb(7)*tc0*tc0*cse(1) + sb(8)*tc0*cse(1)*cse(1) &
            3865     1                             + sb(9)*tc0*tc0*tc0 + sb(10)*cse(1)*cse(1)*cse(1)
            3866     1   p    v               smoc(k) = a_ * smo2(k)**b_
            3867     1               
            3868     1               !..Calculate bm_s*2 (th) moment.  Useful for reflectivity.
            3869     1   p    v               loga_ = sa(1) + sa(2)*tc0 + sa(3)*cse(3) &
            3870     1                              + sa(4)*tc0*cse(3) + sa(5)*tc0*tc0 &
            3871     1                              + sa(6)*cse(3)*cse(3) + sa(7)*tc0*tc0*cse(3) &
            3872     1                              + sa(8)*tc0*cse(3)*cse(3) + sa(9)*tc0*tc0*tc0 &
            3873     1                              + sa(10)*cse(3)*cse(3)*cse(3)
            3874     1   p    v               a_ = 10.0**loga_
            3875     1   p    v               b_ = sb(1)+ sb(2)*tc0 + sb(3)*cse(3) + sb(4)*tc0*cse(3) &
            3876     1                             + sb(5)*tc0*tc0 + sb(6)*cse(3)*cse(3) &
            3877     1                             + sb(7)*tc0*tc0*cse(3) + sb(8)*tc0*cse(3)*cse(3) &
            3878     1                             + sb(9)*tc0*tc0*tc0 + sb(10)*cse(3)*cse(3)*cse(3)
            3879     1   p    v               smoz(k) = a_ * smo2(k)**b_
            3880     1   p    v            enddo
            3881                     
            3882                     !+---+-----------------------------------------------------------------+
            3883                     !..Calculate y-intercept, slope values for graupel.
            3884                     !+---+-----------------------------------------------------------------+
            3885                     
            3886                           N0_min = gonv_max
                                   <<< Loop-information Start >>>
                                   <<<  [PARALLELIZATION]
                                   <<<    Standard iteration count: 43
                                   <<<  [OPTIMIZATION]
                                   <<<    SIMD(VL: 8)
                                   <<<    SOFTWARE PIPELINING(IPC: 0.94, ITR: 56, MVE: 3, POL: L)
                                   <<<    PREFETCH(HARD) Expected by compiler :
                                   <<<      temp, rg, N0_g, ilamg, (unknown)
                                   <<<    SPILLS :
                                   <<<      GENERAL   : SPILL 0  FILL 0
                                   <<<      SIMD&FP   : SPILL 0  FILL 0
                                   <<<      SCALABLE  : SPILL 0  FILL 19
                                   <<<      PREDICATE : SPILL 0  FILL 0
                                   <<< Loop-information  End >>>
            3887     1   m    m            do k = kte, kts, -1
            3888     2   p    v               if (temp(k).lt.270.65 .and. L_qr(k) .and. mvd_r(k).gt.100.E-6) then
            3889     2   p    m                  xslw1 = 4.01 + dlog10(mvd_r(k))
            3890     2   p    v               else
            3891     2   p    s                  xslw1 = 0.01
            3892     2   p    m               endif
            3893     1   p    m               ygra1 = 4.31 + dlog10(max(5.E-5, rg(k)))
            3894     1   p    v               zans1 = 3.1 + (100./(300.*xslw1*ygra1/(10./xslw1+1.+0.25*ygra1)+30.+10.*ygra1))
            3895     1   p    v               N0_exp = 10.**(zans1)
            3896     1   p    v               N0_exp = MAX(DBLE(gonv_min), MIN(N0_exp, DBLE(gonv_max)))
            3897     1   s    s               N0_min = MIN(N0_exp, N0_min)
            3898     1   p    v               N0_exp = N0_min
            3899     1   m    v               lam_exp = (N0_exp*am_g*cgg(1)/rg(k))**oge1
            3900     1   p    v               lamg = lam_exp * (cgg(3)*ogg2*ogg1)**obmg
            3901     1   p    v               ilamg(k) = 1./lamg
            3902     1   m    s               N0_g(k) = N0_exp/(cgg(2)*lam_exp) * lamg**cge(2)
            3903     1   p    v            enddo
            3904                     
            3905                     !+---+-----------------------------------------------------------------+
            3906                     !..Locate K-level of start of melting (k_0 is level above).
            3907                     !+---+-----------------------------------------------------------------+
            3908                           melti = .false.
            3909                           k_0 = kts
                                   <<< Loop-information Start >>>
                                   <<<  [OPTIMIZATION]
                                   <<<    PREFETCH(HARD) Expected by compiler :
                                   <<<      temp
                                   <<<    SPILLS :
                                   <<<      GENERAL   : SPILL 1  FILL 1
                                   <<<      SIMD&FP   : SPILL 0  FILL 0
                                   <<<      SCALABLE  : SPILL 0  FILL 0
                                   <<<      PREDICATE : SPILL 0  FILL 0
                                   <<< Loop-information  End >>>
            3910     1                     do k = kte-1, kts, -1
            3911     2                        if ( (temp(k).gt.273.15) .and. L_qr(k)                         &
            3912     2                                                 .and. (L_qs(k+1).or.L_qg(k+1)) ) then
            3913     2                           k_0 = MAX(k+1, k_0)
            3914     2                           melti=.true.
            3915     2                           goto 195
            3916     2                        endif
            3917     1                     enddo
            3918                      195  continue
            3919                     
            3920                     !+---+-----------------------------------------------------------------+
            3921                     !..Assume Rayleigh approximation at 10 cm wavelength. Rain (all temps)
            3922                     !.. and non-water-coated snow and graupel when below freezing are
            3923                     !.. simple. Integrations of m(D)*m(D)*N(D)*dD.
            3924                     !+---+-----------------------------------------------------------------+
            3925                     
                                   <<< Loop-information Start >>>
                                   <<<  [PARALLELIZATION]
                                   <<<    Standard iteration count: 22
                                   <<<  [OPTIMIZATION]
                                   <<<    SIMD(VL: 8)
                                   <<<    PREFETCH(HARD) Expected by compiler :
                                   <<<      L_qg, ze_graupel, ze_snow, ze_rain
                                   <<<      ilamg, N0_g, L_qs, smoz, L_qr, ilamr
                                   <<<      N0_r
                                   <<< Loop-information  End >>>
            3926     1  pp    v            do k = kts, kte
            3927     1   p    v               ze_rain(k) = 1.e-22
            3928     1   p    v               ze_snow(k) = 1.e-22
            3929     1   p    v               ze_graupel(k) = 1.e-22
            3930     1   p    v               if (L_qr(k)) ze_rain(k) = N0_r(k)*crg(4)*ilamr(k)**cre(4)
            3931     1   p    v               if (L_qs(k)) ze_snow(k) = (0.176/0.93) * (6.0/PI)*(6.0/PI)     &
            3932     1                                                * (am_s/900.0)*(am_s/900.0)*smoz(k)
            3933     1   p    v               if (L_qg(k)) ze_graupel(k) = (0.176/0.93) * (6.0/PI)*(6.0/PI)  &
            3934     1                                                   * (am_g/900.0)*(am_g/900.0)         &
            3935     1                                                   * N0_g(k)*cgg(4)*ilamg(k)**cge(4)
            3936     1   p    v            enddo
            3937                     
            3938                     !+---+-----------------------------------------------------------------+
            3939                     !..Special case of melting ice (snow/graupel) particles.  Assume the
            3940                     !.. ice is surrounded by the liquid water.  Fraction of meltwater is
            3941                     !.. extremely simple based on amount found above the melting level.
            3942                     !.. Uses code from Uli Blahak (rayleigh_soak_wetgraupel and supporting
            3943                     !.. routines).
            3944                     !+---+-----------------------------------------------------------------+
            3945                     
            3946     1                     if (.not. iiwarm .and. melti .and. k_0.ge.2) then
            3947     2                      do k = k_0-1, kts, -1
            3948     2               
            3949     2               !..Reflectivity contributed by melting snow
            3950     3                         if (L_qs(k) .and. L_qs(k_0) ) then
            3951     3                          fmelt_s = MAX(0.05d0, MIN(1.0d0-rs(k)/rs(k_0), 0.99d0))
            3952     3                          eta = 0.d0
            3953     3                          oM3 = 1./smoc(k)
            3954     3                          M0 = (smob(k)*oM3)
            3955     3                          Mrat = smob(k)*M0*M0*M0
            3956     3                          slam1 = M0 * Lam0
            3957     3                          slam2 = M0 * Lam1
                                   <<< Loop-information Start >>>
                                   <<<  [OPTIMIZATION]
                                   <<<    PREFETCH(HARD) Expected by compiler :
                                   <<<      xxDs, xdts, simpson
                                   <<< Loop-information  End >>>
            3958     4                          do n = 1, nrbins
            3959     4                             x = am_s * xxDs(n)**bm_s
            3960     4                             call rayleigh_soak_wetgraupel (x, DBLE(ocms), DBLE(obms), &
            3961     4                                   fmelt_s, melt_outside_s, m_w_0, m_i_0, lamda_radar, &
            3962     4                                   CBACK, mixingrulestring_s, matrixstring_s,          &
            3963     4                                   inclusionstring_s, hoststring_s,                    &
            3964     4                                   hostmatrixstring_s, hostinclusionstring_s)
            3965     4                             f_d = Mrat*(Kap0*DEXP(-slam1*xxDs(n))                     &
            3966     4                                   + Kap1*(M0*xxDs(n))**mu_s * DEXP(-slam2*xxDs(n)))
            3967     4                             eta = eta + f_d * CBACK * simpson(n) * xdts(n)
            3968     4                          enddo
            3969     3                          ze_snow(k) = SNGL(lamda4 / (pi5 * K_w) * eta)
            3970     3                         endif
            3971     2               
            3972     2               !..Reflectivity contributed by melting graupel
            3973     2               
            3974     3                         if (L_qg(k) .and. L_qg(k_0) ) then
            3975     3                          fmelt_g = MAX(0.05d0, MIN(1.0d0-rg(k)/rg(k_0), 0.99d0))
            3976     3                          eta = 0.d0
            3977     3                          lamg = 1./ilamg(k)
                                   <<< Loop-information Start >>>
                                   <<<  [OPTIMIZATION]
                                   <<<    PREFETCH(HARD) Expected by compiler :
                                   <<<      xxDg, xdtg, simpson
                                   <<<    SPILLS :
                                   <<<      GENERAL   : SPILL 0  FILL 1
                                   <<<      SIMD&FP   : SPILL 0  FILL 0
                                   <<<      SCALABLE  : SPILL 0  FILL 0
                                   <<<      PREDICATE : SPILL 0  FILL 0
                                   <<< Loop-information  End >>>
            3978     4                          do n = 1, nrbins
            3979     4                             x = am_g * xxDg(n)**bm_g
            3980     4                             call rayleigh_soak_wetgraupel (x, DBLE(ocmg), DBLE(obmg), &
            3981     4                                   fmelt_g, melt_outside_g, m_w_0, m_i_0, lamda_radar, &
            3982     4                                   CBACK, mixingrulestring_g, matrixstring_g,          &
            3983     4                                   inclusionstring_g, hoststring_g,                    &
            3984     4                                   hostmatrixstring_g, hostinclusionstring_g)
            3985     4                             f_d = N0_g(k)*xxDg(n)**mu_g * DEXP(-lamg*xxDg(n))
            3986     4                             eta = eta + f_d * CBACK * simpson(n) * xdtg(n)
            3987     4                          enddo
            3988     3                          ze_graupel(k) = SNGL(lamda4 / (pi5 * K_w) * eta)
            3989     3                         endif
            3990     2               
            3991     2                      enddo
            3992     1                     endif
            3993                     
                                   <<< Loop-information Start >>>
                                   <<<  [PARALLELIZATION]
                                   <<<    Standard iteration count: 44
                                   <<<  [OPTIMIZATION]
                                   <<<    SIMD(VL: 8)
                                   <<<    SOFTWARE PIPELINING(IPC: 1.08, ITR: 56, MVE: 4, POL: S)
                                   <<<    PREFETCH(HARD) Expected by compiler :
                                   <<<      ze_snow, ze_rain, ze_graupel, dBZ
                                   <<< Loop-information  End >>>
            3994     1  pp    v            do k = kte, kts, -1
            3995     1   p    v               dBZ(k) = 10.*log10((ze_rain(k)+ze_snow(k)+ze_graupel(k))*1.d18)
            3996     1   p    v            enddo
            3997                     
            3998                     
            3999                     !..Reflectivity-weighted terminal velocity (snow, rain, graupel, mix).
            4000                     !     do k = kte, kts, -1
            4001                     !        vt_dBZ(k) = 1.E-3
            4002                     !        if (rs(k).gt.R2) then
            4003                     !         Mrat = smob(k) / smoc(k)
            4004                     !         ils1 = 1./(Mrat*Lam0 + fv_s)
            4005                     !         ils2 = 1./(Mrat*Lam1 + fv_s)
            4006                     !         t1_vts = Kap0*csg(5)*ils1**cse(5)
            4007                     !         t2_vts = Kap1*Mrat**mu_s*csg(11)*ils2**cse(11)
            4008                     !         ils1 = 1./(Mrat*Lam0)
            4009                     !         ils2 = 1./(Mrat*Lam1)
            4010                     !         t3_vts = Kap0*csg(6)*ils1**cse(6)
            4011                     !         t4_vts = Kap1*Mrat**mu_s*csg(12)*ils2**cse(12)
            4012                     !         vts_dbz_wt = rhof(k)*av_s * (t1_vts+t2_vts)/(t3_vts+t4_vts)
            4013                     !         if (temp(k).ge.273.15 .and. temp(k).lt.275.15) then
            4014                     !            vts_dbz_wt = vts_dbz_wt*1.5
            4015                     !         elseif (temp(k).ge.275.15) then
            4016                     !            vts_dbz_wt = vts_dbz_wt*2.0
            4017                     !         endif
            4018                     !        else
            4019                     !         vts_dbz_wt = 1.E-3
            4020                     !        endif
            4021                     
            4022                     !        if (rr(k).gt.R1) then
            4023                     !         lamr = 1./ilamr(k)
            4024                     !         vtr_dbz_wt = rhof(k)*av_r*crg(13)*(lamr+fv_r)**(-cre(13))      &
            4025                     !                    / (crg(4)*lamr**(-cre(4)))
            4026                     !        else
            4027                     !         vtr_dbz_wt = 1.E-3
            4028                     !        endif
            4029                     
            4030                     !        if (rg(k).gt.R2) then
            4031                     !         lamg = 1./ilamg(k)
            4032                     !         vtg_dbz_wt = rhof(k)*av_g*cgg(5)*lamg**(-cge(5))               &
            4033                     !                    / (cgg(4)*lamg**(-cge(4)))
            4034                     !        else
            4035                     !         vtg_dbz_wt = 1.E-3
            4036                     !        endif
            4037                     
            4038                     !        vt_dBZ(k) = (vts_dbz_wt*ze_snow(k) + vtr_dbz_wt*ze_rain(k)      &
            4039                     !                     + vtg_dbz_wt*ze_graupel(k))                        &
            4040                     !                     / (ze_rain(k)+ze_snow(k)+ze_graupel(k))
            4041                     !     enddo
            4042                     
            4043                           end subroutine calc_refl10cm
            4044                     
            4045                     !+---+-----------------------------------------------------------------+
            4046                     !+---+-----------------------------------------------------------------+
            4047                     !ctrlL
            4048                     
            4049                     !+---+-----------------------------------------------------------------+
            4050                     !..Compute _radiation_ effective radii of cloud water, ice, and snow.
            4051                     !.. These are entirely consistent with microphysics assumptions, not
            4052                     !.. constant or otherwise ad hoc as is internal to most radiation
            4053                     !.. schemes.  Since only the smallest snowflakes should impact
            4054                     !.. radiation, compute from first portion of complicated Field number
            4055                     !.. distribution, not the second part, which is the larger sizes.
            4056                     !+---+-----------------------------------------------------------------+
            4057                     
            4058                           subroutine calc_effectRad (t1d, p1d, qv1d, qc1d, nc1d, qi1d, ni1d, qs1d,   &
            4059                          &                islmski,re_qc1d, re_qi1d, re_qs1d, kts, kte)
            4060                     
            4061                           IMPLICIT NONE
            4062                     
            4063                     !..Sub arguments
            4064                           INTEGER, INTENT(IN):: kts, kte
            4065                           INTEGER, INTENT(IN):: islmski
            4066                           REAL, DIMENSION(kts:kte), INTENT(IN)::                                     &
            4067                          &                    t1d, p1d, qv1d, qc1d, nc1d, qi1d, ni1d, qs1d
            4068                           REAL, DIMENSION(kts:kte), INTENT(INOUT):: re_qc1d, re_qi1d, re_qs1d
            4069                     !..Local variables
            4070                           INTEGER:: k
            4071                           REAL, DIMENSION(kts:kte):: rho, rc, nc, ri, ni, rs
            4072                           REAL:: smo2, smob, smoc
            4073                           REAL:: tc0, loga_, a_, b_
            4074                           DOUBLE PRECISION:: lamc, lami
            4075                           LOGICAL:: has_qc, has_qi, has_qs
            4076                           INTEGER:: inu_c
            4077                           real, dimension(15), parameter:: g_ratio = (/24,60,120,210,336,            &
            4078                          &                504,720,990,1320,1716,2184,2730,3360,4080,4896/)
            4079                     
            4080                           has_qc = .false.
            4081                           has_qi = .false.
            4082                           has_qs = .false.
            4083                     
            4084                     !     print*,'cal_eff:',islmski,Nt_c, Nt_cl,Nt_co
            4085                     
                                   <<< Loop-information Start >>>
                                   <<<  [PARALLELIZATION]
                                   <<<    Standard iteration count: 134
                                   <<<  [OPTIMIZATION]
                                   <<<    SIMD(VL: 8)
                                   <<<    UNSWITCHING
                                   <<< Loop-information  End >>>
            4086     1  pp    v            do k = kts, kte
            4087     1   p    v               rho(k) = 0.622*p1d(k)/(R*t1d(k)*(qv1d(k)+0.622))
            4088     1   p    v               rc(k) = MAX(R1, qc1d(k)*rho(k))
            4089     2   p    v               if(islmski == 1) then
            4090     2        v                 nc(k) = Nt_cl
            4091     2   p    v               else
            4092     2   p    v                 nc(k) = Nt_co
            4093     2   p    v               endif
            4094     1   p                    if (rc(k).gt.R1 .and. nc(k).gt.R2) has_qc = .true.
            4095     1   p    v               ri(k) = MAX(R1, qi1d(k)*rho(k))
            4096     1   p    v               ni(k) = MAX(R2, ni1d(k)*rho(k))
            4097     1   p                    if (ri(k).gt.R1 .and. ni(k).gt.R2) has_qi = .true.
            4098     1   p    v               rs(k) = MAX(R1, qs1d(k)*rho(k))
            4099     1   p                    if (rs(k).gt.R1) has_qs = .true.
            4100     1   p    v            enddo
            4101                     
            4102     1                     if (has_qc) then
                                   <<< Loop-information Start >>>
                                   <<<  [PARALLELIZATION]
                                   <<<    Standard iteration count: 35
                                   <<<  [OPTIMIZATION]
                                   <<<    PREFETCH(HARD) Expected by compiler :
                                   <<<      rc
                                   <<< Loop-information  End >>>
            4103     2  pp    s            do k = kts, kte
            4104     2   p    m               if (rc(k).le.R1 .or. nc(k).le.R2) CYCLE
            4105     3   p    s               if (nc(k).lt.100) then
            4106     3   p    s                  inu_c = 15
            4107     3   p    s               elseif (nc(k).gt.1.E10) then
            4108     3   p    s                  inu_c = 2
            4109     3   p    s               else
            4110     3   p    s                  inu_c = MIN(15, NINT(1000.E6/nc(k)) + 2)
            4111     3   p    s               endif
            4112     2   p    s               lamc = (nc(k)*am_r*g_ratio(inu_c)/rc(k))**obmr
            4113     2   p    s               re_qc1d(k) = MAX(2.51E-6, MIN(SNGL(0.5D0 * DBLE(3.+inu_c)/lamc), 50.E-6))
            4114     2   p    v            enddo
            4115     1                     endif
            4116                     
            4117     1                     if (has_qi) then
                                   <<< Loop-information Start >>>
                                   <<<  [PARALLELIZATION]
                                   <<<    Standard iteration count: 41
                                   <<<  [OPTIMIZATION]
                                   <<<    SIMD(VL: 8)
                                   <<<    PREFETCH(HARD) Expected by compiler :
                                   <<<      ri, ni, re_qi1d
                                   <<< Loop-information  End >>>
            4118     2  pp    v            do k = kts, kte
            4119     2   p    v               if (ri(k).le.R1 .or. ni(k).le.R2) CYCLE
            4120     2   p    v               lami = (am_i*cig(2)*oig1*ni(k)/ri(k))**obmi
            4121     2   p    v               re_qi1d(k) = MAX(10.01E-6, MIN(SNGL(0.5D0 * DBLE(3.+mu_i)/lami), 125.E-6))
            4122     2   p    v            enddo
            4123     1                     endif
            4124                     
            4125     1                     if (has_qs) then
                                   <<< Loop-information Start >>>
                                   <<<  [PARALLELIZATION]
                                   <<<    Standard iteration count: 21
                                   <<<  [OPTIMIZATION]
                                   <<<    SIMD(VL: 8)
                                   <<<    PREFETCH(HARD) Expected by compiler :
                                   <<<      rs, t1d, re_qs1d
                                   <<< Loop-information  End >>>
            4126     2  pp    v            do k = kts, kte
            4127     2   p    v               if (rs(k).le.R1) CYCLE
            4128     2   p    v               tc0 = MIN(-0.1, t1d(k)-273.15)
            4129     2   p    v               smob = rs(k)*oams
            4130     2               
            4131     2               !..All other moments based on reference, 2nd moment.  If bm_s.ne.2,
            4132     2               !.. then we must compute actual 2nd moment and use as reference.
            4133     3   p    v               if (bm_s.gt.(2.0-1.e-3) .and. bm_s.lt.(2.0+1.e-3)) then
            4134     3   p    v                  smo2 = smob
            4135     3                        else
            4136     3                           loga_ = sa(1) + sa(2)*tc0 + sa(3)*bm_s &
            4137     3                    &         + sa(4)*tc0*bm_s + sa(5)*tc0*tc0 &
            4138     3                    &         + sa(6)*bm_s*bm_s + sa(7)*tc0*tc0*bm_s &
            4139     3                    &         + sa(8)*tc0*bm_s*bm_s + sa(9)*tc0*tc0*tc0 &
            4140     3                    &         + sa(10)*bm_s*bm_s*bm_s
            4141     3                           a_ = 10.0**loga_
            4142     3                           b_ = sb(1) + sb(2)*tc0 + sb(3)*bm_s &
            4143     3                    &         + sb(4)*tc0*bm_s + sb(5)*tc0*tc0 &
            4144     3                    &         + sb(6)*bm_s*bm_s + sb(7)*tc0*tc0*bm_s &
            4145     3                    &         + sb(8)*tc0*bm_s*bm_s + sb(9)*tc0*tc0*tc0 &
            4146     3                    &         + sb(10)*bm_s*bm_s*bm_s
            4147     3                           smo2 = (smob/a_)**(1./b_)
            4148     3   p    v               endif
            4149     2               !..Calculate bm_s+1 (th) moment.  Useful for diameter calcs.
            4150     2   p    v               loga_ = sa(1) + sa(2)*tc0 + sa(3)*cse(1) &
            4151     2                    &         + sa(4)*tc0*cse(1) + sa(5)*tc0*tc0 &
            4152     2                    &         + sa(6)*cse(1)*cse(1) + sa(7)*tc0*tc0*cse(1) &
            4153     2                    &         + sa(8)*tc0*cse(1)*cse(1) + sa(9)*tc0*tc0*tc0 &
            4154     2                    &         + sa(10)*cse(1)*cse(1)*cse(1)
            4155     2   p    v               a_ = 10.0**loga_
            4156     2   p    v               b_ = sb(1)+ sb(2)*tc0 + sb(3)*cse(1) + sb(4)*tc0*cse(1) &
            4157     2                    &        + sb(5)*tc0*tc0 + sb(6)*cse(1)*cse(1) &
            4158     2                    &        + sb(7)*tc0*tc0*cse(1) + sb(8)*tc0*cse(1)*cse(1) &
            4159     2                    &        + sb(9)*tc0*tc0*tc0 + sb(10)*cse(1)*cse(1)*cse(1)
            4160     2   p    v               smoc = a_ * smo2**b_
            4161     2   p    v               re_qs1d(k) = MAX(10.E-6, MIN(0.5*(smoc/smob), 999.E-6))
            4162     2   p    v            enddo
            4163     1                     endif
            4164                     
            4165                           end subroutine calc_effectRad
            4166                     
            4167                     !+---+-----------------------------------------------------------------+
            4168                     !+---+-----------------------------------------------------------------+
            4169                     END MODULE module_mp_thompson
            4170                     !+---+-----------------------------------------------------------------+

 Procedure information
   Lines      : 4170
   Statements : 2557
   Stack(byte): 500912
   Prefetch num: 306

 Scoping unit of module : module_mp_thompson
   Attribute and Cross reference of name
     ATO
      |(Class and Type) : named constant, REAL(8)
      |(Attributes)     : PRIVATE
      |(Declaration)    : 136
      |(Definition)     : 
      |(Reference)      : 
     am_g
      |(Class and Type) : named constant, REAL(8)
      |(Attributes)     : PRIVATE
      |(Declaration)    : 94
      |(Definition)     : 
      |(Reference)      : 
     am_i
      |(Class and Type) : named constant, REAL(8)
      |(Attributes)     : PRIVATE
      |(Declaration)    : 96
      |(Definition)     : 
      |(Reference)      : 
     am_r
      |(Class and Type) : named constant, REAL(8)
      |(Attributes)     : PRIVATE
      |(Declaration)    : 90
      |(Definition)     : 
      |(Reference)      : 
     am_s
      |(Class and Type) : named constant, REAL(8)
      |(Attributes)     : PRIVATE
      |(Declaration)    : 92
      |(Definition)     : 
      |(Reference)      : 
     av_g
      |(Class and Type) : named constant, REAL(8)
      |(Attributes)     : PRIVATE
      |(Declaration)    : 108
      |(Definition)     : 
      |(Reference)      : 
     av_i
      |(Class and Type) : named constant, REAL(8)
      |(Attributes)     : PRIVATE
      |(Declaration)    : 110
      |(Definition)     : 
      |(Reference)      : 
     av_r
      |(Class and Type) : named constant, REAL(8)
      |(Attributes)     : PRIVATE
      |(Declaration)    : 102
      |(Definition)     : 
      |(Reference)      : 
     av_s
      |(Class and Type) : named constant, REAL(8)
      |(Attributes)     : PRIVATE
      |(Declaration)    : 105
      |(Definition)     : 
      |(Reference)      : 
     bm_g
      |(Class and Type) : named constant, REAL(8)
      |(Attributes)     : PRIVATE
      |(Declaration)    : 95
      |(Definition)     : 
      |(Reference)      : 
     bm_i
      |(Class and Type) : named constant, REAL(8)
      |(Attributes)     : PRIVATE
      |(Declaration)    : 97
      |(Definition)     : 
      |(Reference)      : 
     bm_r
      |(Class and Type) : named constant, REAL(8)
      |(Attributes)     : PRIVATE
      |(Declaration)    : 91
      |(Definition)     : 
      |(Reference)      : 
     bm_s
      |(Class and Type) : named constant, REAL(8)
      |(Attributes)     : PRIVATE
      |(Declaration)    : 93
      |(Definition)     : 
      |(Reference)      : 
     bv_g
      |(Class and Type) : named constant, REAL(8)
      |(Attributes)     : PRIVATE
      |(Declaration)    : 109
      |(Definition)     : 
      |(Reference)      : 
     bv_i
      |(Class and Type) : named constant, REAL(8)
      |(Attributes)     : PRIVATE
      |(Declaration)    : 111
      |(Definition)     : 
      |(Reference)      : 
     bv_r
      |(Class and Type) : named constant, REAL(8)
      |(Attributes)     : PRIVATE
      |(Declaration)    : 103
      |(Definition)     : 
      |(Reference)      : 
     bv_s
      |(Class and Type) : named constant, REAL(8)
      |(Attributes)     : PRIVATE
      |(Declaration)    : 106
      |(Definition)     : 
      |(Reference)      : 
     C_cube
      |(Class and Type) : named constant, REAL(8)
      |(Attributes)     : PRIVATE
      |(Declaration)    : 114
      |(Definition)     : 
      |(Reference)      : 
     C_sqrd
      |(Class and Type) : named constant, REAL(8)
      |(Attributes)     : PRIVATE
      |(Declaration)    : 115
      |(Definition)     : 
      |(Reference)      : 
     Cp
      |(Class and Type) : named constant, REAL(8)
      |(Attributes)     : PRIVATE
      |(Declaration)    : 152
      |(Definition)     : 
      |(Reference)      : 
     cce
      |(Class and Type) : variable name, REAL(8)
      |(Attributes)     : PRIVATE, DIMENSION
      |(Declaration)    : 301
      |(Definition)     : 
      |(Reference)      : 
     ccg
      |(Class and Type) : variable name, REAL(8)
      |(Attributes)     : PRIVATE, DIMENSION
      |(Declaration)    : 301
      |(Definition)     : 
      |(Reference)      : 
     cge
      |(Class and Type) : variable name, REAL(8)
      |(Attributes)     : PRIVATE, DIMENSION
      |(Declaration)    : 309
      |(Definition)     : 
      |(Reference)      : 
     cgg
      |(Class and Type) : variable name, REAL(8)
      |(Attributes)     : PRIVATE, DIMENSION
      |(Declaration)    : 309
      |(Definition)     : 
      |(Reference)      : 
     cie
      |(Class and Type) : variable name, REAL(8)
      |(Attributes)     : PRIVATE, DIMENSION
      |(Declaration)    : 303
      |(Definition)     : 
      |(Reference)      : 
     cig
      |(Class and Type) : variable name, REAL(8)
      |(Attributes)     : PRIVATE, DIMENSION
      |(Declaration)    : 303
      |(Definition)     : 
      |(Reference)      : 
     con_g
      |(Class and Type) : use name
      |(Attributes)     : 
      |(Declaration)    : 
      |(Definition)     : 
      |(Reference)      : 37
     cre
      |(Class and Type) : variable name, REAL(8)
      |(Attributes)     : PRIVATE, DIMENSION
      |(Declaration)    : 305
      |(Definition)     : 
      |(Reference)      : 
     crg
      |(Class and Type) : variable name, REAL(8)
      |(Attributes)     : PRIVATE, DIMENSION
      |(Declaration)    : 305
      |(Definition)     : 
      |(Reference)      : 
     cse
      |(Class and Type) : variable name, REAL(8)
      |(Attributes)     : PRIVATE, DIMENSION
      |(Declaration)    : 307
      |(Definition)     : 
      |(Reference)      : 
     csg
      |(Class and Type) : variable name, REAL(8)
      |(Attributes)     : PRIVATE, DIMENSION
      |(Declaration)    : 307
      |(Definition)     : 
      |(Reference)      : 
     D0c
      |(Class and Type) : named constant, REAL(8)
      |(Attributes)     : PRIVATE
      |(Declaration)    : 163
      |(Definition)     : 
      |(Reference)      : 
     D0g
      |(Class and Type) : named constant, REAL(8)
      |(Attributes)     : PRIVATE
      |(Declaration)    : 166
      |(Definition)     : 
      |(Reference)      : 
     D0i
      |(Class and Type) : variable name, REAL(8)
      |(Attributes)     : PRIVATE
      |(Declaration)    : 167
      |(Definition)     : 
      |(Reference)      : 
     D0r
      |(Class and Type) : named constant, REAL(8)
      |(Attributes)     : PRIVATE
      |(Declaration)    : 164
      |(Definition)     : 
      |(Reference)      : 
     D0s
      |(Class and Type) : named constant, REAL(8)
      |(Attributes)     : PRIVATE
      |(Declaration)    : 165
      |(Definition)     : 
      |(Reference)      : 
     Dc
      |(Class and Type) : variable name, REAL(8)
      |(Attributes)     : PUBLIC, DIMENSION
      |(Declaration)    : 188
      |(Definition)     : 
      |(Reference)      : 
     Dg
      |(Class and Type) : variable name, REAL(8)
      |(Attributes)     : PUBLIC, DIMENSION
      |(Declaration)    : 192
      |(Definition)     : 
      |(Reference)      : 
     Di
      |(Class and Type) : variable name, REAL(8)
      |(Attributes)     : PUBLIC, DIMENSION
      |(Declaration)    : 189
      |(Definition)     : 
      |(Reference)      : 
     Dr
      |(Class and Type) : variable name, REAL(8)
      |(Attributes)     : PUBLIC, DIMENSION
      |(Declaration)    : 190
      |(Definition)     : 
      |(Reference)      : 
     Ds
      |(Class and Type) : variable name, REAL(8)
      |(Attributes)     : PUBLIC, DIMENSION
      |(Declaration)    : 191
      |(Definition)     : 
      |(Reference)      : 
     dtc
      |(Class and Type) : variable name, REAL(8)
      |(Attributes)     : PUBLIC, DIMENSION
      |(Declaration)    : 188
      |(Definition)     : 
      |(Reference)      : 
     dtg
      |(Class and Type) : variable name, REAL(8)
      |(Attributes)     : PUBLIC, DIMENSION
      |(Declaration)    : 192
      |(Definition)     : 
      |(Reference)      : 
     dti
      |(Class and Type) : variable name, REAL(8)
      |(Attributes)     : PUBLIC, DIMENSION
      |(Declaration)    : 189
      |(Definition)     : 
      |(Reference)      : 
     dtr
      |(Class and Type) : variable name, REAL(8)
      |(Attributes)     : PUBLIC, DIMENSION
      |(Declaration)    : 190
      |(Definition)     : 
      |(Reference)      : 
     dts
      |(Class and Type) : variable name, REAL(8)
      |(Attributes)     : PUBLIC, DIMENSION
      |(Declaration)    : 191
      |(Definition)     : 
      |(Reference)      : 
     Ef_rg
      |(Class and Type) : named constant, REAL(8)
      |(Attributes)     : PRIVATE
      |(Declaration)    : 123
      |(Definition)     : 
      |(Reference)      : 
     Ef_ri
      |(Class and Type) : named constant, REAL(8)
      |(Attributes)     : PRIVATE
      |(Declaration)    : 124
      |(Definition)     : 
      |(Reference)      : 
     Ef_rs
      |(Class and Type) : named constant, REAL(8)
      |(Attributes)     : PRIVATE
      |(Declaration)    : 122
      |(Definition)     : 
      |(Reference)      : 
     Ef_si
      |(Class and Type) : named constant, REAL(8)
      |(Attributes)     : PRIVATE
      |(Declaration)    : 121
      |(Definition)     : 
      |(Reference)      : 
     eps
      |(Class and Type) : named constant, REAL(8)
      |(Attributes)     : PRIVATE
      |(Declaration)    : 132
      |(Definition)     : 
      |(Reference)      : 
     fv_r
      |(Class and Type) : named constant, REAL(8)
      |(Attributes)     : PRIVATE
      |(Declaration)    : 104
      |(Definition)     : 
      |(Reference)      : 
     fv_s
      |(Class and Type) : named constant, REAL(8)
      |(Attributes)     : PRIVATE
      |(Declaration)    : 107
      |(Definition)     : 
      |(Reference)      : 
     g
      |(Class and Type) : named constant, REAL(8)
      |(Attributes)     : PUBLIC, use-associated
      |(Declaration)    : 
      |(Definition)     : 
      |(Reference)      : 37
     gonv_max
      |(Class and Type) : named constant, REAL(8)
      |(Attributes)     : PRIVATE
      |(Declaration)    : 86
      |(Definition)     : 
      |(Reference)      : 
     gonv_min
      |(Class and Type) : named constant, REAL(8)
      |(Attributes)     : PRIVATE
      |(Declaration)    : 85
      |(Definition)     : 
      |(Reference)      : 
     HGFR
      |(Class and Type) : named constant, REAL(8)
      |(Attributes)     : PRIVATE
      |(Declaration)    : 146
      |(Definition)     : 
      |(Reference)      : 
     IFDRY
      |(Class and Type) : named constant, INTEGER(4)
      |(Attributes)     : PRIVATE
      |(Declaration)    : 43
      |(Definition)     : 
      |(Reference)      : 
     iiwarm
      |(Class and Type) : named constant, LOGICAL(4)
      |(Attributes)     : PRIVATE
      |(Declaration)    : 42
      |(Definition)     : 
      |(Reference)      : 
     Kap0
      |(Class and Type) : named constant, REAL(8)
      |(Attributes)     : PRIVATE
      |(Declaration)    : 76
      |(Definition)     : 
      |(Reference)      : 
     Kap1
      |(Class and Type) : named constant, REAL(8)
      |(Attributes)     : PRIVATE
      |(Declaration)    : 77
      |(Definition)     : 
      |(Reference)      : 
     Lam0
      |(Class and Type) : named constant, REAL(8)
      |(Attributes)     : PRIVATE
      |(Declaration)    : 78
      |(Definition)     : 
      |(Reference)      : 
     Lam1
      |(Class and Type) : named constant, REAL(8)
      |(Attributes)     : PRIVATE
      |(Declaration)    : 79
      |(Definition)     : 
      |(Reference)      : 
     lfus
      |(Class and Type) : named constant, REAL(8)
      |(Attributes)     : PRIVATE
      |(Declaration)    : 157
      |(Definition)     : 
      |(Reference)      : 158
     lsub
      |(Class and Type) : named constant, REAL(8)
      |(Attributes)     : PRIVATE
      |(Declaration)    : 155
      |(Definition)     : 
      |(Reference)      : 157
     lvap0
      |(Class and Type) : named constant, REAL(8)
      |(Attributes)     : PRIVATE
      |(Declaration)    : 156
      |(Definition)     : 
      |(Reference)      : 157
     module_mp_radar
      |(Class and Type) : module name
      |(Attributes)     : PUBLIC
      |(Declaration)    : 
      |(Definition)     : 
      |(Reference)      : 38
     module_mp_thompson
      |(Class and Type) : module name
      |(Attributes)     : 
      |(Declaration)    : 35
      |(Definition)     : 
      |(Reference)      : 4169
     mu_cl
      |(Class and Type) : variable name, REAL(8)
      |(Attributes)     : PRIVATE
      |(Declaration)    : 68
      |(Definition)     : 
      |(Reference)      : 
     mu_co
      |(Class and Type) : variable name, REAL(8)
      |(Attributes)     : PRIVATE
      |(Declaration)    : 68
      |(Definition)     : 
      |(Reference)      : 
     mu_g
      |(Class and Type) : named constant, REAL(8)
      |(Attributes)     : PRIVATE
      |(Declaration)    : 65
      |(Definition)     : 
      |(Reference)      : 
     mu_i
      |(Class and Type) : named constant, REAL(8)
      |(Attributes)     : PRIVATE
      |(Declaration)    : 66
      |(Definition)     : 
      |(Reference)      : 
     mu_r
      |(Class and Type) : named constant, REAL(8)
      |(Attributes)     : PRIVATE
      |(Declaration)    : 64
      |(Definition)     : 
      |(Reference)      : 
     mu_s
      |(Class and Type) : named constant, REAL(8)
      |(Attributes)     : PRIVATE
      |(Declaration)    : 75
      |(Definition)     : 
      |(Reference)      : 
     N0g_exp
      |(Class and Type) : named constant, REAL(8)
      |(Attributes)     : PRIVATE, DIMENSION
      |(Declaration)    : 245
      |(Definition)     : 
      |(Reference)      : 
     N0r_exp
      |(Class and Type) : named constant, REAL(8)
      |(Attributes)     : PRIVATE, DIMENSION
      |(Declaration)    : 237
      |(Definition)     : 
      |(Reference)      : 
     Nt_cl
      |(Class and Type) : named constant, REAL(8)
      |(Attributes)     : PRIVATE
      |(Declaration)    : 60
      |(Definition)     : 
      |(Reference)      : 
     Nt_co
      |(Class and Type) : named constant, REAL(8)
      |(Attributes)     : PRIVATE
      |(Declaration)    : 59
      |(Definition)     : 
      |(Reference)      : 
     Nt_i
      |(Class and Type) : named constant, REAL(8)
      |(Attributes)     : PRIVATE, DIMENSION
      |(Declaration)    : 252
      |(Definition)     : 
      |(Reference)      : 
     nbc
      |(Class and Type) : named constant, INTEGER(4)
      |(Attributes)     : PRIVATE
      |(Declaration)    : 171
      |(Definition)     : 
      |(Reference)      : 188
     nbg
      |(Class and Type) : named constant, INTEGER(4)
      |(Attributes)     : PRIVATE
      |(Declaration)    : 175
      |(Definition)     : 
      |(Reference)      : 192
     nbi
      |(Class and Type) : named constant, INTEGER(4)
      |(Attributes)     : PRIVATE
      |(Declaration)    : 172
      |(Definition)     : 
      |(Reference)      : 189
     nbins
      |(Class and Type) : named constant, INTEGER(4)
      |(Attributes)     : PRIVATE
      |(Declaration)    : 170
      |(Definition)     : 
      |(Reference)      : 171  172  173  174  175  187
     nbr
      |(Class and Type) : named constant, INTEGER(4)
      |(Attributes)     : PRIVATE
      |(Declaration)    : 173
      |(Definition)     : 
      |(Reference)      : 190
     nbs
      |(Class and Type) : named constant, INTEGER(4)
      |(Attributes)     : PRIVATE
      |(Declaration)    : 174
      |(Definition)     : 
      |(Reference)      : 191
     nic2
      |(Class and Type) : variable name, INTEGER(4)
      |(Attributes)     : PRIVATE
      |(Declaration)    : 185
      |(Definition)     : 
      |(Reference)      : 
     nig2
      |(Class and Type) : variable name, INTEGER(4)
      |(Attributes)     : PRIVATE
      |(Declaration)    : 185
      |(Definition)     : 
      |(Reference)      : 
     nig3
      |(Class and Type) : variable name, INTEGER(4)
      |(Attributes)     : PRIVATE
      |(Declaration)    : 185
      |(Definition)     : 
      |(Reference)      : 
     nii2
      |(Class and Type) : variable name, INTEGER(4)
      |(Attributes)     : PRIVATE
      |(Declaration)    : 185
      |(Definition)     : 
      |(Reference)      : 
     nii3
      |(Class and Type) : variable name, INTEGER(4)
      |(Attributes)     : PRIVATE
      |(Declaration)    : 185
      |(Definition)     : 
      |(Reference)      : 
     nir2
      |(Class and Type) : variable name, INTEGER(4)
      |(Attributes)     : PRIVATE
      |(Declaration)    : 185
      |(Definition)     : 
      |(Reference)      : 
     nir3
      |(Class and Type) : variable name, INTEGER(4)
      |(Attributes)     : PRIVATE
      |(Declaration)    : 185
      |(Definition)     : 
      |(Reference)      : 
     nis2
      |(Class and Type) : variable name, INTEGER(4)
      |(Attributes)     : PRIVATE
      |(Declaration)    : 185
      |(Definition)     : 
      |(Reference)      : 
     ntb_c
      |(Class and Type) : named constant, INTEGER(4)
      |(Attributes)     : PRIVATE
      |(Declaration)    : 176
      |(Definition)     : 
      |(Reference)      : 195
     ntb_g
      |(Class and Type) : named constant, INTEGER(4)
      |(Attributes)     : PRIVATE
      |(Declaration)    : 180
      |(Definition)     : 
      |(Reference)      : 223
     ntb_g1
      |(Class and Type) : named constant, INTEGER(4)
      |(Attributes)     : PRIVATE
      |(Declaration)    : 181
      |(Definition)     : 
      |(Reference)      : 245
     ntb_i
      |(Class and Type) : named constant, INTEGER(4)
      |(Attributes)     : PRIVATE
      |(Declaration)    : 177
      |(Definition)     : 
      |(Reference)      : 203
     ntb_i1
      |(Class and Type) : named constant, INTEGER(4)
      |(Attributes)     : PRIVATE
      |(Declaration)    : 183
      |(Definition)     : 
      |(Reference)      : 252
     ntb_r
      |(Class and Type) : named constant, INTEGER(4)
      |(Attributes)     : PRIVATE
      |(Declaration)    : 178
      |(Definition)     : 
      |(Reference)      : 215
     ntb_r1
      |(Class and Type) : named constant, INTEGER(4)
      |(Attributes)     : PRIVATE
      |(Declaration)    : 182
      |(Definition)     : 
      |(Reference)      : 237
     ntb_s
      |(Class and Type) : named constant, INTEGER(4)
      |(Attributes)     : PRIVATE
      |(Declaration)    : 179
      |(Definition)     : 
      |(Reference)      : 230
     ntb_t
      |(Class and Type) : named constant, INTEGER(4)
      |(Attributes)     : PRIVATE
      |(Declaration)    : 184
      |(Definition)     : 
      |(Reference)      : 270
     oRv
      |(Class and Type) : named constant, REAL(8)
      |(Attributes)     : PRIVATE
      |(Declaration)    : 150
      |(Definition)     : 
      |(Reference)      : 
     oamg
      |(Class and Type) : variable name, REAL(8)
      |(Attributes)     : PRIVATE
      |(Declaration)    : 310
      |(Definition)     : 
      |(Reference)      : 
     oams
      |(Class and Type) : variable name, REAL(8)
      |(Attributes)     : PRIVATE
      |(Declaration)    : 308
      |(Definition)     : 
      |(Reference)      : 
     obmg
      |(Class and Type) : variable name, REAL(8)
      |(Attributes)     : PRIVATE
      |(Declaration)    : 310
      |(Definition)     : 
      |(Reference)      : 
     obmi
      |(Class and Type) : variable name, REAL(8)
      |(Attributes)     : PRIVATE
      |(Declaration)    : 304
      |(Definition)     : 
      |(Reference)      : 
     obmr
      |(Class and Type) : variable name, REAL(8)
      |(Attributes)     : PRIVATE
      |(Declaration)    : 306
      |(Definition)     : 
      |(Reference)      : 
     obms
      |(Class and Type) : variable name, REAL(8)
      |(Attributes)     : PRIVATE
      |(Declaration)    : 308
      |(Definition)     : 
      |(Reference)      : 
     ocg1
      |(Class and Type) : variable name, REAL(8)
      |(Attributes)     : PRIVATE, DIMENSION
      |(Declaration)    : 302
      |(Definition)     : 
      |(Reference)      : 
     ocg2
      |(Class and Type) : variable name, REAL(8)
      |(Attributes)     : PRIVATE, DIMENSION
      |(Declaration)    : 302
      |(Definition)     : 
      |(Reference)      : 
     ocmg
      |(Class and Type) : variable name, REAL(8)
      |(Attributes)     : PRIVATE
      |(Declaration)    : 310
      |(Definition)     : 
      |(Reference)      : 
     ocms
      |(Class and Type) : variable name, REAL(8)
      |(Attributes)     : PRIVATE
      |(Declaration)    : 308
      |(Definition)     : 
      |(Reference)      : 
     oge1
      |(Class and Type) : variable name, REAL(8)
      |(Attributes)     : PRIVATE
      |(Declaration)    : 310
      |(Definition)     : 
      |(Reference)      : 
     ogg1
      |(Class and Type) : variable name, REAL(8)
      |(Attributes)     : PRIVATE
      |(Declaration)    : 310
      |(Definition)     : 
      |(Reference)      : 
     ogg2
      |(Class and Type) : variable name, REAL(8)
      |(Attributes)     : PRIVATE
      |(Declaration)    : 310
      |(Definition)     : 
      |(Reference)      : 
     ogg3
      |(Class and Type) : variable name, REAL(8)
      |(Attributes)     : PRIVATE
      |(Declaration)    : 310
      |(Definition)     : 
      |(Reference)      : 
     oig1
      |(Class and Type) : variable name, REAL(8)
      |(Attributes)     : PRIVATE
      |(Declaration)    : 304
      |(Definition)     : 
      |(Reference)      : 
     oig2
      |(Class and Type) : variable name, REAL(8)
      |(Attributes)     : PRIVATE
      |(Declaration)    : 304
      |(Definition)     : 
      |(Reference)      : 
     olfus
      |(Class and Type) : named constant, REAL(8)
      |(Attributes)     : PRIVATE
      |(Declaration)    : 158
      |(Definition)     : 
      |(Reference)      : 
     ore1
      |(Class and Type) : variable name, REAL(8)
      |(Attributes)     : PRIVATE
      |(Declaration)    : 306
      |(Definition)     : 
      |(Reference)      : 
     org1
      |(Class and Type) : variable name, REAL(8)
      |(Attributes)     : PRIVATE
      |(Declaration)    : 306
      |(Definition)     : 
      |(Reference)      : 
     org2
      |(Class and Type) : variable name, REAL(8)
      |(Attributes)     : PRIVATE
      |(Declaration)    : 306
      |(Definition)     : 
      |(Reference)      : 
     org3
      |(Class and Type) : variable name, REAL(8)
      |(Attributes)     : PRIVATE
      |(Declaration)    : 306
      |(Definition)     : 
      |(Reference)      : 
     PI
      |(Class and Type) : named constant, REAL(8)
      |(Attributes)     : PRIVATE
      |(Declaration)    : 45
      |(Definition)     : 
      |(Reference)      : 90  94  96
     physcons
      |(Class and Type) : module name
      |(Attributes)     : PUBLIC
      |(Declaration)    : 
      |(Definition)     : 
      |(Reference)      : 37
     R
      |(Class and Type) : named constant, REAL(8)
      |(Attributes)     : PRIVATE
      |(Declaration)    : 151
      |(Definition)     : 
      |(Reference)      : 
     R1
      |(Class and Type) : named constant, REAL(8)
      |(Attributes)     : PRIVATE
      |(Declaration)    : 130
      |(Definition)     : 
      |(Reference)      : 
     R2
      |(Class and Type) : named constant, REAL(8)
      |(Attributes)     : PRIVATE
      |(Declaration)    : 131
      |(Definition)     : 
      |(Reference)      : 
     R8SIZE
      |(Class and Type) : named constant, INTEGER(4)
      |(Attributes)     : PRIVATE
      |(Declaration)    : 278
      |(Definition)     : 
      |(Reference)      : 279  282  287  289  291  293  294  295
     Rv
      |(Class and Type) : named constant, REAL(8)
      |(Attributes)     : PRIVATE
      |(Declaration)    : 149
      |(Definition)     : 
      |(Reference)      : 150
     r_c
      |(Class and Type) : named constant, REAL(8)
      |(Attributes)     : PRIVATE, DIMENSION
      |(Declaration)    : 195
      |(Definition)     : 
      |(Reference)      : 
     r_g
      |(Class and Type) : named constant, REAL(8)
      |(Attributes)     : PRIVATE, DIMENSION
      |(Declaration)    : 223
      |(Definition)     : 
      |(Reference)      : 
     r_i
      |(Class and Type) : named constant, REAL(8)
      |(Attributes)     : PRIVATE, DIMENSION
      |(Declaration)    : 203
      |(Definition)     : 
      |(Reference)      : 
     r_r
      |(Class and Type) : named constant, REAL(8)
      |(Attributes)     : PRIVATE, DIMENSION
      |(Declaration)    : 215
      |(Definition)     : 
      |(Reference)      : 
     r_s
      |(Class and Type) : named constant, REAL(8)
      |(Attributes)     : PRIVATE, DIMENSION
      |(Declaration)    : 230
      |(Definition)     : 
      |(Reference)      : 
     rho_g
      |(Class and Type) : named constant, REAL(8)
      |(Attributes)     : PRIVATE
      |(Declaration)    : 50
      |(Definition)     : 
      |(Reference)      : 94
     rho_i
      |(Class and Type) : named constant, REAL(8)
      |(Attributes)     : PRIVATE
      |(Declaration)    : 51
      |(Definition)     : 
      |(Reference)      : 96
     rho_not
      |(Class and Type) : named constant, REAL(8)
      |(Attributes)     : PRIVATE
      |(Declaration)    : 139
      |(Definition)     : 
      |(Reference)      : 
     rho_s
      |(Class and Type) : named constant, REAL(8)
      |(Attributes)     : PRIVATE
      |(Declaration)    : 49
      |(Definition)     : 
      |(Reference)      : 
     rho_w
      |(Class and Type) : named constant, REAL(8)
      |(Attributes)     : PRIVATE
      |(Declaration)    : 48
      |(Definition)     : 
      |(Reference)      : 90
     Sc
      |(Class and Type) : named constant, REAL(8)
      |(Attributes)     : PRIVATE
      |(Declaration)    : 142
      |(Definition)     : 
      |(Reference)      : 
     Sc3
      |(Class and Type) : variable name, REAL(8)
      |(Attributes)     : PRIVATE
      |(Declaration)    : 143
      |(Definition)     : 
      |(Reference)      : 
     sa
      |(Class and Type) : named constant, REAL(8)
      |(Attributes)     : PRIVATE, DIMENSION
      |(Declaration)    : 262
      |(Definition)     : 
      |(Reference)      : 
     sb
      |(Class and Type) : named constant, REAL(8)
      |(Attributes)     : PRIVATE, DIMENSION
      |(Declaration)    : 265
      |(Definition)     : 
      |(Reference)      : 
     TNO
      |(Class and Type) : named constant, REAL(8)
      |(Attributes)     : PRIVATE
      |(Declaration)    : 135
      |(Definition)     : 
      |(Reference)      : 
     T_0
      |(Class and Type) : named constant, REAL(8)
      |(Attributes)     : PRIVATE
      |(Declaration)    : 44
      |(Definition)     : 
      |(Reference)      : 
     Tc
      |(Class and Type) : named constant, REAL(8)
      |(Attributes)     : PRIVATE, DIMENSION
      |(Declaration)    : 270
      |(Definition)     : 
      |(Reference)      : 
     t1_qg_me
      |(Class and Type) : variable name, REAL(8)
      |(Attributes)     : PUBLIC
      |(Declaration)    : 316
      |(Definition)     : 
      |(Reference)      : 
     t1_qg_qc
      |(Class and Type) : variable name, REAL(8)
      |(Attributes)     : PUBLIC
      |(Declaration)    : 313
      |(Definition)     : 
      |(Reference)      : 
     t1_qg_sd
      |(Class and Type) : variable name, REAL(8)
      |(Attributes)     : PUBLIC
      |(Declaration)    : 315
      |(Definition)     : 
      |(Reference)      : 
     t1_qr_ev
      |(Class and Type) : variable name, REAL(8)
      |(Attributes)     : PUBLIC
      |(Declaration)    : 314
      |(Definition)     : 
      |(Reference)      : 
     t1_qr_qc
      |(Class and Type) : variable name, REAL(8)
      |(Attributes)     : PUBLIC
      |(Declaration)    : 313
      |(Definition)     : 
      |(Reference)      : 
     t1_qr_qi
      |(Class and Type) : variable name, REAL(8)
      |(Attributes)     : PUBLIC
      |(Declaration)    : 313
      |(Definition)     : 
      |(Reference)      : 
     t1_qs_me
      |(Class and Type) : variable name, REAL(8)
      |(Attributes)     : PUBLIC
      |(Declaration)    : 316
      |(Definition)     : 
      |(Reference)      : 
     t1_qs_qc
      |(Class and Type) : variable name, REAL(8)
      |(Attributes)     : PUBLIC
      |(Declaration)    : 313
      |(Definition)     : 
      |(Reference)      : 
     t1_qs_qi
      |(Class and Type) : variable name, REAL(8)
      |(Attributes)     : PUBLIC
      |(Declaration)    : 313
      |(Definition)     : 
      |(Reference)      : 
     t1_qs_sd
      |(Class and Type) : variable name, REAL(8)
      |(Attributes)     : PUBLIC
      |(Declaration)    : 315
      |(Definition)     : 
      |(Reference)      : 
     t2_qg_me
      |(Class and Type) : variable name, REAL(8)
      |(Attributes)     : PUBLIC
      |(Declaration)    : 316
      |(Definition)     : 
      |(Reference)      : 
     t2_qg_sd
      |(Class and Type) : variable name, REAL(8)
      |(Attributes)     : PUBLIC
      |(Declaration)    : 315
      |(Definition)     : 
      |(Reference)      : 
     t2_qr_ev
      |(Class and Type) : variable name, REAL(8)
      |(Attributes)     : PUBLIC
      |(Declaration)    : 314
      |(Definition)     : 
      |(Reference)      : 
     t2_qr_qi
      |(Class and Type) : variable name, REAL(8)
      |(Attributes)     : PUBLIC
      |(Declaration)    : 313
      |(Definition)     : 
      |(Reference)      : 
     t2_qs_me
      |(Class and Type) : variable name, REAL(8)
      |(Attributes)     : PUBLIC
      |(Declaration)    : 316
      |(Definition)     : 
      |(Reference)      : 
     t2_qs_sd
      |(Class and Type) : variable name, REAL(8)
      |(Attributes)     : PUBLIC
      |(Declaration)    : 315
      |(Definition)     : 
      |(Reference)      : 
     t_Efrw
      |(Class and Type) : variable name, REAL(8)
      |(Attributes)     : PUBLIC, ALLOCATABLE, DIMENSION
      |(Declaration)    : 293
      |(Definition)     : 
      |(Reference)      : 
     t_Efsw
      |(Class and Type) : variable name, REAL(8)
      |(Attributes)     : PUBLIC, ALLOCATABLE, DIMENSION
      |(Declaration)    : 294
      |(Definition)     : 
      |(Reference)      : 
     tcg_racg
      |(Class and Type) : variable name, REAL(8)
      |(Attributes)     : PUBLIC, ALLOCATABLE, DIMENSION
      |(Declaration)    : 279
      |(Definition)     : 
      |(Reference)      : 
     tcr_gacr
      |(Class and Type) : variable name, REAL(8)
      |(Attributes)     : PUBLIC, ALLOCATABLE, DIMENSION
      |(Declaration)    : 279
      |(Definition)     : 
      |(Reference)      : 
     tcr_sacr1
      |(Class and Type) : variable name, REAL(8)
      |(Attributes)     : PUBLIC, ALLOCATABLE, DIMENSION
      |(Declaration)    : 282
      |(Definition)     : 
      |(Reference)      : 
     tcr_sacr2
      |(Class and Type) : variable name, REAL(8)
      |(Attributes)     : PUBLIC, ALLOCATABLE, DIMENSION
      |(Declaration)    : 282
      |(Definition)     : 
      |(Reference)      : 
     tcs_racs1
      |(Class and Type) : variable name, REAL(8)
      |(Attributes)     : PUBLIC, ALLOCATABLE, DIMENSION
      |(Declaration)    : 282
      |(Definition)     : 
      |(Reference)      : 
     tcs_racs2
      |(Class and Type) : variable name, REAL(8)
      |(Attributes)     : PUBLIC, ALLOCATABLE, DIMENSION
      |(Declaration)    : 282
      |(Definition)     : 
      |(Reference)      : 
     tmg_gacr
      |(Class and Type) : variable name, REAL(8)
      |(Attributes)     : PUBLIC, ALLOCATABLE, DIMENSION
      |(Declaration)    : 279
      |(Definition)     : 
      |(Reference)      : 
     tmr_racg
      |(Class and Type) : variable name, REAL(8)
      |(Attributes)     : PUBLIC, ALLOCATABLE, DIMENSION
      |(Declaration)    : 279
      |(Definition)     : 
      |(Reference)      : 
     tmr_racs1
      |(Class and Type) : variable name, REAL(8)
      |(Attributes)     : PUBLIC, ALLOCATABLE, DIMENSION
      |(Declaration)    : 282
      |(Definition)     : 
      |(Reference)      : 
     tmr_racs2
      |(Class and Type) : variable name, REAL(8)
      |(Attributes)     : PUBLIC, ALLOCATABLE, DIMENSION
      |(Declaration)    : 282
      |(Definition)     : 
      |(Reference)      : 
     tms_sacr1
      |(Class and Type) : variable name, REAL(8)
      |(Attributes)     : PUBLIC, ALLOCATABLE, DIMENSION
      |(Declaration)    : 282
      |(Definition)     : 
      |(Reference)      : 
     tms_sacr2
      |(Class and Type) : variable name, REAL(8)
      |(Attributes)     : PUBLIC, ALLOCATABLE, DIMENSION
      |(Declaration)    : 282
      |(Definition)     : 
      |(Reference)      : 
     tni_iaus
      |(Class and Type) : variable name, REAL(8)
      |(Attributes)     : PUBLIC, ALLOCATABLE, DIMENSION
      |(Declaration)    : 291
      |(Definition)     : 
      |(Reference)      : 
     tni_qcfz
      |(Class and Type) : variable name, REAL(8)
      |(Attributes)     : PUBLIC, ALLOCATABLE, DIMENSION
      |(Declaration)    : 287
      |(Definition)     : 
      |(Reference)      : 
     tni_qrfz
      |(Class and Type) : variable name, REAL(8)
      |(Attributes)     : PUBLIC, ALLOCATABLE, DIMENSION
      |(Declaration)    : 289
      |(Definition)     : 
      |(Reference)      : 
     tnr_gacr
      |(Class and Type) : variable name, REAL(8)
      |(Attributes)     : PUBLIC, ALLOCATABLE, DIMENSION
      |(Declaration)    : 279
      |(Definition)     : 
      |(Reference)      : 
     tnr_qrfz
      |(Class and Type) : variable name, REAL(8)
      |(Attributes)     : PUBLIC, ALLOCATABLE, DIMENSION
      |(Declaration)    : 289
      |(Definition)     : 
      |(Reference)      : 
     tnr_racg
      |(Class and Type) : variable name, REAL(8)
      |(Attributes)     : PUBLIC, ALLOCATABLE, DIMENSION
      |(Declaration)    : 279
      |(Definition)     : 
      |(Reference)      : 
     tnr_racs1
      |(Class and Type) : variable name, REAL(8)
      |(Attributes)     : PUBLIC, ALLOCATABLE, DIMENSION
      |(Declaration)    : 282
      |(Definition)     : 
      |(Reference)      : 
     tnr_racs2
      |(Class and Type) : variable name, REAL(8)
      |(Attributes)     : PUBLIC, ALLOCATABLE, DIMENSION
      |(Declaration)    : 282
      |(Definition)     : 
      |(Reference)      : 
     tnr_rev
      |(Class and Type) : variable name, REAL(8)
      |(Attributes)     : PUBLIC, ALLOCATABLE, DIMENSION
      |(Declaration)    : 295
      |(Definition)     : 
      |(Reference)      : 
     tnr_sacr1
      |(Class and Type) : variable name, REAL(8)
      |(Attributes)     : PUBLIC, ALLOCATABLE, DIMENSION
      |(Declaration)    : 282
      |(Definition)     : 
      |(Reference)      : 
     tnr_sacr2
      |(Class and Type) : variable name, REAL(8)
      |(Attributes)     : PUBLIC, ALLOCATABLE, DIMENSION
      |(Declaration)    : 282
      |(Definition)     : 
      |(Reference)      : 
     tpg_qrfz
      |(Class and Type) : variable name, REAL(8)
      |(Attributes)     : PUBLIC, ALLOCATABLE, DIMENSION
      |(Declaration)    : 289
      |(Definition)     : 
      |(Reference)      : 
     tpi_ide
      |(Class and Type) : variable name, REAL(8)
      |(Attributes)     : PUBLIC, ALLOCATABLE, DIMENSION
      |(Declaration)    : 291
      |(Definition)     : 
      |(Reference)      : 
     tpi_qcfz
      |(Class and Type) : variable name, REAL(8)
      |(Attributes)     : PUBLIC, ALLOCATABLE, DIMENSION
      |(Declaration)    : 287
      |(Definition)     : 
      |(Reference)      : 
     tpi_qrfz
      |(Class and Type) : variable name, REAL(8)
      |(Attributes)     : PUBLIC, ALLOCATABLE, DIMENSION
      |(Declaration)    : 289
      |(Definition)     : 
      |(Reference)      : 
     tps_iaus
      |(Class and Type) : variable name, REAL(8)
      |(Attributes)     : PUBLIC, ALLOCATABLE, DIMENSION
      |(Declaration)    : 291
      |(Definition)     : 
      |(Reference)      : 
     xDx
      |(Class and Type) : variable name, REAL(8)
      |(Attributes)     : PUBLIC, DIMENSION
      |(Declaration)    : 187
      |(Definition)     : 
      |(Reference)      : 
     xm0g
      |(Class and Type) : variable name, REAL(8)
      |(Attributes)     : PRIVATE
      |(Declaration)    : 167
      |(Definition)     : 
      |(Reference)      : 
     xm0i
      |(Class and Type) : named constant, REAL(8)
      |(Attributes)     : PRIVATE
      |(Declaration)    : 162
      |(Definition)     : 
      |(Reference)      : 
     xm0s
      |(Class and Type) : variable name, REAL(8)
      |(Attributes)     : PRIVATE
      |(Declaration)    : 167
      |(Definition)     : 
      |(Reference)      : 

 Scoping unit of module sub-program : thompson_init
   Attribute and Cross reference of name
     ALLOCATED
      |(Class and Type) : intrinsic function name, LOGICAL(4)
      |(Attributes)     : PURE
      |(Declaration)    : 
      |(Definition)     : 
      |(Reference)      : 339  344  345  346  347  348  350  351  352  353  354  355  356  357  358  359  360  361  365  366  368  369  370  371  373  374  375  377  378  380
     am_g
      |(Class and Type) : named constant, REAL(8)
      |(Attributes)     : host-associated
      |(Declaration)    : 
      |(Definition)     : 
      |(Reference)      : 399  508  721
     am_r
      |(Class and Type) : named constant, REAL(8)
      |(Attributes)     : host-associated
      |(Declaration)    : 
      |(Definition)     : 
      |(Reference)      : 523  715
     am_s
      |(Class and Type) : named constant, REAL(8)
      |(Attributes)     : host-associated
      |(Declaration)    : 
      |(Definition)     : 
      |(Reference)      : 398  489  718
     av_g
      |(Class and Type) : named constant, REAL(8)
      |(Attributes)     : host-associated
      |(Declaration)    : 
      |(Definition)     : 
      |(Reference)      : 526  548  552
     av_r
      |(Class and Type) : named constant, REAL(8)
      |(Attributes)     : host-associated
      |(Declaration)    : 
      |(Definition)     : 
      |(Reference)      : 521  522  523  536
     av_s
      |(Class and Type) : named constant, REAL(8)
      |(Attributes)     : host-associated
      |(Declaration)    : 
      |(Definition)     : 
      |(Reference)      : 529  532  540  544
     bm_g
      |(Class and Type) : named constant, REAL(8)
      |(Attributes)     : host-associated
      |(Declaration)    : 
      |(Definition)     : 
      |(Reference)      : 493  495  495  496  497  498  498  499  499  500  500  509  722
     bm_i
      |(Class and Type) : named constant, REAL(8)
      |(Attributes)     : host-associated
      |(Declaration)    : 
      |(Definition)     : 
      |(Reference)      : 397  429  429  430  430  433  434  444
     bm_r
      |(Class and Type) : named constant, REAL(8)
      |(Attributes)     : host-associated
      |(Declaration)    : 
      |(Definition)     : 
      |(Reference)      : 413  414  415  416  446  448  448  449  451  451  452  453  453  457  458  462  716
     bm_s
      |(Class and Type) : named constant, REAL(8)
      |(Attributes)     : host-associated
      |(Declaration)    : 
      |(Definition)     : 
      |(Reference)      : 468  469  470  471  471  472  473  474  474  475  475  476  476  477  477  478  479  481  481  490  719
     bv_g
      |(Class and Type) : named constant, REAL(8)
      |(Attributes)     : host-associated
      |(Declaration)    : 
      |(Definition)     : 
      |(Reference)      : 497  498  499  500  503  504
     bv_i
      |(Class and Type) : named constant, REAL(8)
      |(Attributes)     : host-associated
      |(Declaration)    : 
      |(Definition)     : 
      |(Reference)      : 430  433
     bv_r
      |(Class and Type) : named constant, REAL(8)
      |(Attributes)     : host-associated
      |(Declaration)    : 
      |(Definition)     : 
      |(Reference)      : 451  452  453  456  458
     bv_s
      |(Class and Type) : named constant, REAL(8)
      |(Attributes)     : host-associated
      |(Declaration)    : 
      |(Definition)     : 
      |(Reference)      : 472  477  478  480  483  485  485
     C_cube
      |(Class and Type) : named constant, REAL(8)
      |(Attributes)     : host-associated
      |(Declaration)    : 
      |(Definition)     : 
      |(Reference)      : 551  552
     C_sqrd
      |(Class and Type) : named constant, REAL(8)
      |(Attributes)     : host-associated
      |(Declaration)    : 
      |(Definition)     : 
      |(Reference)      : 543  544
     cce
      |(Class and Type) : variable name, REAL(8)
      |(Attributes)     : DIMENSION, host-associated
      |(Declaration)    : 
      |(Definition)     : 411  412  413  414  415  416
      |(Reference)      : 417  418  419  420  421  422
     ccg
      |(Class and Type) : variable name, REAL(8)
      |(Attributes)     : DIMENSION, host-associated
      |(Declaration)    : 
      |(Definition)     : 417  418  419  420  421  422
      |(Reference)      : 423  424  425  426
     cge
      |(Class and Type) : variable name, REAL(8)
      |(Attributes)     : DIMENSION, host-associated
      |(Declaration)    : 
      |(Definition)     : 493  494  495  496  497  498  499  500  501  502  503  504
      |(Reference)      : 506  511
     cgg
      |(Class and Type) : variable name, REAL(8)
      |(Attributes)     : DIMENSION, host-associated
      |(Declaration)    : 
      |(Definition)     : 506
      |(Reference)      : 512  513  514  526  547  548  551  552
     cie
      |(Class and Type) : variable name, REAL(8)
      |(Attributes)     : DIMENSION, host-associated
      |(Declaration)    : 
      |(Definition)     : 428  429  430  431  432  433  434
      |(Reference)      : 435  436  437  438  439  440  441
     cig
      |(Class and Type) : variable name, REAL(8)
      |(Attributes)     : DIMENSION, host-associated
      |(Declaration)    : 
      |(Definition)     : 435  436  437  438  439  440  441
      |(Reference)      : 442  443
     cre
      |(Class and Type) : variable name, REAL(8)
      |(Attributes)     : DIMENSION, host-associated
      |(Declaration)    : 
      |(Definition)     : 446  447  448  449  450  451  452  453  454  455  456  457  458
      |(Reference)      : 460  463
     crg
      |(Class and Type) : variable name, REAL(8)
      |(Attributes)     : DIMENSION, host-associated
      |(Declaration)    : 
      |(Definition)     : 460
      |(Reference)      : 464  465  466  521  522  523  535  536
     cse
      |(Class and Type) : variable name, REAL(8)
      |(Attributes)     : DIMENSION, host-associated
      |(Declaration)    : 
      |(Definition)     : 468  469  470  471  472  473  474  475  476  477  478  479  480  481  482  483  484  485
      |(Reference)      : 484  487
     csg
      |(Class and Type) : variable name, REAL(8)
      |(Attributes)     : DIMENSION, host-associated
      |(Declaration)    : 
      |(Definition)     : 487
      |(Reference)      : 
     D0c
      |(Class and Type) : named constant, REAL(8)
      |(Attributes)     : host-associated
      |(Declaration)    : 
      |(Definition)     : 
      |(Reference)      : 565  566
     D0g
      |(Class and Type) : named constant, REAL(8)
      |(Attributes)     : host-associated
      |(Declaration)    : 
      |(Definition)     : 
      |(Reference)      : 399  399  609
     D0i
      |(Class and Type) : variable name, REAL(8)
      |(Attributes)     : host-associated
      |(Declaration)    : 
      |(Definition)     : 397
      |(Reference)      : 573
     D0r
      |(Class and Type) : named constant, REAL(8)
      |(Attributes)     : host-associated
      |(Declaration)    : 
      |(Definition)     : 
      |(Reference)      : 585
     D0s
      |(Class and Type) : named constant, REAL(8)
      |(Attributes)     : host-associated
      |(Declaration)    : 
      |(Definition)     : 
      |(Reference)      : 398  398  574  597
     DEXP
      |(Class and Type) : intrinsic function name, REAL(8)
      |(Attributes)     : PURE, ELEMENTAL
      |(Declaration)    : 
      |(Definition)     : 
      |(Reference)      : 576  588  600  612
     DFLOAT
      |(Class and Type) : intrinsic function name, REAL(8)
      |(Attributes)     : PURE, ELEMENTAL
      |(Declaration)    : 
      |(Definition)     : 
      |(Reference)      : 576  576  588  588  600  600  612  612
     DLOG
      |(Class and Type) : intrinsic function name, REAL(8)
      |(Attributes)     : PURE, ELEMENTAL
      |(Declaration)    : 
      |(Definition)     : 
      |(Reference)      : 576  576  588  588  600  600  612  612
     DLOG10
      |(Class and Type) : intrinsic function name, REAL(8)
      |(Attributes)     : PURE, ELEMENTAL
      |(Declaration)    : 
      |(Definition)     : 
      |(Reference)      : 555  556  557  558  559  560  561  562
     DSQRT
      |(Class and Type) : intrinsic function name, REAL(8)
      |(Attributes)     : PURE, ELEMENTAL
      |(Declaration)    : 
      |(Definition)     : 
      |(Reference)      : 580  592  604  616
     Dc
      |(Class and Type) : variable name, REAL(8)
      |(Attributes)     : DIMENSION, host-associated
      |(Declaration)    : 
      |(Definition)     : 565  568
      |(Reference)      : 568  569  569
     Dg
      |(Class and Type) : variable name, REAL(8)
      |(Attributes)     : DIMENSION, host-associated
      |(Declaration)    : 
      |(Definition)     : 616
      |(Reference)      : 
     Di
      |(Class and Type) : variable name, REAL(8)
      |(Attributes)     : DIMENSION, host-associated
      |(Declaration)    : 
      |(Definition)     : 580
      |(Reference)      : 
     Dr
      |(Class and Type) : variable name, REAL(8)
      |(Attributes)     : DIMENSION, host-associated
      |(Declaration)    : 
      |(Definition)     : 592
      |(Reference)      : 
     Ds
      |(Class and Type) : variable name, REAL(8)
      |(Attributes)     : DIMENSION, host-associated
      |(Declaration)    : 
      |(Definition)     : 604
      |(Reference)      : 
     dtc
      |(Class and Type) : variable name, REAL(8)
      |(Attributes)     : DIMENSION, host-associated
      |(Declaration)    : 
      |(Definition)     : 566  569
      |(Reference)      : 
     dtg
      |(Class and Type) : variable name, REAL(8)
      |(Attributes)     : DIMENSION, host-associated
      |(Declaration)    : 
      |(Definition)     : 617
      |(Reference)      : 
     dti
      |(Class and Type) : variable name, REAL(8)
      |(Attributes)     : DIMENSION, host-associated
      |(Declaration)    : 
      |(Definition)     : 581
      |(Reference)      : 
     dtr
      |(Class and Type) : variable name, REAL(8)
      |(Attributes)     : DIMENSION, host-associated
      |(Declaration)    : 
      |(Definition)     : 593
      |(Reference)      : 
     dts
      |(Class and Type) : variable name, REAL(8)
      |(Attributes)     : DIMENSION, host-associated
      |(Declaration)    : 
      |(Definition)     : 605
      |(Reference)      : 
     freezeH2O
      |(Class and Type) : module subroutine name
      |(Attributes)     : 
      |(Declaration)    : 
      |(Definition)     : 
      |(Reference)      : 741
     i
      |(Class and Type) : variable name, INTEGER(4)
      |(Attributes)     : 
      |(Declaration)    : 333
      |(Definition)     : 627  642  662  674  682  690  693  700
      |(Reference)      : 628  629  630  631  632  633  643  644  645  646  647  648  649  650  651  652  653  654  663  664  665  666  675  676  683  684  685  691  694  701
     iiwarm
      |(Class and Type) : named constant, LOGICAL(4)
      |(Attributes)     : host-associated
      |(Declaration)    : 
      |(Definition)     : 
      |(Reference)      : 726
     j
      |(Class and Type) : variable name, INTEGER(4)
      |(Attributes)     : 
      |(Declaration)    : 333
      |(Definition)     : 626  641  661  673  681  689  699
      |(Reference)      : 628  629  630  631  632  633  643  644  645  646  647  648  649  650  651  652  653  654  663  664  665  666  675  676  683  684  685  691  694  701
     k
      |(Class and Type) : variable name, INTEGER(4)
      |(Attributes)     : 
      |(Declaration)    : 333
      |(Definition)     : 625  640  660  698
      |(Reference)      : 628  629  630  631  632  633  643  644  645  646  647  648  649  650  651  652  653  654  663  664  665  666  675  676  701
     MIN
      |(Class and Type) : intrinsic function name, REAL(8)
      |(Attributes)     : PURE, ELEMENTAL
      |(Declaration)    : 
      |(Definition)     : 
      |(Reference)      : 390  391
     m
      |(Class and Type) : variable name, INTEGER(4)
      |(Attributes)     : 
      |(Declaration)    : 333
      |(Definition)     : 624  639
      |(Reference)      : 628  629  630  631  632  633  643  644  645  646  647  648  649  650  651  652  653  654
     micro_init
      |(Class and Type) : variable name, LOGICAL(4)
      |(Attributes)     : 
      |(Declaration)    : 334
      |(Definition)     : 337  341
      |(Reference)      : 382
     mu_cl
      |(Class and Type) : variable name, REAL(8)
      |(Attributes)     : host-associated
      |(Declaration)    : 
      |(Definition)     : 391
      |(Reference)      : 411  413  415
     mu_co
      |(Class and Type) : variable name, REAL(8)
      |(Attributes)     : host-associated
      |(Declaration)    : 
      |(Definition)     : 390
      |(Reference)      : 412  414  416
     mu_g
      |(Class and Type) : named constant, REAL(8)
      |(Attributes)     : host-associated
      |(Declaration)    : 
      |(Definition)     : 
      |(Reference)      : 494  496  497  501  501  502  503  504  723
     mu_i
      |(Class and Type) : named constant, REAL(8)
      |(Attributes)     : host-associated
      |(Declaration)    : 
      |(Definition)     : 
      |(Reference)      : 428  431  431  432  433  434
     mu_r
      |(Class and Type) : named constant, REAL(8)
      |(Attributes)     : host-associated
      |(Declaration)    : 
      |(Definition)     : 
      |(Reference)      : 447  449  450  450  452  454  454  455  456  457  458  717
     mu_s
      |(Class and Type) : named constant, REAL(8)
      |(Attributes)     : host-associated
      |(Declaration)    : 
      |(Definition)     : 
      |(Reference)      : 478  479  482  484  720
     N0g_exp
      |(Class and Type) : named constant, REAL(8)
      |(Attributes)     : DIMENSION, host-associated
      |(Declaration)    : 
      |(Definition)     : 
      |(Reference)      : 562
     N0r_exp
      |(Class and Type) : named constant, REAL(8)
      |(Attributes)     : DIMENSION, host-associated
      |(Declaration)    : 
      |(Definition)     : 
      |(Reference)      : 559
     NINT
      |(Class and Type) : intrinsic function name, INTEGER(4)
      |(Attributes)     : PURE, ELEMENTAL
      |(Declaration)    : 
      |(Definition)     : 
      |(Reference)      : 555  556  557  558  559  560  561  562
     Nt_cl
      |(Class and Type) : named constant, REAL(8)
      |(Attributes)     : host-associated
      |(Declaration)    : 
      |(Definition)     : 
      |(Reference)      : 391
     Nt_co
      |(Class and Type) : named constant, REAL(8)
      |(Attributes)     : host-associated
      |(Declaration)    : 
      |(Definition)     : 
      |(Reference)      : 390
     Nt_i
      |(Class and Type) : named constant, REAL(8)
      |(Attributes)     : DIMENSION, host-associated
      |(Declaration)    : 
      |(Definition)     : 
      |(Reference)      : 557
     n
      |(Class and Type) : variable name, INTEGER(4)
      |(Attributes)     : 
      |(Declaration)    : 333
      |(Definition)     : 459  486  505  567  575  579  587  591  599  603  611  615
      |(Reference)      : 460  460  487  487  506  506  568  568  569  569  569  576  576  580  580  580  581  581  581  588  588  592  592  592  593  593  593  600  600  604  604  604  605  605  605  612  612  616  616  616  617  617  617
     nbc
      |(Class and Type) : named constant, INTEGER(4)
      |(Attributes)     : host-associated
      |(Declaration)    : 
      |(Definition)     : 
      |(Reference)      : 377  378  567  689
     nbg
      |(Class and Type) : named constant, INTEGER(4)
      |(Attributes)     : host-associated
      |(Declaration)    : 
      |(Definition)     : 
      |(Reference)      : 610  611  612  612  615
     nbi
      |(Class and Type) : named constant, INTEGER(4)
      |(Attributes)     : host-associated
      |(Declaration)    : 
      |(Definition)     : 
      |(Reference)      : 574  575  576  576  579
     nbr
      |(Class and Type) : named constant, INTEGER(4)
      |(Attributes)     : host-associated
      |(Declaration)    : 
      |(Definition)     : 
      |(Reference)      : 377  380  586  587  588  588  591  690  700
     nbs
      |(Class and Type) : named constant, INTEGER(4)
      |(Attributes)     : host-associated
      |(Declaration)    : 
      |(Definition)     : 
      |(Reference)      : 378  598  599  600  600  603  693
     nic2
      |(Class and Type) : variable name, INTEGER(4)
      |(Attributes)     : host-associated
      |(Declaration)    : 
      |(Definition)     : 555
      |(Reference)      : 
     nig2
      |(Class and Type) : variable name, INTEGER(4)
      |(Attributes)     : host-associated
      |(Declaration)    : 
      |(Definition)     : 561
      |(Reference)      : 
     nig3
      |(Class and Type) : variable name, INTEGER(4)
      |(Attributes)     : host-associated
      |(Declaration)    : 
      |(Definition)     : 562
      |(Reference)      : 
     nii2
      |(Class and Type) : variable name, INTEGER(4)
      |(Attributes)     : host-associated
      |(Declaration)    : 
      |(Definition)     : 556
      |(Reference)      : 
     nii3
      |(Class and Type) : variable name, INTEGER(4)
      |(Attributes)     : host-associated
      |(Declaration)    : 
      |(Definition)     : 557
      |(Reference)      : 
     nir2
      |(Class and Type) : variable name, INTEGER(4)
      |(Attributes)     : host-associated
      |(Declaration)    : 
      |(Definition)     : 558
      |(Reference)      : 
     nir3
      |(Class and Type) : variable name, INTEGER(4)
      |(Attributes)     : host-associated
      |(Declaration)    : 
      |(Definition)     : 559
      |(Reference)      : 
     nis2
      |(Class and Type) : variable name, INTEGER(4)
      |(Attributes)     : host-associated
      |(Declaration)    : 
      |(Definition)     : 560
      |(Reference)      : 
     ntb_c
      |(Class and Type) : named constant, INTEGER(4)
      |(Attributes)     : host-associated
      |(Declaration)    : 
      |(Definition)     : 
      |(Reference)      : 365  366  674
     ntb_g
      |(Class and Type) : named constant, INTEGER(4)
      |(Attributes)     : host-associated
      |(Declaration)    : 
      |(Definition)     : 
      |(Reference)      : 340  344  345  346  347  348  626
     ntb_g1
      |(Class and Type) : named constant, INTEGER(4)
      |(Attributes)     : host-associated
      |(Declaration)    : 
      |(Definition)     : 
      |(Reference)      : 340  344  345  346  347  348  627
     ntb_i
      |(Class and Type) : named constant, INTEGER(4)
      |(Attributes)     : host-associated
      |(Declaration)    : 
      |(Definition)     : 
      |(Reference)      : 373  374  375  682
     ntb_i1
      |(Class and Type) : named constant, INTEGER(4)
      |(Attributes)     : host-associated
      |(Declaration)    : 
      |(Definition)     : 
      |(Reference)      : 373  374  375  681
     ntb_r
      |(Class and Type) : named constant, INTEGER(4)
      |(Attributes)     : host-associated
      |(Declaration)    : 
      |(Definition)     : 
      |(Reference)      : 340  344  345  346  347  348  350  351  352  353  354  355  356  357  358  359  360  361  368  369  370  371  380  624  639  662  698
     ntb_r1
      |(Class and Type) : named constant, INTEGER(4)
      |(Attributes)     : host-associated
      |(Declaration)    : 
      |(Definition)     : 
      |(Reference)      : 340  344  345  346  347  348  350  351  352  353  354  355  356  357  358  359  360  361  368  369  370  371  380  625  640  661  699
     ntb_s
      |(Class and Type) : named constant, INTEGER(4)
      |(Attributes)     : host-associated
      |(Declaration)    : 
      |(Definition)     : 
      |(Reference)      : 350  351  352  353  354  355  356  357  358  359  360  361  642
     ntb_t
      |(Class and Type) : named constant, INTEGER(4)
      |(Attributes)     : host-associated
      |(Declaration)    : 
      |(Definition)     : 
      |(Reference)      : 350  351  352  353  354  355  356  357  358  359  360  361  641
     oamg
      |(Class and Type) : variable name, REAL(8)
      |(Attributes)     : host-associated
      |(Declaration)    : 
      |(Definition)     : 508
      |(Reference)      : 510
     oams
      |(Class and Type) : variable name, REAL(8)
      |(Attributes)     : host-associated
      |(Declaration)    : 
      |(Definition)     : 489
      |(Reference)      : 491
     obmg
      |(Class and Type) : variable name, REAL(8)
      |(Attributes)     : host-associated
      |(Declaration)    : 
      |(Definition)     : 509
      |(Reference)      : 510
     obmi
      |(Class and Type) : variable name, REAL(8)
      |(Attributes)     : host-associated
      |(Declaration)    : 
      |(Definition)     : 444
      |(Reference)      : 
     obmr
      |(Class and Type) : variable name, REAL(8)
      |(Attributes)     : host-associated
      |(Declaration)    : 
      |(Definition)     : 462
      |(Reference)      : 
     obms
      |(Class and Type) : variable name, REAL(8)
      |(Attributes)     : host-associated
      |(Declaration)    : 
      |(Definition)     : 490
      |(Reference)      : 491
     ocg1
      |(Class and Type) : variable name, REAL(8)
      |(Attributes)     : DIMENSION, host-associated
      |(Declaration)    : 
      |(Definition)     : 423  424
      |(Reference)      : 
     ocg2
      |(Class and Type) : variable name, REAL(8)
      |(Attributes)     : DIMENSION, host-associated
      |(Declaration)    : 
      |(Definition)     : 425  426
      |(Reference)      : 
     ocmg
      |(Class and Type) : variable name, REAL(8)
      |(Attributes)     : host-associated
      |(Declaration)    : 
      |(Definition)     : 510
      |(Reference)      : 
     ocms
      |(Class and Type) : variable name, REAL(8)
      |(Attributes)     : host-associated
      |(Declaration)    : 
      |(Definition)     : 491
      |(Reference)      : 
     oge1
      |(Class and Type) : variable name, REAL(8)
      |(Attributes)     : host-associated
      |(Declaration)    : 
      |(Definition)     : 511
      |(Reference)      : 
     ogg1
      |(Class and Type) : variable name, REAL(8)
      |(Attributes)     : host-associated
      |(Declaration)    : 
      |(Definition)     : 512
      |(Reference)      : 
     ogg2
      |(Class and Type) : variable name, REAL(8)
      |(Attributes)     : host-associated
      |(Declaration)    : 
      |(Definition)     : 513
      |(Reference)      : 
     ogg3
      |(Class and Type) : variable name, REAL(8)
      |(Attributes)     : host-associated
      |(Declaration)    : 
      |(Definition)     : 514
      |(Reference)      : 
     oig1
      |(Class and Type) : variable name, REAL(8)
      |(Attributes)     : host-associated
      |(Declaration)    : 
      |(Definition)     : 442
      |(Reference)      : 
     oig2
      |(Class and Type) : variable name, REAL(8)
      |(Attributes)     : host-associated
      |(Declaration)    : 
      |(Definition)     : 443
      |(Reference)      : 
     olfus
      |(Class and Type) : named constant, REAL(8)
      |(Attributes)     : host-associated
      |(Declaration)    : 
      |(Definition)     : 
      |(Reference)      : 543  544  551  552
     ore1
      |(Class and Type) : variable name, REAL(8)
      |(Attributes)     : host-associated
      |(Declaration)    : 
      |(Definition)     : 463
      |(Reference)      : 
     org1
      |(Class and Type) : variable name, REAL(8)
      |(Attributes)     : host-associated
      |(Declaration)    : 
      |(Definition)     : 464
      |(Reference)      : 
     org2
      |(Class and Type) : variable name, REAL(8)
      |(Attributes)     : host-associated
      |(Declaration)    : 
      |(Definition)     : 465
      |(Reference)      : 
     org3
      |(Class and Type) : variable name, REAL(8)
      |(Attributes)     : host-associated
      |(Declaration)    : 
      |(Definition)     : 466
      |(Reference)      : 
     PI
      |(Class and Type) : named constant, REAL(8)
      |(Attributes)     : host-associated
      |(Declaration)    : 
      |(Definition)     : 
      |(Reference)      : 521  522  523  526  529  532  543  544  551  552
     qi_aut_qs
      |(Class and Type) : module subroutine name
      |(Attributes)     : 
      |(Declaration)    : 
      |(Definition)     : 
      |(Reference)      : 746
     qr_acr_qg
      |(Class and Type) : module subroutine name
      |(Attributes)     : 
      |(Declaration)    : 
      |(Definition)     : 
      |(Reference)      : 731
     qr_acr_qs
      |(Class and Type) : module subroutine name
      |(Attributes)     : 
      |(Declaration)    : 
      |(Definition)     : 
      |(Reference)      : 736
     r_c
      |(Class and Type) : named constant, REAL(8)
      |(Attributes)     : DIMENSION, host-associated
      |(Declaration)    : 
      |(Definition)     : 
      |(Reference)      : 555
     r_g
      |(Class and Type) : named constant, REAL(8)
      |(Attributes)     : DIMENSION, host-associated
      |(Declaration)    : 
      |(Definition)     : 
      |(Reference)      : 561
     r_i
      |(Class and Type) : named constant, REAL(8)
      |(Attributes)     : DIMENSION, host-associated
      |(Declaration)    : 
      |(Definition)     : 
      |(Reference)      : 556
     r_r
      |(Class and Type) : named constant, REAL(8)
      |(Attributes)     : DIMENSION, host-associated
      |(Declaration)    : 
      |(Definition)     : 
      |(Reference)      : 558
     r_s
      |(Class and Type) : named constant, REAL(8)
      |(Attributes)     : DIMENSION, host-associated
      |(Declaration)    : 
      |(Definition)     : 
      |(Reference)      : 560
     radar_init
      |(Class and Type) : module subroutine name
      |(Attributes)     : host-associated
      |(Declaration)    : 
      |(Definition)     : 
      |(Reference)      : 724
     SQRT
      |(Class and Type) : intrinsic function name, REAL(8)
      |(Attributes)     : PURE, ELEMENTAL
      |(Declaration)    : 
      |(Definition)     : 
      |(Reference)      : 536  540  544  548  552
     Sc
      |(Class and Type) : named constant, REAL(8)
      |(Attributes)     : host-associated
      |(Declaration)    : 
      |(Definition)     : 
      |(Reference)      : 394
     Sc3
      |(Class and Type) : variable name, REAL(8)
      |(Attributes)     : host-associated
      |(Declaration)    : 
      |(Definition)     : 394
      |(Reference)      : 536  540  544  548  552
     t1_qg_me
      |(Class and Type) : variable name, REAL(8)
      |(Attributes)     : host-associated
      |(Declaration)    : 
      |(Definition)     : 551
      |(Reference)      : 
     t1_qg_qc
      |(Class and Type) : variable name, REAL(8)
      |(Attributes)     : host-associated
      |(Declaration)    : 
      |(Definition)     : 526
      |(Reference)      : 
     t1_qg_sd
      |(Class and Type) : variable name, REAL(8)
      |(Attributes)     : host-associated
      |(Declaration)    : 
      |(Definition)     : 547
      |(Reference)      : 
     t1_qr_ev
      |(Class and Type) : variable name, REAL(8)
      |(Attributes)     : host-associated
      |(Declaration)    : 
      |(Definition)     : 535
      |(Reference)      : 
     t1_qr_qc
      |(Class and Type) : variable name, REAL(8)
      |(Attributes)     : host-associated
      |(Declaration)    : 
      |(Definition)     : 521
      |(Reference)      : 
     t1_qr_qi
      |(Class and Type) : variable name, REAL(8)
      |(Attributes)     : host-associated
      |(Declaration)    : 
      |(Definition)     : 522
      |(Reference)      : 
     t1_qs_me
      |(Class and Type) : variable name, REAL(8)
      |(Attributes)     : host-associated
      |(Declaration)    : 
      |(Definition)     : 543
      |(Reference)      : 
     t1_qs_qc
      |(Class and Type) : variable name, REAL(8)
      |(Attributes)     : host-associated
      |(Declaration)    : 
      |(Definition)     : 529
      |(Reference)      : 
     t1_qs_qi
      |(Class and Type) : variable name, REAL(8)
      |(Attributes)     : host-associated
      |(Declaration)    : 
      |(Definition)     : 532
      |(Reference)      : 
     t1_qs_sd
      |(Class and Type) : variable name, REAL(8)
      |(Attributes)     : host-associated
      |(Declaration)    : 
      |(Definition)     : 539
      |(Reference)      : 
     t2_qg_me
      |(Class and Type) : variable name, REAL(8)
      |(Attributes)     : host-associated
      |(Declaration)    : 
      |(Definition)     : 552
      |(Reference)      : 
     t2_qg_sd
      |(Class and Type) : variable name, REAL(8)
      |(Attributes)     : host-associated
      |(Declaration)    : 
      |(Definition)     : 548
      |(Reference)      : 
     t2_qr_ev
      |(Class and Type) : variable name, REAL(8)
      |(Attributes)     : host-associated
      |(Declaration)    : 
      |(Definition)     : 536
      |(Reference)      : 
     t2_qr_qi
      |(Class and Type) : variable name, REAL(8)
      |(Attributes)     : host-associated
      |(Declaration)    : 
      |(Definition)     : 523
      |(Reference)      : 
     t2_qs_me
      |(Class and Type) : variable name, REAL(8)
      |(Attributes)     : host-associated
      |(Declaration)    : 
      |(Definition)     : 544
      |(Reference)      : 
     t2_qs_sd
      |(Class and Type) : variable name, REAL(8)
      |(Attributes)     : host-associated
      |(Declaration)    : 
      |(Definition)     : 540
      |(Reference)      : 
     t_Efrw
      |(Class and Type) : variable name, REAL(8)
      |(Attributes)     : ALLOCATABLE, DIMENSION, host-associated
      |(Declaration)    : 
      |(Definition)     : 377  691
      |(Reference)      : 377
     t_Efsw
      |(Class and Type) : variable name, REAL(8)
      |(Attributes)     : ALLOCATABLE, DIMENSION, host-associated
      |(Declaration)    : 
      |(Definition)     : 378  694
      |(Reference)      : 378
     table_Efrw
      |(Class and Type) : module subroutine name
      |(Attributes)     : 
      |(Declaration)    : 
      |(Definition)     : 
      |(Reference)      : 707
     table_Efsw
      |(Class and Type) : module subroutine name
      |(Attributes)     : 
      |(Declaration)    : 
      |(Definition)     : 
      |(Reference)      : 708
     tcg_racg
      |(Class and Type) : variable name, REAL(8)
      |(Attributes)     : ALLOCATABLE, DIMENSION, host-associated
      |(Declaration)    : 
      |(Definition)     : 340  628
      |(Reference)      : 339
     tcr_gacr
      |(Class and Type) : variable name, REAL(8)
      |(Attributes)     : ALLOCATABLE, DIMENSION, host-associated
      |(Declaration)    : 
      |(Definition)     : 345  630
      |(Reference)      : 345
     tcr_sacr1
      |(Class and Type) : variable name, REAL(8)
      |(Attributes)     : ALLOCATABLE, DIMENSION, host-associated
      |(Declaration)    : 
      |(Definition)     : 354  647
      |(Reference)      : 354
     tcr_sacr2
      |(Class and Type) : variable name, REAL(8)
      |(Attributes)     : ALLOCATABLE, DIMENSION, host-associated
      |(Declaration)    : 
      |(Definition)     : 356  649
      |(Reference)      : 356
     tcs_racs1
      |(Class and Type) : variable name, REAL(8)
      |(Attributes)     : ALLOCATABLE, DIMENSION, host-associated
      |(Declaration)    : 
      |(Definition)     : 350  643
      |(Reference)      : 350
     tcs_racs2
      |(Class and Type) : variable name, REAL(8)
      |(Attributes)     : ALLOCATABLE, DIMENSION, host-associated
      |(Declaration)    : 
      |(Definition)     : 352  645
      |(Reference)      : 352
     thompson_init
      |(Class and Type) : module subroutine name
      |(Attributes)     : 
      |(Declaration)    : 
      |(Definition)     : 329
      |(Reference)      : 755
     tmg_gacr
      |(Class and Type) : variable name, REAL(8)
      |(Attributes)     : ALLOCATABLE, DIMENSION, host-associated
      |(Declaration)    : 
      |(Definition)     : 346  631
      |(Reference)      : 346
     tmr_racg
      |(Class and Type) : variable name, REAL(8)
      |(Attributes)     : ALLOCATABLE, DIMENSION, host-associated
      |(Declaration)    : 
      |(Definition)     : 344  629
      |(Reference)      : 344
     tmr_racs1
      |(Class and Type) : variable name, REAL(8)
      |(Attributes)     : ALLOCATABLE, DIMENSION, host-associated
      |(Declaration)    : 
      |(Definition)     : 351  644
      |(Reference)      : 351
     tmr_racs2
      |(Class and Type) : variable name, REAL(8)
      |(Attributes)     : ALLOCATABLE, DIMENSION, host-associated
      |(Declaration)    : 
      |(Definition)     : 353  646
      |(Reference)      : 353
     tms_sacr1
      |(Class and Type) : variable name, REAL(8)
      |(Attributes)     : ALLOCATABLE, DIMENSION, host-associated
      |(Declaration)    : 
      |(Definition)     : 355  648
      |(Reference)      : 355
     tms_sacr2
      |(Class and Type) : variable name, REAL(8)
      |(Attributes)     : ALLOCATABLE, DIMENSION, host-associated
      |(Declaration)    : 
      |(Definition)     : 357  650
      |(Reference)      : 357
     tni_iaus
      |(Class and Type) : variable name, REAL(8)
      |(Attributes)     : ALLOCATABLE, DIMENSION, host-associated
      |(Declaration)    : 
      |(Definition)     : 374  684
      |(Reference)      : 374
     tni_qcfz
      |(Class and Type) : variable name, REAL(8)
      |(Attributes)     : ALLOCATABLE, DIMENSION, host-associated
      |(Declaration)    : 
      |(Definition)     : 366  676
      |(Reference)      : 366
     tni_qrfz
      |(Class and Type) : variable name, REAL(8)
      |(Attributes)     : ALLOCATABLE, DIMENSION, host-associated
      |(Declaration)    : 
      |(Definition)     : 370  664
      |(Reference)      : 370
     tnr_gacr
      |(Class and Type) : variable name, REAL(8)
      |(Attributes)     : ALLOCATABLE, DIMENSION, host-associated
      |(Declaration)    : 
      |(Definition)     : 348  633
      |(Reference)      : 348
     tnr_qrfz
      |(Class and Type) : variable name, REAL(8)
      |(Attributes)     : ALLOCATABLE, DIMENSION, host-associated
      |(Declaration)    : 
      |(Definition)     : 371  666
      |(Reference)      : 371
     tnr_racg
      |(Class and Type) : variable name, REAL(8)
      |(Attributes)     : ALLOCATABLE, DIMENSION, host-associated
      |(Declaration)    : 
      |(Definition)     : 347  632
      |(Reference)      : 347
     tnr_racs1
      |(Class and Type) : variable name, REAL(8)
      |(Attributes)     : ALLOCATABLE, DIMENSION, host-associated
      |(Declaration)    : 
      |(Definition)     : 358  651
      |(Reference)      : 358
     tnr_racs2
      |(Class and Type) : variable name, REAL(8)
      |(Attributes)     : ALLOCATABLE, DIMENSION, host-associated
      |(Declaration)    : 
      |(Definition)     : 359  652
      |(Reference)      : 359
     tnr_rev
      |(Class and Type) : variable name, REAL(8)
      |(Attributes)     : ALLOCATABLE, DIMENSION, host-associated
      |(Declaration)    : 
      |(Definition)     : 380  701
      |(Reference)      : 380
     tnr_sacr1
      |(Class and Type) : variable name, REAL(8)
      |(Attributes)     : ALLOCATABLE, DIMENSION, host-associated
      |(Declaration)    : 
      |(Definition)     : 360  653
      |(Reference)      : 360
     tnr_sacr2
      |(Class and Type) : variable name, REAL(8)
      |(Attributes)     : ALLOCATABLE, DIMENSION, host-associated
      |(Declaration)    : 
      |(Definition)     : 361  654
      |(Reference)      : 361
     tpg_qrfz
      |(Class and Type) : variable name, REAL(8)
      |(Attributes)     : ALLOCATABLE, DIMENSION, host-associated
      |(Declaration)    : 
      |(Definition)     : 369  665
      |(Reference)      : 369
     tpi_ide
      |(Class and Type) : variable name, REAL(8)
      |(Attributes)     : ALLOCATABLE, DIMENSION, host-associated
      |(Declaration)    : 
      |(Definition)     : 375  685
      |(Reference)      : 375
     tpi_qcfz
      |(Class and Type) : variable name, REAL(8)
      |(Attributes)     : ALLOCATABLE, DIMENSION, host-associated
      |(Declaration)    : 
      |(Definition)     : 365  675
      |(Reference)      : 365
     tpi_qrfz
      |(Class and Type) : variable name, REAL(8)
      |(Attributes)     : ALLOCATABLE, DIMENSION, host-associated
      |(Declaration)    : 
      |(Definition)     : 368  663
      |(Reference)      : 368
     tps_iaus
      |(Class and Type) : variable name, REAL(8)
      |(Attributes)     : ALLOCATABLE, DIMENSION, host-associated
      |(Declaration)    : 
      |(Definition)     : 373  683
      |(Reference)      : 373
     WGAMMA
      |(Class and Type) : module function name, REAL(8)
      |(Attributes)     : 
      |(Declaration)    : 
      |(Definition)     : 
      |(Reference)      : 417  418  419  420  421  422  435  436  437  438  439  440  441  460  487  506
     xDx
      |(Class and Type) : variable name, REAL(8)
      |(Attributes)     : DIMENSION, host-associated
      |(Declaration)    : 
      |(Definition)     : 573  574  576  585  586  588  597  598  600  609  610  612
      |(Reference)      : 576  576  576  580  580  581  581  588  588  588  592  592  593  593  600  600  600  604  604  605  605  612  612  612  616  616  617  617
     xam_g
      |(Class and Type) : variable name, REAL(8)
      |(Attributes)     : host-associated
      |(Declaration)    : 
      |(Definition)     : 721
      |(Reference)      : 
     xam_r
      |(Class and Type) : variable name, REAL(8)
      |(Attributes)     : host-associated
      |(Declaration)    : 
      |(Definition)     : 715
      |(Reference)      : 
     xam_s
      |(Class and Type) : variable name, REAL(8)
      |(Attributes)     : host-associated
      |(Declaration)    : 
      |(Definition)     : 718
      |(Reference)      : 
     xbm_g
      |(Class and Type) : variable name, REAL(8)
      |(Attributes)     : host-associated
      |(Declaration)    : 
      |(Definition)     : 722
      |(Reference)      : 
     xbm_r
      |(Class and Type) : variable name, REAL(8)
      |(Attributes)     : host-associated
      |(Declaration)    : 
      |(Definition)     : 716
      |(Reference)      : 
     xbm_s
      |(Class and Type) : variable name, REAL(8)
      |(Attributes)     : host-associated
      |(Declaration)    : 
      |(Definition)     : 719
      |(Reference)      : 
     xm0g
      |(Class and Type) : variable name, REAL(8)
      |(Attributes)     : host-associated
      |(Declaration)    : 
      |(Definition)     : 399
      |(Reference)      : 
     xm0i
      |(Class and Type) : named constant, REAL(8)
      |(Attributes)     : host-associated
      |(Declaration)    : 
      |(Definition)     : 
      |(Reference)      : 397  397
     xm0s
      |(Class and Type) : variable name, REAL(8)
      |(Attributes)     : host-associated
      |(Declaration)    : 
      |(Definition)     : 398
      |(Reference)      : 
     xmu_g
      |(Class and Type) : variable name, REAL(8)
      |(Attributes)     : host-associated
      |(Declaration)    : 
      |(Definition)     : 723
      |(Reference)      : 
     xmu_r
      |(Class and Type) : variable name, REAL(8)
      |(Attributes)     : host-associated
      |(Declaration)    : 
      |(Definition)     : 717
      |(Reference)      : 
     xmu_s
      |(Class and Type) : variable name, REAL(8)
      |(Attributes)     : host-associated
      |(Declaration)    : 
      |(Definition)     : 720
      |(Reference)      : 

 Scoping unit of module sub-program : mp_gt_driver
   Attribute and Cross reference of name
     calc_effectRad
      |(Class and Type) : module subroutine name
      |(Attributes)     : 
      |(Declaration)    : 
      |(Definition)     : 
      |(Reference)      : 1003
     calc_refl10cm
      |(Class and Type) : module subroutine name
      |(Attributes)     : 
      |(Declaration)    : 
      |(Definition)     : 
      |(Reference)      : 991
     dBZ
      |(Class and Type) : variable name, REAL(8)
      |(Attributes)     : DIMENSION
      |(Declaration)    : 791
      |(Definition)     : 991
      |(Reference)      : 994
     dt
      |(Class and Type) : variable name, REAL(8)
      |(Attributes)     : 
      |(Declaration)    : 796
      |(Definition)     : 817
      |(Reference)      : 885
     dt_in
      |(Class and Type) : variable name, REAL(8)
      |(Attributes)     : INTENT(IN), dummy-argument
      |(Declaration)    : 761  787
      |(Definition)     : 
      |(Reference)      : 817
     dz
      |(Class and Type) : variable name, REAL(8)
      |(Attributes)     : DIMENSION, INTENT(IN), dummy-argument
      |(Declaration)    : 761  779
      |(Definition)     : 
      |(Reference)      : 
     dz1d
      |(Class and Type) : variable name, REAL(8)
      |(Attributes)     : DIMENSION
      |(Declaration)    : 791
      |(Definition)     : 872
      |(Reference)      : 885
     g
      |(Class and Type) : named constant, REAL(8)
      |(Attributes)     : host-associated
      |(Declaration)    : 
      |(Definition)     : 
      |(Reference)      : 872
     i
      |(Class and Type) : variable name, INTEGER(4)
      |(Attributes)     : 
      |(Declaration)    : 798
      |(Definition)     : 844
      |(Reference)      : 850  857  859  870  871  872  872  874  874  875  876  877  878  879  880  881  885  885  891  892  893  894  895  905  905  909  910  911  912  913  914  915  916  922  924  932  940  948  956  964  972  981  981  981  983  991  994  1003  1006  1007  1008
     i_end
      |(Class and Type) : variable name, INTEGER(4)
      |(Attributes)     : 
      |(Declaration)    : 801
      |(Definition)     : 808
      |(Reference)      : 844
     i_loop
      |(Class and Type) : construct name
      |(Attributes)     : 
      |(Declaration)    : 
      |(Definition)     : 844
      |(Reference)      : 1010
     i_start
      |(Class and Type) : variable name, INTEGER(4)
      |(Attributes)     : 
      |(Declaration)    : 801
      |(Definition)     : 807
      |(Reference)      : 844
     imax_ni
      |(Class and Type) : variable name, INTEGER(4)
      |(Attributes)     : 
      |(Declaration)    : 799
      |(Definition)     : 831  972
      |(Reference)      : 
     imax_nr
      |(Class and Type) : variable name, INTEGER(4)
      |(Attributes)     : 
      |(Declaration)    : 799
      |(Definition)     : 832  940
      |(Reference)      : 
     imax_qc
      |(Class and Type) : variable name, INTEGER(4)
      |(Attributes)     : 
      |(Declaration)    : 799
      |(Definition)     : 826  924
      |(Reference)      : 
     imax_qg
      |(Class and Type) : variable name, INTEGER(4)
      |(Attributes)     : 
      |(Declaration)    : 799
      |(Definition)     : 830  964
      |(Reference)      : 
     imax_qi
      |(Class and Type) : variable name, INTEGER(4)
      |(Attributes)     : 
      |(Declaration)    : 799
      |(Definition)     : 828  956
      |(Reference)      : 
     imax_qr
      |(Class and Type) : variable name, INTEGER(4)
      |(Attributes)     : 
      |(Declaration)    : 799
      |(Definition)     : 827  932
      |(Reference)      : 
     imax_qs
      |(Class and Type) : variable name, INTEGER(4)
      |(Attributes)     : 
      |(Declaration)    : 799
      |(Definition)     : 829  948
      |(Reference)      : 
     ime
      |(Class and Type) : variable name, INTEGER(4)
      |(Attributes)     : INTENT(IN), dummy-argument
      |(Declaration)    : 761  773
      |(Definition)     : 
      |(Reference)      : 775  775  775  775  775  775  775  775  775  777  777  777  779  779  781  782  785  808
     ims
      |(Class and Type) : variable name, INTEGER(4)
      |(Attributes)     : INTENT(IN), dummy-argument
      |(Declaration)    : 761  773
      |(Definition)     : 
      |(Reference)      : 775  775  775  775  775  775  775  775  775  777  777  777  779  779  781  782  785
     islmsk
      |(Class and Type) : variable name, INTEGER(4)
      |(Attributes)     : DIMENSION, INTENT(IN), dummy-argument
      |(Declaration)    : 761  782
      |(Definition)     : 
      |(Reference)      : 859  885  1003
     ite
      |(Class and Type) : variable name, INTEGER(4)
      |(Attributes)     : INTENT(IN), dummy-argument
      |(Declaration)    : 761  773
      |(Definition)     : 
      |(Reference)      : 783  783  795  795  795  795  808
     itimestep
      |(Class and Type) : variable name, INTEGER(4)
      |(Attributes)     : INTENT(IN), dummy-argument
      |(Declaration)    : 761  788
      |(Definition)     : 
      |(Reference)      : 
     its
      |(Class and Type) : variable name, INTEGER(4)
      |(Attributes)     : INTENT(IN), dummy-argument
      |(Declaration)    : 761  773
      |(Definition)     : 
      |(Reference)      : 783  783  795  795  795  795  807
     j
      |(Class and Type) : variable name, INTEGER(4)
      |(Attributes)     : 
      |(Declaration)    : 798
      |(Definition)     : 
      |(Reference)      : 
     k
      |(Class and Type) : variable name, INTEGER(4)
      |(Attributes)     : 
      |(Declaration)    : 798
      |(Definition)     : 869  907  993  998  1005
      |(Reference)      : 870  870  871  871  872  872  872  874  874  874  875  875  876  876  877  877  878  878  879  879  880  880  881  881  882  909  909  909  910  910  911  911  912  912  913  913  914  914  915  915  916  916  922  922  923  925  926  927  931  933  934  935  939  941  942  943  947  949  950  951  955  957  958  959  963  965  966  967  971  973  974  975  979  980  980  981  981  981  983  994  994  999  1000  1001  1006  1006  1007  1007  1008  1008
     kmax_ni
      |(Class and Type) : variable name, INTEGER(4)
      |(Attributes)     : 
      |(Declaration)    : 800
      |(Definition)     : 838  973
      |(Reference)      : 
     kmax_nr
      |(Class and Type) : variable name, INTEGER(4)
      |(Attributes)     : 
      |(Declaration)    : 800
      |(Definition)     : 839  941
      |(Reference)      : 
     kmax_qc
      |(Class and Type) : variable name, INTEGER(4)
      |(Attributes)     : 
      |(Declaration)    : 800
      |(Definition)     : 833  925
      |(Reference)      : 
     kmax_qg
      |(Class and Type) : variable name, INTEGER(4)
      |(Attributes)     : 
      |(Declaration)    : 800
      |(Definition)     : 837  965
      |(Reference)      : 
     kmax_qi
      |(Class and Type) : variable name, INTEGER(4)
      |(Attributes)     : 
      |(Declaration)    : 800
      |(Definition)     : 835  957
      |(Reference)      : 
     kmax_qr
      |(Class and Type) : variable name, INTEGER(4)
      |(Attributes)     : 
      |(Declaration)    : 800
      |(Definition)     : 834  933
      |(Reference)      : 
     kmax_qs
      |(Class and Type) : variable name, INTEGER(4)
      |(Attributes)     : 
      |(Declaration)    : 800
      |(Definition)     : 836  949
      |(Reference)      : 
     kme
      |(Class and Type) : variable name, INTEGER(4)
      |(Attributes)     : INTENT(IN), dummy-argument
      |(Declaration)    : 761  773
      |(Definition)     : 
      |(Reference)      : 775  775  775  775  775  775  775  775  775  777  777  777  779  779  781  785
     kms
      |(Class and Type) : variable name, INTEGER(4)
      |(Attributes)     : INTENT(IN), dummy-argument
      |(Declaration)    : 761  773
      |(Definition)     : 
      |(Reference)      : 775  775  775  775  775  775  775  775  775  777  777  777  779  779  781  785
     kte
      |(Class and Type) : variable name, INTEGER(4)
      |(Attributes)     : INTENT(IN), dummy-argument
      |(Declaration)    : 761  773
      |(Definition)     : 
      |(Reference)      : 791  791  791  791  791  791  791  791  791  791  791  791  791  794  794  794  869  885  907  980  991  993  998  1003  1005
     kts
      |(Class and Type) : variable name, INTEGER(4)
      |(Attributes)     : INTENT(IN), dummy-argument
      |(Declaration)    : 761  773
      |(Definition)     : 
      |(Reference)      : 791  791  791  791  791  791  791  791  791  791  791  791  791  794  794  794  869  885  907  980  991  993  998  1003  1005
     lradar
      |(Class and Type) : variable name, LOGICAL(4)
      |(Attributes)     : INTENT(IN), dummy-argument
      |(Declaration)    : 761  802
      |(Definition)     : 
      |(Reference)      : 990
     MAX
      |(Class and Type) : intrinsic function name, REAL(8)
      |(Attributes)     : PURE, ELEMENTAL
      |(Declaration)    : 
      |(Definition)     : 
      |(Reference)      : 994  1006  1007  1008
     MIN
      |(Class and Type) : intrinsic function name, REAL(8)
      |(Attributes)     : PURE, ELEMENTAL
      |(Declaration)    : 
      |(Definition)     : 
      |(Reference)      : 808  1006  1007  1008
     me
      |(Class and Type) : variable name, INTEGER(4)
      |(Attributes)     : INTENT(IN), dummy-argument
      |(Declaration)    : 761  788
      |(Definition)     : 
      |(Reference)      : 
     mp_gt_driver
      |(Class and Type) : module subroutine name
      |(Attributes)     : 
      |(Declaration)    : 
      |(Definition)     : 761
      |(Reference)      : 1036
     mp_thompson
      |(Class and Type) : module subroutine name
      |(Attributes)     : 
      |(Declaration)    : 
      |(Definition)     : 
      |(Reference)      : 885
     Nt_c
      |(Class and Type) : variable name, REAL(8)
      |(Attributes)     : 
      |(Declaration)    : 803
      |(Definition)     : 860  862
      |(Reference)      : 882
     Nt_cl
      |(Class and Type) : named constant, REAL(8)
      |(Attributes)     : host-associated
      |(Declaration)    : 
      |(Definition)     : 
      |(Reference)      : 860
     Nt_co
      |(Class and Type) : named constant, REAL(8)
      |(Attributes)     : host-associated
      |(Declaration)    : 
      |(Definition)     : 
      |(Reference)      : 862
     nc1d
      |(Class and Type) : variable name, REAL(8)
      |(Attributes)     : DIMENSION
      |(Declaration)    : 791
      |(Definition)     : 882
      |(Reference)      : 1003
     ni
      |(Class and Type) : variable name, REAL(8)
      |(Attributes)     : DIMENSION, INTENT(INOUT), dummy-argument
      |(Declaration)    : 761  775
      |(Definition)     : 915
      |(Reference)      : 880
     ni1d
      |(Class and Type) : variable name, REAL(8)
      |(Attributes)     : DIMENSION
      |(Declaration)    : 791
      |(Definition)     : 880  885
      |(Reference)      : 915  971  974  975  1003
     ni_max
      |(Class and Type) : variable name, REAL(8)
      |(Attributes)     : 
      |(Declaration)    : 797
      |(Definition)     : 824  974
      |(Reference)      : 971
     nr
      |(Class and Type) : variable name, REAL(8)
      |(Attributes)     : DIMENSION, INTENT(INOUT), dummy-argument
      |(Declaration)    : 761  775
      |(Definition)     : 916
      |(Reference)      : 881
     nr1d
      |(Class and Type) : variable name, REAL(8)
      |(Attributes)     : DIMENSION
      |(Declaration)    : 791
      |(Definition)     : 881  885
      |(Reference)      : 916  939  942  943  991
     nr_max
      |(Class and Type) : variable name, REAL(8)
      |(Attributes)     : 
      |(Declaration)    : 797
      |(Definition)     : 825  942
      |(Reference)      : 939
     p
      |(Class and Type) : variable name, REAL(8)
      |(Attributes)     : DIMENSION, INTENT(IN), dummy-argument
      |(Declaration)    : 761  779
      |(Definition)     : 
      |(Reference)      : 871
     p1d
      |(Class and Type) : variable name, REAL(8)
      |(Attributes)     : DIMENSION
      |(Declaration)    : 791
      |(Definition)     : 871  885
      |(Reference)      : 991  1003
     pcp_gr
      |(Class and Type) : variable name, REAL(8)
      |(Attributes)     : DIMENSION
      |(Declaration)    : 795
      |(Definition)     : 893
      |(Reference)      : 
     pcp_ic
      |(Class and Type) : variable name, REAL(8)
      |(Attributes)     : DIMENSION
      |(Declaration)    : 795
      |(Definition)     : 894
      |(Reference)      : 
     pcp_ra
      |(Class and Type) : variable name, REAL(8)
      |(Attributes)     : DIMENSION
      |(Declaration)    : 795
      |(Definition)     : 891
      |(Reference)      : 
     pcp_sn
      |(Class and Type) : variable name, REAL(8)
      |(Attributes)     : DIMENSION
      |(Declaration)    : 795
      |(Definition)     : 892
      |(Reference)      : 
     phii
      |(Class and Type) : variable name, REAL(8)
      |(Attributes)     : DIMENSION, INTENT(IN), dummy-argument
      |(Declaration)    : 761  781
      |(Definition)     : 
      |(Reference)      : 872  872
     pptgraul
      |(Class and Type) : variable name, REAL(8)
      |(Attributes)     : 
      |(Declaration)    : 796
      |(Definition)     : 848  885
      |(Reference)      : 893  895  905
     pptice
      |(Class and Type) : variable name, REAL(8)
      |(Attributes)     : 
      |(Declaration)    : 796
      |(Definition)     : 849  885
      |(Reference)      : 894  895  905
     pptrain
      |(Class and Type) : variable name, REAL(8)
      |(Attributes)     : 
      |(Declaration)    : 796
      |(Definition)     : 846  885
      |(Reference)      : 891  895
     pptsnow
      |(Class and Type) : variable name, REAL(8)
      |(Attributes)     : 
      |(Declaration)    : 796
      |(Definition)     : 847  885
      |(Reference)      : 892  895  905
     qc
      |(Class and Type) : variable name, REAL(8)
      |(Attributes)     : DIMENSION, INTENT(INOUT), dummy-argument
      |(Declaration)    : 761  775
      |(Definition)     : 910
      |(Reference)      : 875
     qc1d
      |(Class and Type) : variable name, REAL(8)
      |(Attributes)     : DIMENSION
      |(Declaration)    : 791
      |(Definition)     : 875  885
      |(Reference)      : 910  923  926  927  991  1003
     qc_max
      |(Class and Type) : variable name, REAL(8)
      |(Attributes)     : 
      |(Declaration)    : 797
      |(Definition)     : 819  926
      |(Reference)      : 923
     qg
      |(Class and Type) : variable name, REAL(8)
      |(Attributes)     : DIMENSION, INTENT(INOUT), dummy-argument
      |(Declaration)    : 761  775
      |(Definition)     : 914
      |(Reference)      : 879
     qg1d
      |(Class and Type) : variable name, REAL(8)
      |(Attributes)     : DIMENSION
      |(Declaration)    : 791
      |(Definition)     : 879  885
      |(Reference)      : 914  963  966  967  991
     qg_max
      |(Class and Type) : variable name, REAL(8)
      |(Attributes)     : 
      |(Declaration)    : 797
      |(Definition)     : 823  966
      |(Reference)      : 963
     qi
      |(Class and Type) : variable name, REAL(8)
      |(Attributes)     : DIMENSION, INTENT(INOUT), dummy-argument
      |(Declaration)    : 761  775
      |(Definition)     : 911
      |(Reference)      : 876
     qi1d
      |(Class and Type) : variable name, REAL(8)
      |(Attributes)     : DIMENSION
      |(Declaration)    : 791
      |(Definition)     : 876  885
      |(Reference)      : 911  955  958  959  1003
     qi_max
      |(Class and Type) : variable name, REAL(8)
      |(Attributes)     : 
      |(Declaration)    : 797
      |(Definition)     : 822  958
      |(Reference)      : 955
     qr
      |(Class and Type) : variable name, REAL(8)
      |(Attributes)     : DIMENSION, INTENT(INOUT), dummy-argument
      |(Declaration)    : 761  775
      |(Definition)     : 912
      |(Reference)      : 877
     qr1d
      |(Class and Type) : variable name, REAL(8)
      |(Attributes)     : DIMENSION
      |(Declaration)    : 791
      |(Definition)     : 877  885
      |(Reference)      : 912  931  934  935  991
     qr_max
      |(Class and Type) : variable name, REAL(8)
      |(Attributes)     : 
      |(Declaration)    : 797
      |(Definition)     : 820  934
      |(Reference)      : 931
     qs
      |(Class and Type) : variable name, REAL(8)
      |(Attributes)     : DIMENSION, INTENT(INOUT), dummy-argument
      |(Declaration)    : 761  775
      |(Definition)     : 913
      |(Reference)      : 878
     qs1d
      |(Class and Type) : variable name, REAL(8)
      |(Attributes)     : DIMENSION
      |(Declaration)    : 791
      |(Definition)     : 878  885
      |(Reference)      : 913  947  950  951  991  1003
     qs_max
      |(Class and Type) : variable name, REAL(8)
      |(Attributes)     : 
      |(Declaration)    : 797
      |(Definition)     : 821  950
      |(Reference)      : 947
     qv
      |(Class and Type) : variable name, REAL(8)
      |(Attributes)     : DIMENSION, INTENT(INOUT), dummy-argument
      |(Declaration)    : 761  775
      |(Definition)     : 909  981  983
      |(Reference)      : 874  874  981  981
     qv1d
      |(Class and Type) : variable name, REAL(8)
      |(Attributes)     : DIMENSION
      |(Declaration)    : 791
      |(Definition)     : 874  885
      |(Reference)      : 909  909  979  991  1003
     RAINNCV
      |(Class and Type) : variable name, REAL(8)
      |(Attributes)     : DIMENSION, INTENT(INOUT), dummy-argument
      |(Declaration)    : 761  783
      |(Definition)     : 850  895
      |(Reference)      : 905
     re_cloud
      |(Class and Type) : variable name, REAL(8)
      |(Attributes)     : DIMENSION, INTENT(INOUT), dummy-argument
      |(Declaration)    : 761  777
      |(Definition)     : 1006
      |(Reference)      : 
     re_ice
      |(Class and Type) : variable name, REAL(8)
      |(Attributes)     : DIMENSION, INTENT(INOUT), dummy-argument
      |(Declaration)    : 761  777
      |(Definition)     : 1007
      |(Reference)      : 
     re_qc1d
      |(Class and Type) : variable name, REAL(8)
      |(Attributes)     : DIMENSION
      |(Declaration)    : 794
      |(Definition)     : 999  1003
      |(Reference)      : 1006
     re_qi1d
      |(Class and Type) : variable name, REAL(8)
      |(Attributes)     : DIMENSION
      |(Declaration)    : 794
      |(Definition)     : 1000  1003
      |(Reference)      : 1007
     re_qs1d
      |(Class and Type) : variable name, REAL(8)
      |(Attributes)     : DIMENSION
      |(Declaration)    : 794
      |(Definition)     : 1001  1003
      |(Reference)      : 1008
     re_snow
      |(Class and Type) : variable name, REAL(8)
      |(Attributes)     : DIMENSION, INTENT(INOUT), dummy-argument
      |(Declaration)    : 761  777
      |(Definition)     : 1008
      |(Reference)      : 
     refl_10cm
      |(Class and Type) : variable name, REAL(8)
      |(Attributes)     : DIMENSION, INTENT(INOUT), dummy-argument
      |(Declaration)    : 761  785
      |(Definition)     : 994
      |(Reference)      : 
     SR
      |(Class and Type) : variable name, REAL(8)
      |(Attributes)     : DIMENSION, INTENT(INOUT), dummy-argument
      |(Declaration)    : 761  783
      |(Definition)     : 857  905
      |(Reference)      : 
     t1d
      |(Class and Type) : variable name, REAL(8)
      |(Attributes)     : DIMENSION
      |(Declaration)    : 791
      |(Definition)     : 870  885
      |(Reference)      : 922  991  1003
     tt
      |(Class and Type) : variable name, REAL(8)
      |(Attributes)     : DIMENSION, INTENT(INOUT), dummy-argument
      |(Declaration)    : 761  775
      |(Definition)     : 922
      |(Reference)      : 870

 Scoping unit of module sub-program : mp_thompson
   Attribute and Cross reference of name
     A1
      |(Class and Type) : variable name, REAL(8)
      |(Attributes)     : 
      |(Declaration)    : 1127
      |(Definition)     : 
      |(Reference)      : 
     A2
      |(Class and Type) : variable name, REAL(8)
      |(Attributes)     : 
      |(Declaration)    : 1127
      |(Definition)     : 
      |(Reference)      : 
     ATO
      |(Class and Type) : named constant, REAL(8)
      |(Attributes)     : host-associated
      |(Declaration)    : 
      |(Definition)     : 
      |(Reference)      : 1883
     a_
      |(Class and Type) : variable name, REAL(8)
      |(Attributes)     : 
      |(Declaration)    : 1127
      |(Definition)     : 1394  1405  1415  1428  1441  1454  2393  2408  2421
      |(Reference)      : 1400  1407  1420  1433  1446  1459  2399  2413  2426
     abs
      |(Class and Type) : intrinsic function name, REAL(8)
      |(Attributes)     : PURE, ELEMENTAL
      |(Declaration)    : 
      |(Definition)     : 
      |(Reference)      : 1353  1354  1554  1557  1731  1885  2154  2154  2158  2158  2304
     alphsc
      |(Class and Type) : variable name, REAL(8)
      |(Attributes)     : 
      |(Declaration)    : 1132
      |(Definition)     : 1727  1729  2524  2526
      |(Reference)      : 1729  1732  1732  1732  1732  1732  1732  2526  2528  2528  2528  2528  2528  2528
     am_g
      |(Class and Type) : named constant, REAL(8)
      |(Attributes)     : host-associated
      |(Declaration)    : 
      |(Definition)     : 
      |(Reference)      : 1479  1703  2445
     am_i
      |(Class and Type) : named constant, REAL(8)
      |(Attributes)     : host-associated
      |(Declaration)    : 
      |(Definition)     : 
      |(Reference)      : 1271  1276  1279  1892  1895  1955  1958  2201  2206  2210  2629  2874  2882
     am_r
      |(Class and Type) : named constant, REAL(8)
      |(Attributes)     : host-associated
      |(Declaration)    : 
      |(Definition)     : 
      |(Reference)      : 1294  1299  1303  1500  1527  1527  1530  1530  1563  1565  1659  2238  2243  2248  2339  2344  2348  2457  2594  2891  2899
     av_g
      |(Class and Type) : named constant, REAL(8)
      |(Attributes)     : host-associated
      |(Declaration)    : 
      |(Definition)     : 
      |(Reference)      : 1756  2695
     av_i
      |(Class and Type) : named constant, REAL(8)
      |(Attributes)     : host-associated
      |(Declaration)    : 
      |(Definition)     : 
      |(Reference)      : 2631  2636
     av_r
      |(Class and Type) : named constant, REAL(8)
      |(Attributes)     : host-associated
      |(Declaration)    : 
      |(Definition)     : 
      |(Reference)      : 2595  2603
     av_s
      |(Class and Type) : named constant, REAL(8)
      |(Attributes)     : host-associated
      |(Declaration)    : 
      |(Definition)     : 
      |(Reference)      : 2669
     b_
      |(Class and Type) : variable name, REAL(8)
      |(Attributes)     : 
      |(Declaration)    : 1127
      |(Definition)     : 1395  1406  1416  1429  1442  1455  2394  2409  2422
      |(Reference)      : 1400  1407  1420  1433  1446  1459  2399  2413  2426
     bm_g
      |(Class and Type) : named constant, REAL(8)
      |(Attributes)     : host-associated
      |(Declaration)    : 
      |(Definition)     : 
      |(Reference)      : 1702  1755  1755
     bm_i
      |(Class and Type) : named constant, REAL(8)
      |(Attributes)     : host-associated
      |(Declaration)    : 
      |(Definition)     : 
      |(Reference)      : 1273  1273  1276  1279  1894  1894  1895  1957  1957  1958  2203  2203  2206  2210  2876  2876  2882
     bm_r
      |(Class and Type) : named constant, REAL(8)
      |(Attributes)     : host-associated
      |(Declaration)    : 
      |(Definition)     : 
      |(Reference)      : 1299  1303  1658  2243  2248  2344  2348  2899
     bm_s
      |(Class and Type) : named constant, REAL(8)
      |(Attributes)     : host-associated
      |(Declaration)    : 
      |(Definition)     : 
      |(Reference)      : 1386  1386  1389  1389  1389  1389  1389  1389  1389  1389  1389  1389  1395  1395  1395  1395  1395  1395  1395  1395  1395  1395  2385  2385  2388  2388  2388  2388  2388  2388  2388  2388  2388  2388  2394  2394  2394  2394  2394  2394  2394  2394  2394  2394
     bv_g
      |(Class and Type) : named constant, REAL(8)
      |(Attributes)     : host-associated
      |(Declaration)    : 
      |(Definition)     : 
      |(Reference)      : 1756  2695
     bv_i
      |(Class and Type) : named constant, REAL(8)
      |(Attributes)     : host-associated
      |(Declaration)    : 
      |(Definition)     : 
      |(Reference)      : 2631  2636
     C_cube
      |(Class and Type) : named constant, REAL(8)
      |(Attributes)     : host-associated
      |(Declaration)    : 
      |(Definition)     : 
      |(Reference)      : 1897  1930  1930  1931  1943  2024  2043
     C_snow
      |(Class and Type) : variable name, REAL(8)
      |(Attributes)     : 
      |(Declaration)    : 1126
      |(Definition)     : 1930  1931
      |(Reference)      : 1931  1932
     C_sqrd
      |(Class and Type) : named constant, REAL(8)
      |(Attributes)     : host-associated
      |(Declaration)    : 
      |(Definition)     : 
      |(Reference)      : 1930  1931
     Cp
      |(Class and Type) : named constant, REAL(8)
      |(Attributes)     : host-associated
      |(Declaration)    : 
      |(Definition)     : 
      |(Reference)      : 1362  2314  2515
     ccg
      |(Class and Type) : variable name, REAL(8)
      |(Attributes)     : DIMENSION, host-associated
      |(Declaration)    : 
      |(Definition)     : 
      |(Reference)      : 1528  1531  1547  1549
     cge
      |(Class and Type) : variable name, REAL(8)
      |(Attributes)     : DIMENSION, host-associated
      |(Declaration)    : 
      |(Definition)     : 
      |(Reference)      : 1482  1703  1766  1943  1943  2032  2032  2038  2043  2043  2448
     cgg
      |(Class and Type) : variable name, REAL(8)
      |(Attributes)     : DIMENSION, host-associated
      |(Declaration)    : 
      |(Definition)     : 
      |(Reference)      : 1479  1480  1482  1702  1756  2038  2445  2446  2448  2695
     cie
      |(Class and Type) : variable name, REAL(8)
      |(Attributes)     : DIMENSION, host-associated
      |(Declaration)    : 
      |(Definition)     : 
      |(Reference)      : 1275  1278  2205  2209  2878  2880
     cig
      |(Class and Type) : variable name, REAL(8)
      |(Attributes)     : DIMENSION, host-associated
      |(Declaration)    : 
      |(Definition)     : 
      |(Reference)      : 1271  1276  1279  1892  1897  1955  2201  2206  2210  2629  2631  2636  2636  2874  2882
     clap
      |(Class and Type) : variable name, REAL(8)
      |(Attributes)     : 
      |(Declaration)    : 1131
      |(Definition)     : 2470  2474
      |(Reference)      : 2472  2472  2473  2474  2476  2478
     cre
      |(Class and Type) : variable name, REAL(8)
      |(Attributes)     : DIMENSION, host-associated
      |(Declaration)    : 
      |(Definition)     : 
      |(Reference)      : 1503  1580  1659  1968  1970  1973  2460  2538  2538  2595  2595  2603  2603
     crg
      |(Class and Type) : variable name, REAL(8)
      |(Attributes)     : DIMENSION, host-associated
      |(Declaration)    : 
      |(Definition)     : 
      |(Reference)      : 1294  1299  1303  1500  1658  2238  2243  2248  2339  2344  2348  2457  2594  2595  2603  2603  2891  2899
     cse
      |(Class and Type) : variable name, REAL(8)
      |(Attributes)     : DIMENSION, host-associated
      |(Declaration)    : 
      |(Definition)     : 
      |(Reference)      : 1423  1423  1423  1423  1423  1423  1423  1423  1423  1423  1429  1429  1429  1429  1429  1429  1429  1429  1429  1429  1436  1436  1436  1436  1436  1436  1436  1436  1436  1436  1442  1442  1442  1442  1442  1442  1442  1442  1442  1442  1449  1449  1449  1449  1449  1449  1449  1449  1449  1449  1455  1455  1455  1455  1455  1455  1455  1455  1455  1455  2403  2403  2403  2403  2403  2403  2403  2403  2403  2403  2409  2409  2409  2409  2409  2409  2409  2409  2409  2409  2416  2416  2416  2416  2416  2416  2416  2416  2416  2416  2422  2422  2422  2422  2422  2422  2422  2422  2422  2422  2663  2664  2667  2668
     csg
      |(Class and Type) : variable name, REAL(8)
      |(Attributes)     : DIMENSION, host-associated
      |(Declaration)    : 
      |(Definition)     : 
      |(Reference)      : 2663  2664  2667  2668
     D0c
      |(Class and Type) : named constant, REAL(8)
      |(Attributes)     : host-associated
      |(Declaration)    : 
      |(Definition)     : 
      |(Reference)      : 1522  1527  1530  1570  1738  1754
     D0g
      |(Class and Type) : named constant, REAL(8)
      |(Attributes)     : host-associated
      |(Declaration)    : 
      |(Definition)     : 
      |(Reference)      : 1758
     D0i
      |(Class and Type) : variable name, REAL(8)
      |(Attributes)     : host-associated
      |(Declaration)    : 
      |(Definition)     : 
      |(Reference)      : 1894  1957
     D0r
      |(Class and Type) : named constant, REAL(8)
      |(Attributes)     : host-associated
      |(Declaration)    : 
      |(Definition)     : 
      |(Reference)      : 1300  1301  1514  1563  1563  1563  1565  1565  1565  1570  2245  2246  2345  2346  2895  2896
     D0s
      |(Class and Type) : named constant, REAL(8)
      |(Attributes)     : host-associated
      |(Declaration)    : 
      |(Definition)     : 
      |(Reference)      : 1741  1913  1916
     DBLE
      |(Class and Type) : intrinsic function name, REAL(8)
      |(Attributes)     : PURE, ELEMENTAL
      |(Declaration)    : 
      |(Definition)     : 
      |(Reference)      : 1476  1476  1560  1582  1790  1791  1792  1802  1807  1817  1821  1824  1845  1854  1860  1863  1871  1874  1886  1894  1901  1901  1903  1905  1921  1923  1936  1936  1938  1947  1947  1949  1957  1975  2018  2020  2027  2037  2046  2442  2442  2542  2544
     DLOG
      |(Class and Type) : intrinsic function name, REAL(8)
      |(Attributes)     : PURE, ELEMENTAL
      |(Declaration)    : 
      |(Definition)     : 
      |(Reference)      : 1572  1572  1742  1742
     Dc_b
      |(Class and Type) : variable name, REAL(8)
      |(Attributes)     : 
      |(Declaration)    : 1119
      |(Definition)     : 1552
      |(Reference)      : 1554  1554  1554  1554  1554  1554  1557  1557
     Dc_g
      |(Class and Type) : variable name, REAL(8)
      |(Attributes)     : 
      |(Declaration)    : 1119
      |(Definition)     : 1547  1549
      |(Reference)      : 1552  1552  1552
     Dg_m
      |(Class and Type) : variable name, REAL(8)
      |(Attributes)     : 
      |(Declaration)    : 1119
      |(Definition)     : 
      |(Reference)      : 
     Dr
      |(Class and Type) : variable name, REAL(8)
      |(Attributes)     : DIMENSION, host-associated
      |(Declaration)    : 
      |(Definition)     : 
      |(Reference)      : 1572  1572  1572
     Dr_star
      |(Class and Type) : variable name, REAL(8)
      |(Attributes)     : 
      |(Declaration)    : 1120
      |(Definition)     : 
      |(Reference)      : 
     Ds
      |(Class and Type) : variable name, REAL(8)
      |(Attributes)     : DIMENSION, host-associated
      |(Declaration)    : 
      |(Definition)     : 
      |(Reference)      : 1742  1742  1742
     Ds_m
      |(Class and Type) : variable name, REAL(8)
      |(Attributes)     : 
      |(Declaration)    : 1119
      |(Definition)     : 
      |(Reference)      : 
     debug_flag
      |(Class and Type) : variable name, LOGICAL(4)
      |(Attributes)     : 
      |(Declaration)    : 1144
      |(Definition)     : 1149
      |(Reference)      : 
     delQvs
      |(Class and Type) : variable name, REAL(8)
      |(Attributes)     : DIMENSION
      |(Declaration)    : 1103
      |(Definition)     : 1343
      |(Reference)      : 2014  2032
     delta_tp
      |(Class and Type) : variable name, REAL(8)
      |(Attributes)     : 
      |(Declaration)    : 1115
      |(Definition)     : 2613  2645  2681  2707
      |(Reference)      : 2614  2646  2682  2708
     dfcd
      |(Class and Type) : variable name, REAL(8)
      |(Attributes)     : 
      |(Declaration)    : 1131
      |(Definition)     : 2473
      |(Reference)      : 2474
     diffu
      |(Class and Type) : variable name, REAL(8)
      |(Attributes)     : DIMENSION
      |(Declaration)    : 1105
      |(Definition)     : 1356  2305  2506
      |(Reference)      : 1726  1897  1932  1943  2014  2024  2032  2043  2523  2538
     dlog10
      |(Class and Type) : intrinsic function name, REAL(8)
      |(Attributes)     : PURE, ELEMENTAL
      |(Declaration)    : 
      |(Definition)     : 
      |(Reference)      : 1469  1473  1603  1618  1632  1647  1660  1676  1691  1704  1760  2435  2439
     dt
      |(Class and Type) : variable name, REAL(8)
      |(Attributes)     : INTENT(IN), dummy-argument
      |(Declaration)    : 1049  1069
      |(Definition)     : 
      |(Reference)      : 1153  1154  2054  2295  2298  2317  2318  2325  2326  2327  2335  2336  2337  2356  2357  2364  2365  2486  2487  2488  2552  2553  2554  2555  2614  2646  2682  2708  2734  2735  2743  2745  2749  2766  2767  2775  2777  2781  2796  2802  2806  2821  2827  2831  2841  2849  2864  2865  2866  2868  2869  2885  2886  2901  2903
     dtsave
      |(Class and Type) : variable name, REAL(8)
      |(Attributes)     : 
      |(Declaration)    : 1135
      |(Definition)     : 1153
      |(Reference)      : 1155  1884  2198  2199  2216  2235  2236
     dzq
      |(Class and Type) : variable name, REAL(8)
      |(Attributes)     : DIMENSION, INTENT(IN), dummy-argument
      |(Declaration)    : 1049  1067
      |(Definition)     : 
      |(Reference)      : 2613  2645  2681  2707  2730  2737  2762  2769  2793  2798  2818  2823
     EXP
      |(Class and Type) : intrinsic function name, REAL(8)
      |(Attributes)     : PURE, ELEMENTAL
      |(Declaration)    : 
      |(Definition)     : 
      |(Reference)      : 1517  1883  2472  2473
     Ef_gw
      |(Class and Type) : variable name, REAL(8)
      |(Attributes)     : 
      |(Declaration)    : 1134
      |(Definition)     : 1760  1762  1764
      |(Reference)      : 1766
     Ef_ri
      |(Class and Type) : named constant, REAL(8)
      |(Attributes)     : host-associated
      |(Declaration)    : 
      |(Definition)     : 
      |(Reference)      : 1968  1970  1973
     Ef_rr
      |(Class and Type) : variable name, REAL(8)
      |(Attributes)     : 
      |(Declaration)    : 1134
      |(Definition)     : 1517
      |(Reference)      : 1519
     Ef_rw
      |(Class and Type) : variable name, REAL(8)
      |(Attributes)     : 
      |(Declaration)    : 1134
      |(Definition)     : 1579
      |(Reference)      : 1580
     Ef_si
      |(Class and Type) : named constant, REAL(8)
      |(Attributes)     : host-associated
      |(Declaration)    : 
      |(Definition)     : 
      |(Reference)      : 1961
     Ef_sw
      |(Class and Type) : variable name, REAL(8)
      |(Attributes)     : 
      |(Declaration)    : 1134
      |(Definition)     : 1749
      |(Reference)      : 1750
     eps
      |(Class and Type) : named constant, REAL(8)
      |(Attributes)     : host-associated
      |(Declaration)    : 
      |(Definition)     : 
      |(Reference)      : 1353  1354  1881  1942  1981  2000  2077  2077  2304  2468  2468  2500
     fcd
      |(Class and Type) : variable name, REAL(8)
      |(Attributes)     : 
      |(Declaration)    : 1131
      |(Definition)     : 2472
      |(Reference)      : 2474
     fv_r
      |(Class and Type) : named constant, REAL(8)
      |(Attributes)     : host-associated
      |(Declaration)    : 
      |(Definition)     : 
      |(Reference)      : 1580  1968  1970  1973  2538  2595  2603
     fv_s
      |(Class and Type) : named constant, REAL(8)
      |(Attributes)     : host-associated
      |(Declaration)    : 
      |(Definition)     : 
      |(Reference)      : 2661  2662
     g_frac
      |(Class and Type) : variable name, REAL(8)
      |(Attributes)     : 
      |(Declaration)    : 1133
      |(Definition)     : 2003
      |(Reference)      : 2005  2006
     gamsc
      |(Class and Type) : variable name, REAL(8)
      |(Attributes)     : 
      |(Declaration)    : 1132
      |(Definition)     : 1726  2523
      |(Reference)      : 1727  1727  1727  1727  1732  2524  2524  2524  2524  2528
     gonv_max
      |(Class and Type) : named constant, REAL(8)
      |(Attributes)     : host-associated
      |(Declaration)    : 
      |(Definition)     : 
      |(Reference)      : 1466  1476  2432  2442
     gonv_min
      |(Class and Type) : named constant, REAL(8)
      |(Attributes)     : host-associated
      |(Declaration)    : 
      |(Definition)     : 
      |(Reference)      : 1476  2442
     HGFR
      |(Class and Type) : named constant, REAL(8)
      |(Attributes)     : host-associated
      |(Declaration)    : 
      |(Definition)     : 
      |(Reference)      : 1846  1866  2850
     IFDRY
      |(Class and Type) : named constant, INTEGER(4)
      |(Attributes)     : host-associated
      |(Declaration)    : 
      |(Definition)     : 
      |(Reference)      : 2271  2282  2485  2550  2846  2855
     INT
      |(Class and Type) : intrinsic function name, INTEGER(4)
      |(Attributes)     : PURE, ELEMENTAL
      |(Declaration)    : 
      |(Definition)     : 
      |(Reference)      : 1572  1574  1575  1579  1596  1610  1625  1639  1654  1667  1683  1698  1711  1742  1744  1745  1749  2614  2646  2682  2708
     IT
      |(Class and Type) : variable name, INTEGER(4)
      |(Attributes)     : 
      |(Declaration)    : 1137
      |(Definition)     : 1599
      |(Reference)      : 
     i
      |(Class and Type) : variable name, INTEGER(4)
      |(Attributes)     : 
      |(Declaration)    : 1137
      |(Definition)     : 
      |(Reference)      : 
     idx
      |(Class and Type) : variable name, INTEGER(4)
      |(Attributes)     : 
      |(Declaration)    : 1140
      |(Definition)     : 1572  1573  1742  1743
      |(Reference)      : 1573  1575  1579  1743  1745  1749
     idx_c
      |(Class and Type) : variable name, INTEGER(4)
      |(Attributes)     : 
      |(Declaration)    : 1140
      |(Definition)     : 1610  1611  1613
      |(Reference)      : 1611  1853  1856
     idx_d
      |(Class and Type) : variable name, INTEGER(4)
      |(Attributes)     : 
      |(Declaration)    : 1140
      |(Definition)     : 
      |(Reference)      : 
     idx_g
      |(Class and Type) : variable name, INTEGER(4)
      |(Attributes)     : 
      |(Declaration)    : 1140
      |(Definition)     : 1698  1699  1714
      |(Reference)      : 1699  1815  1815  1819  1819  1823
     idx_g1
      |(Class and Type) : variable name, INTEGER(4)
      |(Attributes)     : 
      |(Declaration)    : 1140
      |(Definition)     : 1711  1712  1715
      |(Reference)      : 1712  1815  1815  1819  1819  1823
     idx_i
      |(Class and Type) : variable name, INTEGER(4)
      |(Attributes)     : 
      |(Declaration)    : 1140
      |(Definition)     : 1625  1626  1628
      |(Reference)      : 1626  1906  1907  1913  1920  1922
     idx_i1
      |(Class and Type) : variable name, INTEGER(4)
      |(Attributes)     : 
      |(Declaration)    : 1140
      |(Definition)     : 1639  1640  1642
      |(Reference)      : 1640  1906  1907  1920  1922
     idx_lo
      |(Class and Type) : variable name, INTEGER(4)
      |(Attributes)     : 
      |(Declaration)    : 1145
      |(Definition)     : 1159  1161
      |(Reference)      : 1853  1856
     idx_r
      |(Class and Type) : variable name, INTEGER(4)
      |(Attributes)     : 
      |(Declaration)    : 1140
      |(Definition)     : 1654  1655  1670
      |(Reference)      : 1655  1778  1778  1778  1778  1782  1782  1782  1782  1786  1786  1786  1786  1793  1793  1793  1793  1798  1798  1798  1798  1804  1804  1815  1815  1819  1819  1823  1841  1842  1843  1844
     idx_r1
      |(Class and Type) : variable name, INTEGER(4)
      |(Attributes)     : 
      |(Declaration)    : 1140
      |(Definition)     : 1667  1668  1671
      |(Reference)      : 1668  1778  1778  1778  1778  1782  1782  1782  1782  1786  1786  1786  1786  1793  1793  1793  1793  1798  1798  1798  1798  1804  1804  1815  1815  1819  1819  1823  1841  1842  1843  1844
     idx_s
      |(Class and Type) : variable name, INTEGER(4)
      |(Attributes)     : 
      |(Declaration)    : 1140
      |(Definition)     : 1683  1684  1686
      |(Reference)      : 1684  1778  1778  1778  1778  1782  1782  1782  1782  1786  1786  1786  1786  1793  1793  1793  1793  1798  1798  1798  1798  1804  1804
     idx_t
      |(Class and Type) : variable name, INTEGER(4)
      |(Attributes)     : 
      |(Declaration)    : 1140
      |(Definition)     : 1596  1597  1598
      |(Reference)      : 1597  1598  1778  1778  1778  1778  1782  1782  1782  1782  1786  1786  1786  1786  1793  1793  1793  1793  1798  1798  1798  1798  1804  1804
     idx_tc
      |(Class and Type) : variable name, INTEGER(4)
      |(Attributes)     : 
      |(Declaration)    : 1140
      |(Definition)     : 1595
      |(Reference)      : 1841  1842  1843  1844  1853  1856
     iexfrq
      |(Class and Type) : variable name, INTEGER(4)
      |(Attributes)     : 
      |(Declaration)    : 1137
      |(Definition)     : 1156
      |(Reference)      : 
     ii
      |(Class and Type) : variable name, INTEGER(4)
      |(Attributes)     : INTENT(IN), dummy-argument
      |(Declaration)    : 1049  1058
      |(Definition)     : 
      |(Reference)      : 
     iiwarm
      |(Class and Type) : named constant, LOGICAL(4)
      |(Attributes)     : host-associated
      |(Declaration)    : 
      |(Definition)     : 
      |(Reference)      : 1378  1589  2377  2622  2839
     ilamg
      |(Class and Type) : variable name, REAL(8)
      |(Attributes)     : DIMENSION
      |(Declaration)    : 1108
      |(Definition)     : 1481  2447
      |(Reference)      : 1701  1755  1756  1766  1943  1943  2032  2032  2038  2043  2043  2695
     ilami
      |(Class and Type) : variable name, REAL(8)
      |(Attributes)     : 
      |(Declaration)    : 1118
      |(Definition)     : 1272  1893  1956  2202  2630  2875
      |(Reference)      : 1273  1894  1897  1957  2203  2631  2636  2876
     ilamr
      |(Class and Type) : variable name, REAL(8)
      |(Attributes)     : DIMENSION
      |(Declaration)    : 1108
      |(Definition)     : 1501  2458
      |(Reference)      : 1571  1657  1967  2533  2538
     ils1
      |(Class and Type) : variable name, REAL(8)
      |(Attributes)     : 
      |(Declaration)    : 1126
      |(Definition)     : 2661  2665
      |(Reference)      : 2663  2667
     ils2
      |(Class and Type) : variable name, REAL(8)
      |(Attributes)     : 
      |(Declaration)    : 1126
      |(Definition)     : 2662  2666
      |(Reference)      : 2664  2668
     islmski
      |(Class and Type) : variable name, INTEGER(4)
      |(Attributes)     : INTENT(IN), dummy-argument
      |(Declaration)    : 1049  1059
      |(Definition)     : 
      |(Reference)      : 1158  1526  1534  1546  1562  1859  1870
     Kap0
      |(Class and Type) : named constant, REAL(8)
      |(Attributes)     : host-associated
      |(Declaration)    : 
      |(Definition)     : 
      |(Reference)      : 2663  2667
     Kap1
      |(Class and Type) : named constant, REAL(8)
      |(Attributes)     : host-associated
      |(Declaration)    : 
      |(Definition)     : 
      |(Reference)      : 2664  2668
     k
      |(Class and Type) : variable name, INTEGER(4)
      |(Attributes)     : 
      |(Declaration)    : 1137
      |(Definition)     : 1179  1252  1338  1379  1467  1499  1510  1590  2068  2169  2294  2378  2433  2456  2467  2499  2581  2589  2625  2655  2691  2725  2729  2736  2757  2761  2768  2789  2792  2797  2814  2817  2822  2840  2863
      |(Reference)      : 1180  1181  1182  1183  1184  1185  1186  1187  1188  1190  1192  1193  1194  1195  1196  1197  1198  1199  1200  1201  1202  1203  1204  1205  1206  1207  1208  1210  1211  1212  1213  1214  1215  1216  1217  1218  1219  1220  1221  1222  1223  1225  1226  1227  1228  1229  1230  1231  1233  1234  1235  1236  1237  1238  1239  1240  1253  1253  1254  1254  1255  1255  1256  1256  1256  1256  1257  1259  1259  1259  1260  1262  1263  1264  1266  1268  1268  1268  1269  1269  1269  1270  1271  1271  1276  1276  1279  1279  1282  1283  1284  1285  1286  1289  1291  1291  1291  1292  1292  1292  1293  1294  1294  1295  1296  1297  1298  1299  1299  1300  1301  1302  1303  1303  1306  1307  1308  1309  1310  1312  1314  1314  1314  1315  1317  1318  1319  1321  1323  1323  1323  1324  1326  1327  1328  1339  1340  1340  1341  1341  1342  1342  1342  1343  1343  1343  1345  1345  1345  1347  1347  1349  1349  1349  1350  1350  1350  1351  1351  1352  1352  1353  1353  1354  1354  1355  1356  1356  1356  1358  1360  1362  1362  1363  1363  1363  1364  1365  1380  1381  1382  1382  1387  1387  1400  1400  1407  1407  1420  1420  1433  1433  1446  1446  1459  1459  1468  1468  1468  1469  1473  1479  1481  1482  1500  1500  1501  1502  1503  1503  1514  1514  1517  1519  1519  1519  1522  1523  1527  1528  1530  1531  1535  1537  1544  1556  1558  1559  1560  1560  1560  1563  1563  1565  1565  1570  1570  1570  1571  1572  1574  1575  1579  1580  1580  1580  1580  1582  1582  1582  1591  1594  1602  1603  1606  1606  1610  1617  1618  1621  1621  1625  1631  1632  1635  1635  1639  1646  1647  1650  1650  1654  1657  1659  1675  1676  1679  1679  1683  1690  1691  1694  1694  1698  1701  1703  1719  1720  1720  1726  1726  1730  1738  1738  1740  1740  1740  1744  1745  1749  1750  1750  1750  1750  1754  1754  1755  1756  1756  1757  1757  1757  1766  1766  1766  1766  1766  1775  1776  1777  1778  1782  1786  1790  1790  1790  1791  1791  1791  1792  1792  1792  1792  1793  1798  1802  1802  1802  1803  1803  1804  1807  1807  1807  1813  1814  1815  1817  1817  1817  1818  1818  1819  1821  1821  1821  1823  1824  1824  1824  1825  1825  1834  1836  1837  1837  1837  1840  1841  1842  1843  1844  1845  1845  1845  1846  1846  1847  1847  1848  1848  1849  1849  1851  1853  1854  1854  1854  1856  1860  1860  1860  1863  1863  1863  1866  1866  1867  1867  1871  1871  1871  1874  1874  1874  1881  1881  1881  1883  1884  1884  1884  1885  1886  1886  1887  1887  1891  1892  1892  1897  1897  1897  1897  1900  1901  1901  1901  1902  1902  1903  1903  1903  1905  1905  1906  1906  1907  1907  1914  1914  1915  1915  1917  1918  1920  1921  1921  1921  1922  1923  1923  1923  1929  1932  1932  1932  1932  1932  1932  1932  1935  1936  1936  1936  1938  1938  1942  1942  1943  1943  1943  1943  1943  1943  1943  1943  1946  1947  1947  1947  1949  1949  1954  1955  1955  1960  1961  1961  1961  1961  1962  1962  1966  1966  1967  1968  1968  1968  1968  1970  1970  1970  1970  1972  1972  1973  1973  1973  1973  1975  1975  1975  1976  1976  1976  1981  1988  1988  1989  1989  1990  1990  1990  1990  1990  1992  1992  1992  1992  1992  2000  2000  2000  2002  2002  2004  2005  2005  2006  2006  2013  2014  2014  2014  2014  2014  2014  2014  2014  2016  2016  2016  2016  2018  2018  2018  2019  2019  2019  2019  2020  2020  2020  2021  2021  2023  2024  2024  2024  2024  2024  2024  2024  2027  2027  2027  2031  2032  2032  2032  2032  2032  2032  2032  2032  2032  2037  2037  2037  2038  2038  2038  2038  2038  2040  2040  2042  2043  2043  2043  2043  2043  2043  2043  2043  2046  2046  2046  2055  2055  2055  2055  2056  2057  2074  2074  2074  2074  2074  2076  2076  2080  2080  2081  2081  2082  2082  2083  2083  2084  2084  2085  2085  2089  2089  2089  2089  2089  2089  2091  2092  2094  2094  2095  2095  2096  2096  2097  2097  2098  2098  2099  2099  2103  2103  2103  2103  2105  2106  2108  2108  2109  2109  2110  2110  2111  2111  2115  2115  2115  2115  2115  2117  2118  2120  2120  2121  2121  2122  2122  2123  2123  2124  2124  2128  2128  2128  2128  2130  2131  2133  2133  2134  2134  2135  2135  2136  2136  2140  2140  2140  2140  2142  2143  2145  2145  2146  2146  2147  2147  2148  2148  2153  2153  2153  2154  2154  2155  2155  2156  2156  2157  2158  2158  2159  2159  2160  2160  2170  2171  2174  2174  2174  2174  2174  2174  2174  2179  2179  2179  2179  2179  2179  2179  2179  2185  2185  2185  2185  2185  2185  2185  2185  2185  2185  2191  2191  2191  2191  2191  2191  2191  2191  2191  2191  2198  2198  2198  2199  2199  2199  2207  2207  2207  2211  2211  2211  2214  2214  2216  2216  2216  2217  2217  2217  2221  2221  2221  2221  2221  2221  2221  2221  2221  2221  2221  2228  2228  2228  2228  2228  2228  2228  2228  2228  2228  2235  2235  2235  2236  2236  2236  2239  2240  2241  2242  2244  2244  2244  2245  2246  2247  2249  2249  2249  2252  2252  2253  2253  2257  2257  2257  2257  2257  2257  2257  2257  2257  2257  2263  2263  2263  2263  2263  2263  2263  2263  2263  2263  2263  2270  2271  2271  2271  2271  2271  2271  2271  2271  2271  2271  2271  2271  2271  2271  2271  2271  2271  2271  2271  2282  2282  2282  2282  2282  2282  2282  2282  2282  2282  2295  2295  2295  2296  2297  2298  2298  2298  2299  2299  2299  2299  2300  2300  2301  2301  2302  2302  2302  2303  2303  2303  2304  2304  2305  2305  2305  2307  2309  2311  2311  2311  2312  2313  2314  2314  2315  2315  2315  2315  2317  2317  2318  2318  2318  2318  2319  2321  2322  2325  2325  2326  2326  2326  2326  2327  2327  2327  2327  2328  2330  2331  2332  2335  2335  2336  2336  2336  2336  2337  2337  2337  2337  2338  2339  2339  2340  2341  2342  2343  2344  2344  2345  2346  2347  2348  2348  2351  2352  2353  2356  2356  2357  2357  2357  2357  2358  2360  2361  2364  2364  2365  2365  2365  2365  2366  2368  2369  2379  2380  2381  2381  2386  2386  2399  2399  2413  2413  2426  2426  2434  2434  2434  2435  2439  2445  2447  2448  2457  2457  2458  2459  2460  2460  2468  2468  2468  2470  2470  2470  2470  2472  2472  2472  2473  2473  2473  2476  2476  2478  2480  2480  2480  2483  2483  2483  2484  2484  2484  2485  2485  2485  2485  2485  2486  2486  2486  2486  2487  2487  2487  2488  2488  2488  2489  2489  2489  2489  2490  2490  2490  2491  2491  2491  2500  2500  2500  2502  2503  2504  2504  2505  2505  2506  2506  2506  2508  2510  2512  2512  2512  2513  2514  2515  2515  2517  2517  2518  2519  2519  2519  2523  2523  2523  2527  2533  2535  2535  2535  2535  2536  2536  2536  2538  2538  2538  2538  2538  2538  2538  2541  2541  2541  2541  2542  2542  2542  2544  2544  2544  2544  2544  2544  2547  2547  2547  2548  2548  2548  2549  2549  2549  2550  2550  2550  2550  2550  2552  2552  2552  2552  2553  2553  2553  2554  2554  2554  2554  2555  2555  2555  2556  2556  2556  2556  2582  2583  2584  2585  2586  2587  2591  2591  2593  2594  2594  2595  2597  2603  2605  2607  2607  2608  2608  2611  2611  2612  2613  2613  2613  2628  2629  2629  2631  2632  2636  2637  2639  2639  2640  2640  2643  2644  2645  2645  2658  2659  2659  2669  2670  2671  2671  2671  2673  2673  2676  2676  2679  2680  2681  2681  2694  2695  2695  2696  2697  2697  2699  2702  2702  2705  2706  2707  2707  2726  2726  2726  2727  2727  2727  2730  2731  2732  2732  2732  2733  2733  2733  2734  2734  2734  2735  2735  2735  2737  2738  2739  2739  2739  2739  2741  2741  2741  2741  2743  2743  2743  2743  2745  2745  2745  2745  2758  2758  2758  2759  2759  2759  2762  2763  2764  2764  2764  2765  2765  2765  2766  2766  2766  2767  2767  2767  2769  2770  2771  2771  2771  2771  2773  2773  2773  2773  2775  2775  2775  2775  2777  2777  2777  2777  2790  2790  2790  2793  2794  2795  2795  2795  2796  2796  2796  2798  2799  2800  2800  2800  2800  2802  2802  2802  2802  2815  2815  2815  2818  2819  2820  2820  2820  2821  2821  2821  2823  2824  2825  2825  2825  2825  2827  2827  2827  2827  2841  2841  2842  2843  2843  2844  2844  2845  2845  2846  2846  2846  2849  2849  2850  2851  2852  2852  2853  2853  2854  2854  2855  2855  2855  2864  2864  2864  2865  2865  2865  2866  2866  2866  2867  2867  2868  2868  2868  2869  2869  2869  2869  2870  2871  2872  2874  2874  2882  2882  2882  2885  2885  2885  2886  2886  2886  2886  2887  2888  2889  2891  2891  2892  2893  2894  2895  2896  2898  2899  2899  2901  2901  2901  2902  2902  2903  2903  2903  2904  2904
     k2
      |(Class and Type) : variable name, INTEGER(4)
      |(Attributes)     : 
      |(Declaration)    : 1137
      |(Definition)     : 
      |(Reference)      : 
     k_0
      |(Class and Type) : variable name, INTEGER(4)
      |(Attributes)     : 
      |(Declaration)    : 1137
      |(Definition)     : 
      |(Reference)      : 
     kbot
      |(Class and Type) : variable name, INTEGER(4)
      |(Attributes)     : 
      |(Declaration)    : 1137
      |(Definition)     : 
      |(Reference)      : 
     ksed1
      |(Class and Type) : variable name, INTEGER(4)
      |(Attributes)     : DIMENSION
      |(Declaration)    : 1138
      |(Definition)     : 2580  2612  2617  2644  2649  2680  2685  2706  2711
      |(Reference)      : 2612  2617  2644  2649  2680  2685  2706  2711  2736  2768  2797  2822
     kte
      |(Class and Type) : variable name, INTEGER(4)
      |(Attributes)     : INTENT(IN), dummy-argument
      |(Declaration)    : 1049  1058
      |(Definition)     : 
      |(Reference)      : 1060  1060  1060  1060  1060  1060  1060  1060  1060  1060  1067  1072  1072  1072  1072  1072  1072  1072  1072  1072  1075  1077  1077  1077  1077  1077  1077  1077  1077  1077  1077  1077  1077  1077  1077  1077  1077  1077  1084  1084  1084  1084  1084  1084  1084  1084  1084  1084  1084  1084  1084  1084  1090  1090  1090  1090  1090  1090  1090  1094  1094  1094  1094  1094  1094  1094  1094  1100  1100  1100  1101  1101  1101  1101  1101  1101  1101  1102  1102  1102  1103  1103  1103  1104  1104  1104  1104  1105  1105  1105  1105  1105  1105  1105  1108  1108  1108  1108  1109  1109  1110  1110  1110  1110  1110  1110  1110  1110  1113  1113  1113  1113  1113  1124  1124  1124  1124  1124  1124  1125  1143  1143  1143  1143  1143  1179  1252  1338  1379  1467  1499  1510  1590  2068  2169  2294  2378  2433  2456  2467  2499  2581  2589  2617  2617  2625  2649  2649  2655  2685  2685  2691  2711  2711  2725  2729  2757  2761  2789  2792  2814  2817  2840  2863
     kts
      |(Class and Type) : variable name, INTEGER(4)
      |(Attributes)     : INTENT(IN), dummy-argument
      |(Declaration)    : 1049  1058
      |(Definition)     : 
      |(Reference)      : 1060  1060  1060  1060  1060  1060  1060  1060  1060  1060  1067  1072  1072  1072  1072  1072  1072  1072  1072  1072  1075  1077  1077  1077  1077  1077  1077  1077  1077  1077  1077  1077  1077  1077  1077  1077  1077  1077  1084  1084  1084  1084  1084  1084  1084  1084  1084  1084  1084  1084  1084  1084  1090  1090  1090  1090  1090  1090  1090  1094  1094  1094  1094  1094  1094  1094  1094  1100  1100  1100  1101  1101  1101  1101  1101  1101  1101  1102  1102  1102  1103  1103  1103  1104  1104  1104  1104  1105  1105  1105  1105  1105  1105  1105  1108  1108  1108  1108  1109  1109  1110  1110  1110  1110  1110  1110  1110  1110  1113  1113  1113  1113  1113  1124  1124  1124  1124  1124  1124  1125  1143  1143  1143  1143  1143  1179  1252  1338  1379  1467  1499  1510  1590  2068  2169  2294  2378  2433  2456  2467  2499  2581  2589  2625  2655  2691  2725  2736  2749  2749  2757  2768  2781  2781  2789  2797  2806  2806  2814  2822  2831  2831  2840  2863
     L_qc
      |(Class and Type) : variable name, LOGICAL(4)
      |(Attributes)     : DIMENSION
      |(Declaration)    : 1143
      |(Definition)     : 1260  1264  2319  2322
      |(Reference)      : 1523  1738  2092  2468
     L_qg
      |(Class and Type) : variable name, LOGICAL(4)
      |(Attributes)     : DIMENSION
      |(Declaration)    : 1143
      |(Definition)     : 1324  1328  2366  2369
      |(Reference)      : 1942  2031  2143
     L_qi
      |(Class and Type) : variable name, LOGICAL(4)
      |(Attributes)     : DIMENSION
      |(Declaration)    : 1143
      |(Definition)     : 1270  1286  2328  2332
      |(Reference)      : 1891  1954  2106
     L_qr
      |(Class and Type) : variable name, LOGICAL(4)
      |(Attributes)     : DIMENSION
      |(Declaration)    : 1143
      |(Definition)     : 1293  1310  2338  2353
      |(Reference)      : 1468  1514  1570  2118  2434  2500
     L_qs
      |(Class and Type) : variable name, LOGICAL(4)
      |(Attributes)     : DIMENSION
      |(Declaration)    : 1143
      |(Definition)     : 1315  1319  2358  2361
      |(Reference)      : 1380  1740  1929  2013  2131  2379
     Lam0
      |(Class and Type) : named constant, REAL(8)
      |(Attributes)     : host-associated
      |(Declaration)    : 
      |(Definition)     : 
      |(Reference)      : 2661  2665
     Lam1
      |(Class and Type) : named constant, REAL(8)
      |(Attributes)     : host-associated
      |(Declaration)    : 
      |(Definition)     : 
      |(Reference)      : 2662  2666
     lam_exp
      |(Class and Type) : variable name, REAL(8)
      |(Attributes)     : 
      |(Declaration)    : 1117
      |(Definition)     : 1479  1658  1702  2445
      |(Reference)      : 1480  1482  1659  1703  2446  2448
     lamc
      |(Class and Type) : variable name, REAL(8)
      |(Attributes)     : 
      |(Declaration)    : 1117
      |(Definition)     : 1528  1531
      |(Reference)      : 1535  1537  1547  1549
     lamg
      |(Class and Type) : variable name, REAL(8)
      |(Attributes)     : 
      |(Declaration)    : 1117
      |(Definition)     : 1480  1701  2446
      |(Reference)      : 1481  1482  1702  2447  2448
     lami
      |(Class and Type) : variable name, REAL(8)
      |(Attributes)     : 
      |(Declaration)    : 1118
      |(Definition)     : 1271  1275  1278  1892  1955  2201  2205  2209  2629  2874  2878  2880
      |(Reference)      : 1272  1276  1279  1893  1956  2202  2206  2210  2630  2875  2882
     lamr
      |(Class and Type) : variable name, REAL(8)
      |(Attributes)     : 
      |(Declaration)    : 1117
      |(Definition)     : 1294  1298  1302  1500  1571  1657  1967  2238  2242  2247  2339  2343  2347  2457  2533  2594  2891  2898
      |(Reference)      : 1295  1299  1303  1501  1502  1503  1580  1658  1968  1970  1973  2239  2243  2248  2340  2344  2348  2458  2459  2460  2538  2595  2595  2603  2603  2892  2899
     lfus
      |(Class and Type) : named constant, REAL(8)
      |(Attributes)     : host-associated
      |(Declaration)    : 
      |(Definition)     : 
      |(Reference)      : 2282  2846
     lfus2
      |(Class and Type) : variable name, REAL(8)
      |(Attributes)     : 
      |(Declaration)    : 1115
      |(Definition)     : 2171  2851
      |(Reference)      : 2271  2855
     loga_
      |(Class and Type) : variable name, REAL(8)
      |(Attributes)     : 
      |(Declaration)    : 1127
      |(Definition)     : 1389  1404  1410  1423  1436  1449  2388  2403  2416
      |(Reference)      : 1394  1405  1415  1428  1441  1454  2393  2408  2421
     lsub
      |(Class and Type) : named constant, REAL(8)
      |(Attributes)     : host-associated
      |(Declaration)    : 
      |(Definition)     : 
      |(Reference)      : 1721  1722  1722  1722  1726  2171  2271  2282  2851
     lvap
      |(Class and Type) : variable name, REAL(8)
      |(Attributes)     : DIMENSION
      |(Declaration)    : 1105
      |(Definition)     : 1364  2312  2513
      |(Reference)      : 2171  2315  2315  2485  2518  2519  2519  2519  2523  2550  2851
     lvap0
      |(Class and Type) : named constant, REAL(8)
      |(Attributes)     : host-associated
      |(Declaration)    : 
      |(Definition)     : 
      |(Reference)      : 1364  2014  2032  2312  2513
     lvt2
      |(Class and Type) : variable name, REAL(8)
      |(Attributes)     : DIMENSION
      |(Declaration)    : 1105
      |(Definition)     : 2315
      |(Reference)      : 2470  2472  2473  2473
     MAX
      |(Class and Type) : intrinsic function name, REAL(8)
      |(Attributes)     : PURE, ELEMENTAL
      |(Declaration)    : 
      |(Definition)     : 
      |(Reference)      : 1254  1269  1292  1343  1473  1476  1527  1530  1595  1597  1599  1611  1626  1640  1655  1668  1684  1699  1712  1729  1790  1791  1802  1894  1901  1903  1931  1936  1947  1957  2018  2027  2037  2046  2198  2199  2216  2235  2236  2298  2327  2337  2439  2442  2486  2487  2526  2552  2553  2554  2611  2612  2613  2614  2644  2646  2671  2680  2682  2697  2706  2708  2734  2735  2743  2745  2766  2767  2775  2777  2796  2802  2821  2827  2841  2849  2865  2869  2886
     MIN
      |(Class and Type) : intrinsic function name, REAL(8)
      |(Attributes)     : PURE, ELEMENTAL
      |(Declaration)    : 
      |(Definition)     : 
      |(Reference)      : 1276  1381  1476  1477  1560  1573  1582  1595  1598  1599  1611  1626  1640  1655  1668  1684  1699  1712  1743  1792  1807  1817  1821  1824  1845  1854  1860  1863  1871  1874  1883  1886  1905  1921  1923  1931  1938  1949  1975  2002  2003  2004  2018  2020  2037  2154  2158  2206  2380  2442  2443  2527  2541  2542  2544  2882
     Mrat
      |(Class and Type) : variable name, REAL(8)
      |(Attributes)     : 
      |(Declaration)    : 1126
      |(Definition)     : 2660
      |(Reference)      : 2661  2662  2664  2665  2666  2668
     melti
      |(Class and Type) : variable name, LOGICAL(4)
      |(Attributes)     : 
      |(Declaration)    : 1142
      |(Definition)     : 
      |(Reference)      : 
     mp_thompson
      |(Class and Type) : module subroutine name
      |(Attributes)     : 
      |(Declaration)    : 
      |(Definition)     : 1049
      |(Reference)      : 2907
     mu_cl
      |(Class and Type) : variable name, REAL(8)
      |(Attributes)     : host-associated
      |(Declaration)    : 
      |(Definition)     : 
      |(Reference)      : 1535  1563
     mu_co
      |(Class and Type) : variable name, REAL(8)
      |(Attributes)     : host-associated
      |(Declaration)    : 
      |(Definition)     : 
      |(Reference)      : 1537  1565
     mu_r
      |(Class and Type) : named constant, REAL(8)
      |(Attributes)     : host-associated
      |(Declaration)    : 
      |(Definition)     : 
      |(Reference)      : 1295  1298  1302  1502  2239  2242  2247  2340  2343  2347  2459  2892  2898
     mu_s
      |(Class and Type) : named constant, REAL(8)
      |(Attributes)     : host-associated
      |(Declaration)    : 
      |(Definition)     : 
      |(Reference)      : 2664  2668
     mvd_c
      |(Class and Type) : variable name, REAL(8)
      |(Attributes)     : DIMENSION
      |(Declaration)    : 1109
      |(Definition)     : 1522  1535  1537
      |(Reference)      : 1570  1574  1575  1579  1738  1744  1745  1749  1754  1757  1757
     mvd_r
      |(Class and Type) : variable name, REAL(8)
      |(Attributes)     : DIMENSION
      |(Declaration)    : 1109
      |(Definition)     : 1295  1297  1301  1502  2239  2241  2246  2340  2342  2346  2459  2892  2894  2896
      |(Reference)      : 1296  1298  1300  1302  1468  1469  1514  1517  1570  1572  1966  2240  2242  2245  2247  2341  2343  2345  2347  2434  2435  2893  2895  2898
     N0_exp
      |(Class and Type) : variable name, REAL(8)
      |(Attributes)     : 
      |(Declaration)    : 1117
      |(Definition)     : 1475  1476  1478  1659  1703  2441  2442  2444
      |(Reference)      : 1476  1477  1479  1482  1660  1663  1663  1667  1704  1707  1707  1711  2442  2443  2445  2448
     N0_g
      |(Class and Type) : variable name, REAL(8)
      |(Attributes)     : DIMENSION
      |(Declaration)    : 1108
      |(Definition)     : 1482  2448
      |(Reference)      : 1766  1943  2032  2038  2043
     N0_min
      |(Class and Type) : variable name, REAL(8)
      |(Attributes)     : 
      |(Declaration)    : 1117
      |(Definition)     : 1466  1477  2432  2443
      |(Reference)      : 1477  1478  2443  2444
     N0_r
      |(Class and Type) : variable name, REAL(8)
      |(Attributes)     : DIMENSION
      |(Declaration)    : 1108
      |(Definition)     : 1503  2460
      |(Reference)      : 1580  1968  1970  1973  2538
     NINT
      |(Class and Type) : intrinsic function name, INTEGER(4)
      |(Attributes)     : PURE, ELEMENTAL
      |(Declaration)    : 
      |(Definition)     : 
      |(Reference)      : 1595  1599  1603  1618  1632  1647  1660  1676  1691  1704  2723  2755  2787  2812
     Nt_cl
      |(Class and Type) : named constant, REAL(8)
      |(Attributes)     : host-associated
      |(Declaration)    : 
      |(Definition)     : 
      |(Reference)      : 1528  1528  1860  1871
     Nt_co
      |(Class and Type) : named constant, REAL(8)
      |(Attributes)     : host-associated
      |(Declaration)    : 
      |(Definition)     : 
      |(Reference)      : 1531  1531  1863  1874
     Nt_i
      |(Class and Type) : named constant, REAL(8)
      |(Attributes)     : DIMENSION, host-associated
      |(Declaration)    : 
      |(Definition)     : 
      |(Reference)      : 1631
     n
      |(Class and Type) : variable name, INTEGER(4)
      |(Attributes)     : 
      |(Declaration)    : 1137
      |(Definition)     : 1605  1620  1634  1649  1662  1678  1693  1706  2471  2724  2756  2788  2813
      |(Reference)      : 1610  1610  1610  1625  1625  1625  1639  1639  1639  1654  1654  1654  1667  1667  1667  1683  1683  1683  1698  1698  1698  1711  1711  1711
     nbr
      |(Class and Type) : named constant, INTEGER(4)
      |(Attributes)     : host-associated
      |(Declaration)    : 
      |(Definition)     : 
      |(Reference)      : 1572  1572  1573  1574  1744
     nbs
      |(Class and Type) : named constant, INTEGER(4)
      |(Attributes)     : host-associated
      |(Declaration)    : 
      |(Definition)     : 
      |(Reference)      : 1742  1742  1743
     ni
      |(Class and Type) : variable name, REAL(8)
      |(Attributes)     : DIMENSION
      |(Declaration)    : 1101
      |(Definition)     : 1269  1276  1279  1285  2327  2331  2767  2777
      |(Reference)      : 1271  1631  1632  1635  1635  1639  1884  1892  1897  1903  1915  1923  1955  1970  1973  2629  2759  2767  2777
     ni1d
      |(Class and Type) : variable name, REAL(8)
      |(Attributes)     : DIMENSION, INTENT(INOUT), dummy-argument
      |(Declaration)    : 1049  1060
      |(Definition)     : 1283  2869  2872  2882
      |(Reference)      : 1269  2199  2207  2211  2214  2216  2217  2327  2845  2869  2874
     nic
      |(Class and Type) : variable name, INTEGER(4)
      |(Attributes)     : 
      |(Declaration)    : 1139
      |(Definition)     : 1603
      |(Reference)      : 1604  1604
     nic2
      |(Class and Type) : variable name, INTEGER(4)
      |(Attributes)     : host-associated
      |(Declaration)    : 
      |(Definition)     : 
      |(Reference)      : 1610  1610
     nig
      |(Class and Type) : variable name, INTEGER(4)
      |(Attributes)     : 
      |(Declaration)    : 1139
      |(Definition)     : 1691  1704
      |(Reference)      : 1692  1692  1705  1705
     nig2
      |(Class and Type) : variable name, INTEGER(4)
      |(Attributes)     : host-associated
      |(Declaration)    : 
      |(Definition)     : 
      |(Reference)      : 1698  1698
     nig3
      |(Class and Type) : variable name, INTEGER(4)
      |(Attributes)     : host-associated
      |(Declaration)    : 
      |(Definition)     : 
      |(Reference)      : 1711  1711
     nii
      |(Class and Type) : variable name, INTEGER(4)
      |(Attributes)     : 
      |(Declaration)    : 1139
      |(Definition)     : 1618  1632
      |(Reference)      : 1619  1619  1633  1633
     nii2
      |(Class and Type) : variable name, INTEGER(4)
      |(Attributes)     : host-associated
      |(Declaration)    : 
      |(Definition)     : 
      |(Reference)      : 1625  1625
     nii3
      |(Class and Type) : variable name, INTEGER(4)
      |(Attributes)     : host-associated
      |(Declaration)    : 
      |(Definition)     : 
      |(Reference)      : 1639  1639
     nir
      |(Class and Type) : variable name, INTEGER(4)
      |(Attributes)     : 
      |(Declaration)    : 1139
      |(Definition)     : 1647  1660
      |(Reference)      : 1648  1648  1661  1661
     nir2
      |(Class and Type) : variable name, INTEGER(4)
      |(Attributes)     : host-associated
      |(Declaration)    : 
      |(Definition)     : 
      |(Reference)      : 1654  1654
     nir3
      |(Class and Type) : variable name, INTEGER(4)
      |(Attributes)     : host-associated
      |(Declaration)    : 
      |(Definition)     : 
      |(Reference)      : 1667  1667
     nis
      |(Class and Type) : variable name, INTEGER(4)
      |(Attributes)     : 
      |(Declaration)    : 1139
      |(Definition)     : 1676
      |(Reference)      : 1677  1677
     nis2
      |(Class and Type) : variable name, INTEGER(4)
      |(Attributes)     : host-associated
      |(Declaration)    : 
      |(Definition)     : 
      |(Reference)      : 1683  1683
     niten
      |(Class and Type) : variable name, REAL(8)
      |(Attributes)     : DIMENSION
      |(Declaration)    : 1072
      |(Definition)     : 1187  2191  2207  2211  2214  2217  2765  2773  2845  2853
      |(Reference)      : 2191  2199  2216  2327  2765  2773  2853  2869
     nn
      |(Class and Type) : variable name, INTEGER(4)
      |(Attributes)     : 
      |(Declaration)    : 1137
      |(Definition)     : 1604  1619  1633  1648  1661  1677  1692  1705
      |(Reference)      : 1605  1606  1606  1620  1621  1621  1634  1635  1635  1649  1650  1650  1662  1663  1663  1678  1679  1679  1693  1694  1694  1706  1707  1707
     no_micro
      |(Class and Type) : variable name, LOGICAL(4)
      |(Attributes)     : 
      |(Declaration)    : 1142
      |(Definition)     : 1152  1258  1267  1290  1313  1322  1355
      |(Reference)      : 1355  1373
     nr
      |(Class and Type) : variable name, REAL(8)
      |(Attributes)     : DIMENSION
      |(Declaration)    : 1101
      |(Definition)     : 1292  1299  1303  1309  2337  2344  2348  2352  2554  2735  2745
      |(Reference)      : 1294  1500  1503  1519  1807  1821  1845  1848  2339  2457  2460  2544  2544  2594  2727  2735  2745
     nr1d
      |(Class and Type) : variable name, REAL(8)
      |(Attributes)     : DIMENSION, INTENT(INOUT), dummy-argument
      |(Declaration)    : 1049  1060
      |(Definition)     : 1307  2886  2889  2899
      |(Reference)      : 1292  2236  2244  2249  2253  2337  2554  2886  2891
     nrten
      |(Class and Type) : variable name, REAL(8)
      |(Attributes)     : DIMENSION
      |(Declaration)    : 1072
      |(Definition)     : 1188  2228  2244  2249  2253  2549  2733  2741
      |(Reference)      : 2228  2236  2337  2549  2554  2733  2741  2886
     nstep
      |(Class and Type) : variable name, INTEGER(4)
      |(Attributes)     : 
      |(Declaration)    : 1137
      |(Definition)     : 2578  2614  2624  2646  2654  2682  2690  2708  2723  2755  2787  2812
      |(Reference)      : 2614  2618  2618  2646  2650  2650  2682  2686  2686  2708  2712  2712  2724  2756  2788  2813
     ntb_c
      |(Class and Type) : named constant, INTEGER(4)
      |(Attributes)     : host-associated
      |(Declaration)    : 
      |(Definition)     : 
      |(Reference)      : 1611
     ntb_g
      |(Class and Type) : named constant, INTEGER(4)
      |(Attributes)     : host-associated
      |(Declaration)    : 
      |(Definition)     : 
      |(Reference)      : 1699
     ntb_g1
      |(Class and Type) : named constant, INTEGER(4)
      |(Attributes)     : host-associated
      |(Declaration)    : 
      |(Definition)     : 
      |(Reference)      : 1712  1715
     ntb_i
      |(Class and Type) : named constant, INTEGER(4)
      |(Attributes)     : host-associated
      |(Declaration)    : 
      |(Definition)     : 
      |(Reference)      : 1626  1913
     ntb_i1
      |(Class and Type) : named constant, INTEGER(4)
      |(Attributes)     : host-associated
      |(Declaration)    : 
      |(Definition)     : 
      |(Reference)      : 1640
     ntb_r
      |(Class and Type) : named constant, INTEGER(4)
      |(Attributes)     : host-associated
      |(Declaration)    : 
      |(Definition)     : 
      |(Reference)      : 1655
     ntb_r1
      |(Class and Type) : named constant, INTEGER(4)
      |(Attributes)     : host-associated
      |(Declaration)    : 
      |(Definition)     : 
      |(Reference)      : 1668  1671
     ntb_s
      |(Class and Type) : named constant, INTEGER(4)
      |(Attributes)     : host-associated
      |(Declaration)    : 
      |(Definition)     : 
      |(Reference)      : 1684
     ntb_t
      |(Class and Type) : named constant, INTEGER(4)
      |(Attributes)     : host-associated
      |(Declaration)    : 
      |(Definition)     : 
      |(Reference)      : 1598
     oRv
      |(Class and Type) : named constant, REAL(8)
      |(Attributes)     : host-associated
      |(Declaration)    : 
      |(Definition)     : 
      |(Reference)      : 1721  1722  1722  1722  2315  2518  2519  2519  2519
     oams
      |(Class and Type) : variable name, REAL(8)
      |(Attributes)     : host-associated
      |(Declaration)    : 
      |(Definition)     : 
      |(Reference)      : 1382  2381
     obmg
      |(Class and Type) : variable name, REAL(8)
      |(Attributes)     : host-associated
      |(Declaration)    : 
      |(Definition)     : 
      |(Reference)      : 1480  2446
     obmi
      |(Class and Type) : variable name, REAL(8)
      |(Attributes)     : host-associated
      |(Declaration)    : 
      |(Definition)     : 
      |(Reference)      : 1271  1892  1955  2201  2629  2874
     obmr
      |(Class and Type) : variable name, REAL(8)
      |(Attributes)     : host-associated
      |(Declaration)    : 
      |(Definition)     : 
      |(Reference)      : 1294  1500  1527  1528  1530  1531  1547  1549  2238  2339  2457  2594  2891
     ocg1
      |(Class and Type) : variable name, REAL(8)
      |(Attributes)     : DIMENSION, host-associated
      |(Declaration)    : 
      |(Definition)     : 
      |(Reference)      : 1528  1531
     ocg2
      |(Class and Type) : variable name, REAL(8)
      |(Attributes)     : DIMENSION, host-associated
      |(Declaration)    : 
      |(Definition)     : 
      |(Reference)      : 1547  1549
     ocp
      |(Class and Type) : variable name, REAL(8)
      |(Attributes)     : DIMENSION
      |(Declaration)    : 1105
      |(Definition)     : 1362  2314  2515
      |(Reference)      : 2271  2271  2282  2282  2315  2485  2550  2846  2855
     odt
      |(Class and Type) : variable name, REAL(8)
      |(Attributes)     : 
      |(Declaration)    : 1135
      |(Definition)     : 1154
      |(Reference)      : 2478  2843  2844  2845  2846  2852  2853  2854  2855
     odts
      |(Class and Type) : variable name, REAL(8)
      |(Attributes)     : 
      |(Declaration)    : 1135
      |(Definition)     : 1155
      |(Reference)      : 1560  1582  1790  1791  1792  1802  1807  1817  1821  1824  1837  1841  1842  1843  1844  1845  1847  1848  1853  1854  1856  1860  1863  1867  1871  1874  1885  1901  1903  1914  1915  1920  1921  1922  1923  1936  1947  1975  2018  2020  2027  2037  2046  2076  2091  2105  2117  2130  2142  2207  2211  2214  2217  2244  2249  2252  2253  2480  2536  2541  2541  2544
     odzq
      |(Class and Type) : variable name, REAL(8)
      |(Attributes)     : 
      |(Declaration)    : 1135
      |(Definition)     : 2730  2737  2762  2769  2793  2798  2818  2823
      |(Reference)      : 2732  2733  2734  2735  2739  2741  2743  2745  2764  2765  2766  2767  2771  2773  2775  2777  2795  2796  2800  2802  2820  2821  2825  2827
     oge1
      |(Class and Type) : variable name, REAL(8)
      |(Attributes)     : host-associated
      |(Declaration)    : 
      |(Definition)     : 
      |(Reference)      : 1479  2445
     ogg1
      |(Class and Type) : variable name, REAL(8)
      |(Attributes)     : host-associated
      |(Declaration)    : 
      |(Definition)     : 
      |(Reference)      : 1480  1702  1703  2446
     ogg2
      |(Class and Type) : variable name, REAL(8)
      |(Attributes)     : host-associated
      |(Declaration)    : 
      |(Definition)     : 
      |(Reference)      : 1480  1702  2446
     ogg3
      |(Class and Type) : variable name, REAL(8)
      |(Attributes)     : host-associated
      |(Declaration)    : 
      |(Definition)     : 
      |(Reference)      : 1756  2695
     oig1
      |(Class and Type) : variable name, REAL(8)
      |(Attributes)     : host-associated
      |(Declaration)    : 
      |(Definition)     : 
      |(Reference)      : 1271  1892  1897  1955  2201  2629  2874
     oig2
      |(Class and Type) : variable name, REAL(8)
      |(Attributes)     : host-associated
      |(Declaration)    : 
      |(Definition)     : 
      |(Reference)      : 1276  1279  2206  2210  2631  2882
     olfus
      |(Class and Type) : named constant, REAL(8)
      |(Attributes)     : host-associated
      |(Declaration)    : 
      |(Definition)     : 
      |(Reference)      : 2016
     onstep
      |(Class and Type) : variable name, REAL(8)
      |(Attributes)     : DIMENSION
      |(Declaration)    : 1116
      |(Definition)     : 2579  2618  2650  2686  2712
      |(Reference)      : 2723  2732  2733  2734  2735  2739  2741  2743  2745  2749  2755  2764  2765  2766  2767  2771  2773  2775  2777  2781  2787  2795  2796  2800  2802  2806  2812  2820  2821  2825  2827  2831
     org1
      |(Class and Type) : variable name, REAL(8)
      |(Attributes)     : host-associated
      |(Declaration)    : 
      |(Definition)     : 
      |(Reference)      : 1658  1659
     org2
      |(Class and Type) : variable name, REAL(8)
      |(Attributes)     : host-associated
      |(Declaration)    : 
      |(Definition)     : 
      |(Reference)      : 1294  1500  1503  1658  2238  2339  2457  2460  2594  2891
     org3
      |(Class and Type) : variable name, REAL(8)
      |(Attributes)     : host-associated
      |(Declaration)    : 
      |(Definition)     : 
      |(Reference)      : 1299  1303  2243  2248  2344  2348  2595  2899
     orho
      |(Class and Type) : variable name, REAL(8)
      |(Attributes)     : 
      |(Declaration)    : 1115
      |(Definition)     : 2170  2731  2738  2763  2770  2794  2799  2819  2824
      |(Reference)      : 2174  2179  2185  2191  2207  2211  2217  2221  2228  2244  2249  2257  2263  2271  2282  2732  2733  2739  2741  2764  2765  2771  2773  2795  2800  2820  2825
     otemp
      |(Class and Type) : variable name, REAL(8)
      |(Attributes)     : 
      |(Declaration)    : 1132
      |(Definition)     : 1719  2296  2503
      |(Reference)      : 1721  1721  1722  1722  1722  1722  1722  1722  1722  1722  1722  2315  2315  2518  2518  2519  2519  2519  2519  2519  2519  2519  2519  2519
     oxmi
      |(Class and Type) : variable name, REAL(8)
      |(Attributes)     : 
      |(Declaration)    : 1129
      |(Definition)     : 1896  1959
      |(Reference)      : 1902  1962  1972
     PI
      |(Class and Type) : named constant, REAL(8)
      |(Attributes)     : host-associated
      |(Declaration)    : 
      |(Definition)     : 
      |(Reference)      : 1732  2528
     p1d
      |(Class and Type) : variable name, REAL(8)
      |(Attributes)     : DIMENSION, INTENT(INOUT), dummy-argument
      |(Declaration)    : 1049  1060
      |(Definition)     : 
      |(Reference)      : 1255
     pni_iau
      |(Class and Type) : variable name, REAL(8)
      |(Attributes)     : DIMENSION
      |(Declaration)    : 1084
      |(Definition)     : 1223  1915  1918  1922  1923
      |(Reference)      : 1923  2191
     pni_ide
      |(Class and Type) : variable name, REAL(8)
      |(Attributes)     : DIMENSION
      |(Declaration)    : 1084
      |(Definition)     : 1219  1902  1903  2082
      |(Reference)      : 1903  2082  2191
     pni_ihm
      |(Class and Type) : variable name, REAL(8)
      |(Attributes)     : DIMENSION
      |(Declaration)    : 1084
      |(Definition)     : 1213  1988
      |(Reference)      : 1989  2191
     pni_inu
      |(Class and Type) : variable name, REAL(8)
      |(Attributes)     : DIMENSION
      |(Declaration)    : 1084
      |(Definition)     : 1211  1885  1887
      |(Reference)      : 1886  2191
     pni_rci
      |(Class and Type) : variable name, REAL(8)
      |(Attributes)     : DIMENSION
      |(Declaration)    : 1084
      |(Definition)     : 1221  1972
      |(Reference)      : 2191
     pni_rfz
      |(Class and Type) : variable name, REAL(8)
      |(Attributes)     : DIMENSION
      |(Declaration)    : 1084
      |(Definition)     : 1217  1843  1849
      |(Reference)      : 1884  2191
     pni_sci
      |(Class and Type) : variable name, REAL(8)
      |(Attributes)     : DIMENSION
      |(Declaration)    : 1084
      |(Definition)     : 1222  1962
      |(Reference)      : 2191
     pni_wfz
      |(Class and Type) : variable name, REAL(8)
      |(Attributes)     : DIMENSION
      |(Declaration)    : 1084
      |(Definition)     : 1215  1856  1860  1863  1871  1874
      |(Reference)      : 1860  1863  1871  1874  1884  2191
     pnr_gml
      |(Class and Type) : variable name, REAL(8)
      |(Attributes)     : DIMENSION
      |(Declaration)    : 1077
      |(Definition)     : 1205  2038  2040
      |(Reference)      : 2228
     pnr_rcg
      |(Class and Type) : variable name, REAL(8)
      |(Attributes)     : DIMENSION
      |(Declaration)    : 1077
      |(Definition)     : 1202  1819  1821
      |(Reference)      : 1821  2228
     pnr_rci
      |(Class and Type) : variable name, REAL(8)
      |(Attributes)     : DIMENSION
      |(Declaration)    : 1077
      |(Definition)     : 1203  1970
      |(Reference)      : 2228
     pnr_rcr
      |(Class and Type) : variable name, REAL(8)
      |(Attributes)     : DIMENSION
      |(Declaration)    : 1077
      |(Definition)     : 1207  1519
      |(Reference)      : 2228
     pnr_rcs
      |(Class and Type) : variable name, REAL(8)
      |(Attributes)     : DIMENSION
      |(Declaration)    : 1077
      |(Definition)     : 1201  1793  1804  1807
      |(Reference)      : 1807  2228
     pnr_rev
      |(Class and Type) : variable name, REAL(8)
      |(Attributes)     : DIMENSION
      |(Declaration)    : 1077
      |(Definition)     : 1206  2544
      |(Reference)      : 2549
     pnr_rfz
      |(Class and Type) : variable name, REAL(8)
      |(Attributes)     : DIMENSION
      |(Declaration)    : 1077
      |(Definition)     : 1208  1844  1845  1848
      |(Reference)      : 1845  1849  2228
     pnr_sml
      |(Class and Type) : variable name, REAL(8)
      |(Attributes)     : DIMENSION
      |(Declaration)    : 1077
      |(Definition)     : 1204  2019  2020  2021
      |(Reference)      : 2020  2228
     pnr_wau
      |(Class and Type) : variable name, REAL(8)
      |(Attributes)     : DIMENSION
      |(Declaration)    : 1077
      |(Definition)     : 1200  1563  1565
      |(Reference)      : 2228
     pptgraul
      |(Class and Type) : variable name, REAL(8)
      |(Attributes)     : INTENT(INOUT), dummy-argument
      |(Declaration)    : 1049  1068
      |(Definition)     : 2831
      |(Reference)      : 2831
     pptice
      |(Class and Type) : variable name, REAL(8)
      |(Attributes)     : INTENT(INOUT), dummy-argument
      |(Declaration)    : 1049  1068
      |(Definition)     : 2781
      |(Reference)      : 2781
     pptrain
      |(Class and Type) : variable name, REAL(8)
      |(Attributes)     : INTENT(INOUT), dummy-argument
      |(Declaration)    : 1049  1068
      |(Definition)     : 2749
      |(Reference)      : 2749
     pptsnow
      |(Class and Type) : variable name, REAL(8)
      |(Attributes)     : INTENT(INOUT), dummy-argument
      |(Declaration)    : 1049  1068
      |(Definition)     : 2806
      |(Reference)      : 2806
     pres
      |(Class and Type) : variable name, REAL(8)
      |(Attributes)     : DIMENSION
      |(Declaration)    : 1100
      |(Definition)     : 1255
      |(Reference)      : 1256  1342  1343  1345  1356  2299  2302  2305  2489  2490  2506  2556
     prg_gcw
      |(Class and Type) : variable name, REAL(8)
      |(Attributes)     : DIMENSION
      |(Declaration)    : 1094
      |(Definition)     : 1236  1766  2057  2099
      |(Reference)      : 1981  1988  1990  1992  1992  2055  2089  2099  2179  2263  2271
     prg_gde
      |(Class and Type) : variable name, REAL(8)
      |(Attributes)     : DIMENSION
      |(Declaration)    : 1094
      |(Definition)     : 1235  1943  1947  1949  2043  2046  2085  2145
      |(Reference)      : 1946  1947  1949  2046  2074  2085  2140  2145  2174  2263  2271  2282
     prg_ihm
      |(Class and Type) : variable name, REAL(8)
      |(Attributes)     : DIMENSION
      |(Declaration)    : 1094
      |(Definition)     : 1240  1992  2146
      |(Reference)      : 2140  2146  2153  2263
     prg_rcg
      |(Class and Type) : variable name, REAL(8)
      |(Attributes)     : DIMENSION
      |(Declaration)    : 1094
      |(Definition)     : 1239  1815  1817  1825  2148  2156
      |(Reference)      : 1817  1818  2140  2148  2154  2263  2271
     prg_rci
      |(Class and Type) : variable name, REAL(8)
      |(Attributes)     : DIMENSION
      |(Declaration)    : 1094
      |(Definition)     : 1237  1976
      |(Reference)      : 2263
     prg_rcs
      |(Class and Type) : variable name, REAL(8)
      |(Attributes)     : DIMENSION
      |(Declaration)    : 1094
      |(Definition)     : 1238  1786  1792
      |(Reference)      : 1792  2263  2271
     prg_rfz
      |(Class and Type) : variable name, REAL(8)
      |(Attributes)     : DIMENSION
      |(Declaration)    : 1094
      |(Definition)     : 1234  1841  2120
      |(Reference)      : 2115  2120  2221  2263  2271
     prg_scw
      |(Class and Type) : variable name, REAL(8)
      |(Attributes)     : DIMENSION
      |(Declaration)    : 1094
      |(Definition)     : 1233  2005  2098
      |(Reference)      : 2089  2098  2179  2263  2271
     pri_ide
      |(Class and Type) : variable name, REAL(8)
      |(Attributes)     : DIMENSION
      |(Declaration)    : 1084
      |(Definition)     : 1218  1897  1901  1905  1907  2081  2108
      |(Reference)      : 1900  1901  1902  1905  1906  1907  2074  2081  2103  2108  2174  2185  2271
     pri_ihm
      |(Class and Type) : variable name, REAL(8)
      |(Attributes)     : DIMENSION
      |(Declaration)    : 1084
      |(Definition)     : 1212  1989  2153
      |(Reference)      : 1990  1992  2185
     pri_inu
      |(Class and Type) : variable name, REAL(8)
      |(Attributes)     : DIMENSION
      |(Declaration)    : 1084
      |(Definition)     : 1210  1886  2080
      |(Reference)      : 1887  2074  2080  2174  2185  2271
     pri_rci
      |(Class and Type) : variable name, REAL(8)
      |(Attributes)     : DIMENSION
      |(Declaration)    : 1084
      |(Definition)     : 1220  1968  2111
      |(Reference)      : 1972  1976  2103  2111  2185
     pri_rfz
      |(Class and Type) : variable name, REAL(8)
      |(Attributes)     : DIMENSION
      |(Declaration)    : 1084
      |(Definition)     : 1216  1842  1847  2121
      |(Reference)      : 2115  2121  2185  2221  2271
     pri_wfz
      |(Class and Type) : variable name, REAL(8)
      |(Attributes)     : DIMENSION
      |(Declaration)    : 1084
      |(Definition)     : 1214  1853  1854  1867  2095
      |(Reference)      : 1854  1860  1863  1871  1874  2089  2095  2179  2185  2271
     prr_gml
      |(Class and Type) : variable name, REAL(8)
      |(Attributes)     : DIMENSION
      |(Declaration)    : 1077
      |(Definition)     : 1198  2032  2037  2147
      |(Reference)      : 2037  2038  2140  2147  2221  2263  2282
     prr_rcg
      |(Class and Type) : variable name, REAL(8)
      |(Attributes)     : DIMENSION
      |(Declaration)    : 1077
      |(Definition)     : 1196  1818  1823  1824  2124  2155
      |(Reference)      : 1824  1825  2115  2124  2154  2155  2156  2221  2282
     prr_rci
      |(Class and Type) : variable name, REAL(8)
      |(Attributes)     : DIMENSION
      |(Declaration)    : 1077
      |(Definition)     : 1199  1973  1975  2122
      |(Reference)      : 1975  1976  2115  2122  2221  2271
     prr_rcs
      |(Class and Type) : variable name, REAL(8)
      |(Attributes)     : DIMENSION
      |(Declaration)    : 1077
      |(Definition)     : 1195  1778  1790  1803  2123  2159
      |(Reference)      : 1790  2016  2115  2123  2158  2159  2160  2221  2282
     prr_rcw
      |(Class and Type) : variable name, REAL(8)
      |(Attributes)     : DIMENSION
      |(Declaration)    : 1077
      |(Definition)     : 1194  1580  1582  2055  2096
      |(Reference)      : 1582  2055  2089  2096  2179  2221
     prr_sml
      |(Class and Type) : variable name, REAL(8)
      |(Attributes)     : DIMENSION
      |(Declaration)    : 1077
      |(Definition)     : 1197  2014  2016  2018  2135
      |(Reference)      : 2016  2018  2019  2128  2135  2221  2257  2282
     prr_wau
      |(Class and Type) : variable name, REAL(8)
      |(Attributes)     : DIMENSION
      |(Declaration)    : 1077
      |(Definition)     : 1193  1559  1560  2094
      |(Reference)      : 1560  1563  1565  2089  2094  2179  2221
     prs_iau
      |(Class and Type) : variable name, REAL(8)
      |(Attributes)     : DIMENSION
      |(Declaration)    : 1090
      |(Definition)     : 1225  1914  1917  1920  1921  2109
      |(Reference)      : 1921  2103  2109  2185  2257
     prs_ide
      |(Class and Type) : variable name, REAL(8)
      |(Attributes)     : DIMENSION
      |(Declaration)    : 1090
      |(Definition)     : 1231  1906  2083
      |(Reference)      : 2074  2083  2174  2257  2271
     prs_ihm
      |(Class and Type) : variable name, REAL(8)
      |(Attributes)     : DIMENSION
      |(Declaration)    : 1090
      |(Definition)     : 1230  1990  2134
      |(Reference)      : 2128  2134  2153  2257
     prs_rcs
      |(Class and Type) : variable name, REAL(8)
      |(Attributes)     : DIMENSION
      |(Declaration)    : 1090
      |(Definition)     : 1227  1782  1791  1798  1802  2136  2160
      |(Reference)      : 1791  1802  1803  2128  2136  2158  2257  2271
     prs_sci
      |(Class and Type) : variable name, REAL(8)
      |(Attributes)     : DIMENSION
      |(Declaration)    : 1090
      |(Definition)     : 1226  1961  2110
      |(Reference)      : 1962  2103  2110  2185  2257
     prs_scw
      |(Class and Type) : variable name, REAL(8)
      |(Attributes)     : DIMENSION
      |(Declaration)    : 1090
      |(Definition)     : 1228  1750  2006  2056  2097
      |(Reference)      : 1990  1990  1992  2000  2002  2005  2006  2016  2055  2089  2097  2179  2257  2271
     prs_sde
      |(Class and Type) : variable name, REAL(8)
      |(Attributes)     : DIMENSION
      |(Declaration)    : 1090
      |(Definition)     : 1229  1932  1936  1938  2024  2027  2084  2133
      |(Reference)      : 1935  1936  1938  2000  2000  2002  2027  2074  2084  2128  2133  2174  2257  2271  2282
     prv_rev
      |(Class and Type) : variable name, REAL(8)
      |(Attributes)     : DIMENSION
      |(Declaration)    : 1077
      |(Definition)     : 1192  2536  2538  2542
      |(Reference)      : 2542  2544  2547  2548  2550
     prw_vcd
      |(Class and Type) : variable name, REAL(8)
      |(Attributes)     : DIMENSION
      |(Declaration)    : 1075
      |(Definition)     : 1190  2478  2480
      |(Reference)      : 2483  2484  2485  2500
     qc1d
      |(Class and Type) : variable name, REAL(8)
      |(Attributes)     : DIMENSION, INTENT(INOUT), dummy-argument
      |(Declaration)    : 1049  1060
      |(Definition)     : 1262  2866  2867
      |(Reference)      : 1257  1259  2317  2318  2486  2849  2866  2867
     qcten
      |(Class and Type) : variable name, REAL(8)
      |(Attributes)     : DIMENSION
      |(Declaration)    : 1072
      |(Definition)     : 1182  2179  2483  2843  2854
      |(Reference)      : 2179  2317  2318  2483  2486  2843  2849  2854  2866
     qg1d
      |(Class and Type) : variable name, REAL(8)
      |(Attributes)     : DIMENSION, INTENT(INOUT), dummy-argument
      |(Declaration)    : 1049  1060
      |(Definition)     : 1326  2903  2904
      |(Reference)      : 1321  1323  2364  2365  2903  2904
     qgten
      |(Class and Type) : variable name, REAL(8)
      |(Attributes)     : DIMENSION
      |(Declaration)    : 1072
      |(Definition)     : 1186  2263  2820  2825
      |(Reference)      : 2263  2364  2365  2820  2825  2903
     qi1d
      |(Class and Type) : variable name, REAL(8)
      |(Attributes)     : DIMENSION, INTENT(INOUT), dummy-argument
      |(Declaration)    : 1049  1060
      |(Definition)     : 1282  2868  2871
      |(Reference)      : 1266  1268  2198  2325  2326  2841  2868  2870  2874  2882
     qiten
      |(Class and Type) : variable name, REAL(8)
      |(Attributes)     : DIMENSION
      |(Declaration)    : 1072
      |(Definition)     : 1183  2185  2764  2771  2844  2852
      |(Reference)      : 2185  2198  2325  2326  2764  2771  2841  2844  2852  2868
     qr1d
      |(Class and Type) : variable name, REAL(8)
      |(Attributes)     : DIMENSION, INTENT(INOUT), dummy-argument
      |(Declaration)    : 1049  1060
      |(Definition)     : 1306  2885  2888
      |(Reference)      : 1289  1291  2235  2252  2335  2336  2552  2885  2887  2891  2899
     qrten
      |(Class and Type) : variable name, REAL(8)
      |(Attributes)     : DIMENSION
      |(Declaration)    : 1072
      |(Definition)     : 1184  2221  2252  2547  2732  2739
      |(Reference)      : 2221  2235  2335  2336  2547  2552  2732  2739  2885
     qs1d
      |(Class and Type) : variable name, REAL(8)
      |(Attributes)     : DIMENSION, INTENT(INOUT), dummy-argument
      |(Declaration)    : 1049  1060
      |(Definition)     : 1317  2901  2902
      |(Reference)      : 1312  1314  2356  2357  2901  2902
     qsten
      |(Class and Type) : variable name, REAL(8)
      |(Attributes)     : DIMENSION
      |(Declaration)    : 1072
      |(Definition)     : 1185  2257  2795  2800
      |(Reference)      : 2257  2356  2357  2795  2800  2901
     qv
      |(Class and Type) : variable name, REAL(8)
      |(Attributes)     : DIMENSION
      |(Declaration)    : 1100
      |(Definition)     : 1254  2298  2487  2553
      |(Reference)      : 1256  1343  1349  1350  1362  1837  2076  2299  2303  2314  2470  2472  2489  2491  2515  2535  2541  2556
     qv1d
      |(Class and Type) : variable name, REAL(8)
      |(Attributes)     : DIMENSION, INTENT(INOUT), dummy-argument
      |(Declaration)    : 1049  1060
      |(Definition)     : 2865
      |(Reference)      : 1254  2298  2487  2553  2865
     qvs
      |(Class and Type) : variable name, REAL(8)
      |(Attributes)     : DIMENSION
      |(Declaration)    : 1103
      |(Definition)     : 1342  2302  2490
      |(Reference)      : 1347  1349  2303  2470  2470  2472  2473  2491  2517  2535  2541
     qvsi
      |(Class and Type) : variable name, REAL(8)
      |(Attributes)     : DIMENSION
      |(Declaration)    : 1103
      |(Definition)     : 1345  1347
      |(Reference)      : 1350  1720  1837  2076
     qvten
      |(Class and Type) : variable name, REAL(8)
      |(Attributes)     : DIMENSION
      |(Declaration)    : 1072
      |(Definition)     : 1181  2174  2484  2548
      |(Reference)      : 2174  2298  2484  2487  2548  2553  2865
     R
      |(Class and Type) : named constant, REAL(8)
      |(Attributes)     : host-associated
      |(Declaration)    : 
      |(Definition)     : 
      |(Reference)      : 1256  2299  2489  2556
     R1
      |(Class and Type) : named constant, REAL(8)
      |(Attributes)     : host-associated
      |(Declaration)    : 
      |(Definition)     : 
      |(Reference)      : 1257  1263  1266  1284  1289  1308  1312  1318  1321  1327  1557  1846  1866  2198  2200  2235  2237  2317  2321  2325  2330  2335  2351  2356  2360  2364  2368  2486  2552  2593  2628  2658  2694  2734  2743  2749  2766  2775  2781  2796  2802  2806  2821  2827  2831  2867  2870  2887  2902  2904
     R2
      |(Class and Type) : named constant, REAL(8)
      |(Attributes)     : host-associated
      |(Declaration)    : 
      |(Definition)     : 
      |(Reference)      : 1269  1285  1292  1309  2199  2236  2327  2331  2337  2352  2554  2735  2745  2767  2777  2869  2886
     REAL
      |(Class and Type) : intrinsic function name, REAL(8)
      |(Attributes)     : PURE, ELEMENTAL
      |(Declaration)    : 
      |(Definition)     : 
      |(Reference)      : 2618  2650  2686  2712
     RSIF
      |(Class and Type) : module function name, REAL(8)
      |(Attributes)     : 
      |(Declaration)    : 
      |(Definition)     : 
      |(Reference)      : 1345
     RSLF
      |(Class and Type) : module function name, REAL(8)
      |(Attributes)     : 
      |(Declaration)    : 
      |(Definition)     : 
      |(Reference)      : 1342  1343  2302  2490
     r_c
      |(Class and Type) : named constant, REAL(8)
      |(Attributes)     : DIMENSION, host-associated
      |(Declaration)    : 
      |(Definition)     : 
      |(Reference)      : 1602  1851
     r_frac
      |(Class and Type) : variable name, REAL(8)
      |(Attributes)     : 
      |(Declaration)    : 1133
      |(Definition)     : 2002
      |(Reference)      : 2003  2004
     r_g
      |(Class and Type) : named constant, REAL(8)
      |(Attributes)     : DIMENSION, host-associated
      |(Declaration)    : 
      |(Definition)     : 
      |(Reference)      : 1690  1754  1813
     r_i
      |(Class and Type) : named constant, REAL(8)
      |(Attributes)     : DIMENSION, host-associated
      |(Declaration)    : 
      |(Definition)     : 
      |(Reference)      : 1617
     r_mvd1
      |(Class and Type) : variable name, REAL(8)
      |(Attributes)     : 
      |(Declaration)    : 1128
      |(Definition)     : 
      |(Reference)      : 
     r_mvd2
      |(Class and Type) : variable name, REAL(8)
      |(Attributes)     : 
      |(Declaration)    : 1128
      |(Definition)     : 
      |(Reference)      : 
     r_r
      |(Class and Type) : named constant, REAL(8)
      |(Attributes)     : DIMENSION, host-associated
      |(Declaration)    : 
      |(Definition)     : 
      |(Reference)      : 1646  1775  1840  1966
     r_s
      |(Class and Type) : named constant, REAL(8)
      |(Attributes)     : DIMENSION, host-associated
      |(Declaration)    : 
      |(Definition)     : 
      |(Reference)      : 1675  1776  1960
     rate_max
      |(Class and Type) : variable name, REAL(8)
      |(Attributes)     : 
      |(Declaration)    : 1130
      |(Definition)     : 1837  2076  2091  2105  2117  2130  2142  2541
      |(Reference)      : 1886  1901  1905  1936  1938  1947  1949  2077  2077  2079  2092  2093  2106  2107  2118  2119  2131  2132  2143  2144  2542
     ratio
      |(Class and Type) : variable name, REAL(8)
      |(Attributes)     : 
      |(Declaration)    : 1130
      |(Definition)     : 2079  2093  2107  2119  2132  2144  2154  2158
      |(Reference)      : 2080  2081  2082  2083  2084  2085  2094  2095  2096  2097  2098  2099  2108  2109  2110  2111  2120  2121  2122  2123  2124  2133  2134  2135  2136  2145  2146  2147  2148  2155  2159
     rc
      |(Class and Type) : variable name, REAL(8)
      |(Attributes)     : DIMENSION
      |(Declaration)    : 1101
      |(Definition)     : 1259  1263  2318  2321  2486
      |(Reference)      : 1527  1528  1530  1531  1544  1556  1558  1560  1580  1582  1602  1603  1606  1606  1610  1750  1766  1851  1854  1866  1867  2091  2476  2480
     rg
      |(Class and Type) : variable name, REAL(8)
      |(Attributes)     : DIMENSION
      |(Declaration)    : 1101
      |(Definition)     : 1323  1327  2365  2368  2821  2827
      |(Reference)      : 1473  1479  1690  1691  1694  1694  1698  1703  1754  1813  1824  1947  2037  2038  2040  2046  2142  2439  2445  2694  2815  2821  2827  2831
     rgvm
      |(Class and Type) : variable name, REAL(8)
      |(Attributes)     : 
      |(Declaration)    : 1115
      |(Definition)     : 
      |(Reference)      : 
     rho
      |(Class and Type) : variable name, REAL(8)
      |(Attributes)     : DIMENSION
      |(Declaration)    : 1102
      |(Definition)     : 1256  2299  2489  2556
      |(Reference)      : 1259  1268  1269  1291  1292  1314  1323  1340  1363  1720  1837  2170  2198  2199  2207  2211  2216  2217  2235  2236  2244  2249  2300  2311  2318  2326  2327  2336  2337  2357  2365  2476  2480  2486  2504  2512  2517  2535  2536  2541  2542  2544  2552  2554  2591  2731  2738  2763  2770  2794  2799  2819  2824  2869  2882  2886
     rho_not
      |(Class and Type) : named constant, REAL(8)
      |(Attributes)     : host-associated
      |(Declaration)    : 
      |(Definition)     : 
      |(Reference)      : 1340  2300  2504  2591
     rho_w
      |(Class and Type) : named constant, REAL(8)
      |(Attributes)     : host-associated
      |(Declaration)    : 
      |(Definition)     : 
      |(Reference)      : 1757
     rhof
      |(Class and Type) : variable name, REAL(8)
      |(Attributes)     : DIMENSION
      |(Declaration)    : 1102
      |(Definition)     : 1340  2300  2504  2591
      |(Reference)      : 1341  1580  1750  1756  1766  1961  1968  1970  1973  2301  2505  2595  2603  2631  2636  2669  2695
     rhof2
      |(Class and Type) : variable name, REAL(8)
      |(Attributes)     : DIMENSION
      |(Declaration)    : 1102
      |(Definition)     : 1341  2301  2505
      |(Reference)      : 1932  1943  2014  2024  2032  2043  2538
     ri
      |(Class and Type) : variable name, REAL(8)
      |(Attributes)     : DIMENSION
      |(Declaration)    : 1101
      |(Definition)     : 1268  1284  2326  2330  2766  2775
      |(Reference)      : 1271  1276  1279  1617  1618  1621  1621  1625  1892  1901  1914  1921  1955  1961  1968  2105  2628  2629  2758  2766  2775  2781
     rr
      |(Class and Type) : variable name, REAL(8)
      |(Attributes)     : DIMENSION
      |(Declaration)    : 1101
      |(Definition)     : 1291  1308  2336  2351  2552  2734  2743
      |(Reference)      : 1294  1299  1303  1500  1519  1646  1647  1650  1650  1654  1659  1775  1790  1792  1817  1840  1846  1847  1966  1975  2117  2339  2344  2348  2457  2535  2536  2541  2544  2593  2594  2726  2734  2743  2749
     rs
      |(Class and Type) : variable name, REAL(8)
      |(Attributes)     : DIMENSION
      |(Declaration)    : 1101
      |(Definition)     : 1314  1318  2357  2360  2796  2802
      |(Reference)      : 1382  1675  1676  1679  1679  1683  1776  1791  1792  1802  1936  1960  2018  2019  2021  2027  2130  2381  2658  2790  2796  2802  2806
     rvs
      |(Class and Type) : variable name, REAL(8)
      |(Attributes)     : 
      |(Declaration)    : 1132
      |(Definition)     : 1720  2517
      |(Reference)      : 1721  1722  1727  1897  1932  1943  2024  2043  2518  2519  2524  2538
     rvs_p
      |(Class and Type) : variable name, REAL(8)
      |(Attributes)     : 
      |(Declaration)    : 1132
      |(Definition)     : 1721  2518
      |(Reference)      : 1726  1727  1727  2523  2524  2524
     rvs_pp
      |(Class and Type) : variable name, REAL(8)
      |(Attributes)     : 
      |(Declaration)    : 1132
      |(Definition)     : 1722  2519
      |(Reference)      : 1727  2524
     SIGN
      |(Class and Type) : intrinsic function name, REAL(8)
      |(Attributes)     : PURE, ELEMENTAL
      |(Declaration)    : 
      |(Definition)     : 
      |(Reference)      : 2155  2159
     SNGL
      |(Class and Type) : intrinsic function name, REAL(8)
      |(Attributes)     : PURE, ELEMENTAL
      |(Declaration)    : 
      |(Definition)     : 
      |(Reference)      : 2155  2159
     SQRT
      |(Class and Type) : intrinsic function name, REAL(8)
      |(Attributes)     : PURE, ELEMENTAL
      |(Declaration)    : 
      |(Definition)     : 
      |(Reference)      : 1340  1341  1363  2300  2301  2311  2504  2505  2512  2591
     sa
      |(Class and Type) : named constant, REAL(8)
      |(Attributes)     : DIMENSION, host-associated
      |(Declaration)    : 
      |(Definition)     : 
      |(Reference)      : 1389  1389  1389  1389  1389  1389  1389  1389  1389  1389  1404  1404  1404  1404  1410  1410  1410  1410  1410  1410  1410  1410  1410  1410  1423  1423  1423  1423  1423  1423  1423  1423  1423  1423  1436  1436  1436  1436  1436  1436  1436  1436  1436  1436  1449  1449  1449  1449  1449  1449  1449  1449  1449  1449  2388  2388  2388  2388  2388  2388  2388  2388  2388  2388  2403  2403  2403  2403  2403  2403  2403  2403  2403  2403  2416  2416  2416  2416  2416  2416  2416  2416  2416  2416
     sati
      |(Class and Type) : variable name, REAL(8)
      |(Attributes)     : DIMENSION
      |(Declaration)    : 1104
      |(Definition)     : 1350
      |(Reference)      : 1352
     satw
      |(Class and Type) : variable name, REAL(8)
      |(Attributes)     : DIMENSION
      |(Declaration)    : 1104
      |(Definition)     : 1349
      |(Reference)      : 1351
     sb
      |(Class and Type) : named constant, REAL(8)
      |(Attributes)     : DIMENSION, host-associated
      |(Declaration)    : 
      |(Definition)     : 
      |(Reference)      : 1395  1395  1395  1395  1395  1395  1395  1395  1395  1395  1406  1406  1406  1406  1416  1416  1416  1416  1416  1416  1416  1416  1416  1416  1429  1429  1429  1429  1429  1429  1429  1429  1429  1429  1442  1442  1442  1442  1442  1442  1442  1442  1442  1442  1455  1455  1455  1455  1455  1455  1455  1455  1455  1455  2394  2394  2394  2394  2394  2394  2394  2394  2394  2394  2409  2409  2409  2409  2409  2409  2409  2409  2409  2409  2422  2422  2422  2422  2422  2422  2422  2422  2422  2422
     sed_g
      |(Class and Type) : variable name, REAL(8)
      |(Attributes)     : DIMENSION
      |(Declaration)    : 1113
      |(Definition)     : 2815
      |(Reference)      : 2820  2821  2825  2825  2827  2827  2831
     sed_i
      |(Class and Type) : variable name, REAL(8)
      |(Attributes)     : DIMENSION
      |(Declaration)    : 1113
      |(Definition)     : 2758
      |(Reference)      : 2764  2766  2771  2771  2775  2775  2781
     sed_n
      |(Class and Type) : variable name, REAL(8)
      |(Attributes)     : DIMENSION
      |(Declaration)    : 1113
      |(Definition)     : 2727  2759
      |(Reference)      : 2733  2735  2741  2741  2745  2745  2765  2767  2773  2773  2777  2777
     sed_r
      |(Class and Type) : variable name, REAL(8)
      |(Attributes)     : DIMENSION
      |(Declaration)    : 1113
      |(Definition)     : 2726
      |(Reference)      : 2732  2734  2739  2739  2743  2743  2749
     sed_s
      |(Class and Type) : variable name, REAL(8)
      |(Attributes)     : DIMENSION
      |(Declaration)    : 1113
      |(Definition)     : 2790
      |(Reference)      : 2795  2796  2800  2800  2802  2802  2806
     smo0
      |(Class and Type) : variable name, REAL(8)
      |(Attributes)     : DIMENSION
      |(Declaration)    : 1110
      |(Definition)     : 1407
      |(Reference)      : 2019  2020
     smo1
      |(Class and Type) : variable name, REAL(8)
      |(Attributes)     : DIMENSION
      |(Declaration)    : 1110
      |(Definition)     : 1420
      |(Reference)      : 1932  2014  2024
     smo2
      |(Class and Type) : variable name, REAL(8)
      |(Attributes)     : DIMENSION
      |(Declaration)    : 1110
      |(Definition)     : 1387  1400  2386  2399
      |(Reference)      : 1407  1420  1433  1446  1459  2413  2426
     smob
      |(Class and Type) : variable name, REAL(8)
      |(Attributes)     : DIMENSION
      |(Declaration)    : 1110
      |(Definition)     : 1382  2381
      |(Reference)      : 1387  1400  1740  2386  2399  2659
     smoc
      |(Class and Type) : variable name, REAL(8)
      |(Attributes)     : DIMENSION
      |(Declaration)    : 1110
      |(Definition)     : 1433  2413
      |(Reference)      : 1740  2659
     smod
      |(Class and Type) : variable name, REAL(8)
      |(Attributes)     : DIMENSION
      |(Declaration)    : 1110
      |(Definition)     : 2426
      |(Reference)      : 
     smoe
      |(Class and Type) : variable name, REAL(8)
      |(Attributes)     : DIMENSION
      |(Declaration)    : 1110
      |(Definition)     : 1446
      |(Reference)      : 1750  1961
     smof
      |(Class and Type) : variable name, REAL(8)
      |(Attributes)     : DIMENSION
      |(Declaration)    : 1110
      |(Definition)     : 1459
      |(Reference)      : 1932  2014  2024
     ssati
      |(Class and Type) : variable name, REAL(8)
      |(Attributes)     : DIMENSION
      |(Declaration)    : 1104
      |(Definition)     : 1352  1354
      |(Reference)      : 1354  1355  1730  1881  1897  1932  1942  1943  2023  2024  2042  2043
     ssatw
      |(Class and Type) : variable name, REAL(8)
      |(Attributes)     : DIMENSION
      |(Declaration)    : 1104
      |(Definition)     : 1351  1353  2303  2304  2491
      |(Reference)      : 1353  1881  2304  2468  2468  2500  2527  2538
     stoke_g
      |(Class and Type) : variable name, REAL(8)
      |(Attributes)     : 
      |(Declaration)    : 1122
      |(Definition)     : 1757
      |(Reference)      : 1759  1759  1760  1761  1763
     stoke_i
      |(Class and Type) : variable name, REAL(8)
      |(Attributes)     : 
      |(Declaration)    : 1122
      |(Definition)     : 
      |(Reference)      : 
     stoke_r
      |(Class and Type) : variable name, REAL(8)
      |(Attributes)     : 
      |(Declaration)    : 1122
      |(Definition)     : 
      |(Reference)      : 
     stoke_s
      |(Class and Type) : variable name, REAL(8)
      |(Attributes)     : 
      |(Declaration)    : 1122
      |(Definition)     : 
      |(Reference)      : 
     sump
      |(Class and Type) : variable name, REAL(8)
      |(Attributes)     : 
      |(Declaration)    : 1130
      |(Definition)     : 2074  2089  2103  2115  2128  2140
      |(Reference)      : 2077  2077  2077  2077  2079  2092  2093  2106  2107  2118  2119  2131  2132  2143  2144
     TNO
      |(Class and Type) : named constant, REAL(8)
      |(Attributes)     : host-associated
      |(Declaration)    : 
      |(Definition)     : 
      |(Reference)      : 1883
     T_0
      |(Class and Type) : named constant, REAL(8)
      |(Attributes)     : host-associated
      |(Declaration)    : 
      |(Definition)     : 
      |(Reference)      : 1777  1814  1834  1883  2157  2270  2670  2696  2842
     t1_evap
      |(Class and Type) : variable name, REAL(8)
      |(Attributes)     : 
      |(Declaration)    : 1132
      |(Definition)     : 2528
      |(Reference)      : 2538
     t1_qg_me
      |(Class and Type) : variable name, REAL(8)
      |(Attributes)     : host-associated
      |(Declaration)    : 
      |(Definition)     : 
      |(Reference)      : 2032
     t1_qg_qc
      |(Class and Type) : variable name, REAL(8)
      |(Attributes)     : host-associated
      |(Declaration)    : 
      |(Definition)     : 
      |(Reference)      : 1766
     t1_qg_sd
      |(Class and Type) : variable name, REAL(8)
      |(Attributes)     : host-associated
      |(Declaration)    : 
      |(Definition)     : 
      |(Reference)      : 1943  2043
     t1_qr_ev
      |(Class and Type) : variable name, REAL(8)
      |(Attributes)     : host-associated
      |(Declaration)    : 
      |(Definition)     : 
      |(Reference)      : 2538
     t1_qr_qc
      |(Class and Type) : variable name, REAL(8)
      |(Attributes)     : host-associated
      |(Declaration)    : 
      |(Definition)     : 
      |(Reference)      : 1580
     t1_qr_qi
      |(Class and Type) : variable name, REAL(8)
      |(Attributes)     : host-associated
      |(Declaration)    : 
      |(Definition)     : 
      |(Reference)      : 1968  1970
     t1_qs_me
      |(Class and Type) : variable name, REAL(8)
      |(Attributes)     : host-associated
      |(Declaration)    : 
      |(Definition)     : 
      |(Reference)      : 2014
     t1_qs_qc
      |(Class and Type) : variable name, REAL(8)
      |(Attributes)     : host-associated
      |(Declaration)    : 
      |(Definition)     : 
      |(Reference)      : 1750
     t1_qs_qi
      |(Class and Type) : variable name, REAL(8)
      |(Attributes)     : host-associated
      |(Declaration)    : 
      |(Definition)     : 
      |(Reference)      : 1961
     t1_qs_sd
      |(Class and Type) : variable name, REAL(8)
      |(Attributes)     : host-associated
      |(Declaration)    : 
      |(Definition)     : 
      |(Reference)      : 1932  2024
     t1_subl
      |(Class and Type) : variable name, REAL(8)
      |(Attributes)     : 
      |(Declaration)    : 1132
      |(Definition)     : 1732
      |(Reference)      : 1897  1932  1943  2024  2043
     t1_vts
      |(Class and Type) : variable name, REAL(8)
      |(Attributes)     : 
      |(Declaration)    : 1126
      |(Definition)     : 2663
      |(Reference)      : 2669
     t1d
      |(Class and Type) : variable name, REAL(8)
      |(Attributes)     : DIMENSION, INTENT(INOUT), dummy-argument
      |(Declaration)    : 1049  1060
      |(Definition)     : 2864
      |(Reference)      : 1253  2295  2488  2555  2864
     t2_qg_me
      |(Class and Type) : variable name, REAL(8)
      |(Attributes)     : host-associated
      |(Declaration)    : 
      |(Definition)     : 
      |(Reference)      : 2032
     t2_qg_sd
      |(Class and Type) : variable name, REAL(8)
      |(Attributes)     : host-associated
      |(Declaration)    : 
      |(Definition)     : 
      |(Reference)      : 1943  2043
     t2_qr_ev
      |(Class and Type) : variable name, REAL(8)
      |(Attributes)     : host-associated
      |(Declaration)    : 
      |(Definition)     : 
      |(Reference)      : 2538
     t2_qr_qi
      |(Class and Type) : variable name, REAL(8)
      |(Attributes)     : host-associated
      |(Declaration)    : 
      |(Definition)     : 
      |(Reference)      : 1973
     t2_qs_me
      |(Class and Type) : variable name, REAL(8)
      |(Attributes)     : host-associated
      |(Declaration)    : 
      |(Definition)     : 
      |(Reference)      : 2014
     t2_qs_sd
      |(Class and Type) : variable name, REAL(8)
      |(Attributes)     : host-associated
      |(Declaration)    : 
      |(Definition)     : 
      |(Reference)      : 1932  2024
     t2_vts
      |(Class and Type) : variable name, REAL(8)
      |(Attributes)     : 
      |(Declaration)    : 1126
      |(Definition)     : 2664
      |(Reference)      : 2669
     t3_vts
      |(Class and Type) : variable name, REAL(8)
      |(Attributes)     : 
      |(Declaration)    : 1126
      |(Definition)     : 2667
      |(Reference)      : 2669
     t4_vts
      |(Class and Type) : variable name, REAL(8)
      |(Attributes)     : 
      |(Declaration)    : 1126
      |(Definition)     : 2668
      |(Reference)      : 2669
     t_Efrw
      |(Class and Type) : variable name, REAL(8)
      |(Attributes)     : ALLOCATABLE, DIMENSION, host-associated
      |(Declaration)    : 
      |(Definition)     : 
      |(Reference)      : 1579
     t_Efsw
      |(Class and Type) : variable name, REAL(8)
      |(Attributes)     : ALLOCATABLE, DIMENSION, host-associated
      |(Declaration)    : 
      |(Definition)     : 
      |(Reference)      : 1749
     tau
      |(Class and Type) : variable name, REAL(8)
      |(Attributes)     : 
      |(Declaration)    : 1121
      |(Definition)     : 1558
      |(Reference)      : 1559
     taud
      |(Class and Type) : variable name, REAL(8)
      |(Attributes)     : 
      |(Declaration)    : 1121
      |(Definition)     : 1557
      |(Reference)      : 1558
     tc0
      |(Class and Type) : variable name, REAL(8)
      |(Attributes)     : 
      |(Declaration)    : 1128
      |(Definition)     : 1381  2380
      |(Reference)      : 1389  1389  1389  1389  1389  1389  1389  1389  1389  1389  1395  1395  1395  1395  1395  1395  1395  1395  1395  1395  1404  1404  1404  1404  1404  1404  1406  1406  1406  1406  1406  1406  1410  1410  1410  1410  1410  1410  1410  1410  1410  1410  1416  1416  1416  1416  1416  1416  1416  1416  1416  1416  1423  1423  1423  1423  1423  1423  1423  1423  1423  1423  1429  1429  1429  1429  1429  1429  1429  1429  1429  1429  1436  1436  1436  1436  1436  1436  1436  1436  1436  1436  1442  1442  1442  1442  1442  1442  1442  1442  1442  1442  1449  1449  1449  1449  1449  1449  1449  1449  1449  1449  1455  1455  1455  1455  1455  1455  1455  1455  1455  1455  2388  2388  2388  2388  2388  2388  2388  2388  2388  2388  2394  2394  2394  2394  2394  2394  2394  2394  2394  2394  2403  2403  2403  2403  2403  2403  2403  2403  2403  2403  2409  2409  2409  2409  2409  2409  2409  2409  2409  2409  2416  2416  2416  2416  2416  2416  2416  2416  2416  2416  2422  2422  2422  2422  2422  2422  2422  2422  2422  2422
     tcg_racg
      |(Class and Type) : variable name, REAL(8)
      |(Attributes)     : ALLOCATABLE, DIMENSION, host-associated
      |(Declaration)    : 
      |(Definition)     : 
      |(Reference)      : 1823
     tcond
      |(Class and Type) : variable name, REAL(8)
      |(Attributes)     : DIMENSION
      |(Declaration)    : 1105
      |(Definition)     : 1365  2313  2514
      |(Reference)      : 1726  2014  2032  2523
     tcr_gacr
      |(Class and Type) : variable name, REAL(8)
      |(Attributes)     : ALLOCATABLE, DIMENSION, host-associated
      |(Declaration)    : 
      |(Definition)     : 
      |(Reference)      : 1815
     tcr_sacr1
      |(Class and Type) : variable name, REAL(8)
      |(Attributes)     : ALLOCATABLE, DIMENSION, host-associated
      |(Declaration)    : 
      |(Definition)     : 
      |(Reference)      : 1778  1786
     tcr_sacr2
      |(Class and Type) : variable name, REAL(8)
      |(Attributes)     : ALLOCATABLE, DIMENSION, host-associated
      |(Declaration)    : 
      |(Definition)     : 
      |(Reference)      : 1778  1782  1798
     tcs_racs1
      |(Class and Type) : variable name, REAL(8)
      |(Attributes)     : ALLOCATABLE, DIMENSION, host-associated
      |(Declaration)    : 
      |(Definition)     : 
      |(Reference)      : 1782  1786  1798
     temp
      |(Class and Type) : variable name, REAL(8)
      |(Attributes)     : DIMENSION
      |(Declaration)    : 1100
      |(Definition)     : 1253  2295  2488  2555
      |(Reference)      : 1256  1339  1342  1345  1356  1381  1468  1594  1719  1777  1814  1834  1846  1866  1881  1883  2157  2270  2296  2297  2299  2302  2305  2380  2434  2489  2490  2502  2503  2506  2556  2670  2696  2842  2850
     tempc
      |(Class and Type) : variable name, REAL(8)
      |(Attributes)     : 
      |(Declaration)    : 1128
      |(Definition)     : 1339  1594  2297  2502
      |(Reference)      : 1344  1357  1358  1360  1360  1360  1364  1365  1595  1596  1599  1930  1981  1983  1983  1984  1985  1985  1986  2014  2016  2019  2021  2032  2038  2040  2306  2307  2309  2309  2309  2312  2313  2507  2508  2510  2510  2510  2513  2514
     tf
      |(Class and Type) : variable name, REAL(8)
      |(Attributes)     : 
      |(Declaration)    : 1127
      |(Definition)     : 1982  1984  1986
      |(Reference)      : 1988
     tmr_racg
      |(Class and Type) : variable name, REAL(8)
      |(Attributes)     : ALLOCATABLE, DIMENSION, host-associated
      |(Declaration)    : 
      |(Definition)     : 
      |(Reference)      : 1815
     tmr_racs1
      |(Class and Type) : variable name, REAL(8)
      |(Attributes)     : ALLOCATABLE, DIMENSION, host-associated
      |(Declaration)    : 
      |(Definition)     : 
      |(Reference)      : 1778  1786
     tmr_racs2
      |(Class and Type) : variable name, REAL(8)
      |(Attributes)     : ALLOCATABLE, DIMENSION, host-associated
      |(Declaration)    : 
      |(Definition)     : 
      |(Reference)      : 1778  1782  1798
     tms_sacr1
      |(Class and Type) : variable name, REAL(8)
      |(Attributes)     : ALLOCATABLE, DIMENSION, host-associated
      |(Declaration)    : 
      |(Definition)     : 
      |(Reference)      : 1782  1786  1798
     tni_iaus
      |(Class and Type) : variable name, REAL(8)
      |(Attributes)     : ALLOCATABLE, DIMENSION, host-associated
      |(Declaration)    : 
      |(Definition)     : 
      |(Reference)      : 1922
     tni_qcfz
      |(Class and Type) : variable name, REAL(8)
      |(Attributes)     : ALLOCATABLE, DIMENSION, host-associated
      |(Declaration)    : 
      |(Definition)     : 
      |(Reference)      : 1856
     tni_qrfz
      |(Class and Type) : variable name, REAL(8)
      |(Attributes)     : ALLOCATABLE, DIMENSION, host-associated
      |(Declaration)    : 
      |(Definition)     : 
      |(Reference)      : 1843
     tnr_gacr
      |(Class and Type) : variable name, REAL(8)
      |(Attributes)     : ALLOCATABLE, DIMENSION, host-associated
      |(Declaration)    : 
      |(Definition)     : 
      |(Reference)      : 1819
     tnr_qrfz
      |(Class and Type) : variable name, REAL(8)
      |(Attributes)     : ALLOCATABLE, DIMENSION, host-associated
      |(Declaration)    : 
      |(Definition)     : 
      |(Reference)      : 1844
     tnr_racg
      |(Class and Type) : variable name, REAL(8)
      |(Attributes)     : ALLOCATABLE, DIMENSION, host-associated
      |(Declaration)    : 
      |(Definition)     : 
      |(Reference)      : 1819
     tnr_racs1
      |(Class and Type) : variable name, REAL(8)
      |(Attributes)     : ALLOCATABLE, DIMENSION, host-associated
      |(Declaration)    : 
      |(Definition)     : 
      |(Reference)      : 1793
     tnr_racs2
      |(Class and Type) : variable name, REAL(8)
      |(Attributes)     : ALLOCATABLE, DIMENSION, host-associated
      |(Declaration)    : 
      |(Definition)     : 
      |(Reference)      : 1793  1804
     tnr_sacr1
      |(Class and Type) : variable name, REAL(8)
      |(Attributes)     : ALLOCATABLE, DIMENSION, host-associated
      |(Declaration)    : 
      |(Definition)     : 
      |(Reference)      : 1793
     tnr_sacr2
      |(Class and Type) : variable name, REAL(8)
      |(Attributes)     : ALLOCATABLE, DIMENSION, host-associated
      |(Declaration)    : 
      |(Definition)     : 
      |(Reference)      : 1793  1804
     tpg_qrfz
      |(Class and Type) : variable name, REAL(8)
      |(Attributes)     : ALLOCATABLE, DIMENSION, host-associated
      |(Declaration)    : 
      |(Definition)     : 
      |(Reference)      : 1841
     tpi_ide
      |(Class and Type) : variable name, REAL(8)
      |(Attributes)     : ALLOCATABLE, DIMENSION, host-associated
      |(Declaration)    : 
      |(Definition)     : 
      |(Reference)      : 1906  1907
     tpi_qcfz
      |(Class and Type) : variable name, REAL(8)
      |(Attributes)     : ALLOCATABLE, DIMENSION, host-associated
      |(Declaration)    : 
      |(Definition)     : 
      |(Reference)      : 1853
     tpi_qrfz
      |(Class and Type) : variable name, REAL(8)
      |(Attributes)     : ALLOCATABLE, DIMENSION, host-associated
      |(Declaration)    : 
      |(Definition)     : 
      |(Reference)      : 1842
     tps_iaus
      |(Class and Type) : variable name, REAL(8)
      |(Attributes)     : ALLOCATABLE, DIMENSION, host-associated
      |(Declaration)    : 
      |(Definition)     : 
      |(Reference)      : 1920
     tten
      |(Class and Type) : variable name, REAL(8)
      |(Attributes)     : DIMENSION
      |(Declaration)    : 1072
      |(Definition)     : 1180  2271  2282  2485  2550  2846  2855
      |(Reference)      : 2271  2282  2295  2485  2488  2550  2555  2846  2855  2864
     visco
      |(Class and Type) : variable name, REAL(8)
      |(Attributes)     : DIMENSION
      |(Declaration)    : 1105
      |(Definition)     : 1358  1360  2307  2309  2508  2510
      |(Reference)      : 1363  1757  2311  2512
     vsc2
      |(Class and Type) : variable name, REAL(8)
      |(Attributes)     : DIMENSION
      |(Declaration)    : 1105
      |(Definition)     : 1363  2311  2512
      |(Reference)      : 1932  1943  2014  2024  2032  2043  2538
     vtg
      |(Class and Type) : variable name, REAL(8)
      |(Attributes)     : 
      |(Declaration)    : 1123
      |(Definition)     : 1756  2692  2695
      |(Reference)      : 1757  2697  2699
     vtgk
      |(Class and Type) : variable name, REAL(8)
      |(Attributes)     : DIMENSION
      |(Declaration)    : 1124
      |(Definition)     : 2587  2697  2699  2702
      |(Reference)      : 2702  2705  2707  2815
     vti
      |(Class and Type) : variable name, REAL(8)
      |(Attributes)     : 
      |(Declaration)    : 1123
      |(Definition)     : 2626  2631  2636
      |(Reference)      : 2632  2637
     vtik
      |(Class and Type) : variable name, REAL(8)
      |(Attributes)     : DIMENSION
      |(Declaration)    : 1124
      |(Definition)     : 2584  2632  2639
      |(Reference)      : 2639  2643  2645  2758
     vtnik
      |(Class and Type) : variable name, REAL(8)
      |(Attributes)     : DIMENSION
      |(Declaration)    : 1124
      |(Definition)     : 2585  2637  2640
      |(Reference)      : 2640  2759
     vtnrk
      |(Class and Type) : variable name, REAL(8)
      |(Attributes)     : DIMENSION
      |(Declaration)    : 1124
      |(Definition)     : 2583  2605  2608
      |(Reference)      : 2608  2611  2613  2727
     vtr
      |(Class and Type) : variable name, REAL(8)
      |(Attributes)     : 
      |(Declaration)    : 1123
      |(Definition)     : 2590  2595  2603
      |(Reference)      : 2597  2605
     vtrk
      |(Class and Type) : variable name, REAL(8)
      |(Attributes)     : DIMENSION
      |(Declaration)    : 1124
      |(Definition)     : 2582  2597  2607
      |(Reference)      : 2607  2611  2613  2671  2697  2726
     vts
      |(Class and Type) : variable name, REAL(8)
      |(Attributes)     : 
      |(Declaration)    : 1123
      |(Definition)     : 2656  2669
      |(Reference)      : 2671  2673
     vts_boost
      |(Class and Type) : variable name, REAL(8)
      |(Attributes)     : DIMENSION
      |(Declaration)    : 1125
      |(Definition)     : 1591  1836  2004
      |(Reference)      : 2671  2673
     vtsk
      |(Class and Type) : variable name, REAL(8)
      |(Attributes)     : DIMENSION
      |(Declaration)    : 1124
      |(Definition)     : 2586  2671  2673  2676
      |(Reference)      : 2676  2679  2681  2790
     xDc
      |(Class and Type) : variable name, REAL(8)
      |(Attributes)     : 
      |(Declaration)    : 1119
      |(Definition)     : 1527  1530
      |(Reference)      : 1552  1552  1552  1552  1552  1552  1552  1552  1552  1554  1554
     xDg
      |(Class and Type) : variable name, REAL(8)
      |(Attributes)     : 
      |(Declaration)    : 1119
      |(Definition)     : 1755
      |(Reference)      : 1757  1758
     xDi
      |(Class and Type) : variable name, REAL(8)
      |(Attributes)     : 
      |(Declaration)    : 1119
      |(Definition)     : 1273  1894  1957  2203  2876
      |(Reference)      : 1274  1277  1895  1913  1916  1958  1966  2204  2208  2877  2879
     xDr
      |(Class and Type) : variable name, REAL(8)
      |(Attributes)     : 
      |(Declaration)    : 1119
      |(Definition)     : 
      |(Reference)      : 
     xDs
      |(Class and Type) : variable name, REAL(8)
      |(Attributes)     : 
      |(Declaration)    : 1119
      |(Definition)     : 1739  1740  2659
      |(Reference)      : 1741  1742  2660
     xkrat
      |(Class and Type) : variable name, REAL(8)
      |(Attributes)     : 
      |(Declaration)    : 1128
      |(Definition)     : 
      |(Reference)      : 
     xm0i
      |(Class and Type) : named constant, REAL(8)
      |(Attributes)     : host-associated
      |(Declaration)    : 
      |(Definition)     : 
      |(Reference)      : 1860  1863  1871  1874  1886  1887  1989  2853
     xmi
      |(Class and Type) : variable name, REAL(8)
      |(Attributes)     : 
      |(Declaration)    : 1129
      |(Definition)     : 1895  1958
      |(Reference)      : 1896  1959
     xnc
      |(Class and Type) : variable name, REAL(8)
      |(Attributes)     : 
      |(Declaration)    : 1129
      |(Definition)     : 1883
      |(Reference)      : 1885  1885
     xni
      |(Class and Type) : variable name, REAL(8)
      |(Attributes)     : 
      |(Declaration)    : 1129
      |(Definition)     : 1884  2199  2206  2210  2216
      |(Reference)      : 1885  1885  2201  2207  2211  2217
     xnr
      |(Class and Type) : variable name, REAL(8)
      |(Attributes)     : 
      |(Declaration)    : 1129
      |(Definition)     : 2236  2243  2248
      |(Reference)      : 2238  2244  2249
     xrc
      |(Class and Type) : variable name, REAL(8)
      |(Attributes)     : 
      |(Declaration)    : 1129
      |(Definition)     : 2476  2849
      |(Reference)      : 2477  2850  2852  2853  2854  2855
     xri
      |(Class and Type) : variable name, REAL(8)
      |(Attributes)     : 
      |(Declaration)    : 1129
      |(Definition)     : 2198  2841
      |(Reference)      : 2200  2201  2206  2210  2842  2843  2844  2846
     xrr
      |(Class and Type) : variable name, REAL(8)
      |(Attributes)     : 
      |(Declaration)    : 1129
      |(Definition)     : 2235
      |(Reference)      : 2237  2238  2243  2248
     xsat
      |(Class and Type) : variable name, REAL(8)
      |(Attributes)     : 
      |(Declaration)    : 1130
      |(Definition)     : 1730  1731  2527
      |(Reference)      : 1731  1732  1732  1732  1732  1732  1732  2528  2528  2528  2528  2528  2528
     xslw1
      |(Class and Type) : variable name, REAL(8)
      |(Attributes)     : 
      |(Declaration)    : 1136
      |(Definition)     : 1469  1471  2435  2437
      |(Reference)      : 1474  1474  2440  2440
     ygra1
      |(Class and Type) : variable name, REAL(8)
      |(Attributes)     : 
      |(Declaration)    : 1136
      |(Definition)     : 1473  2439
      |(Reference)      : 1474  1474  1474  2440  2440  2440
     zans1
      |(Class and Type) : variable name, REAL(8)
      |(Attributes)     : 
      |(Declaration)    : 1136
      |(Definition)     : 1474  2440
      |(Reference)      : 1475  2441
     zeroD0
      |(Class and Type) : named constant, REAL(8)
      |(Attributes)     : 
      |(Declaration)    : 1098
      |(Definition)     : 
      |(Reference)      : 
     zeta
      |(Class and Type) : variable name, REAL(8)
      |(Attributes)     : 
      |(Declaration)    : 1121
      |(Definition)     : 1556
      |(Reference)      : 1559
     zeta1
      |(Class and Type) : variable name, REAL(8)
      |(Attributes)     : 
      |(Declaration)    : 1121
      |(Definition)     : 1554
      |(Reference)      : 1556
   Cross reference of label
     (Label) (label-kind)               (line-no.)
     ------- ------------- ------------ ----------
        141  execution     (Definition) 1609  
                           (Reference)  1606
        142  execution     (Definition) 1624  
                           (Reference)  1621
        143  execution     (Definition) 1638  
                           (Reference)  1635
        144  execution     (Definition) 1653  
                           (Reference)  1650
        145  execution     (Definition) 1666  
                           (Reference)  1663
        146  execution     (Definition) 1682  
                           (Reference)  1679
        147  execution     (Definition) 1697  
                           (Reference)  1694
        148  execution     (Definition) 1710  
                           (Reference)  1707

 Scoping unit of module sub-program : qr_acr_qg
   Attribute and Cross reference of name
     am_g
      |(Class and Type) : named constant, REAL(8)
      |(Attributes)     : host-associated
      |(Declaration)    : 
      |(Definition)     : 
      |(Reference)      : 2963  2979
     am_r
      |(Class and Type) : named constant, REAL(8)
      |(Attributes)     : host-associated
      |(Declaration)    : 
      |(Definition)     : 
      |(Reference)      : 2954  2977
     av_g
      |(Class and Type) : named constant, REAL(8)
      |(Attributes)     : host-associated
      |(Declaration)    : 
      |(Definition)     : 
      |(Reference)      : 2937
     bm_g
      |(Class and Type) : named constant, REAL(8)
      |(Attributes)     : host-associated
      |(Declaration)    : 
      |(Definition)     : 
      |(Reference)      : 2979
     bm_r
      |(Class and Type) : named constant, REAL(8)
      |(Attributes)     : host-associated
      |(Declaration)    : 
      |(Definition)     : 
      |(Reference)      : 2977
     bv_g
      |(Class and Type) : named constant, REAL(8)
      |(Attributes)     : host-associated
      |(Declaration)    : 
      |(Definition)     : 
      |(Reference)      : 2937
     cge
      |(Class and Type) : variable name, REAL(8)
      |(Attributes)     : DIMENSION, host-associated
      |(Declaration)    : 
      |(Definition)     : 
      |(Reference)      : 2965
     cgg
      |(Class and Type) : variable name, REAL(8)
      |(Attributes)     : DIMENSION, host-associated
      |(Declaration)    : 
      |(Definition)     : 
      |(Reference)      : 2963  2964  2965
     cre
      |(Class and Type) : variable name, REAL(8)
      |(Attributes)     : DIMENSION, host-associated
      |(Declaration)    : 
      |(Definition)     : 
      |(Reference)      : 2956
     crg
      |(Class and Type) : variable name, REAL(8)
      |(Attributes)     : DIMENSION, host-associated
      |(Declaration)    : 
      |(Definition)     : 
      |(Reference)      : 2954  2955  2956
     DABS
      |(Class and Type) : intrinsic function name, REAL(8)
      |(Attributes)     : PURE, ELEMENTAL
      |(Declaration)    : 
      |(Definition)     : 
      |(Reference)      : 2981  2982
     DEXP
      |(Class and Type) : intrinsic function name, REAL(8)
      |(Attributes)     : PURE, ELEMENTAL
      |(Declaration)    : 
      |(Definition)     : 
      |(Reference)      : 2958  2967
     DMIN1
      |(Class and Type) : intrinsic function name, REAL(8)
      |(Attributes)     : PURE, ELEMENTAL
      |(Declaration)    : 
      |(Definition)     : 
      |(Reference)      : 3001
     Dg
      |(Class and Type) : variable name, REAL(8)
      |(Attributes)     : DIMENSION, host-associated
      |(Declaration)    : 
      |(Definition)     : 
      |(Reference)      : 2937  2967  2967  2979  2984  2984  2986  2986  2988  2988  2991  2991  2993  2993  2995  2995
     Dr
      |(Class and Type) : variable name, REAL(8)
      |(Attributes)     : DIMENSION, host-associated
      |(Declaration)    : 
      |(Definition)     : 
      |(Reference)      : 2932  2932  2932  2932  2932  2932  2932  2932  2932  2932  2958  2958  2977  2984  2984  2986  2986  2988  2988  2991  2991  2993  2993  2995  2995
     dtg
      |(Class and Type) : variable name, REAL(8)
      |(Attributes)     : DIMENSION, host-associated
      |(Declaration)    : 
      |(Definition)     : 
      |(Reference)      : 2967
     dtr
      |(Class and Type) : variable name, REAL(8)
      |(Attributes)     : DIMENSION, host-associated
      |(Declaration)    : 
      |(Definition)     : 
      |(Reference)      : 2958
     dvg
      |(Class and Type) : variable name, REAL(8)
      |(Attributes)     : 
      |(Declaration)    : 2926
      |(Definition)     : 2981
      |(Reference)      : 2984  2986  2988
     dvr
      |(Class and Type) : variable name, REAL(8)
      |(Attributes)     : 
      |(Declaration)    : 2926
      |(Definition)     : 2982
      |(Reference)      : 2991  2993  2995
     Ef_rg
      |(Class and Type) : named constant, REAL(8)
      |(Attributes)     : host-associated
      |(Declaration)    : 
      |(Definition)     : 
      |(Reference)      : 2984  2986  2988  2991  2993  2995
     i
      |(Class and Type) : variable name, INTEGER(4)
      |(Attributes)     : 
      |(Declaration)    : 2921
      |(Definition)     : 2962
      |(Reference)      : 2963  2965  3000  3001  3002  3003  3004  3005
     j
      |(Class and Type) : variable name, INTEGER(4)
      |(Attributes)     : 
      |(Declaration)    : 2921
      |(Definition)     : 2961
      |(Reference)      : 2963  3000  3001  3002  3003  3004  3005
     k
      |(Class and Type) : variable name, INTEGER(4)
      |(Attributes)     : 
      |(Declaration)    : 2921
      |(Definition)     : 2952
      |(Reference)      : 2954  2956  3000  3001  3002  3003  3004  3005
     km
      |(Class and Type) : variable name, INTEGER(4)
      |(Attributes)     : 
      |(Declaration)    : 2922
      |(Definition)     : 2950
      |(Reference)      : 2951  2952
     km_e
      |(Class and Type) : variable name, INTEGER(4)
      |(Attributes)     : 
      |(Declaration)    : 2922
      |(Definition)     : 2947
      |(Reference)      : 2950
     km_s
      |(Class and Type) : variable name, INTEGER(4)
      |(Attributes)     : 
      |(Declaration)    : 2922
      |(Definition)     : 2946
      |(Reference)      : 2950
     lam_exp
      |(Class and Type) : variable name, REAL(8)
      |(Attributes)     : 
      |(Declaration)    : 2925
      |(Definition)     : 2954  2963
      |(Reference)      : 2955  2956  2964  2965
     lamg
      |(Class and Type) : variable name, REAL(8)
      |(Attributes)     : 
      |(Declaration)    : 2925
      |(Definition)     : 2964
      |(Reference)      : 2965  2967
     lamr
      |(Class and Type) : variable name, REAL(8)
      |(Attributes)     : 
      |(Declaration)    : 2925
      |(Definition)     : 2955
      |(Reference)      : 2956  2958
     m
      |(Class and Type) : variable name, INTEGER(4)
      |(Attributes)     : 
      |(Declaration)    : 2921
      |(Definition)     : 2951
      |(Reference)      : 2954  3000  3001  3001  3002  3003  3004  3005
     massg
      |(Class and Type) : variable name, REAL(8)
      |(Attributes)     : 
      |(Declaration)    : 2926
      |(Definition)     : 2979
      |(Reference)      : 2984  2995
     massr
      |(Class and Type) : variable name, REAL(8)
      |(Attributes)     : 
      |(Declaration)    : 2926
      |(Definition)     : 2977
      |(Reference)      : 2986  2991
     mod
      |(Class and Type) : intrinsic function name, INTEGER(4)
      |(Attributes)     : PURE, ELEMENTAL
      |(Declaration)    : 
      |(Definition)     : 
      |(Reference)      : 2952
     mu_g
      |(Class and Type) : named constant, REAL(8)
      |(Attributes)     : host-associated
      |(Declaration)    : 
      |(Definition)     : 
      |(Reference)      : 2967
     mu_r
      |(Class and Type) : named constant, REAL(8)
      |(Attributes)     : host-associated
      |(Declaration)    : 
      |(Definition)     : 
      |(Reference)      : 2958
     N0_g
      |(Class and Type) : variable name, REAL(8)
      |(Attributes)     : 
      |(Declaration)    : 2925
      |(Definition)     : 2965
      |(Reference)      : 2967
     N0_r
      |(Class and Type) : variable name, REAL(8)
      |(Attributes)     : 
      |(Declaration)    : 2925
      |(Definition)     : 2956
      |(Reference)      : 2958
     N0g_exp
      |(Class and Type) : named constant, REAL(8)
      |(Attributes)     : DIMENSION, host-associated
      |(Declaration)    : 
      |(Definition)     : 
      |(Reference)      : 2963  2965
     N0r_exp
      |(Class and Type) : named constant, REAL(8)
      |(Attributes)     : DIMENSION, host-associated
      |(Declaration)    : 
      |(Definition)     : 
      |(Reference)      : 2954  2956
     N_g
      |(Class and Type) : variable name, REAL(8)
      |(Attributes)     : DIMENSION
      |(Declaration)    : 2923
      |(Definition)     : 2967
      |(Reference)      : 2984  2986  2988  2991  2993  2995
     N_r
      |(Class and Type) : variable name, REAL(8)
      |(Attributes)     : DIMENSION
      |(Declaration)    : 2924
      |(Definition)     : 2958
      |(Reference)      : 2984  2986  2988  2991  2993  2995
     n
      |(Class and Type) : variable name, INTEGER(4)
      |(Attributes)     : 
      |(Declaration)    : 2921
      |(Definition)     : 2936  2966  2978
      |(Reference)      : 2937  2937  2967  2967  2967  2967  2979  2981  2981  2982  2982  2984  2984  2984  2986  2986  2986  2988  2988  2988  2991  2991  2991  2993  2993  2993  2995  2995  2995
     n2
      |(Class and Type) : variable name, INTEGER(4)
      |(Attributes)     : 
      |(Declaration)    : 2921
      |(Definition)     : 2930  2957  2976
      |(Reference)      : 2932  2932  2932  2932  2932  2932  2932  2932  2932  2932  2932  2958  2958  2958  2958  2977  2981  2981  2982  2982  2984  2984  2984  2986  2986  2986  2988  2988  2988  2991  2991  2991  2993  2993  2993  2995  2995  2995
     nbg
      |(Class and Type) : named constant, INTEGER(4)
      |(Attributes)     : host-associated
      |(Declaration)    : 
      |(Definition)     : 
      |(Reference)      : 2923  2936  2966  2978
     nbr
      |(Class and Type) : named constant, INTEGER(4)
      |(Attributes)     : host-associated
      |(Declaration)    : 
      |(Definition)     : 
      |(Reference)      : 2924  2930  2957  2976
     ntb_g
      |(Class and Type) : named constant, INTEGER(4)
      |(Attributes)     : host-associated
      |(Declaration)    : 
      |(Definition)     : 
      |(Reference)      : 2961
     ntb_g1
      |(Class and Type) : named constant, INTEGER(4)
      |(Attributes)     : host-associated
      |(Declaration)    : 
      |(Definition)     : 
      |(Reference)      : 2962
     ntb_r
      |(Class and Type) : named constant, INTEGER(4)
      |(Attributes)     : host-associated
      |(Declaration)    : 
      |(Definition)     : 
      |(Reference)      : 2947  2947
     ntb_r1
      |(Class and Type) : named constant, INTEGER(4)
      |(Attributes)     : host-associated
      |(Declaration)    : 
      |(Definition)     : 
      |(Reference)      : 2951  2952
     obmg
      |(Class and Type) : variable name, REAL(8)
      |(Attributes)     : host-associated
      |(Declaration)    : 
      |(Definition)     : 
      |(Reference)      : 2964
     obmr
      |(Class and Type) : variable name, REAL(8)
      |(Attributes)     : host-associated
      |(Declaration)    : 
      |(Definition)     : 
      |(Reference)      : 2955
     oge1
      |(Class and Type) : variable name, REAL(8)
      |(Attributes)     : host-associated
      |(Declaration)    : 
      |(Definition)     : 
      |(Reference)      : 2963
     ogg1
      |(Class and Type) : variable name, REAL(8)
      |(Attributes)     : host-associated
      |(Declaration)    : 
      |(Definition)     : 
      |(Reference)      : 2964
     ogg2
      |(Class and Type) : variable name, REAL(8)
      |(Attributes)     : host-associated
      |(Declaration)    : 
      |(Definition)     : 
      |(Reference)      : 2964
     ore1
      |(Class and Type) : variable name, REAL(8)
      |(Attributes)     : host-associated
      |(Declaration)    : 
      |(Definition)     : 
      |(Reference)      : 2954
     org1
      |(Class and Type) : variable name, REAL(8)
      |(Attributes)     : host-associated
      |(Declaration)    : 
      |(Definition)     : 
      |(Reference)      : 2955
     org2
      |(Class and Type) : variable name, REAL(8)
      |(Attributes)     : host-associated
      |(Declaration)    : 
      |(Definition)     : 
      |(Reference)      : 2955
     PI
      |(Class and Type) : named constant, REAL(8)
      |(Attributes)     : host-associated
      |(Declaration)    : 
      |(Definition)     : 
      |(Reference)      : 2984  2986  2988  2991  2993  2995
     qr_acr_qg
      |(Class and Type) : module subroutine name
      |(Attributes)     : 
      |(Declaration)    : 
      |(Definition)     : 2916
      |(Reference)      : 3021
     r_g
      |(Class and Type) : named constant, REAL(8)
      |(Attributes)     : DIMENSION, host-associated
      |(Declaration)    : 
      |(Definition)     : 
      |(Reference)      : 2963
     r_r
      |(Class and Type) : named constant, REAL(8)
      |(Attributes)     : DIMENSION, host-associated
      |(Declaration)    : 
      |(Definition)     : 
      |(Reference)      : 2954  3001
     t1
      |(Class and Type) : variable name, REAL(8)
      |(Attributes)     : 
      |(Declaration)    : 2926
      |(Definition)     : 2970  2984
      |(Reference)      : 2984  3000
     t2
      |(Class and Type) : variable name, REAL(8)
      |(Attributes)     : 
      |(Declaration)    : 2926
      |(Definition)     : 2971  2991
      |(Reference)      : 2991  3002
     tcg_racg
      |(Class and Type) : variable name, REAL(8)
      |(Attributes)     : ALLOCATABLE, DIMENSION, host-associated
      |(Declaration)    : 
      |(Definition)     : 3000
      |(Reference)      : 
     tcr_gacr
      |(Class and Type) : variable name, REAL(8)
      |(Attributes)     : ALLOCATABLE, DIMENSION, host-associated
      |(Declaration)    : 
      |(Definition)     : 3002
      |(Reference)      : 
     tmg_gacr
      |(Class and Type) : variable name, REAL(8)
      |(Attributes)     : ALLOCATABLE, DIMENSION, host-associated
      |(Declaration)    : 
      |(Definition)     : 3003
      |(Reference)      : 
     tmr_racg
      |(Class and Type) : variable name, REAL(8)
      |(Attributes)     : ALLOCATABLE, DIMENSION, host-associated
      |(Declaration)    : 
      |(Definition)     : 3001
      |(Reference)      : 
     tnr_gacr
      |(Class and Type) : variable name, REAL(8)
      |(Attributes)     : ALLOCATABLE, DIMENSION, host-associated
      |(Declaration)    : 
      |(Definition)     : 3005
      |(Reference)      : 
     tnr_racg
      |(Class and Type) : variable name, REAL(8)
      |(Attributes)     : ALLOCATABLE, DIMENSION, host-associated
      |(Declaration)    : 
      |(Definition)     : 3004
      |(Reference)      : 
     vg
      |(Class and Type) : variable name, REAL(8)
      |(Attributes)     : DIMENSION
      |(Declaration)    : 2923
      |(Definition)     : 2937
      |(Reference)      : 2981  2981  2982  2982
     vr
      |(Class and Type) : variable name, REAL(8)
      |(Attributes)     : DIMENSION
      |(Declaration)    : 2924
      |(Definition)     : 2932
      |(Reference)      : 2981  2981  2982  2982
     y1
      |(Class and Type) : variable name, REAL(8)
      |(Attributes)     : 
      |(Declaration)    : 2926
      |(Definition)     : 2974  2988
      |(Reference)      : 2988  3004
     y2
      |(Class and Type) : variable name, REAL(8)
      |(Attributes)     : 
      |(Declaration)    : 2926
      |(Definition)     : 2975  2993
      |(Reference)      : 2993  3005
     z1
      |(Class and Type) : variable name, REAL(8)
      |(Attributes)     : 
      |(Declaration)    : 2926
      |(Definition)     : 2972  2986
      |(Reference)      : 2986  3001
     z2
      |(Class and Type) : variable name, REAL(8)
      |(Attributes)     : 
      |(Declaration)    : 2926
      |(Definition)     : 2973  2995
      |(Reference)      : 2995  3003
   Cross reference of label
     (Label) (label-kind)               (line-no.)
     ------- ------------- ------------ ----------
         97  execution     (Definition) 2998

 Scoping unit of module sub-program : qr_acr_qs
   Attribute and Cross reference of name
     a_
      |(Class and Type) : variable name, REAL(8)
      |(Attributes)     : 
      |(Declaration)    : 3037
      |(Definition)     : 3091  3107
      |(Reference)      : 3097  3112
     am_r
      |(Class and Type) : named constant, REAL(8)
      |(Attributes)     : host-associated
      |(Declaration)    : 
      |(Definition)     : 
      |(Reference)      : 3070  3138
     am_s
      |(Class and Type) : named constant, REAL(8)
      |(Attributes)     : host-associated
      |(Declaration)    : 
      |(Definition)     : 
      |(Reference)      : 3140
     av_s
      |(Class and Type) : named constant, REAL(8)
      |(Attributes)     : host-associated
      |(Declaration)    : 
      |(Definition)     : 
      |(Reference)      : 3050  3053
     b_
      |(Class and Type) : variable name, REAL(8)
      |(Attributes)     : 
      |(Declaration)    : 3037
      |(Definition)     : 3092  3108
      |(Reference)      : 3097  3112
     bm_r
      |(Class and Type) : named constant, REAL(8)
      |(Attributes)     : host-associated
      |(Declaration)    : 
      |(Definition)     : 
      |(Reference)      : 3138
     bm_s
      |(Class and Type) : named constant, REAL(8)
      |(Attributes)     : host-associated
      |(Declaration)    : 
      |(Definition)     : 
      |(Reference)      : 3085  3085  3086  3086  3086  3086  3086  3086  3086  3086  3086  3086  3092  3092  3092  3092  3092  3092  3092  3092  3092  3092  3140
     bv_s
      |(Class and Type) : named constant, REAL(8)
      |(Attributes)     : host-associated
      |(Declaration)    : 
      |(Definition)     : 
      |(Reference)      : 3050  3053
     cre
      |(Class and Type) : variable name, REAL(8)
      |(Attributes)     : DIMENSION, host-associated
      |(Declaration)    : 
      |(Definition)     : 
      |(Reference)      : 3072
     crg
      |(Class and Type) : variable name, REAL(8)
      |(Attributes)     : DIMENSION, host-associated
      |(Declaration)    : 
      |(Definition)     : 
      |(Reference)      : 3070  3071  3072
     cse
      |(Class and Type) : variable name, REAL(8)
      |(Attributes)     : DIMENSION, host-associated
      |(Declaration)    : 
      |(Definition)     : 
      |(Reference)      : 3102  3102  3102  3102  3102  3102  3102  3102  3102  3102  3108  3108  3108  3108  3108  3108  3108  3108  3108  3108
     D1
      |(Class and Type) : variable name, REAL(8)
      |(Attributes)     : DIMENSION
      |(Declaration)    : 3035
      |(Definition)     : 3050
      |(Reference)      : 
     DABS
      |(Class and Type) : intrinsic function name, REAL(8)
      |(Attributes)     : PURE, ELEMENTAL
      |(Declaration)    : 
      |(Definition)     : 
      |(Reference)      : 3142  3143
     DEXP
      |(Class and Type) : intrinsic function name, REAL(8)
      |(Attributes)     : PURE, ELEMENTAL
      |(Declaration)    : 
      |(Definition)     : 
      |(Reference)      : 3053  3074  3121  3121
     DMIN1
      |(Class and Type) : intrinsic function name, REAL(8)
      |(Attributes)     : PURE, ELEMENTAL
      |(Declaration)    : 
      |(Definition)     : 
      |(Reference)      : 3180
     Dr
      |(Class and Type) : variable name, REAL(8)
      |(Attributes)     : DIMENSION, host-associated
      |(Declaration)    : 
      |(Definition)     : 
      |(Reference)      : 3047  3047  3047  3047  3047  3047  3047  3047  3047  3047  3074  3074  3138  3146  3146  3148  3148  3150  3150  3153  3153  3155  3155  3157  3157  3162  3162  3164  3164  3166  3166  3169  3169  3171  3171  3173  3173
     Ds
      |(Class and Type) : variable name, REAL(8)
      |(Attributes)     : DIMENSION, host-associated
      |(Declaration)    : 
      |(Definition)     : 
      |(Reference)      : 3053  3053  3121  3121  3121  3140  3146  3146  3148  3148  3150  3150  3153  3153  3155  3155  3157  3157  3162  3162  3164  3164  3166  3166  3169  3169  3171  3171  3173  3173
     dtr
      |(Class and Type) : variable name, REAL(8)
      |(Attributes)     : DIMENSION, host-associated
      |(Declaration)    : 
      |(Definition)     : 
      |(Reference)      : 3074
     dts
      |(Class and Type) : variable name, REAL(8)
      |(Attributes)     : DIMENSION, host-associated
      |(Declaration)    : 
      |(Definition)     : 
      |(Reference)      : 3121
     dvr
      |(Class and Type) : variable name, REAL(8)
      |(Attributes)     : 
      |(Declaration)    : 3039
      |(Definition)     : 3143
      |(Reference)      : 3162  3164  3166  3169  3171  3173
     dvs
      |(Class and Type) : variable name, REAL(8)
      |(Attributes)     : 
      |(Declaration)    : 3039
      |(Definition)     : 3142
      |(Reference)      : 3146  3148  3150  3153  3155  3157
     Ef_rs
      |(Class and Type) : named constant, REAL(8)
      |(Attributes)     : host-associated
      |(Declaration)    : 
      |(Definition)     : 
      |(Reference)      : 3146  3148  3150  3153  3155  3157  3162  3164  3166  3169  3171  3173
     fv_s
      |(Class and Type) : named constant, REAL(8)
      |(Attributes)     : host-associated
      |(Declaration)    : 
      |(Definition)     : 
      |(Reference)      : 3053
     i
      |(Class and Type) : variable name, INTEGER(4)
      |(Attributes)     : 
      |(Declaration)    : 3033
      |(Definition)     : 3078
      |(Reference)      : 3084  3179  3180  3181  3182  3183  3184  3185  3186  3187  3188  3189  3190
     j
      |(Class and Type) : variable name, INTEGER(4)
      |(Attributes)     : 
      |(Declaration)    : 3033
      |(Definition)     : 3077
      |(Reference)      : 3086  3086  3086  3086  3086  3086  3086  3086  3086  3086  3092  3092  3092  3092  3092  3092  3092  3092  3092  3092  3102  3102  3102  3102  3102  3102  3102  3102  3102  3102  3108  3108  3108  3108  3108  3108  3108  3108  3108  3108  3179  3180  3181  3182  3183  3184  3185  3186  3187  3188  3189  3190
     Kap0
      |(Class and Type) : named constant, REAL(8)
      |(Attributes)     : host-associated
      |(Declaration)    : 
      |(Definition)     : 
      |(Reference)      : 3121
     Kap1
      |(Class and Type) : named constant, REAL(8)
      |(Attributes)     : host-associated
      |(Declaration)    : 
      |(Definition)     : 
      |(Reference)      : 3121
     k
      |(Class and Type) : variable name, INTEGER(4)
      |(Attributes)     : 
      |(Declaration)    : 3033
      |(Definition)     : 3068
      |(Reference)      : 3070  3072  3179  3180  3181  3182  3183  3184  3185  3186  3187  3188  3189  3190
     km
      |(Class and Type) : variable name, INTEGER(4)
      |(Attributes)     : 
      |(Declaration)    : 3034
      |(Definition)     : 3066
      |(Reference)      : 3067  3068
     km_e
      |(Class and Type) : variable name, INTEGER(4)
      |(Attributes)     : 
      |(Declaration)    : 3034
      |(Definition)     : 3063
      |(Reference)      : 3066
     km_s
      |(Class and Type) : variable name, INTEGER(4)
      |(Attributes)     : 
      |(Declaration)    : 3034
      |(Definition)     : 3062
      |(Reference)      : 3066
     Lam0
      |(Class and Type) : named constant, REAL(8)
      |(Attributes)     : host-associated
      |(Declaration)    : 
      |(Definition)     : 
      |(Reference)      : 3117
     Lam1
      |(Class and Type) : named constant, REAL(8)
      |(Attributes)     : host-associated
      |(Declaration)    : 
      |(Definition)     : 
      |(Reference)      : 3118
     lam_exp
      |(Class and Type) : variable name, REAL(8)
      |(Attributes)     : 
      |(Declaration)    : 3038
      |(Definition)     : 3070
      |(Reference)      : 3071  3072
     lamr
      |(Class and Type) : variable name, REAL(8)
      |(Attributes)     : 
      |(Declaration)    : 3038
      |(Definition)     : 3071
      |(Reference)      : 3072  3074
     loga_
      |(Class and Type) : variable name, REAL(8)
      |(Attributes)     : 
      |(Declaration)    : 3037
      |(Definition)     : 3086  3102
      |(Reference)      : 3091  3107
     M0
      |(Class and Type) : variable name, REAL(8)
      |(Attributes)     : 
      |(Declaration)    : 3037
      |(Definition)     : 3116
      |(Reference)      : 3121
     M2
      |(Class and Type) : variable name, REAL(8)
      |(Attributes)     : 
      |(Declaration)    : 3037
      |(Definition)     : 3084
      |(Reference)      : 3097  3099  3115  3115  3115  3115  3116  3117  3118
     M3
      |(Class and Type) : variable name, REAL(8)
      |(Attributes)     : 
      |(Declaration)    : 3037
      |(Definition)     : 3112
      |(Reference)      : 3114
     Mrat
      |(Class and Type) : variable name, REAL(8)
      |(Attributes)     : 
      |(Declaration)    : 3037
      |(Definition)     : 3115
      |(Reference)      : 3121
     m
      |(Class and Type) : variable name, INTEGER(4)
      |(Attributes)     : 
      |(Declaration)    : 3033
      |(Definition)     : 3067
      |(Reference)      : 3070  3179  3180  3180  3181  3182  3183  3184  3185  3186  3187  3188  3189  3190
     massr
      |(Class and Type) : variable name, REAL(8)
      |(Attributes)     : 
      |(Declaration)    : 3039
      |(Definition)     : 3138
      |(Reference)      : 3145  3148  3155  3161  3162  3169
     masss
      |(Class and Type) : variable name, REAL(8)
      |(Attributes)     : 
      |(Declaration)    : 3039
      |(Definition)     : 3140
      |(Reference)      : 3145  3146  3153  3161  3166  3173
     mod
      |(Class and Type) : intrinsic function name, INTEGER(4)
      |(Attributes)     : PURE, ELEMENTAL
      |(Declaration)    : 
      |(Definition)     : 
      |(Reference)      : 3068
     mu_r
      |(Class and Type) : named constant, REAL(8)
      |(Attributes)     : host-associated
      |(Declaration)    : 
      |(Definition)     : 
      |(Reference)      : 3074
     mu_s
      |(Class and Type) : named constant, REAL(8)
      |(Attributes)     : host-associated
      |(Declaration)    : 
      |(Definition)     : 
      |(Reference)      : 3116  3121
     N0_r
      |(Class and Type) : variable name, REAL(8)
      |(Attributes)     : 
      |(Declaration)    : 3038
      |(Definition)     : 3072
      |(Reference)      : 3074
     N0r_exp
      |(Class and Type) : named constant, REAL(8)
      |(Attributes)     : DIMENSION, host-associated
      |(Declaration)    : 
      |(Definition)     : 
      |(Reference)      : 3070  3072
     N_r
      |(Class and Type) : variable name, REAL(8)
      |(Attributes)     : DIMENSION
      |(Declaration)    : 3035
      |(Definition)     : 3074
      |(Reference)      : 3146  3148  3150  3153  3155  3157  3162  3164  3166  3169  3171  3173
     N_s
      |(Class and Type) : variable name, REAL(8)
      |(Attributes)     : DIMENSION
      |(Declaration)    : 3036
      |(Definition)     : 3121
      |(Reference)      : 3146  3148  3150  3153  3155  3157  3162  3164  3166  3169  3171  3173
     n
      |(Class and Type) : variable name, INTEGER(4)
      |(Attributes)     : 
      |(Declaration)    : 3033
      |(Definition)     : 3052  3120  3139
      |(Reference)      : 3053  3053  3053  3121  3121  3121  3121  3121  3140  3142  3142  3143  3143  3146  3146  3146  3148  3148  3148  3150  3150  3150  3153  3153  3153  3155  3155  3155  3157  3157  3157  3162  3162  3162  3164  3164  3164  3166  3166  3166  3169  3169  3169  3171  3171  3171  3173  3173  3173
     n2
      |(Class and Type) : variable name, INTEGER(4)
      |(Attributes)     : 
      |(Declaration)    : 3033
      |(Definition)     : 3045  3073  3137
      |(Reference)      : 3047  3047  3047  3047  3047  3047  3047  3047  3047  3047  3047  3050  3050  3074  3074  3074  3074  3138  3142  3142  3143  3143  3146  3146  3146  3148  3148  3148  3150  3150  3150  3153  3153  3153  3155  3155  3155  3157  3157  3157  3162  3162  3162  3164  3164  3164  3166  3166  3166  3169  3169  3169  3171  3171  3171  3173  3173  3173
     nbr
      |(Class and Type) : named constant, INTEGER(4)
      |(Attributes)     : host-associated
      |(Declaration)    : 
      |(Definition)     : 
      |(Reference)      : 3035  3045  3073  3137
     nbs
      |(Class and Type) : named constant, INTEGER(4)
      |(Attributes)     : host-associated
      |(Declaration)    : 
      |(Definition)     : 
      |(Reference)      : 3036  3052  3120  3139
     ntb_r
      |(Class and Type) : named constant, INTEGER(4)
      |(Attributes)     : host-associated
      |(Declaration)    : 
      |(Definition)     : 
      |(Reference)      : 3063  3063
     ntb_r1
      |(Class and Type) : named constant, INTEGER(4)
      |(Attributes)     : host-associated
      |(Declaration)    : 
      |(Definition)     : 
      |(Reference)      : 3067  3068
     ntb_s
      |(Class and Type) : named constant, INTEGER(4)
      |(Attributes)     : host-associated
      |(Declaration)    : 
      |(Definition)     : 
      |(Reference)      : 3078
     ntb_t
      |(Class and Type) : named constant, INTEGER(4)
      |(Attributes)     : host-associated
      |(Declaration)    : 
      |(Definition)     : 
      |(Reference)      : 3077
     oM3
      |(Class and Type) : variable name, REAL(8)
      |(Attributes)     : 
      |(Declaration)    : 3037
      |(Definition)     : 3114
      |(Reference)      : 3115  3115  3115  3116  3117  3118
     oams
      |(Class and Type) : variable name, REAL(8)
      |(Attributes)     : host-associated
      |(Declaration)    : 
      |(Definition)     : 
      |(Reference)      : 3084
     obmr
      |(Class and Type) : variable name, REAL(8)
      |(Attributes)     : host-associated
      |(Declaration)    : 
      |(Definition)     : 
      |(Reference)      : 3071
     ore1
      |(Class and Type) : variable name, REAL(8)
      |(Attributes)     : host-associated
      |(Declaration)    : 
      |(Definition)     : 
      |(Reference)      : 3070
     org1
      |(Class and Type) : variable name, REAL(8)
      |(Attributes)     : host-associated
      |(Declaration)    : 
      |(Definition)     : 
      |(Reference)      : 3071
     org2
      |(Class and Type) : variable name, REAL(8)
      |(Attributes)     : host-associated
      |(Declaration)    : 
      |(Definition)     : 
      |(Reference)      : 3071
     PI
      |(Class and Type) : named constant, REAL(8)
      |(Attributes)     : host-associated
      |(Declaration)    : 
      |(Definition)     : 
      |(Reference)      : 3146  3148  3150  3153  3155  3157  3162  3164  3166  3169  3171  3173
     qr_acr_qs
      |(Class and Type) : module subroutine name
      |(Attributes)     : 
      |(Declaration)    : 
      |(Definition)     : 3028
      |(Reference)      : 3213
     r_r
      |(Class and Type) : named constant, REAL(8)
      |(Attributes)     : DIMENSION, host-associated
      |(Declaration)    : 
      |(Definition)     : 
      |(Reference)      : 3070  3180
     r_s
      |(Class and Type) : named constant, REAL(8)
      |(Attributes)     : DIMENSION, host-associated
      |(Declaration)    : 
      |(Definition)     : 
      |(Reference)      : 3084
     sa
      |(Class and Type) : named constant, REAL(8)
      |(Attributes)     : DIMENSION, host-associated
      |(Declaration)    : 
      |(Definition)     : 
      |(Reference)      : 3086  3086  3086  3086  3086  3086  3086  3086  3086  3086  3102  3102  3102  3102  3102  3102  3102  3102  3102  3102
     sb
      |(Class and Type) : named constant, REAL(8)
      |(Attributes)     : DIMENSION, host-associated
      |(Declaration)    : 
      |(Definition)     : 
      |(Reference)      : 3092  3092  3092  3092  3092  3092  3092  3092  3092  3092  3108  3108  3108  3108  3108  3108  3108  3108  3108  3108
     second
      |(Class and Type) : variable name, REAL(8)
      |(Attributes)     : 
      |(Declaration)    : 3037
      |(Definition)     : 3097  3099
      |(Reference)      : 3112
     slam1
      |(Class and Type) : variable name, REAL(8)
      |(Attributes)     : 
      |(Declaration)    : 3038
      |(Definition)     : 3117
      |(Reference)      : 3121
     slam2
      |(Class and Type) : variable name, REAL(8)
      |(Attributes)     : 
      |(Declaration)    : 3038
      |(Definition)     : 3118
      |(Reference)      : 3121
     Tc
      |(Class and Type) : named constant, REAL(8)
      |(Attributes)     : DIMENSION, host-associated
      |(Declaration)    : 
      |(Definition)     : 
      |(Reference)      : 3086  3086  3086  3086  3086  3086  3086  3086  3086  3086  3092  3092  3092  3092  3092  3092  3092  3092  3092  3092  3102  3102  3102  3102  3102  3102  3102  3102  3102  3102  3108  3108  3108  3108  3108  3108  3108  3108  3108  3108
     t1
      |(Class and Type) : variable name, REAL(8)
      |(Attributes)     : 
      |(Declaration)    : 3040
      |(Definition)     : 3125  3146
      |(Reference)      : 3146  3179
     t2
      |(Class and Type) : variable name, REAL(8)
      |(Attributes)     : 
      |(Declaration)    : 3040
      |(Definition)     : 3126  3162
      |(Reference)      : 3162  3183
     t3
      |(Class and Type) : variable name, REAL(8)
      |(Attributes)     : 
      |(Declaration)    : 3040
      |(Definition)     : 3127  3153
      |(Reference)      : 3153  3181
     t4
      |(Class and Type) : variable name, REAL(8)
      |(Attributes)     : 
      |(Declaration)    : 3040
      |(Definition)     : 3128  3169
      |(Reference)      : 3169  3185
     tcr_sacr1
      |(Class and Type) : variable name, REAL(8)
      |(Attributes)     : ALLOCATABLE, DIMENSION, host-associated
      |(Declaration)    : 
      |(Definition)     : 3183
      |(Reference)      : 
     tcr_sacr2
      |(Class and Type) : variable name, REAL(8)
      |(Attributes)     : ALLOCATABLE, DIMENSION, host-associated
      |(Declaration)    : 
      |(Definition)     : 3185
      |(Reference)      : 
     tcs_racs1
      |(Class and Type) : variable name, REAL(8)
      |(Attributes)     : ALLOCATABLE, DIMENSION, host-associated
      |(Declaration)    : 
      |(Definition)     : 3179
      |(Reference)      : 
     tcs_racs2
      |(Class and Type) : variable name, REAL(8)
      |(Attributes)     : ALLOCATABLE, DIMENSION, host-associated
      |(Declaration)    : 
      |(Definition)     : 3181
      |(Reference)      : 
     tmr_racs1
      |(Class and Type) : variable name, REAL(8)
      |(Attributes)     : ALLOCATABLE, DIMENSION, host-associated
      |(Declaration)    : 
      |(Definition)     : 3180
      |(Reference)      : 
     tmr_racs2
      |(Class and Type) : variable name, REAL(8)
      |(Attributes)     : ALLOCATABLE, DIMENSION, host-associated
      |(Declaration)    : 
      |(Definition)     : 3182
      |(Reference)      : 
     tms_sacr1
      |(Class and Type) : variable name, REAL(8)
      |(Attributes)     : ALLOCATABLE, DIMENSION, host-associated
      |(Declaration)    : 
      |(Definition)     : 3184
      |(Reference)      : 
     tms_sacr2
      |(Class and Type) : variable name, REAL(8)
      |(Attributes)     : ALLOCATABLE, DIMENSION, host-associated
      |(Declaration)    : 
      |(Definition)     : 3186
      |(Reference)      : 
     tnr_racs1
      |(Class and Type) : variable name, REAL(8)
      |(Attributes)     : ALLOCATABLE, DIMENSION, host-associated
      |(Declaration)    : 
      |(Definition)     : 3187
      |(Reference)      : 
     tnr_racs2
      |(Class and Type) : variable name, REAL(8)
      |(Attributes)     : ALLOCATABLE, DIMENSION, host-associated
      |(Declaration)    : 
      |(Definition)     : 3188
      |(Reference)      : 
     tnr_sacr1
      |(Class and Type) : variable name, REAL(8)
      |(Attributes)     : ALLOCATABLE, DIMENSION, host-associated
      |(Declaration)    : 
      |(Definition)     : 3189
      |(Reference)      : 
     tnr_sacr2
      |(Class and Type) : variable name, REAL(8)
      |(Attributes)     : ALLOCATABLE, DIMENSION, host-associated
      |(Declaration)    : 
      |(Definition)     : 3190
      |(Reference)      : 
     vr
      |(Class and Type) : variable name, REAL(8)
      |(Attributes)     : DIMENSION
      |(Declaration)    : 3035
      |(Definition)     : 3047
      |(Reference)      : 3050  3142  3142  3143  3143
     vs
      |(Class and Type) : variable name, REAL(8)
      |(Attributes)     : DIMENSION
      |(Declaration)    : 3036
      |(Definition)     : 3053
      |(Reference)      : 3142  3142  3143  3143
     y1
      |(Class and Type) : variable name, REAL(8)
      |(Attributes)     : 
      |(Declaration)    : 3041
      |(Definition)     : 3133  3150
      |(Reference)      : 3150  3187
     y2
      |(Class and Type) : variable name, REAL(8)
      |(Attributes)     : 
      |(Declaration)    : 3041
      |(Definition)     : 3134  3164
      |(Reference)      : 3164  3189
     y3
      |(Class and Type) : variable name, REAL(8)
      |(Attributes)     : 
      |(Declaration)    : 3041
      |(Definition)     : 3135  3157
      |(Reference)      : 3157  3188
     y4
      |(Class and Type) : variable name, REAL(8)
      |(Attributes)     : 
      |(Declaration)    : 3041
      |(Definition)     : 3136  3171
      |(Reference)      : 3171  3190
     z1
      |(Class and Type) : variable name, REAL(8)
      |(Attributes)     : 
      |(Declaration)    : 3040
      |(Definition)     : 3129  3148
      |(Reference)      : 3148  3180
     z2
      |(Class and Type) : variable name, REAL(8)
      |(Attributes)     : 
      |(Declaration)    : 3040
      |(Definition)     : 3130  3166
      |(Reference)      : 3166  3184
     z3
      |(Class and Type) : variable name, REAL(8)
      |(Attributes)     : 
      |(Declaration)    : 3040
      |(Definition)     : 3131  3155
      |(Reference)      : 3155  3182
     z4
      |(Class and Type) : variable name, REAL(8)
      |(Attributes)     : 
      |(Declaration)    : 3040
      |(Definition)     : 3132  3173
      |(Reference)      : 3173  3186

 Scoping unit of module sub-program : freezeH2O
   Attribute and Cross reference of name
     am_r
      |(Class and Type) : named constant, REAL(8)
      |(Attributes)     : host-associated
      |(Declaration)    : 
      |(Definition)     : 
      |(Reference)      : 3239  3242  3251
     bm_r
      |(Class and Type) : named constant, REAL(8)
      |(Attributes)     : host-associated
      |(Declaration)    : 
      |(Definition)     : 
      |(Reference)      : 3239  3242
     cce
      |(Class and Type) : variable name, REAL(8)
      |(Attributes)     : DIMENSION, host-associated
      |(Declaration)    : 
      |(Definition)     : 
      |(Reference)      : 3283  3286
     ccg
      |(Class and Type) : variable name, REAL(8)
      |(Attributes)     : DIMENSION, host-associated
      |(Declaration)    : 
      |(Definition)     : 
      |(Reference)      : 3282  3285
     cre
      |(Class and Type) : variable name, REAL(8)
      |(Attributes)     : DIMENSION, host-associated
      |(Declaration)    : 
      |(Definition)     : 
      |(Reference)      : 3253
     crg
      |(Class and Type) : variable name, REAL(8)
      |(Attributes)     : DIMENSION, host-associated
      |(Declaration)    : 
      |(Definition)     : 
      |(Reference)      : 3251  3252  3253
     DEXP
      |(Class and Type) : intrinsic function name, REAL(8)
      |(Attributes)     : PURE, ELEMENTAL
      |(Declaration)    : 
      |(Definition)     : 
      |(Reference)      : 3248  3259  3261  3293
     DFLOAT
      |(Class and Type) : intrinsic function name, REAL(8)
      |(Attributes)     : PURE, ELEMENTAL
      |(Declaration)    : 
      |(Definition)     : 
      |(Reference)      : 3248
     Dc
      |(Class and Type) : variable name, REAL(8)
      |(Attributes)     : DIMENSION, host-associated
      |(Declaration)    : 
      |(Definition)     : 
      |(Reference)      : 3242  3291
     Dr
      |(Class and Type) : variable name, REAL(8)
      |(Attributes)     : DIMENSION, host-associated
      |(Declaration)    : 
      |(Definition)     : 
      |(Reference)      : 3239  3259  3259
     dtc
      |(Class and Type) : variable name, REAL(8)
      |(Attributes)     : DIMENSION, host-associated
      |(Declaration)    : 
      |(Definition)     : 
      |(Reference)      : 3296  3298
     dtr
      |(Class and Type) : variable name, REAL(8)
      |(Attributes)     : DIMENSION, host-associated
      |(Declaration)    : 
      |(Definition)     : 
      |(Reference)      : 3259
     EXP
      |(Class and Type) : intrinsic function name, REAL(8)
      |(Attributes)     : PURE, ELEMENTAL
      |(Declaration)    : 
      |(Definition)     : 
      |(Reference)      : 3296  3298
     freezeH2O
      |(Class and Type) : module subroutine name
      |(Attributes)     : 
      |(Declaration)    : 
      |(Definition)     : 3222
      |(Reference)      : 3313
     i
      |(Class and Type) : variable name, INTEGER(4)
      |(Attributes)     : 
      |(Declaration)    : 3227
      |(Definition)     : 3250  3278
      |(Reference)      : 3251  3269  3271  3272  3273  3274  3282  3285  3303  3307  3308
     j
      |(Class and Type) : variable name, INTEGER(4)
      |(Attributes)     : 
      |(Declaration)    : 3227
      |(Definition)     : 3249  3277
      |(Reference)      : 3251  3253  3271  3272  3273  3274  3281  3295  3307  3308
     k
      |(Class and Type) : variable name, INTEGER(4)
      |(Attributes)     : 
      |(Declaration)    : 3227
      |(Definition)     : 3246
      |(Reference)      : 3248  3271  3272  3273  3274  3307  3308
     lam_exp
      |(Class and Type) : variable name, REAL(8)
      |(Attributes)     : 
      |(Declaration)    : 3230
      |(Definition)     : 3251
      |(Reference)      : 3252  3253
     lamc
      |(Class and Type) : variable name, REAL(8)
      |(Attributes)     : 
      |(Declaration)    : 3230
      |(Definition)     : 3282  3285
      |(Reference)      : 3283  3286  3296  3298
     lamr
      |(Class and Type) : variable name, REAL(8)
      |(Attributes)     : 
      |(Declaration)    : 3230
      |(Definition)     : 3252
      |(Reference)      : 3253  3259
     massc
      |(Class and Type) : variable name, REAL(8)
      |(Attributes)     : DIMENSION
      |(Declaration)    : 3229
      |(Definition)     : 3242
      |(Reference)      : 3292  3302
     massr
      |(Class and Type) : variable name, REAL(8)
      |(Attributes)     : DIMENSION
      |(Declaration)    : 3228
      |(Definition)     : 3239
      |(Reference)      : 3260  3262  3264  3267
     mu_cl
      |(Class and Type) : variable name, REAL(8)
      |(Attributes)     : host-associated
      |(Declaration)    : 
      |(Definition)     : 
      |(Reference)      : 3296
     mu_co
      |(Class and Type) : variable name, REAL(8)
      |(Attributes)     : host-associated
      |(Declaration)    : 
      |(Definition)     : 
      |(Reference)      : 3298
     mu_r
      |(Class and Type) : named constant, REAL(8)
      |(Attributes)     : host-associated
      |(Declaration)    : 
      |(Definition)     : 
      |(Reference)      : 3259
     N0_c
      |(Class and Type) : variable name, REAL(8)
      |(Attributes)     : 
      |(Declaration)    : 3230
      |(Definition)     : 3283  3286
      |(Reference)      : 3296  3298
     N0_r
      |(Class and Type) : variable name, REAL(8)
      |(Attributes)     : 
      |(Declaration)    : 3230
      |(Definition)     : 3253
      |(Reference)      : 3259
     N0r_exp
      |(Class and Type) : named constant, REAL(8)
      |(Attributes)     : DIMENSION, host-associated
      |(Declaration)    : 
      |(Definition)     : 
      |(Reference)      : 3251  3253
     N_c
      |(Class and Type) : variable name, REAL(8)
      |(Attributes)     : DIMENSION
      |(Declaration)    : 3229
      |(Definition)     : 3296  3298  3300
      |(Reference)      : 3300  3301  3302
     N_r
      |(Class and Type) : variable name, REAL(8)
      |(Attributes)     : DIMENSION
      |(Declaration)    : 3228
      |(Definition)     : 3259
      |(Reference)      : 3263  3264  3266  3267
     Nt_cl
      |(Class and Type) : named constant, REAL(8)
      |(Attributes)     : host-associated
      |(Declaration)    : 
      |(Definition)     : 
      |(Reference)      : 3282  3282  3283
     Nt_co
      |(Class and Type) : named constant, REAL(8)
      |(Attributes)     : host-associated
      |(Declaration)    : 
      |(Definition)     : 
      |(Reference)      : 3285  3285  3286
     n
      |(Class and Type) : variable name, INTEGER(4)
      |(Attributes)     : 
      |(Declaration)    : 3227
      |(Definition)     : 3241  3290
      |(Reference)      : 3242  3242  3291  3292  3296  3296  3298  3298  3300  3300  3301  3302  3302
     n2
      |(Class and Type) : variable name, INTEGER(4)
      |(Attributes)     : 
      |(Declaration)    : 3227
      |(Definition)     : 3238  3258
      |(Reference)      : 3239  3239  3259  3259  3259  3259  3260  3262  3263  3264  3264  3266  3267  3267
     nbc
      |(Class and Type) : named constant, INTEGER(4)
      |(Attributes)     : host-associated
      |(Declaration)    : 
      |(Definition)     : 
      |(Reference)      : 3229  3241  3290
     nbr
      |(Class and Type) : named constant, INTEGER(4)
      |(Attributes)     : host-associated
      |(Declaration)    : 
      |(Definition)     : 
      |(Reference)      : 3228  3238  3258
     ntb_c
      |(Class and Type) : named constant, INTEGER(4)
      |(Attributes)     : host-associated
      |(Declaration)    : 
      |(Definition)     : 
      |(Reference)      : 3278
     ntb_r
      |(Class and Type) : named constant, INTEGER(4)
      |(Attributes)     : host-associated
      |(Declaration)    : 
      |(Definition)     : 
      |(Reference)      : 3250
     ntb_r1
      |(Class and Type) : named constant, INTEGER(4)
      |(Attributes)     : host-associated
      |(Declaration)    : 
      |(Definition)     : 
      |(Reference)      : 3249
     obmr
      |(Class and Type) : variable name, REAL(8)
      |(Attributes)     : host-associated
      |(Declaration)    : 
      |(Definition)     : 
      |(Reference)      : 3252  3282  3285
     ocg1
      |(Class and Type) : variable name, REAL(8)
      |(Attributes)     : DIMENSION, host-associated
      |(Declaration)    : 
      |(Definition)     : 
      |(Reference)      : 3282  3283  3285  3286
     ore1
      |(Class and Type) : variable name, REAL(8)
      |(Attributes)     : host-associated
      |(Declaration)    : 
      |(Definition)     : 
      |(Reference)      : 3251
     org1
      |(Class and Type) : variable name, REAL(8)
      |(Attributes)     : host-associated
      |(Declaration)    : 
      |(Definition)     : 
      |(Reference)      : 3252
     org2
      |(Class and Type) : variable name, REAL(8)
      |(Attributes)     : host-associated
      |(Declaration)    : 
      |(Definition)     : 
      |(Reference)      : 3252
     orho_w
      |(Class and Type) : variable name, REAL(8)
      |(Attributes)     : 
      |(Declaration)    : 3230
      |(Definition)     : 3236
      |(Reference)      : 3260  3292
     prob
      |(Class and Type) : variable name, REAL(8)
      |(Attributes)     : 
      |(Declaration)    : 3230
      |(Definition)     : 3261  3293
      |(Reference)      : 3263  3264  3266  3267  3301  3302
     r_c
      |(Class and Type) : named constant, REAL(8)
      |(Attributes)     : DIMENSION, host-associated
      |(Declaration)    : 
      |(Definition)     : 
      |(Reference)      : 3282  3285  3303
     r_r
      |(Class and Type) : named constant, REAL(8)
      |(Attributes)     : DIMENSION, host-associated
      |(Declaration)    : 
      |(Definition)     : 
      |(Reference)      : 3251  3269
     rho_w
      |(Class and Type) : named constant, REAL(8)
      |(Attributes)     : host-associated
      |(Declaration)    : 
      |(Definition)     : 
      |(Reference)      : 3236
     sum1
      |(Class and Type) : variable name, REAL(8)
      |(Attributes)     : 
      |(Declaration)    : 3230
      |(Definition)     : 3254  3264  3288  3302
      |(Reference)      : 3264  3269  3271  3302  3303  3307
     sum2
      |(Class and Type) : variable name, REAL(8)
      |(Attributes)     : 
      |(Declaration)    : 3230
      |(Definition)     : 3255  3267
      |(Reference)      : 3267  3269  3273
     sumn1
      |(Class and Type) : variable name, REAL(8)
      |(Attributes)     : 
      |(Declaration)    : 3230
      |(Definition)     : 3256  3263
      |(Reference)      : 3263  3272
     sumn2
      |(Class and Type) : variable name, REAL(8)
      |(Attributes)     : 
      |(Declaration)    : 3230
      |(Definition)     : 3257  3266  3289  3301
      |(Reference)      : 3266  3274  3301  3308
     Texp
      |(Class and Type) : variable name, REAL(8)
      |(Attributes)     : 
      |(Declaration)    : 3230
      |(Definition)     : 3248
      |(Reference)      : 3261  3293
     tni_qcfz
      |(Class and Type) : variable name, REAL(8)
      |(Attributes)     : ALLOCATABLE, DIMENSION, host-associated
      |(Declaration)    : 
      |(Definition)     : 3308
      |(Reference)      : 
     tni_qrfz
      |(Class and Type) : variable name, REAL(8)
      |(Attributes)     : ALLOCATABLE, DIMENSION, host-associated
      |(Declaration)    : 
      |(Definition)     : 3272
      |(Reference)      : 
     tnr_qrfz
      |(Class and Type) : variable name, REAL(8)
      |(Attributes)     : ALLOCATABLE, DIMENSION, host-associated
      |(Declaration)    : 
      |(Definition)     : 3274
      |(Reference)      : 
     tpg_qrfz
      |(Class and Type) : variable name, REAL(8)
      |(Attributes)     : ALLOCATABLE, DIMENSION, host-associated
      |(Declaration)    : 
      |(Definition)     : 3273
      |(Reference)      : 
     tpi_qcfz
      |(Class and Type) : variable name, REAL(8)
      |(Attributes)     : ALLOCATABLE, DIMENSION, host-associated
      |(Declaration)    : 
      |(Definition)     : 3307
      |(Reference)      : 
     tpi_qrfz
      |(Class and Type) : variable name, REAL(8)
      |(Attributes)     : ALLOCATABLE, DIMENSION, host-associated
      |(Declaration)    : 
      |(Definition)     : 3271
      |(Reference)      : 
     vol
      |(Class and Type) : variable name, REAL(8)
      |(Attributes)     : 
      |(Declaration)    : 3230
      |(Definition)     : 3260  3292
      |(Reference)      : 3261  3293
     xm0g
      |(Class and Type) : variable name, REAL(8)
      |(Attributes)     : host-associated
      |(Declaration)    : 
      |(Definition)     : 
      |(Reference)      : 3262
     y
      |(Class and Type) : variable name, REAL(8)
      |(Attributes)     : 
      |(Declaration)    : 3230
      |(Definition)     : 3291
      |(Reference)      : 3296  3296  3298  3298

 Scoping unit of module sub-program : qi_aut_qs
   Attribute and Cross reference of name
     am_i
      |(Class and Type) : named constant, REAL(8)
      |(Attributes)     : host-associated
      |(Declaration)    : 
      |(Definition)     : 
      |(Reference)      : 3341  3360
     bm_i
      |(Class and Type) : named constant, REAL(8)
      |(Attributes)     : host-associated
      |(Declaration)    : 
      |(Definition)     : 
      |(Reference)      : 3342  3342  3360
     cie
      |(Class and Type) : variable name, REAL(8)
      |(Attributes)     : DIMENSION, host-associated
      |(Declaration)    : 
      |(Definition)     : 
      |(Reference)      : 3343
     cig
      |(Class and Type) : variable name, REAL(8)
      |(Attributes)     : DIMENSION, host-associated
      |(Declaration)    : 
      |(Definition)     : 
      |(Reference)      : 3341
     D0i
      |(Class and Type) : variable name, REAL(8)
      |(Attributes)     : host-associated
      |(Declaration)    : 
      |(Definition)     : 
      |(Reference)      : 3350
     D0s
      |(Class and Type) : named constant, REAL(8)
      |(Attributes)     : host-associated
      |(Declaration)    : 
      |(Definition)     : 
      |(Reference)      : 3346  3355  3359
     DEXP
      |(Class and Type) : intrinsic function name, REAL(8)
      |(Attributes)     : PURE, ELEMENTAL
      |(Declaration)    : 
      |(Definition)     : 
      |(Reference)      : 3358
     Di
      |(Class and Type) : variable name, REAL(8)
      |(Attributes)     : DIMENSION, host-associated
      |(Declaration)    : 
      |(Definition)     : 
      |(Reference)      : 3358  3358  3359  3360
     Di_mean
      |(Class and Type) : variable name, REAL(8)
      |(Attributes)     : 
      |(Declaration)    : 3334
      |(Definition)     : 3342
      |(Reference)      : 3346  3350
     dti
      |(Class and Type) : variable name, REAL(8)
      |(Attributes)     : DIMENSION, host-associated
      |(Declaration)    : 
      |(Definition)     : 
      |(Reference)      : 3358
     GAMMP
      |(Class and Type) : module function name, REAL(8)
      |(Attributes)     : 
      |(Declaration)    : 
      |(Definition)     : 
      |(Reference)      : 3356
     i
      |(Class and Type) : variable name, INTEGER(4)
      |(Attributes)     : 
      |(Declaration)    : 3332
      |(Definition)     : 3340
      |(Reference)      : 3341  3347  3349  3353  3356  3365  3366
     j
      |(Class and Type) : variable name, INTEGER(4)
      |(Attributes)     : 
      |(Declaration)    : 3332
      |(Definition)     : 3339
      |(Reference)      : 3341  3343  3348  3349  3353  3356  3365  3366
     lami
      |(Class and Type) : variable name, REAL(8)
      |(Attributes)     : 
      |(Declaration)    : 3334
      |(Definition)     : 3341
      |(Reference)      : 3342  3343  3355  3358
     mu_i
      |(Class and Type) : named constant, REAL(8)
      |(Attributes)     : host-associated
      |(Declaration)    : 
      |(Definition)     : 
      |(Reference)      : 3356  3358
     N0_i
      |(Class and Type) : variable name, REAL(8)
      |(Attributes)     : 
      |(Declaration)    : 3334
      |(Definition)     : 3343
      |(Reference)      : 3358
     N_i
      |(Class and Type) : variable name, REAL(8)
      |(Attributes)     : DIMENSION
      |(Declaration)    : 3333
      |(Definition)     : 3358
      |(Reference)      : 3360  3361
     Nt_i
      |(Class and Type) : named constant, REAL(8)
      |(Attributes)     : DIMENSION, host-associated
      |(Declaration)    : 
      |(Definition)     : 
      |(Reference)      : 3341  3343  3348
     n2
      |(Class and Type) : variable name, INTEGER(4)
      |(Attributes)     : 
      |(Declaration)    : 3332
      |(Definition)     : 3357
      |(Reference)      : 3358  3358  3358  3358  3359  3360  3360  3361
     nbi
      |(Class and Type) : named constant, INTEGER(4)
      |(Attributes)     : host-associated
      |(Declaration)    : 
      |(Definition)     : 
      |(Reference)      : 3333  3357
     ntb_i
      |(Class and Type) : named constant, INTEGER(4)
      |(Attributes)     : host-associated
      |(Declaration)    : 
      |(Definition)     : 
      |(Reference)      : 3340
     ntb_i1
      |(Class and Type) : named constant, INTEGER(4)
      |(Attributes)     : host-associated
      |(Declaration)    : 
      |(Definition)     : 
      |(Reference)      : 3339
     obmi
      |(Class and Type) : variable name, REAL(8)
      |(Attributes)     : host-associated
      |(Declaration)    : 
      |(Definition)     : 
      |(Reference)      : 3341
     oig1
      |(Class and Type) : variable name, REAL(8)
      |(Attributes)     : host-associated
      |(Declaration)    : 
      |(Definition)     : 
      |(Reference)      : 3341  3343
     qi_aut_qs
      |(Class and Type) : module subroutine name
      |(Attributes)     : 
      |(Declaration)    : 
      |(Definition)     : 3327
      |(Reference)      : 3370
     r_i
      |(Class and Type) : named constant, REAL(8)
      |(Attributes)     : DIMENSION, host-associated
      |(Declaration)    : 
      |(Definition)     : 
      |(Reference)      : 3341  3347
     SNGL
      |(Class and Type) : intrinsic function name, REAL(8)
      |(Attributes)     : PURE, ELEMENTAL
      |(Declaration)    : 
      |(Definition)     : 
      |(Reference)      : 3346  3350
     t1
      |(Class and Type) : variable name, REAL(8)
      |(Attributes)     : 
      |(Declaration)    : 3334
      |(Definition)     : 3344  3347  3351  3360
      |(Reference)      : 3360  3365
     t2
      |(Class and Type) : variable name, REAL(8)
      |(Attributes)     : 
      |(Declaration)    : 3334
      |(Definition)     : 3345  3348  3352  3361
      |(Reference)      : 3361  3366
     tni_iaus
      |(Class and Type) : variable name, REAL(8)
      |(Attributes)     : ALLOCATABLE, DIMENSION, host-associated
      |(Declaration)    : 
      |(Definition)     : 3366
      |(Reference)      : 
     tpi_ide
      |(Class and Type) : variable name, REAL(8)
      |(Attributes)     : ALLOCATABLE, DIMENSION, host-associated
      |(Declaration)    : 
      |(Definition)     : 3349  3353  3356
      |(Reference)      : 
     tps_iaus
      |(Class and Type) : variable name, REAL(8)
      |(Attributes)     : ALLOCATABLE, DIMENSION, host-associated
      |(Declaration)    : 
      |(Definition)     : 3365
      |(Reference)      : 
     xlimit_intg
      |(Class and Type) : variable name, REAL(8)
      |(Attributes)     : 
      |(Declaration)    : 3335
      |(Definition)     : 3355
      |(Reference)      : 3356

 Scoping unit of module sub-program : table_Efrw
   Attribute and Cross reference of name
     ATAN
      |(Class and Type) : intrinsic function name, REAL(8)
      |(Attributes)     : PURE, ELEMENTAL
      |(Declaration)    : 
      |(Definition)     : 
      |(Reference)      : 3424
     DEXP
      |(Class and Type) : intrinsic function name, REAL(8)
      |(Attributes)     : PURE, ELEMENTAL
      |(Declaration)    : 
      |(Definition)     : 
      |(Reference)      : 3421
     DLOG
      |(Class and Type) : intrinsic function name, REAL(8)
      |(Attributes)     : PURE, ELEMENTAL
      |(Declaration)    : 
      |(Definition)     : 
      |(Reference)      : 3419  3422
     Dc
      |(Class and Type) : variable name, REAL(8)
      |(Attributes)     : DIMENSION, host-associated
      |(Declaration)    : 
      |(Definition)     : 
      |(Reference)      : 3390  3391  3394  3416  3416
     Dr
      |(Class and Type) : variable name, REAL(8)
      |(Attributes)     : DIMENSION, host-associated
      |(Declaration)    : 
      |(Definition)     : 
      |(Reference)      : 3390  3391  3395  3397  3399  3402  3405  3413  3413  3413  3413  3413  3413  3413  3413  3413  3413  3416
     Ef_rw
      |(Class and Type) : variable name, REAL(8)
      |(Attributes)     : 
      |(Declaration)    : 3383
      |(Definition)     : 3389  3396  3398  3400  3403  3406  3409  3425
      |(Reference)      : 3429
     F
      |(Class and Type) : variable name, REAL(8)
      |(Attributes)     : 
      |(Declaration)    : 3384
      |(Definition)     : 3419
      |(Reference)      : 3420  3420  3420
     G
      |(Class and Type) : variable name, REAL(8)
      |(Attributes)     : 
      |(Declaration)    : 3384
      |(Definition)     : 3420
      |(Reference)      : 3421
     H
      |(Class and Type) : variable name, REAL(8)
      |(Attributes)     : 
      |(Declaration)    : 3384
      |(Definition)     : 3423
      |(Reference)      : 3424
     i
      |(Class and Type) : variable name, INTEGER(4)
      |(Attributes)     : 
      |(Declaration)    : 3385
      |(Definition)     : 3388
      |(Reference)      : 3390  3391  3392  3395  3397  3399  3402  3405  3413  3413  3413  3413  3413  3413  3413  3413  3413  3413  3416  3429
     j
      |(Class and Type) : variable name, INTEGER(4)
      |(Attributes)     : 
      |(Declaration)    : 3385
      |(Definition)     : 3387
      |(Reference)      : 3390  3391  3392  3394  3416  3416  3429
     K0
      |(Class and Type) : variable name, REAL(8)
      |(Attributes)     : 
      |(Declaration)    : 3384
      |(Definition)     : 3421
      |(Reference)      : 3422
     MAX
      |(Class and Type) : intrinsic function name, REAL(8)
      |(Attributes)     : PURE, ELEMENTAL
      |(Declaration)    : 
      |(Definition)     : 
      |(Reference)      : 3429
     MIN
      |(Class and Type) : intrinsic function name, REAL(8)
      |(Attributes)     : PURE, ELEMENTAL
      |(Declaration)    : 
      |(Definition)     : 
      |(Reference)      : 3429
     nbc
      |(Class and Type) : named constant, INTEGER(4)
      |(Attributes)     : host-associated
      |(Declaration)    : 
      |(Definition)     : 
      |(Reference)      : 3387
     nbr
      |(Class and Type) : named constant, INTEGER(4)
      |(Attributes)     : host-associated
      |(Declaration)    : 
      |(Definition)     : 
      |(Reference)      : 3388
     PI
      |(Class and Type) : named constant, REAL(8)
      |(Attributes)     : host-associated
      |(Declaration)    : 
      |(Definition)     : 
      |(Reference)      : 3424
     p
      |(Class and Type) : variable name, REAL(8)
      |(Attributes)     : 
      |(Declaration)    : 3384
      |(Definition)     : 3390
      |(Reference)      : 3393  3417  3417  3425  3425  3425  3425
     reynolds
      |(Class and Type) : variable name, REAL(8)
      |(Attributes)     : 
      |(Declaration)    : 3383
      |(Definition)     : 3417
      |(Reference)      : 3419
     rho_w
      |(Class and Type) : named constant, REAL(8)
      |(Attributes)     : host-associated
      |(Declaration)    : 
      |(Definition)     : 
      |(Reference)      : 3416  3417
     SNGL
      |(Class and Type) : intrinsic function name, REAL(8)
      |(Attributes)     : PURE, ELEMENTAL
      |(Declaration)    : 
      |(Definition)     : 
      |(Reference)      : 3429
     stokes
      |(Class and Type) : variable name, REAL(8)
      |(Attributes)     : 
      |(Declaration)    : 3383
      |(Definition)     : 3416
      |(Reference)      : 3417  3422
     t_Efrw
      |(Class and Type) : variable name, REAL(8)
      |(Attributes)     : ALLOCATABLE, DIMENSION, host-associated
      |(Declaration)    : 
      |(Definition)     : 3392  3429
      |(Reference)      : 
     table_Efrw
      |(Class and Type) : module subroutine name
      |(Attributes)     : 
      |(Declaration)    : 
      |(Definition)     : 3378
      |(Reference)      : 3434
     vtr
      |(Class and Type) : variable name, REAL(8)
      |(Attributes)     : 
      |(Declaration)    : 3383
      |(Definition)     : 3413
      |(Reference)      : 3416
     X
      |(Class and Type) : variable name, REAL(8)
      |(Attributes)     : 
      |(Declaration)    : 3384
      |(Definition)     : 3394
      |(Reference)      : 3396  3398  3398  3398  3400  3400  3400  3400  3400  3400  3400  3400  3400  3400  3403  3403  3403  3403  3403  3403  3406  3406  3406  3406  3406  3406  3409  3409  3409  3409  3409  3409
     yc0
      |(Class and Type) : variable name, REAL(8)
      |(Attributes)     : 
      |(Declaration)    : 3384
      |(Definition)     : 3424
      |(Reference)      : 3425  3425
     z
      |(Class and Type) : variable name, REAL(8)
      |(Attributes)     : 
      |(Declaration)    : 3384
      |(Definition)     : 3422
      |(Reference)      : 3423  3423  3423  3423  3423  3423

 Scoping unit of module sub-program : table_Efsw
   Attribute and Cross reference of name
     ATAN
      |(Class and Type) : intrinsic function name, REAL(8)
      |(Attributes)     : PURE, ELEMENTAL
      |(Declaration)    : 
      |(Definition)     : 
      |(Reference)      : 3469
     am_r
      |(Class and Type) : named constant, REAL(8)
      |(Attributes)     : host-associated
      |(Declaration)    : 
      |(Definition)     : 
      |(Reference)      : 3455
     am_s
      |(Class and Type) : named constant, REAL(8)
      |(Attributes)     : host-associated
      |(Declaration)    : 
      |(Definition)     : 
      |(Reference)      : 3455
     av_s
      |(Class and Type) : named constant, REAL(8)
      |(Attributes)     : host-associated
      |(Declaration)    : 
      |(Definition)     : 
      |(Reference)      : 3454
     bm_s
      |(Class and Type) : named constant, REAL(8)
      |(Attributes)     : host-associated
      |(Declaration)    : 
      |(Definition)     : 
      |(Reference)      : 3455
     bv_s
      |(Class and Type) : named constant, REAL(8)
      |(Attributes)     : host-associated
      |(Declaration)    : 
      |(Definition)     : 
      |(Reference)      : 3454
     D0s
      |(Class and Type) : named constant, REAL(8)
      |(Attributes)     : host-associated
      |(Declaration)    : 
      |(Definition)     : 
      |(Reference)      : 3457
     DEXP
      |(Class and Type) : intrinsic function name, REAL(8)
      |(Attributes)     : PURE, ELEMENTAL
      |(Declaration)    : 
      |(Definition)     : 
      |(Reference)      : 3454  3466
     DLOG
      |(Class and Type) : intrinsic function name, REAL(8)
      |(Attributes)     : PURE, ELEMENTAL
      |(Declaration)    : 
      |(Definition)     : 
      |(Reference)      : 3464  3467
     Dc
      |(Class and Type) : variable name, REAL(8)
      |(Attributes)     : DIMENSION, host-associated
      |(Declaration)    : 
      |(Definition)     : 
      |(Reference)      : 3452  3452  3456  3457  3461  3461
     Ds
      |(Class and Type) : variable name, REAL(8)
      |(Attributes)     : DIMENSION, host-associated
      |(Declaration)    : 
      |(Definition)     : 
      |(Reference)      : 3454  3454  3455  3457
     Ds_m
      |(Class and Type) : variable name, REAL(8)
      |(Attributes)     : 
      |(Declaration)    : 3447
      |(Definition)     : 3455
      |(Reference)      : 3456  3461
     Ef_sw
      |(Class and Type) : variable name, REAL(8)
      |(Attributes)     : 
      |(Declaration)    : 3447
      |(Definition)     : 3470
      |(Reference)      : 3472
     F
      |(Class and Type) : variable name, REAL(8)
      |(Attributes)     : 
      |(Declaration)    : 3448
      |(Definition)     : 3464
      |(Reference)      : 3465  3465  3465
     fv_s
      |(Class and Type) : named constant, REAL(8)
      |(Attributes)     : host-associated
      |(Declaration)    : 
      |(Definition)     : 
      |(Reference)      : 3454
     G
      |(Class and Type) : variable name, REAL(8)
      |(Attributes)     : 
      |(Declaration)    : 3448
      |(Definition)     : 3465
      |(Reference)      : 3466
     H
      |(Class and Type) : variable name, REAL(8)
      |(Attributes)     : 
      |(Declaration)    : 3448
      |(Definition)     : 3468
      |(Reference)      : 3469
     i
      |(Class and Type) : variable name, INTEGER(4)
      |(Attributes)     : 
      |(Declaration)    : 3449
      |(Definition)     : 3453
      |(Reference)      : 3454  3454  3455  3457  3459  3472
     j
      |(Class and Type) : variable name, INTEGER(4)
      |(Attributes)     : 
      |(Declaration)    : 3449
      |(Definition)     : 3451
      |(Reference)      : 3452  3452  3456  3457  3459  3461  3461  3472
     K0
      |(Class and Type) : variable name, REAL(8)
      |(Attributes)     : 
      |(Declaration)    : 3448
      |(Definition)     : 3466
      |(Reference)      : 3467
     MAX
      |(Class and Type) : intrinsic function name, REAL(8)
      |(Attributes)     : PURE, ELEMENTAL
      |(Declaration)    : 
      |(Definition)     : 
      |(Reference)      : 3472
     MIN
      |(Class and Type) : intrinsic function name, REAL(8)
      |(Attributes)     : PURE, ELEMENTAL
      |(Declaration)    : 
      |(Definition)     : 
      |(Reference)      : 3472
     nbc
      |(Class and Type) : named constant, INTEGER(4)
      |(Attributes)     : host-associated
      |(Declaration)    : 
      |(Definition)     : 
      |(Reference)      : 3451
     nbs
      |(Class and Type) : named constant, INTEGER(4)
      |(Attributes)     : host-associated
      |(Declaration)    : 
      |(Definition)     : 
      |(Reference)      : 3453
     obmr
      |(Class and Type) : variable name, REAL(8)
      |(Attributes)     : host-associated
      |(Declaration)    : 
      |(Definition)     : 
      |(Reference)      : 3455
     PI
      |(Class and Type) : named constant, REAL(8)
      |(Attributes)     : host-associated
      |(Declaration)    : 
      |(Definition)     : 
      |(Reference)      : 3469
     p
      |(Class and Type) : variable name, REAL(8)
      |(Attributes)     : 
      |(Declaration)    : 3448
      |(Definition)     : 3456
      |(Reference)      : 3457  3462  3462  3470  3470  3470  3470
     reynolds
      |(Class and Type) : variable name, REAL(8)
      |(Attributes)     : 
      |(Declaration)    : 3447
      |(Definition)     : 3462
      |(Reference)      : 3464
     rho_w
      |(Class and Type) : named constant, REAL(8)
      |(Attributes)     : host-associated
      |(Declaration)    : 
      |(Definition)     : 
      |(Reference)      : 3461  3462
     SNGL
      |(Class and Type) : intrinsic function name, REAL(8)
      |(Attributes)     : PURE, ELEMENTAL
      |(Declaration)    : 
      |(Definition)     : 
      |(Reference)      : 3472
     stokes
      |(Class and Type) : variable name, REAL(8)
      |(Attributes)     : 
      |(Declaration)    : 3447
      |(Definition)     : 3461
      |(Reference)      : 3462  3467
     t_Efsw
      |(Class and Type) : variable name, REAL(8)
      |(Attributes)     : ALLOCATABLE, DIMENSION, host-associated
      |(Declaration)    : 
      |(Definition)     : 3459  3472
      |(Reference)      : 
     table_Efsw
      |(Class and Type) : module subroutine name
      |(Attributes)     : 
      |(Declaration)    : 
      |(Definition)     : 3442
      |(Reference)      : 3478
     vtc
      |(Class and Type) : variable name, REAL(8)
      |(Attributes)     : 
      |(Declaration)    : 3447
      |(Definition)     : 3452
      |(Reference)      : 3454
     vts
      |(Class and Type) : variable name, REAL(8)
      |(Attributes)     : 
      |(Declaration)    : 3447
      |(Definition)     : 3454
      |(Reference)      : 3457  3461
     yc0
      |(Class and Type) : variable name, REAL(8)
      |(Attributes)     : 
      |(Declaration)    : 3448
      |(Definition)     : 3469
      |(Reference)      : 3470  3470
     z
      |(Class and Type) : variable name, REAL(8)
      |(Attributes)     : 
      |(Declaration)    : 3448
      |(Definition)     : 3467
      |(Reference)      : 3468  3468  3468  3468  3468  3468

 Scoping unit of module sub-program : table_dropEvap
   Attribute and Cross reference of name
     am_r
      |(Class and Type) : named constant, REAL(8)
      |(Attributes)     : host-associated
      |(Declaration)    : 
      |(Definition)     : 
      |(Reference)      : 3498
     cre
      |(Class and Type) : variable name, REAL(8)
      |(Attributes)     : DIMENSION, host-associated
      |(Declaration)    : 
      |(Definition)     : 
      |(Reference)      : 3500  3501
     crg
      |(Class and Type) : variable name, REAL(8)
      |(Attributes)     : DIMENSION, host-associated
      |(Declaration)    : 
      |(Definition)     : 
      |(Reference)      : 3498  3499  3500  3501
     Dr
      |(Class and Type) : variable name, REAL(8)
      |(Attributes)     : DIMENSION, host-associated
      |(Declaration)    : 
      |(Definition)     : 
      |(Reference)      : 3504
     GAMMP
      |(Class and Type) : module function name, REAL(8)
      |(Attributes)     : 
      |(Declaration)    : 
      |(Definition)     : 
      |(Reference)      : 3505
     i
      |(Class and Type) : variable name, INTEGER(4)
      |(Attributes)     : 
      |(Declaration)    : 3494
      |(Definition)     : 3503
      |(Reference)      : 3504  3505
     j
      |(Class and Type) : variable name, INTEGER(4)
      |(Attributes)     : 
      |(Declaration)    : 3494
      |(Definition)     : 3497
      |(Reference)      : 3498  3500  3505
     k
      |(Class and Type) : variable name, INTEGER(4)
      |(Attributes)     : 
      |(Declaration)    : 3494
      |(Definition)     : 3496
      |(Reference)      : 3498  3505
     lam
      |(Class and Type) : variable name, REAL(8)
      |(Attributes)     : 
      |(Declaration)    : 3492
      |(Definition)     : 3499
      |(Reference)      : 3500  3501  3504
     lam_exp
      |(Class and Type) : variable name, REAL(8)
      |(Attributes)     : 
      |(Declaration)    : 3492
      |(Definition)     : 3498
      |(Reference)      : 3499  3500
     mu_r
      |(Class and Type) : named constant, REAL(8)
      |(Attributes)     : host-associated
      |(Declaration)    : 
      |(Definition)     : 
      |(Reference)      : 3505
     N0
      |(Class and Type) : variable name, REAL(8)
      |(Attributes)     : 
      |(Declaration)    : 3492
      |(Definition)     : 3500
      |(Reference)      : 3501
     N0r_exp
      |(Class and Type) : named constant, REAL(8)
      |(Attributes)     : DIMENSION, host-associated
      |(Declaration)    : 
      |(Definition)     : 
      |(Reference)      : 3498  3500
     Nt_r
      |(Class and Type) : variable name, REAL(8)
      |(Attributes)     : 
      |(Declaration)    : 3492
      |(Definition)     : 3501
      |(Reference)      : 3505
     nbr
      |(Class and Type) : named constant, INTEGER(4)
      |(Attributes)     : host-associated
      |(Declaration)    : 
      |(Definition)     : 
      |(Reference)      : 3503
     ntb_r
      |(Class and Type) : named constant, INTEGER(4)
      |(Attributes)     : host-associated
      |(Declaration)    : 
      |(Definition)     : 
      |(Reference)      : 3496
     ntb_r1
      |(Class and Type) : named constant, INTEGER(4)
      |(Attributes)     : host-associated
      |(Declaration)    : 
      |(Definition)     : 
      |(Reference)      : 3497
     obmr
      |(Class and Type) : variable name, REAL(8)
      |(Attributes)     : host-associated
      |(Declaration)    : 
      |(Definition)     : 
      |(Reference)      : 3499
     ore1
      |(Class and Type) : variable name, REAL(8)
      |(Attributes)     : host-associated
      |(Declaration)    : 
      |(Definition)     : 
      |(Reference)      : 3498
     org1
      |(Class and Type) : variable name, REAL(8)
      |(Attributes)     : host-associated
      |(Declaration)    : 
      |(Definition)     : 
      |(Reference)      : 3499
     org2
      |(Class and Type) : variable name, REAL(8)
      |(Attributes)     : host-associated
      |(Declaration)    : 
      |(Definition)     : 
      |(Reference)      : 3499
     r_r
      |(Class and Type) : named constant, REAL(8)
      |(Attributes)     : DIMENSION, host-associated
      |(Declaration)    : 
      |(Definition)     : 
      |(Reference)      : 3498
     table_dropEvap
      |(Class and Type) : module subroutine name
      |(Attributes)     : 
      |(Declaration)    : 
      |(Definition)     : 3487
      |(Reference)      : 3511
     tnr_rev
      |(Class and Type) : variable name, REAL(8)
      |(Attributes)     : ALLOCATABLE, DIMENSION, host-associated
      |(Declaration)    : 
      |(Definition)     : 3505
      |(Reference)      : 
     xlimit_intg
      |(Class and Type) : variable name, REAL(8)
      |(Attributes)     : 
      |(Declaration)    : 3493
      |(Definition)     : 3504
      |(Reference)      : 3505

 Scoping unit of module sub-program : GCF
   Attribute and Cross reference of name
     A
      |(Class and Type) : variable name, REAL(8)
      |(Attributes)     : INTENT(IN), dummy-argument
      |(Declaration)    : 3550  3560
      |(Definition)     : 
      |(Reference)      : 3564  3565  3570  3582
     ABS
      |(Class and Type) : intrinsic function name, REAL(8)
      |(Attributes)     : PURE, ELEMENTAL
      |(Declaration)    : 
      |(Definition)     : 
      |(Reference)      : 3573  3575  3579
     AN
      |(Class and Type) : variable name, REAL(8)
      |(Attributes)     : 
      |(Declaration)    : 3563
      |(Definition)     : 3570
      |(Reference)      : 3572  3574
     B
      |(Class and Type) : variable name, REAL(8)
      |(Attributes)     : 
      |(Declaration)    : 3563
      |(Definition)     : 3565  3571
      |(Reference)      : 3567  3571  3572  3574
     C
      |(Class and Type) : variable name, REAL(8)
      |(Attributes)     : 
      |(Declaration)    : 3563
      |(Definition)     : 3566  3574  3575
      |(Reference)      : 3574  3575  3577
     D
      |(Class and Type) : variable name, REAL(8)
      |(Attributes)     : 
      |(Declaration)    : 3563
      |(Definition)     : 3567  3572  3573  3576
      |(Reference)      : 3568  3572  3573  3576  3577
     DEL
      |(Class and Type) : variable name, REAL(8)
      |(Attributes)     : 
      |(Declaration)    : 3563
      |(Definition)     : 3577
      |(Reference)      : 3578  3579
     EXP
      |(Class and Type) : intrinsic function name, REAL(8)
      |(Attributes)     : PURE, ELEMENTAL
      |(Declaration)    : 
      |(Definition)     : 
      |(Reference)      : 3582
     FPMIN
      |(Class and Type) : named constant, REAL(8)
      |(Attributes)     : 
      |(Declaration)    : 3559
      |(Definition)     : 
      |(Reference)      : 3566  3573  3573  3575  3575
     GAMMCF
      |(Class and Type) : variable name, REAL(8)
      |(Attributes)     : dummy-argument
      |(Declaration)    : 3550  3561
      |(Definition)     : 3582
      |(Reference)      : 
     GAMMLN
      |(Class and Type) : module function name, REAL(8)
      |(Attributes)     : 
      |(Declaration)    : 
      |(Definition)     : 
      |(Reference)      : 3564
     GCF
      |(Class and Type) : module subroutine name
      |(Attributes)     : 
      |(Declaration)    : 
      |(Definition)     : 3550
      |(Reference)      : 3583
     GLN
      |(Class and Type) : variable name, REAL(8)
      |(Attributes)     : dummy-argument
      |(Declaration)    : 3550  3561
      |(Definition)     : 3564
      |(Reference)      : 3582
     gEPS
      |(Class and Type) : named constant, REAL(8)
      |(Attributes)     : 
      |(Declaration)    : 3558
      |(Definition)     : 
      |(Reference)      : 3579
     H
      |(Class and Type) : variable name, REAL(8)
      |(Attributes)     : 
      |(Declaration)    : 3563
      |(Definition)     : 3568  3578
      |(Reference)      : 3578  3582
     I
      |(Class and Type) : variable name, INTEGER(4)
      |(Attributes)     : 
      |(Declaration)    : 3562
      |(Definition)     : 3569
      |(Reference)      : 3570  3570
     ITMAX
      |(Class and Type) : named constant, INTEGER(4)
      |(Attributes)     : 
      |(Declaration)    : 3557
      |(Definition)     : 
      |(Reference)      : 3569
     LOG
      |(Class and Type) : intrinsic function name, REAL(8)
      |(Attributes)     : PURE, ELEMENTAL
      |(Declaration)    : 
      |(Definition)     : 
      |(Reference)      : 3582
     X
      |(Class and Type) : variable name, REAL(8)
      |(Attributes)     : INTENT(IN), dummy-argument
      |(Declaration)    : 3550  3560
      |(Definition)     : 
      |(Reference)      : 3565  3582  3582
   Cross reference of label
     (Label) (label-kind)               (line-no.)
     ------- ------------- ------------ ----------
          1  execution     (Definition) 3582  
                           (Reference)  3579
         11  execution     (Definition) 3580  
                           (Reference)  3569

 Scoping unit of module sub-program : GSER
   Attribute and Cross reference of name
     A
      |(Class and Type) : variable name, REAL(8)
      |(Attributes)     : INTENT(IN), dummy-argument
      |(Declaration)    : 3586  3594
      |(Definition)     : 
      |(Reference)      : 3598  3604  3605  3614
     ABS
      |(Class and Type) : intrinsic function name, REAL(8)
      |(Attributes)     : PURE, ELEMENTAL
      |(Declaration)    : 
      |(Definition)     : 
      |(Reference)      : 3611  3611
     AP
      |(Class and Type) : variable name, REAL(8)
      |(Attributes)     : 
      |(Declaration)    : 3597
      |(Definition)     : 3604  3608
      |(Reference)      : 3608  3609
     DEL
      |(Class and Type) : variable name, REAL(8)
      |(Attributes)     : 
      |(Declaration)    : 3597
      |(Definition)     : 3606  3609
      |(Reference)      : 3609  3610  3611
     EXP
      |(Class and Type) : intrinsic function name, REAL(8)
      |(Attributes)     : PURE, ELEMENTAL
      |(Declaration)    : 
      |(Definition)     : 
      |(Reference)      : 3614
     GAMMLN
      |(Class and Type) : module function name, REAL(8)
      |(Attributes)     : 
      |(Declaration)    : 
      |(Definition)     : 
      |(Reference)      : 3598
     GAMSER
      |(Class and Type) : variable name, REAL(8)
      |(Attributes)     : dummy-argument
      |(Declaration)    : 3586  3595
      |(Definition)     : 3601  3614
      |(Reference)      : 
     GLN
      |(Class and Type) : variable name, REAL(8)
      |(Attributes)     : dummy-argument
      |(Declaration)    : 3586  3595
      |(Definition)     : 3598
      |(Reference)      : 3614
     GSER
      |(Class and Type) : module subroutine name
      |(Attributes)     : 
      |(Declaration)    : 
      |(Definition)     : 3586
      |(Reference)      : 3615
     gEPS
      |(Class and Type) : named constant, REAL(8)
      |(Attributes)     : 
      |(Declaration)    : 3593
      |(Definition)     : 
      |(Reference)      : 3611
     ITMAX
      |(Class and Type) : named constant, INTEGER(4)
      |(Attributes)     : 
      |(Declaration)    : 3592
      |(Definition)     : 
      |(Reference)      : 3607
     LOG
      |(Class and Type) : intrinsic function name, REAL(8)
      |(Attributes)     : PURE, ELEMENTAL
      |(Declaration)    : 
      |(Definition)     : 
      |(Reference)      : 3614
     N
      |(Class and Type) : variable name, INTEGER(4)
      |(Attributes)     : 
      |(Declaration)    : 3596
      |(Definition)     : 3607
      |(Reference)      : 
     SUM
      |(Class and Type) : variable name, REAL(8)
      |(Attributes)     : 
      |(Declaration)    : 3597
      |(Definition)     : 3605  3610
      |(Reference)      : 3606  3610  3611  3614
     X
      |(Class and Type) : variable name, REAL(8)
      |(Attributes)     : INTENT(IN), dummy-argument
      |(Declaration)    : 3586  3594
      |(Definition)     : 
      |(Reference)      : 3599  3600  3609  3614  3614
   Cross reference of label
     (Label) (label-kind)               (line-no.)
     ------- ------------- ------------ ----------
          1  execution     (Definition) 3614  
                           (Reference)  3611
         11  execution     (Definition) 3612  
                           (Reference)  3607

 Scoping unit of module sub-program : GAMMLN
   Attribute and Cross reference of name
     COF
      |(Class and Type) : named constant, REAL(8)
      |(Attributes)     : DIMENSION
      |(Declaration)    : 3623
      |(Definition)     : 
      |(Reference)      : 3637
     GAMMLN
      |(Class and Type) : variable name, REAL(8)
      |(Attributes)     : result-value
      |(Declaration)    : 
      |(Definition)     : 3639
      |(Reference)      : 
     GAMMLN
      |(Class and Type) : module function name, REAL(8)
      |(Attributes)     : 
      |(Declaration)    : 
      |(Definition)     : 3618
      |(Reference)      : 3640
     J
      |(Class and Type) : variable name, INTEGER(4)
      |(Attributes)     : 
      |(Declaration)    : 3628
      |(Definition)     : 3635
      |(Reference)      : 3637
     LOG
      |(Class and Type) : intrinsic function name, REAL(8)
      |(Attributes)     : PURE, ELEMENTAL
      |(Declaration)    : 
      |(Definition)     : 
      |(Reference)      : 3633  3639
     SER
      |(Class and Type) : variable name, REAL(8)
      |(Attributes)     : 
      |(Declaration)    : 3627
      |(Definition)     : 3634  3637
      |(Reference)      : 3637  3639
     STP
      |(Class and Type) : named constant, REAL(8)
      |(Attributes)     : 
      |(Declaration)    : 3622
      |(Definition)     : 
      |(Reference)      : 3639
     TMP
      |(Class and Type) : variable name, REAL(8)
      |(Attributes)     : 
      |(Declaration)    : 3627
      |(Definition)     : 3632  3633
      |(Reference)      : 3633  3633  3639
     X
      |(Class and Type) : variable name, REAL(8)
      |(Attributes)     : 
      |(Declaration)    : 3627
      |(Definition)     : 3630
      |(Reference)      : 3631  3632  3633  3639
     XX
      |(Class and Type) : variable name, REAL(8)
      |(Attributes)     : INTENT(IN), dummy-argument
      |(Declaration)    : 3618  3621
      |(Definition)     : 
      |(Reference)      : 3630
     Y
      |(Class and Type) : variable name, REAL(8)
      |(Attributes)     : 
      |(Declaration)    : 3627
      |(Definition)     : 3631  3636
      |(Reference)      : 3636  3637
   Cross reference of label
     (Label) (label-kind)               (line-no.)
     ------- ------------- ------------ ----------
         11  execution     (Definition) 3638  
                           (Reference)  3635

 Scoping unit of module sub-program : GAMMP
   Attribute and Cross reference of name
     A
      |(Class and Type) : variable name, REAL(8)
      |(Attributes)     : INTENT(IN), dummy-argument
      |(Declaration)    : 3643  3648
      |(Definition)     : 
      |(Reference)      : 3651  3654  3655  3658
     GAMMCF
      |(Class and Type) : variable name, REAL(8)
      |(Attributes)     : 
      |(Declaration)    : 3649
      |(Definition)     : 3658
      |(Reference)      : 3659
     GAMMP
      |(Class and Type) : variable name, REAL(8)
      |(Attributes)     : result-value
      |(Declaration)    : 
      |(Definition)     : 3650  3656  3659
      |(Reference)      : 
     GAMMP
      |(Class and Type) : module function name, REAL(8)
      |(Attributes)     : 
      |(Declaration)    : 
      |(Definition)     : 3643
      |(Reference)      : 3661
     GAMSER
      |(Class and Type) : variable name, REAL(8)
      |(Attributes)     : 
      |(Declaration)    : 3649
      |(Definition)     : 3655
      |(Reference)      : 3656
     GCF
      |(Class and Type) : module subroutine name
      |(Attributes)     : 
      |(Declaration)    : 
      |(Definition)     : 
      |(Reference)      : 3658
     GLN
      |(Class and Type) : variable name, REAL(8)
      |(Attributes)     : 
      |(Declaration)    : 3649
      |(Definition)     : 3655  3658
      |(Reference)      : 
     GSER
      |(Class and Type) : module subroutine name
      |(Attributes)     : 
      |(Declaration)    : 
      |(Definition)     : 
      |(Reference)      : 3655
     X
      |(Class and Type) : variable name, REAL(8)
      |(Attributes)     : INTENT(IN), dummy-argument
      |(Declaration)    : 3643  3648
      |(Definition)     : 
      |(Reference)      : 3651  3654  3655  3658

 Scoping unit of module sub-program : WGAMMA
   Attribute and Cross reference of name
     EXP
      |(Class and Type) : intrinsic function name, REAL(8)
      |(Attributes)     : PURE, ELEMENTAL
      |(Declaration)    : 
      |(Definition)     : 
      |(Reference)      : 3669
     GAMMLN
      |(Class and Type) : module function name, REAL(8)
      |(Attributes)     : 
      |(Declaration)    : 
      |(Definition)     : 
      |(Reference)      : 3669
     WGAMMA
      |(Class and Type) : variable name, REAL(8)
      |(Attributes)     : result-value
      |(Declaration)    : 
      |(Definition)     : 3669
      |(Reference)      : 
     WGAMMA
      |(Class and Type) : module function name, REAL(8)
      |(Attributes)     : 
      |(Declaration)    : 
      |(Definition)     : 3664
      |(Reference)      : 3671
     y
      |(Class and Type) : variable name, REAL(8)
      |(Attributes)     : INTENT(IN), dummy-argument
      |(Declaration)    : 3664  3667
      |(Definition)     : 
      |(Reference)      : 3669

 Scoping unit of module sub-program : RSLF
   Attribute and Cross reference of name
     C0
      |(Class and Type) : named constant, REAL(8)
      |(Attributes)     : 
      |(Declaration)    : 3681
      |(Definition)     : 
      |(Reference)      : 3694
     C1
      |(Class and Type) : named constant, REAL(8)
      |(Attributes)     : 
      |(Declaration)    : 3682
      |(Definition)     : 
      |(Reference)      : 3694
     C2
      |(Class and Type) : named constant, REAL(8)
      |(Attributes)     : 
      |(Declaration)    : 3683
      |(Definition)     : 
      |(Reference)      : 3694
     C3
      |(Class and Type) : named constant, REAL(8)
      |(Attributes)     : 
      |(Declaration)    : 3684
      |(Definition)     : 
      |(Reference)      : 3694
     C4
      |(Class and Type) : named constant, REAL(8)
      |(Attributes)     : 
      |(Declaration)    : 3685
      |(Definition)     : 
      |(Reference)      : 3694
     C5
      |(Class and Type) : named constant, REAL(8)
      |(Attributes)     : 
      |(Declaration)    : 3686
      |(Definition)     : 
      |(Reference)      : 3694
     C6
      |(Class and Type) : named constant, REAL(8)
      |(Attributes)     : 
      |(Declaration)    : 3687
      |(Definition)     : 
      |(Reference)      : 3694
     C7
      |(Class and Type) : named constant, REAL(8)
      |(Attributes)     : 
      |(Declaration)    : 3688
      |(Definition)     : 
      |(Reference)      : 3694
     C8
      |(Class and Type) : named constant, REAL(8)
      |(Attributes)     : 
      |(Declaration)    : 3689
      |(Definition)     : 
      |(Reference)      : 3694
     ESL
      |(Class and Type) : variable name, REAL(8)
      |(Attributes)     : 
      |(Declaration)    : 3680
      |(Definition)     : 3694
      |(Reference)      : 3695  3695
     MAX
      |(Class and Type) : intrinsic function name, REAL(8)
      |(Attributes)     : PURE, ELEMENTAL
      |(Declaration)    : 
      |(Definition)     : 
      |(Reference)      : 3691
     P
      |(Class and Type) : variable name, REAL(8)
      |(Attributes)     : INTENT(IN), dummy-argument
      |(Declaration)    : 3676  3679
      |(Definition)     : 
      |(Reference)      : 3695
     RSLF
      |(Class and Type) : variable name, REAL(8)
      |(Attributes)     : result-value
      |(Declaration)    : 
      |(Definition)     : 3695
      |(Reference)      : 
     RSLF
      |(Class and Type) : module function name, REAL(8)
      |(Attributes)     : 
      |(Declaration)    : 
      |(Definition)     : 3676
      |(Reference)      : 3705
     T
      |(Class and Type) : variable name, REAL(8)
      |(Attributes)     : INTENT(IN), dummy-argument
      |(Declaration)    : 3676  3679
      |(Definition)     : 
      |(Reference)      : 3691
     X
      |(Class and Type) : variable name, REAL(8)
      |(Attributes)     : 
      |(Declaration)    : 3680
      |(Definition)     : 3691
      |(Reference)      : 3694  3694  3694  3694  3694  3694  3694  3694

 Scoping unit of module sub-program : RSIF
   Attribute and Cross reference of name
     C0
      |(Class and Type) : named constant, REAL(8)
      |(Attributes)     : 
      |(Declaration)    : 3715
      |(Definition)     : 
      |(Reference)      : 3726
     C1
      |(Class and Type) : named constant, REAL(8)
      |(Attributes)     : 
      |(Declaration)    : 3716
      |(Definition)     : 
      |(Reference)      : 3726
     C2
      |(Class and Type) : named constant, REAL(8)
      |(Attributes)     : 
      |(Declaration)    : 3717
      |(Definition)     : 
      |(Reference)      : 3726
     C3
      |(Class and Type) : named constant, REAL(8)
      |(Attributes)     : 
      |(Declaration)    : 3718
      |(Definition)     : 
      |(Reference)      : 3726
     C4
      |(Class and Type) : named constant, REAL(8)
      |(Attributes)     : 
      |(Declaration)    : 3719
      |(Definition)     : 
      |(Reference)      : 3726
     C5
      |(Class and Type) : named constant, REAL(8)
      |(Attributes)     : 
      |(Declaration)    : 3720
      |(Definition)     : 
      |(Reference)      : 3726
     C6
      |(Class and Type) : named constant, REAL(8)
      |(Attributes)     : 
      |(Declaration)    : 3721
      |(Definition)     : 
      |(Reference)      : 3726
     C7
      |(Class and Type) : named constant, REAL(8)
      |(Attributes)     : 
      |(Declaration)    : 3722
      |(Definition)     : 
      |(Reference)      : 3726
     C8
      |(Class and Type) : named constant, REAL(8)
      |(Attributes)     : 
      |(Declaration)    : 3723
      |(Definition)     : 
      |(Reference)      : 3726
     ESI
      |(Class and Type) : variable name, REAL(8)
      |(Attributes)     : 
      |(Declaration)    : 3714
      |(Definition)     : 3726
      |(Reference)      : 3727  3727
     MAX
      |(Class and Type) : intrinsic function name, REAL(8)
      |(Attributes)     : PURE, ELEMENTAL
      |(Declaration)    : 
      |(Definition)     : 
      |(Reference)      : 3725
     P
      |(Class and Type) : variable name, REAL(8)
      |(Attributes)     : INTENT(IN), dummy-argument
      |(Declaration)    : 3710  3713
      |(Definition)     : 
      |(Reference)      : 3727
     RSIF
      |(Class and Type) : variable name, REAL(8)
      |(Attributes)     : result-value
      |(Declaration)    : 
      |(Definition)     : 3727
      |(Reference)      : 
     RSIF
      |(Class and Type) : module function name, REAL(8)
      |(Attributes)     : 
      |(Declaration)    : 
      |(Definition)     : 3710
      |(Reference)      : 3735
     T
      |(Class and Type) : variable name, REAL(8)
      |(Attributes)     : INTENT(IN), dummy-argument
      |(Declaration)    : 3710  3713
      |(Definition)     : 
      |(Reference)      : 3725
     X
      |(Class and Type) : variable name, REAL(8)
      |(Attributes)     : 
      |(Declaration)    : 3714
      |(Definition)     : 3725
      |(Reference)      : 3726  3726  3726  3726  3726  3726  3726  3726

 Scoping unit of module sub-program : calc_refl10cm
   Attribute and Cross reference of name
     a_
      |(Class and Type) : variable name, REAL(8)
      |(Attributes)     : 
      |(Declaration)    : 3773
      |(Definition)     : 3846  3861  3874
      |(Reference)      : 3852  3866  3879
     am_g
      |(Class and Type) : named constant, REAL(8)
      |(Attributes)     : host-associated
      |(Declaration)    : 
      |(Definition)     : 
      |(Reference)      : 3899  3933  3933  3979
     am_r
      |(Class and Type) : named constant, REAL(8)
      |(Attributes)     : host-associated
      |(Declaration)    : 
      |(Definition)     : 
      |(Reference)      : 3802
     am_s
      |(Class and Type) : named constant, REAL(8)
      |(Attributes)     : host-associated
      |(Declaration)    : 
      |(Definition)     : 
      |(Reference)      : 3931  3931  3959
     b_
      |(Class and Type) : variable name, REAL(8)
      |(Attributes)     : 
      |(Declaration)    : 3773
      |(Definition)     : 3847  3862  3875
      |(Reference)      : 3852  3866  3879
     bm_g
      |(Class and Type) : named constant, REAL(8)
      |(Attributes)     : host-associated
      |(Declaration)    : 
      |(Definition)     : 
      |(Reference)      : 3979
     bm_s
      |(Class and Type) : named constant, REAL(8)
      |(Attributes)     : host-associated
      |(Declaration)    : 
      |(Definition)     : 
      |(Reference)      : 3838  3838  3841  3841  3841  3841  3841  3841  3841  3841  3841  3841  3847  3847  3847  3847  3847  3847  3847  3847  3847  3847  3959
     calc_refl10cm
      |(Class and Type) : module subroutine name
      |(Attributes)     : 
      |(Declaration)    : 
      |(Definition)     : 3747
      |(Reference)      : 4043
     cback
      |(Class and Type) : variable name, REAL(8)
      |(Attributes)     : 
      |(Declaration)    : 3780
      |(Definition)     : 3960  3980
      |(Reference)      : 3967  3986
     cge
      |(Class and Type) : variable name, REAL(8)
      |(Attributes)     : DIMENSION, host-associated
      |(Declaration)    : 
      |(Definition)     : 
      |(Reference)      : 3902  3933
     cgg
      |(Class and Type) : variable name, REAL(8)
      |(Attributes)     : DIMENSION, host-associated
      |(Declaration)    : 
      |(Definition)     : 
      |(Reference)      : 3899  3900  3902  3933
     cre
      |(Class and Type) : variable name, REAL(8)
      |(Attributes)     : DIMENSION, host-associated
      |(Declaration)    : 
      |(Definition)     : 
      |(Reference)      : 3804  3930
     crg
      |(Class and Type) : variable name, REAL(8)
      |(Attributes)     : DIMENSION, host-associated
      |(Declaration)    : 
      |(Definition)     : 
      |(Reference)      : 3802  3930
     cse
      |(Class and Type) : variable name, REAL(8)
      |(Attributes)     : DIMENSION, host-associated
      |(Declaration)    : 
      |(Definition)     : 
      |(Reference)      : 3856  3856  3856  3856  3856  3856  3856  3856  3856  3856  3862  3862  3862  3862  3862  3862  3862  3862  3862  3862  3869  3869  3869  3869  3869  3869  3869  3869  3869  3869  3875  3875  3875  3875  3875  3875  3875  3875  3875  3875
     DBLE
      |(Class and Type) : intrinsic function name, REAL(8)
      |(Attributes)     : PURE, ELEMENTAL
      |(Declaration)    : 
      |(Definition)     : 
      |(Reference)      : 3896  3896  3960  3960  3980  3980
     DEXP
      |(Class and Type) : intrinsic function name, REAL(8)
      |(Attributes)     : PURE, ELEMENTAL
      |(Declaration)    : 
      |(Definition)     : 
      |(Reference)      : 3965  3965  3985
     dBZ
      |(Class and Type) : variable name, REAL(8)
      |(Attributes)     : DIMENSION, INTENT(INOUT), dummy-argument
      |(Declaration)    : 3747  3756
      |(Definition)     : 3786  3995
      |(Reference)      : 
     dlog10
      |(Class and Type) : intrinsic function name, REAL(8)
      |(Attributes)     : PURE, ELEMENTAL
      |(Declaration)    : 
      |(Definition)     : 
      |(Reference)      : 3889  3893
     eta
      |(Class and Type) : variable name, REAL(8)
      |(Attributes)     : 
      |(Declaration)    : 3780
      |(Definition)     : 3952  3967  3976  3986
      |(Reference)      : 3967  3969  3986  3988
     f_d
      |(Class and Type) : variable name, REAL(8)
      |(Attributes)     : 
      |(Declaration)    : 3780
      |(Definition)     : 3965  3985
      |(Reference)      : 3967  3986
     fmelt_g
      |(Class and Type) : variable name, REAL(8)
      |(Attributes)     : 
      |(Declaration)    : 3774
      |(Definition)     : 3975
      |(Reference)      : 3980
     fmelt_s
      |(Class and Type) : variable name, REAL(8)
      |(Attributes)     : 
      |(Declaration)    : 3774
      |(Definition)     : 3951
      |(Reference)      : 3960
     gonv_max
      |(Class and Type) : named constant, REAL(8)
      |(Attributes)     : host-associated
      |(Declaration)    : 
      |(Definition)     : 
      |(Reference)      : 3886  3896
     gonv_min
      |(Class and Type) : named constant, REAL(8)
      |(Attributes)     : host-associated
      |(Declaration)    : 
      |(Definition)     : 
      |(Reference)      : 3896
     hostinclusionstring_g
      |(Class and Type) : variable name, CHARACTER(20,1)
      |(Attributes)     : host-associated
      |(Declaration)    : 
      |(Definition)     : 
      |(Reference)      : 3980
     hostinclusionstring_s
      |(Class and Type) : variable name, CHARACTER(20,1)
      |(Attributes)     : host-associated
      |(Declaration)    : 
      |(Definition)     : 
      |(Reference)      : 3960
     hostmatrixstring_g
      |(Class and Type) : variable name, CHARACTER(20,1)
      |(Attributes)     : host-associated
      |(Declaration)    : 
      |(Definition)     : 
      |(Reference)      : 3980
     hostmatrixstring_s
      |(Class and Type) : variable name, CHARACTER(20,1)
      |(Attributes)     : host-associated
      |(Declaration)    : 
      |(Definition)     : 
      |(Reference)      : 3960
     hoststring_g
      |(Class and Type) : variable name, CHARACTER(20,1)
      |(Attributes)     : host-associated
      |(Declaration)    : 
      |(Definition)     : 
      |(Reference)      : 3980
     hoststring_s
      |(Class and Type) : variable name, CHARACTER(20,1)
      |(Attributes)     : host-associated
      |(Declaration)    : 
      |(Definition)     : 
      |(Reference)      : 3960
     i
      |(Class and Type) : variable name, INTEGER(4)
      |(Attributes)     : 
      |(Declaration)    : 3776
      |(Definition)     : 
      |(Reference)      : 
     ii
      |(Class and Type) : variable name, INTEGER(4)
      |(Attributes)     : INTENT(IN), dummy-argument
      |(Declaration)    : 3747  3753
      |(Definition)     : 
      |(Reference)      : 
     iiwarm
      |(Class and Type) : named constant, LOGICAL(4)
      |(Attributes)     : host-associated
      |(Declaration)    : 
      |(Definition)     : 
      |(Reference)      : 3946
     ilamg
      |(Class and Type) : variable name, REAL(8)
      |(Attributes)     : DIMENSION
      |(Declaration)    : 3763
      |(Definition)     : 3901
      |(Reference)      : 3933  3977
     ilamr
      |(Class and Type) : variable name, REAL(8)
      |(Attributes)     : DIMENSION
      |(Declaration)    : 3763
      |(Definition)     : 3803
      |(Reference)      : 3805  3930
     ils1
      |(Class and Type) : variable name, REAL(8)
      |(Attributes)     : 
      |(Declaration)    : 3767
      |(Definition)     : 
      |(Reference)      : 
     ils2
      |(Class and Type) : variable name, REAL(8)
      |(Attributes)     : 
      |(Declaration)    : 3767
      |(Definition)     : 
      |(Reference)      : 
     inclusionstring_g
      |(Class and Type) : variable name, CHARACTER(20,1)
      |(Attributes)     : host-associated
      |(Declaration)    : 
      |(Definition)     : 
      |(Reference)      : 3980
     inclusionstring_s
      |(Class and Type) : variable name, CHARACTER(20,1)
      |(Attributes)     : host-associated
      |(Declaration)    : 
      |(Definition)     : 
      |(Reference)      : 3960
     K_w
      |(Class and Type) : variable name, REAL(8)
      |(Attributes)     : host-associated
      |(Declaration)    : 
      |(Definition)     : 
      |(Reference)      : 3969  3988
     Kap0
      |(Class and Type) : named constant, REAL(8)
      |(Attributes)     : host-associated
      |(Declaration)    : 
      |(Definition)     : 
      |(Reference)      : 3965
     Kap1
      |(Class and Type) : named constant, REAL(8)
      |(Attributes)     : host-associated
      |(Declaration)    : 
      |(Definition)     : 
      |(Reference)      : 3965
     k
      |(Class and Type) : variable name, INTEGER(4)
      |(Attributes)     : 
      |(Declaration)    : 3776
      |(Definition)     : 3785  3792  3832  3887  3910  3926  3947  3994
      |(Reference)      : 3786  3793  3793  3794  3794  3795  3795  3796  3796  3796  3796  3797  3797  3798  3798  3798  3799  3800  3800  3800  3801  3801  3801  3802  3802  3803  3804  3804  3805  3805  3806  3808  3809  3810  3811  3813  3814  3814  3814  3815  3817  3818  3820  3821  3821  3821  3822  3824  3825  3833  3834  3834  3839  3839  3852  3852  3866  3866  3879  3879  3888  3888  3888  3889  3893  3899  3901  3902  3911  3911  3911  3911  3913  3927  3928  3929  3930  3930  3930  3930  3931  3931  3931  3933  3933  3933  3933  3950  3951  3953  3954  3955  3969  3974  3975  3977  3985  3988  3995  3995  3995  3995
     k_0
      |(Class and Type) : variable name, INTEGER(4)
      |(Attributes)     : 
      |(Declaration)    : 3776
      |(Definition)     : 3909  3913
      |(Reference)      : 3913  3946  3947  3950  3951  3974  3975
     kbot
      |(Class and Type) : variable name, INTEGER(4)
      |(Attributes)     : 
      |(Declaration)    : 3776
      |(Definition)     : 
      |(Reference)      : 
     kte
      |(Class and Type) : variable name, INTEGER(4)
      |(Attributes)     : INTENT(IN), dummy-argument
      |(Declaration)    : 3747  3753
      |(Definition)     : 
      |(Reference)      : 3754  3754  3754  3754  3754  3754  3754  3754  3756  3760  3760  3760  3760  3760  3761  3761  3761  3761  3761  3763  3763  3763  3763  3764  3765  3765  3765  3765  3770  3770  3770  3778  3778  3778  3785  3792  3832  3887  3910  3926  3994
     kts
      |(Class and Type) : variable name, INTEGER(4)
      |(Attributes)     : INTENT(IN), dummy-argument
      |(Declaration)    : 3747  3753
      |(Definition)     : 
      |(Reference)      : 3754  3754  3754  3754  3754  3754  3754  3754  3756  3760  3760  3760  3760  3760  3761  3761  3761  3761  3761  3763  3763  3763  3763  3764  3765  3765  3765  3765  3770  3770  3770  3778  3778  3778  3785  3792  3832  3887  3909  3910  3926  3947  3994
     L_qg
      |(Class and Type) : variable name, LOGICAL(4)
      |(Attributes)     : DIMENSION
      |(Declaration)    : 3778
      |(Definition)     : 3822  3825
      |(Reference)      : 3911  3933  3974  3974
     L_qr
      |(Class and Type) : variable name, LOGICAL(4)
      |(Attributes)     : DIMENSION
      |(Declaration)    : 3778
      |(Definition)     : 3806  3811
      |(Reference)      : 3888  3911  3930
     L_qs
      |(Class and Type) : variable name, LOGICAL(4)
      |(Attributes)     : DIMENSION
      |(Declaration)    : 3778
      |(Definition)     : 3815  3818
      |(Reference)      : 3911  3931  3950  3950
     Lam0
      |(Class and Type) : named constant, REAL(8)
      |(Attributes)     : host-associated
      |(Declaration)    : 
      |(Definition)     : 
      |(Reference)      : 3956
     Lam1
      |(Class and Type) : named constant, REAL(8)
      |(Attributes)     : host-associated
      |(Declaration)    : 
      |(Definition)     : 
      |(Reference)      : 3957
     lam_exp
      |(Class and Type) : variable name, REAL(8)
      |(Attributes)     : 
      |(Declaration)    : 3772
      |(Definition)     : 3899
      |(Reference)      : 3900  3902
     lamda4
      |(Class and Type) : variable name, REAL(8)
      |(Attributes)     : host-associated
      |(Declaration)    : 
      |(Definition)     : 
      |(Reference)      : 3969  3988
     lamda_radar
      |(Class and Type) : named constant, REAL(8)
      |(Attributes)     : host-associated
      |(Declaration)    : 
      |(Definition)     : 
      |(Reference)      : 3960  3980
     lamg
      |(Class and Type) : variable name, REAL(8)
      |(Attributes)     : 
      |(Declaration)    : 3772
      |(Definition)     : 3900  3977
      |(Reference)      : 3901  3902  3985
     lamr
      |(Class and Type) : variable name, REAL(8)
      |(Attributes)     : 
      |(Declaration)    : 3772
      |(Definition)     : 3802
      |(Reference)      : 3803  3804
     log10
      |(Class and Type) : intrinsic function name, REAL(8)
      |(Attributes)     : PURE, ELEMENTAL
      |(Declaration)    : 
      |(Definition)     : 
      |(Reference)      : 3995
     loga_
      |(Class and Type) : variable name, REAL(8)
      |(Attributes)     : 
      |(Declaration)    : 3773
      |(Definition)     : 3841  3856  3869
      |(Reference)      : 3846  3861  3874
     M0
      |(Class and Type) : variable name, REAL(8)
      |(Attributes)     : 
      |(Declaration)    : 3766
      |(Definition)     : 3954
      |(Reference)      : 3955  3955  3955  3956  3957  3965
     MAX
      |(Class and Type) : intrinsic function name, REAL(8)
      |(Attributes)     : PURE, ELEMENTAL
      |(Declaration)    : 
      |(Definition)     : 
      |(Reference)      : 3794  3798  3801  3893  3896  3913  3951  3975
     MIN
      |(Class and Type) : intrinsic function name, REAL(8)
      |(Attributes)     : PURE, ELEMENTAL
      |(Declaration)    : 
      |(Definition)     : 
      |(Reference)      : 3833  3896  3897  3951  3975
     Mrat
      |(Class and Type) : variable name, REAL(8)
      |(Attributes)     : 
      |(Declaration)    : 3766
      |(Definition)     : 3955
      |(Reference)      : 3965
     m_i_0
      |(Class and Type) : variable name, COMPLEX(8)
      |(Attributes)     : host-associated
      |(Declaration)    : 
      |(Definition)     : 
      |(Reference)      : 3960  3980
     m_w_0
      |(Class and Type) : variable name, COMPLEX(8)
      |(Attributes)     : host-associated
      |(Declaration)    : 
      |(Definition)     : 
      |(Reference)      : 3960  3980
     matrixstring_g
      |(Class and Type) : variable name, CHARACTER(20,1)
      |(Attributes)     : host-associated
      |(Declaration)    : 
      |(Definition)     : 
      |(Reference)      : 3980
     matrixstring_s
      |(Class and Type) : variable name, CHARACTER(20,1)
      |(Attributes)     : host-associated
      |(Declaration)    : 
      |(Definition)     : 
      |(Reference)      : 3960
     melt_outside_g
      |(Class and Type) : named constant, REAL(8)
      |(Attributes)     : host-associated
      |(Declaration)    : 
      |(Definition)     : 
      |(Reference)      : 3980
     melt_outside_s
      |(Class and Type) : named constant, REAL(8)
      |(Attributes)     : host-associated
      |(Declaration)    : 
      |(Definition)     : 
      |(Reference)      : 3960
     melti
      |(Class and Type) : variable name, LOGICAL(4)
      |(Attributes)     : 
      |(Declaration)    : 3777
      |(Definition)     : 3908  3914
      |(Reference)      : 3946
     mixingrulestring_g
      |(Class and Type) : variable name, CHARACTER(20,1)
      |(Attributes)     : host-associated
      |(Declaration)    : 
      |(Definition)     : 
      |(Reference)      : 3980
     mixingrulestring_s
      |(Class and Type) : variable name, CHARACTER(20,1)
      |(Attributes)     : host-associated
      |(Declaration)    : 
      |(Definition)     : 
      |(Reference)      : 3960
     mu_g
      |(Class and Type) : named constant, REAL(8)
      |(Attributes)     : host-associated
      |(Declaration)    : 
      |(Definition)     : 
      |(Reference)      : 3985
     mu_r
      |(Class and Type) : named constant, REAL(8)
      |(Attributes)     : host-associated
      |(Declaration)    : 
      |(Definition)     : 
      |(Reference)      : 3805
     mu_s
      |(Class and Type) : named constant, REAL(8)
      |(Attributes)     : host-associated
      |(Declaration)    : 
      |(Definition)     : 
      |(Reference)      : 3965
     mvd_r
      |(Class and Type) : variable name, REAL(8)
      |(Attributes)     : DIMENSION
      |(Declaration)    : 3764
      |(Definition)     : 3805  3810
      |(Reference)      : 3888  3889
     N0_exp
      |(Class and Type) : variable name, REAL(8)
      |(Attributes)     : 
      |(Declaration)    : 3772
      |(Definition)     : 3895  3896  3898
      |(Reference)      : 3896  3897  3899  3902
     N0_g
      |(Class and Type) : variable name, REAL(8)
      |(Attributes)     : DIMENSION
      |(Declaration)    : 3763
      |(Definition)     : 3902
      |(Reference)      : 3933  3985
     N0_min
      |(Class and Type) : variable name, REAL(8)
      |(Attributes)     : 
      |(Declaration)    : 3772
      |(Definition)     : 3886  3897
      |(Reference)      : 3897  3898
     N0_r
      |(Class and Type) : variable name, REAL(8)
      |(Attributes)     : DIMENSION
      |(Declaration)    : 3763
      |(Definition)     : 3804
      |(Reference)      : 3930
     n
      |(Class and Type) : variable name, INTEGER(4)
      |(Attributes)     : 
      |(Declaration)    : 3776
      |(Definition)     : 3958  3978
      |(Reference)      : 3959  3965  3965  3965  3967  3967  3979  3985  3985  3986  3986
     nr
      |(Class and Type) : variable name, REAL(8)
      |(Attributes)     : DIMENSION
      |(Declaration)    : 3761
      |(Definition)     : 3801  3809
      |(Reference)      : 3802  3804
     nr1d
      |(Class and Type) : variable name, REAL(8)
      |(Attributes)     : DIMENSION, INTENT(IN), dummy-argument
      |(Declaration)    : 3747  3754
      |(Definition)     : 
      |(Reference)      : 3801
     nrbins
      |(Class and Type) : named constant, INTEGER(4)
      |(Attributes)     : host-associated
      |(Declaration)    : 
      |(Definition)     : 
      |(Reference)      : 3958  3978
     oM3
      |(Class and Type) : variable name, REAL(8)
      |(Attributes)     : 
      |(Declaration)    : 3766
      |(Definition)     : 3953
      |(Reference)      : 3954
     oams
      |(Class and Type) : variable name, REAL(8)
      |(Attributes)     : host-associated
      |(Declaration)    : 
      |(Definition)     : 
      |(Reference)      : 3834
     obmg
      |(Class and Type) : variable name, REAL(8)
      |(Attributes)     : host-associated
      |(Declaration)    : 
      |(Definition)     : 
      |(Reference)      : 3900  3980
     obmr
      |(Class and Type) : variable name, REAL(8)
      |(Attributes)     : host-associated
      |(Declaration)    : 
      |(Definition)     : 
      |(Reference)      : 3802
     obms
      |(Class and Type) : variable name, REAL(8)
      |(Attributes)     : host-associated
      |(Declaration)    : 
      |(Definition)     : 
      |(Reference)      : 3960
     ocmg
      |(Class and Type) : variable name, REAL(8)
      |(Attributes)     : host-associated
      |(Declaration)    : 
      |(Definition)     : 
      |(Reference)      : 3980
     ocms
      |(Class and Type) : variable name, REAL(8)
      |(Attributes)     : host-associated
      |(Declaration)    : 
      |(Definition)     : 
      |(Reference)      : 3960
     oge1
      |(Class and Type) : variable name, REAL(8)
      |(Attributes)     : host-associated
      |(Declaration)    : 
      |(Definition)     : 
      |(Reference)      : 3899
     ogg1
      |(Class and Type) : variable name, REAL(8)
      |(Attributes)     : host-associated
      |(Declaration)    : 
      |(Definition)     : 
      |(Reference)      : 3900
     ogg2
      |(Class and Type) : variable name, REAL(8)
      |(Attributes)     : host-associated
      |(Declaration)    : 
      |(Definition)     : 
      |(Reference)      : 3900
     org2
      |(Class and Type) : variable name, REAL(8)
      |(Attributes)     : host-associated
      |(Declaration)    : 
      |(Definition)     : 
      |(Reference)      : 3802  3804
     PI
      |(Class and Type) : named constant, REAL(8)
      |(Attributes)     : host-associated
      |(Declaration)    : 
      |(Definition)     : 
      |(Reference)      : 3931  3931  3933  3933
     PI5
      |(Class and Type) : variable name, REAL(8)
      |(Attributes)     : host-associated
      |(Declaration)    : 
      |(Definition)     : 
      |(Reference)      : 3969  3988
     p1d
      |(Class and Type) : variable name, REAL(8)
      |(Attributes)     : DIMENSION, INTENT(IN), dummy-argument
      |(Declaration)    : 3747  3754
      |(Definition)     : 
      |(Reference)      : 3795
     pres
      |(Class and Type) : variable name, REAL(8)
      |(Attributes)     : DIMENSION
      |(Declaration)    : 3760
      |(Definition)     : 3795
      |(Reference)      : 3796
     qc1d
      |(Class and Type) : variable name, REAL(8)
      |(Attributes)     : DIMENSION, INTENT(IN), dummy-argument
      |(Declaration)    : 3747  3754
      |(Definition)     : 
      |(Reference)      : 3798
     qg1d
      |(Class and Type) : variable name, REAL(8)
      |(Attributes)     : DIMENSION, INTENT(IN), dummy-argument
      |(Declaration)    : 3747  3754
      |(Definition)     : 
      |(Reference)      : 3820  3821
     qr1d
      |(Class and Type) : variable name, REAL(8)
      |(Attributes)     : DIMENSION, INTENT(IN), dummy-argument
      |(Declaration)    : 3747  3754
      |(Definition)     : 
      |(Reference)      : 3799  3800
     qs1d
      |(Class and Type) : variable name, REAL(8)
      |(Attributes)     : DIMENSION, INTENT(IN), dummy-argument
      |(Declaration)    : 3747  3754
      |(Definition)     : 
      |(Reference)      : 3813  3814
     qv
      |(Class and Type) : variable name, REAL(8)
      |(Attributes)     : DIMENSION
      |(Declaration)    : 3760
      |(Definition)     : 3794
      |(Reference)      : 3796
     qv1d
      |(Class and Type) : variable name, REAL(8)
      |(Attributes)     : DIMENSION, INTENT(IN), dummy-argument
      |(Declaration)    : 3747  3754
      |(Definition)     : 
      |(Reference)      : 3794
     R
      |(Class and Type) : named constant, REAL(8)
      |(Attributes)     : host-associated
      |(Declaration)    : 
      |(Definition)     : 
      |(Reference)      : 3796
     R1
      |(Class and Type) : named constant, REAL(8)
      |(Attributes)     : host-associated
      |(Declaration)    : 
      |(Definition)     : 
      |(Reference)      : 3798  3799  3808  3809  3817  3824
     R2
      |(Class and Type) : named constant, REAL(8)
      |(Attributes)     : host-associated
      |(Declaration)    : 
      |(Definition)     : 
      |(Reference)      : 3801  3813  3820
     rayleigh_soak_wetgraupel
      |(Class and Type) : module subroutine name
      |(Attributes)     : host-associated
      |(Declaration)    : 
      |(Definition)     : 
      |(Reference)      : 3960  3980
     rc
      |(Class and Type) : variable name, REAL(8)
      |(Attributes)     : DIMENSION
      |(Declaration)    : 3761
      |(Definition)     : 3798
      |(Reference)      : 
     rg
      |(Class and Type) : variable name, REAL(8)
      |(Attributes)     : DIMENSION
      |(Declaration)    : 3761
      |(Definition)     : 3821  3824
      |(Reference)      : 3893  3899  3975  3975
     rho
      |(Class and Type) : variable name, REAL(8)
      |(Attributes)     : DIMENSION
      |(Declaration)    : 3760
      |(Definition)     : 3796
      |(Reference)      : 3797  3798  3800  3801  3814  3821
     rho_not
      |(Class and Type) : named constant, REAL(8)
      |(Attributes)     : host-associated
      |(Declaration)    : 
      |(Definition)     : 
      |(Reference)      : 3797
     rhof
      |(Class and Type) : variable name, REAL(8)
      |(Attributes)     : DIMENSION
      |(Declaration)    : 3760
      |(Definition)     : 3797
      |(Reference)      : 
     rr
      |(Class and Type) : variable name, REAL(8)
      |(Attributes)     : DIMENSION
      |(Declaration)    : 3761
      |(Definition)     : 3800  3808
      |(Reference)      : 3802
     rs
      |(Class and Type) : variable name, REAL(8)
      |(Attributes)     : DIMENSION
      |(Declaration)    : 3761
      |(Definition)     : 3814  3817
      |(Reference)      : 3834  3951  3951
     SNGL
      |(Class and Type) : intrinsic function name, REAL(8)
      |(Attributes)     : PURE, ELEMENTAL
      |(Declaration)    : 
      |(Definition)     : 
      |(Reference)      : 3969  3988
     SQRT
      |(Class and Type) : intrinsic function name, REAL(8)
      |(Attributes)     : PURE, ELEMENTAL
      |(Declaration)    : 
      |(Definition)     : 
      |(Reference)      : 3797
     sa
      |(Class and Type) : named constant, REAL(8)
      |(Attributes)     : DIMENSION, host-associated
      |(Declaration)    : 
      |(Definition)     : 
      |(Reference)      : 3841  3841  3841  3841  3841  3841  3841  3841  3841  3841  3856  3856  3856  3856  3856  3856  3856  3856  3856  3856  3869  3869  3869  3869  3869  3869  3869  3869  3869  3869
     sb
      |(Class and Type) : named constant, REAL(8)
      |(Attributes)     : DIMENSION, host-associated
      |(Declaration)    : 
      |(Definition)     : 
      |(Reference)      : 3847  3847  3847  3847  3847  3847  3847  3847  3847  3847  3862  3862  3862  3862  3862  3862  3862  3862  3862  3862  3875  3875  3875  3875  3875  3875  3875  3875  3875  3875
     simpson
      |(Class and Type) : variable name, REAL(8)
      |(Attributes)     : DIMENSION, host-associated
      |(Declaration)    : 
      |(Definition)     : 
      |(Reference)      : 3967  3986
     slam1
      |(Class and Type) : variable name, REAL(8)
      |(Attributes)     : 
      |(Declaration)    : 3766
      |(Definition)     : 3956
      |(Reference)      : 3965
     slam2
      |(Class and Type) : variable name, REAL(8)
      |(Attributes)     : 
      |(Declaration)    : 3766
      |(Definition)     : 3957
      |(Reference)      : 3965
     smo2
      |(Class and Type) : variable name, REAL(8)
      |(Attributes)     : DIMENSION
      |(Declaration)    : 3765
      |(Definition)     : 3839  3852
      |(Reference)      : 3866  3879
     smob
      |(Class and Type) : variable name, REAL(8)
      |(Attributes)     : DIMENSION
      |(Declaration)    : 3765
      |(Definition)     : 3834
      |(Reference)      : 3839  3852  3954  3955
     smoc
      |(Class and Type) : variable name, REAL(8)
      |(Attributes)     : DIMENSION
      |(Declaration)    : 3765
      |(Definition)     : 3866
      |(Reference)      : 3953
     smoz
      |(Class and Type) : variable name, REAL(8)
      |(Attributes)     : DIMENSION
      |(Declaration)    : 3765
      |(Definition)     : 3879
      |(Reference)      : 3931
     t1_vts
      |(Class and Type) : variable name, REAL(8)
      |(Attributes)     : 
      |(Declaration)    : 3767
      |(Definition)     : 
      |(Reference)      : 
     t1d
      |(Class and Type) : variable name, REAL(8)
      |(Attributes)     : DIMENSION, INTENT(IN), dummy-argument
      |(Declaration)    : 3747  3754
      |(Definition)     : 
      |(Reference)      : 3793
     t2_vts
      |(Class and Type) : variable name, REAL(8)
      |(Attributes)     : 
      |(Declaration)    : 3767
      |(Definition)     : 
      |(Reference)      : 
     t3_vts
      |(Class and Type) : variable name, REAL(8)
      |(Attributes)     : 
      |(Declaration)    : 3767
      |(Definition)     : 
      |(Reference)      : 
     t4_vts
      |(Class and Type) : variable name, REAL(8)
      |(Attributes)     : 
      |(Declaration)    : 3767
      |(Definition)     : 
      |(Reference)      : 
     tc0
      |(Class and Type) : variable name, REAL(8)
      |(Attributes)     : 
      |(Declaration)    : 3773
      |(Definition)     : 3833
      |(Reference)      : 3841  3841  3841  3841  3841  3841  3841  3841  3841  3841  3847  3847  3847  3847  3847  3847  3847  3847  3847  3847  3856  3856  3856  3856  3856  3856  3856  3856  3856  3856  3862  3862  3862  3862  3862  3862  3862  3862  3862  3862  3869  3869  3869  3869  3869  3869  3869  3869  3869  3869  3875  3875  3875  3875  3875  3875  3875  3875  3875  3875
     temp
      |(Class and Type) : variable name, REAL(8)
      |(Attributes)     : DIMENSION
      |(Declaration)    : 3760
      |(Definition)     : 3793
      |(Reference)      : 3796  3833  3888  3911
     vtg_dbz_wt
      |(Class and Type) : variable name, REAL(8)
      |(Attributes)     : 
      |(Declaration)    : 3768
      |(Definition)     : 
      |(Reference)      : 
     vtr_dbz_wt
      |(Class and Type) : variable name, REAL(8)
      |(Attributes)     : 
      |(Declaration)    : 3768
      |(Definition)     : 
      |(Reference)      : 
     vts_dbz_wt
      |(Class and Type) : variable name, REAL(8)
      |(Attributes)     : 
      |(Declaration)    : 3768
      |(Definition)     : 
      |(Reference)      : 
     x
      |(Class and Type) : variable name, REAL(8)
      |(Attributes)     : 
      |(Declaration)    : 3780
      |(Definition)     : 3959  3979
      |(Reference)      : 3960  3980
     xDs
      |(Class and Type) : variable name, REAL(8)
      |(Attributes)     : 
      |(Declaration)    : 3766
      |(Definition)     : 
      |(Reference)      : 
     xdtg
      |(Class and Type) : variable name, REAL(8)
      |(Attributes)     : DIMENSION, host-associated
      |(Declaration)    : 
      |(Definition)     : 
      |(Reference)      : 3986
     xdts
      |(Class and Type) : variable name, REAL(8)
      |(Attributes)     : DIMENSION, host-associated
      |(Declaration)    : 
      |(Definition)     : 
      |(Reference)      : 3967
     xslw1
      |(Class and Type) : variable name, REAL(8)
      |(Attributes)     : 
      |(Declaration)    : 3781
      |(Definition)     : 3889  3891
      |(Reference)      : 3894  3894
     xxDg
      |(Class and Type) : variable name, REAL(8)
      |(Attributes)     : DIMENSION, host-associated
      |(Declaration)    : 
      |(Definition)     : 
      |(Reference)      : 3979  3985  3985
     xxDs
      |(Class and Type) : variable name, REAL(8)
      |(Attributes)     : DIMENSION, host-associated
      |(Declaration)    : 
      |(Definition)     : 
      |(Reference)      : 3959  3965  3965  3965
     ygra1
      |(Class and Type) : variable name, REAL(8)
      |(Attributes)     : 
      |(Declaration)    : 3781
      |(Definition)     : 3893
      |(Reference)      : 3894  3894  3894
     zans1
      |(Class and Type) : variable name, REAL(8)
      |(Attributes)     : 
      |(Declaration)    : 3781
      |(Definition)     : 3894
      |(Reference)      : 3895
     ze_graupel
      |(Class and Type) : variable name, REAL(8)
      |(Attributes)     : DIMENSION
      |(Declaration)    : 3770
      |(Definition)     : 3929  3933  3988
      |(Reference)      : 3995
     ze_rain
      |(Class and Type) : variable name, REAL(8)
      |(Attributes)     : DIMENSION
      |(Declaration)    : 3770
      |(Definition)     : 3927  3930
      |(Reference)      : 3995
     ze_snow
      |(Class and Type) : variable name, REAL(8)
      |(Attributes)     : DIMENSION
      |(Declaration)    : 3770
      |(Definition)     : 3928  3931  3969
      |(Reference)      : 3995
   Cross reference of label
     (Label) (label-kind)               (line-no.)
     ------- ------------- ------------ ----------
        195  execution     (Definition) 3918  
                           (Reference)  3915

 Scoping unit of module sub-program : calc_effectRad
   Attribute and Cross reference of name
     a_
      |(Class and Type) : variable name, REAL(8)
      |(Attributes)     : 
      |(Declaration)    : 4073
      |(Definition)     : 4141  4155
      |(Reference)      : 4147  4160
     am_i
      |(Class and Type) : named constant, REAL(8)
      |(Attributes)     : host-associated
      |(Declaration)    : 
      |(Definition)     : 
      |(Reference)      : 4120
     am_r
      |(Class and Type) : named constant, REAL(8)
      |(Attributes)     : host-associated
      |(Declaration)    : 
      |(Definition)     : 
      |(Reference)      : 4112
     b_
      |(Class and Type) : variable name, REAL(8)
      |(Attributes)     : 
      |(Declaration)    : 4073
      |(Definition)     : 4142  4156
      |(Reference)      : 4147  4160
     bm_s
      |(Class and Type) : named constant, REAL(8)
      |(Attributes)     : host-associated
      |(Declaration)    : 
      |(Definition)     : 
      |(Reference)      : 4133  4133  4136  4136  4136  4136  4136  4136  4136  4136  4136  4136  4142  4142  4142  4142  4142  4142  4142  4142  4142  4142
     calc_effectRad
      |(Class and Type) : module subroutine name
      |(Attributes)     : 
      |(Declaration)    : 
      |(Definition)     : 4058
      |(Reference)      : 4165
     cig
      |(Class and Type) : variable name, REAL(8)
      |(Attributes)     : DIMENSION, host-associated
      |(Declaration)    : 
      |(Definition)     : 
      |(Reference)      : 4120
     cse
      |(Class and Type) : variable name, REAL(8)
      |(Attributes)     : DIMENSION, host-associated
      |(Declaration)    : 
      |(Definition)     : 
      |(Reference)      : 4150  4150  4150  4150  4150  4150  4150  4150  4150  4150  4156  4156  4156  4156  4156  4156  4156  4156  4156  4156
     DBLE
      |(Class and Type) : intrinsic function name, REAL(8)
      |(Attributes)     : PURE, ELEMENTAL
      |(Declaration)    : 
      |(Definition)     : 
      |(Reference)      : 4113  4121
     g_ratio
      |(Class and Type) : named constant, REAL(8)
      |(Attributes)     : DIMENSION
      |(Declaration)    : 4077
      |(Definition)     : 
      |(Reference)      : 4112
     has_qc
      |(Class and Type) : variable name, LOGICAL(4)
      |(Attributes)     : 
      |(Declaration)    : 4075
      |(Definition)     : 4080  4094
      |(Reference)      : 4102
     has_qi
      |(Class and Type) : variable name, LOGICAL(4)
      |(Attributes)     : 
      |(Declaration)    : 4075
      |(Definition)     : 4081  4097
      |(Reference)      : 4117
     has_qs
      |(Class and Type) : variable name, LOGICAL(4)
      |(Attributes)     : 
      |(Declaration)    : 4075
      |(Definition)     : 4082  4099
      |(Reference)      : 4125
     inu_c
      |(Class and Type) : variable name, INTEGER(4)
      |(Attributes)     : 
      |(Declaration)    : 4076
      |(Definition)     : 4106  4108  4110
      |(Reference)      : 4112  4113
     islmski
      |(Class and Type) : variable name, INTEGER(4)
      |(Attributes)     : INTENT(IN), dummy-argument
      |(Declaration)    : 4058  4065
      |(Definition)     : 
      |(Reference)      : 4089
     k
      |(Class and Type) : variable name, INTEGER(4)
      |(Attributes)     : 
      |(Declaration)    : 4070
      |(Definition)     : 4086  4103  4118  4126
      |(Reference)      : 4087  4087  4087  4087  4088  4088  4088  4090  4092  4094  4094  4095  4095  4095  4096  4096  4096  4097  4097  4098  4098  4098  4099  4104  4104  4105  4107  4110  4112  4112  4113  4119  4119  4120  4120  4121  4127  4128  4129  4161
     kte
      |(Class and Type) : variable name, INTEGER(4)
      |(Attributes)     : INTENT(IN), dummy-argument
      |(Declaration)    : 4058  4064
      |(Definition)     : 
      |(Reference)      : 4066  4066  4066  4066  4066  4066  4066  4066  4068  4068  4068  4071  4071  4071  4071  4071  4071  4086  4103  4118  4126
     kts
      |(Class and Type) : variable name, INTEGER(4)
      |(Attributes)     : INTENT(IN), dummy-argument
      |(Declaration)    : 4058  4064
      |(Definition)     : 
      |(Reference)      : 4066  4066  4066  4066  4066  4066  4066  4066  4068  4068  4068  4071  4071  4071  4071  4071  4071  4086  4103  4118  4126
     lamc
      |(Class and Type) : variable name, REAL(8)
      |(Attributes)     : 
      |(Declaration)    : 4074
      |(Definition)     : 4112
      |(Reference)      : 4113
     lami
      |(Class and Type) : variable name, REAL(8)
      |(Attributes)     : 
      |(Declaration)    : 4074
      |(Definition)     : 4120
      |(Reference)      : 4121
     loga_
      |(Class and Type) : variable name, REAL(8)
      |(Attributes)     : 
      |(Declaration)    : 4073
      |(Definition)     : 4136  4150
      |(Reference)      : 4141  4155
     MAX
      |(Class and Type) : intrinsic function name, REAL(8)
      |(Attributes)     : PURE, ELEMENTAL
      |(Declaration)    : 
      |(Definition)     : 
      |(Reference)      : 4088  4095  4096  4098  4113  4121  4161
     MIN
      |(Class and Type) : intrinsic function name, REAL(8)
      |(Attributes)     : PURE, ELEMENTAL
      |(Declaration)    : 
      |(Definition)     : 
      |(Reference)      : 4110  4113  4121  4128  4161
     mu_i
      |(Class and Type) : named constant, REAL(8)
      |(Attributes)     : host-associated
      |(Declaration)    : 
      |(Definition)     : 
      |(Reference)      : 4121
     NINT
      |(Class and Type) : intrinsic function name, INTEGER(4)
      |(Attributes)     : PURE, ELEMENTAL
      |(Declaration)    : 
      |(Definition)     : 
      |(Reference)      : 4110
     Nt_cl
      |(Class and Type) : named constant, REAL(8)
      |(Attributes)     : host-associated
      |(Declaration)    : 
      |(Definition)     : 
      |(Reference)      : 4090
     Nt_co
      |(Class and Type) : named constant, REAL(8)
      |(Attributes)     : host-associated
      |(Declaration)    : 
      |(Definition)     : 
      |(Reference)      : 4092
     nc
      |(Class and Type) : variable name, REAL(8)
      |(Attributes)     : DIMENSION
      |(Declaration)    : 4071
      |(Definition)     : 4090  4092
      |(Reference)      : 4094  4104  4105  4107  4110  4112
     nc1d
      |(Class and Type) : variable name, REAL(8)
      |(Attributes)     : DIMENSION, INTENT(IN), dummy-argument
      |(Declaration)    : 4058  4066
      |(Definition)     : 
      |(Reference)      : 
     ni
      |(Class and Type) : variable name, REAL(8)
      |(Attributes)     : DIMENSION
      |(Declaration)    : 4071
      |(Definition)     : 4096
      |(Reference)      : 4097  4119  4120
     ni1d
      |(Class and Type) : variable name, REAL(8)
      |(Attributes)     : DIMENSION, INTENT(IN), dummy-argument
      |(Declaration)    : 4058  4066
      |(Definition)     : 
      |(Reference)      : 4096
     oams
      |(Class and Type) : variable name, REAL(8)
      |(Attributes)     : host-associated
      |(Declaration)    : 
      |(Definition)     : 
      |(Reference)      : 4129
     obmi
      |(Class and Type) : variable name, REAL(8)
      |(Attributes)     : host-associated
      |(Declaration)    : 
      |(Definition)     : 
      |(Reference)      : 4120
     obmr
      |(Class and Type) : variable name, REAL(8)
      |(Attributes)     : host-associated
      |(Declaration)    : 
      |(Definition)     : 
      |(Reference)      : 4112
     oig1
      |(Class and Type) : variable name, REAL(8)
      |(Attributes)     : host-associated
      |(Declaration)    : 
      |(Definition)     : 
      |(Reference)      : 4120
     p1d
      |(Class and Type) : variable name, REAL(8)
      |(Attributes)     : DIMENSION, INTENT(IN), dummy-argument
      |(Declaration)    : 4058  4066
      |(Definition)     : 
      |(Reference)      : 4087
     qc1d
      |(Class and Type) : variable name, REAL(8)
      |(Attributes)     : DIMENSION, INTENT(IN), dummy-argument
      |(Declaration)    : 4058  4066
      |(Definition)     : 
      |(Reference)      : 4088
     qi1d
      |(Class and Type) : variable name, REAL(8)
      |(Attributes)     : DIMENSION, INTENT(IN), dummy-argument
      |(Declaration)    : 4058  4066
      |(Definition)     : 
      |(Reference)      : 4095
     qs1d
      |(Class and Type) : variable name, REAL(8)
      |(Attributes)     : DIMENSION, INTENT(IN), dummy-argument
      |(Declaration)    : 4058  4066
      |(Definition)     : 
      |(Reference)      : 4098
     qv1d
      |(Class and Type) : variable name, REAL(8)
      |(Attributes)     : DIMENSION, INTENT(IN), dummy-argument
      |(Declaration)    : 4058  4066
      |(Definition)     : 
      |(Reference)      : 4087
     R
      |(Class and Type) : named constant, REAL(8)
      |(Attributes)     : host-associated
      |(Declaration)    : 
      |(Definition)     : 
      |(Reference)      : 4087
     R1
      |(Class and Type) : named constant, REAL(8)
      |(Attributes)     : host-associated
      |(Declaration)    : 
      |(Definition)     : 
      |(Reference)      : 4088  4094  4095  4097  4098  4099  4104  4119  4127
     R2
      |(Class and Type) : named constant, REAL(8)
      |(Attributes)     : host-associated
      |(Declaration)    : 
      |(Definition)     : 
      |(Reference)      : 4094  4096  4097  4104  4119
     rc
      |(Class and Type) : variable name, REAL(8)
      |(Attributes)     : DIMENSION
      |(Declaration)    : 4071
      |(Definition)     : 4088
      |(Reference)      : 4094  4104  4112
     re_qc1d
      |(Class and Type) : variable name, REAL(8)
      |(Attributes)     : DIMENSION, INTENT(INOUT), dummy-argument
      |(Declaration)    : 4058  4068
      |(Definition)     : 4113
      |(Reference)      : 
     re_qi1d
      |(Class and Type) : variable name, REAL(8)
      |(Attributes)     : DIMENSION, INTENT(INOUT), dummy-argument
      |(Declaration)    : 4058  4068
      |(Definition)     : 4121
      |(Reference)      : 
     re_qs1d
      |(Class and Type) : variable name, REAL(8)
      |(Attributes)     : DIMENSION, INTENT(INOUT), dummy-argument
      |(Declaration)    : 4058  4068
      |(Definition)     : 4161
      |(Reference)      : 
     rho
      |(Class and Type) : variable name, REAL(8)
      |(Attributes)     : DIMENSION
      |(Declaration)    : 4071
      |(Definition)     : 4087
      |(Reference)      : 4088  4095  4096  4098
     ri
      |(Class and Type) : variable name, REAL(8)
      |(Attributes)     : DIMENSION
      |(Declaration)    : 4071
      |(Definition)     : 4095
      |(Reference)      : 4097  4119  4120
     rs
      |(Class and Type) : variable name, REAL(8)
      |(Attributes)     : DIMENSION
      |(Declaration)    : 4071
      |(Definition)     : 4098
      |(Reference)      : 4099  4127  4129
     SNGL
      |(Class and Type) : intrinsic function name, REAL(8)
      |(Attributes)     : PURE, ELEMENTAL
      |(Declaration)    : 
      |(Definition)     : 
      |(Reference)      : 4113  4121
     sa
      |(Class and Type) : named constant, REAL(8)
      |(Attributes)     : DIMENSION, host-associated
      |(Declaration)    : 
      |(Definition)     : 
      |(Reference)      : 4136  4136  4136  4136  4136  4136  4136  4136  4136  4136  4150  4150  4150  4150  4150  4150  4150  4150  4150  4150
     sb
      |(Class and Type) : named constant, REAL(8)
      |(Attributes)     : DIMENSION, host-associated
      |(Declaration)    : 
      |(Definition)     : 
      |(Reference)      : 4142  4142  4142  4142  4142  4142  4142  4142  4142  4142  4156  4156  4156  4156  4156  4156  4156  4156  4156  4156
     smo2
      |(Class and Type) : variable name, REAL(8)
      |(Attributes)     : 
      |(Declaration)    : 4072
      |(Definition)     : 4134  4147
      |(Reference)      : 4160
     smob
      |(Class and Type) : variable name, REAL(8)
      |(Attributes)     : 
      |(Declaration)    : 4072
      |(Definition)     : 4129
      |(Reference)      : 4134  4147  4161
     smoc
      |(Class and Type) : variable name, REAL(8)
      |(Attributes)     : 
      |(Declaration)    : 4072
      |(Definition)     : 4160
      |(Reference)      : 4161
     t1d
      |(Class and Type) : variable name, REAL(8)
      |(Attributes)     : DIMENSION, INTENT(IN), dummy-argument
      |(Declaration)    : 4058  4066
      |(Definition)     : 
      |(Reference)      : 4087  4128
     tc0
      |(Class and Type) : variable name, REAL(8)
      |(Attributes)     : 
      |(Declaration)    : 4073
      |(Definition)     : 4128
      |(Reference)      : 4136  4136  4136  4136  4136  4136  4136  4136  4136  4136  4142  4142  4142  4142  4142  4142  4142  4142  4142  4142  4150  4150  4150  4150  4150  4150  4150  4150  4150  4150  4156  4156  4156  4156  4156  4156  4156  4156  4156  4156

 Total information
   Procedures       : 1
   Total lines      : 4170
   Total statements : 2557
   Total stack(byte): 500912
   Total prefetch num: 306

