
 Fujitsu Fortran Version 4.6.1  Thu Dec 28 15:29:12 2023

 Compilation information
   Current directory : /IFS/nwpr/gfs/xb169/code_update/tco639l72_sp/src_rsm
   Source file       : moninedmf.f90

 Option information
   Command line options : -Kident_mpi -f2004 -c -X9 -Free -CcdRR8 -Cpp -Kfast,parallel,openmp,ocl,autoobjstack -x- -fw -Knofp_relaxed -SSL2BLAMP -Kopenmp,parallel -DTIMING -DUSE_FFTW -DW3TAG -DGFDLMP_v2 -DSP -Ec -Nlst=a,lst=d,lst=i,lst=p,lst=t,lst=x -Koptmsg=2 -I. -I/users/xa09/pkg/fx1000/fftw-3.3.10/include -I/package/fx1000/netcdf-4.7.4/include -I/package/fx1000/g2lib-1.4.0_cwb/include -L/package/fx1000/netcdf-4.7.4/lib -lnetcdff -lnetcdf -L/package/fx1000/hdf5-1.10.7/lib -lhdf5_hl -lhdf5 -L/package/fx1000/dms/lib -lrdms -lgdbm -L/package/fx1000/operlib/lib -lnwp -L/users/xa09/pkg/fx1000/fftw-3.3.10/lib -lfftw3f_threads -lfftw3f -lfftw3_threads -lfftw3 -SSL2BLAMP -L/package/fx1000/g2lib-1.4.0_cwb/lib -lg2 -L/package/fx1000/libpng-1.6.37/lib -lpng -L/package/fx1000/jasper-1.900.1/lib -ljasper -I/opt/FJSVxtclanga/.common/MELI025/include/mpi/fujitsu -I/opt/FJSVxtclanga/.common/MELI025/lib64 -Knointentopt
   Cpp options          : -DTIMING -DUSE_FFTW -DW3TAG -DGFDLMP_v2 -DSP -I. -I/users/xa09/pkg/fx1000/fftw-3.3.10/include -I/package/fx1000/netcdf-4.7.4/include -I/package/fx1000/g2lib-1.4.0_cwb/include -I/opt/FJSVxtclanga/.common/MELI025/include/mpi/fujitsu -I/opt/FJSVxtclanga/.common/MELI025/lib64 -Dunix -Dlinux -D__FUJITSU -D__FRT_major__=4 -D__FRT_minor__=6 -D__FRT_patchlevel__=1 -D__FRT_version__="4.6.1" -D__aarch64__ -D__unix -D_OPENMP=201511 -D__frt_version=800 -D__ARM_ARCH=8 -D__ARM_FEATURE_SVE -D__ELF__ -D__unix__ -D__linux__ -D__linux -Asystem(unix) -otmp
   Effective options    : -fw -g0 -AE -Ec -Free -O3 -X9
                          -CcdRR8 -x- -xaccept=nomodule_allocatable
                          -KA64FX -KARMV8_3_A -KSVE -Kalign_commons
                          -Kalign_loops -Knoarray_declaration_opt
                          -Kassume=noshortloop -Kassume=nomemory_bandwidth
                          -Kassume=notime_saving_compilation -Kauto
                          -Kautoobjstack -Knocalleralloc -Kcmodel=small
                          -Keval -Keval_noconcurrent -Knoextract_stride_store
                          -Knofenv_access -Kfp_contract -Knofp_relaxed
                          -Kfsimple -Kfz -Khpctag -Kilfunc=procedure
                          -Knointentopt -Klargepage -Kloop_blocking
                          -Kloop_fission -Kloop_nofission_stripmining
                          -Kloop_fission_threshold=50 -Kloop_fusion
                          -Kloop_interchange -Kloop_part_parallel
                          -Kloop_part_simd -Kloop_perfect_nest
                          -Kloop_noversioning -Knolto -Kmfunc=1 -Kocl
                          -Komitfp -Knooptlib_string -Koptmsg=2
                          -Knopc_relative_literal_loads -Kplt -Knopreex
                          -Kprefetch_noconditional -Kprefetch_noindirect
                          -Kprefetch_sequential=auto -Kprefetch_nostride
                          -Kprefetch_cache_level=all -Kprefetch_noinfer
                          -Kprefetch_strong -Kprefetch_strong_L2 -Knopreload
                          -Ksch_post_ra -Ksch_pre_ra -Ksibling_calls
                          -Ksimd=auto -Ksimd_packed_promotion
                          -Ksimd_reduction_product -Ksimd_reg_size=512
                          -Ksimd_nouncounted_loop
                          -Ksimd_use_multiple_structures -Knostriping
                          -Knosubscript_opt -Kswp -Kswp_freg_rate=100
                          -Kswp_ireg_rate=100 -Kswp_preg_rate=100
                          -Kswp_policy=auto -Ktemparraystack -Kunroll
                          -Knounroll_and_jam -Knozfill
                          -Kopenmp -Kopenmp_noassume_norecurrence
                          -Kopenmp_nocollapse_except_innermost
                          -Kopenmp_noordered_reduction -Knoopenmp_simd
                          -Kthreadsafe -Kparallel -Kparallel_nofp_precision
                          -Knoarray_private -Knodynamic_iteration -Kreduction
                          -Kregion_extension
                          -Nallextput -Nnoalloc_assign
                          -Ncancel_overtime_compilation -Nnocheck_global
                          -Nnocoarray -Nnocompdisp -Nnocopyarg -Nnocoverage
                          -Nfjprof -Nfreealloc -Nf90move -Nnohook_func
                          -Nnohook_time -Nlibomp -Nline -Nlst -Nlst=a -Nlst=d
                          -Nlst=i -Nlst=p -Nlst=t -Nlst=x -Nnomallocfree
                          -Nnoobsfun -Nnoprivatealloc -Nquickdbg=noargchk
                          -Nquickdbg=nosubchk -Nquickdbg=noundef -NRnotrap
                          -Nnorecursive -Nnoreordered_variable_stack
                          -Nrt_notune -Nnosave -Nsetvalue=noheap
                          -Nsetvalue=nostack -Nsetvalue=noscalar
                          -Nsetvalue=noarray -Nsetvalue=nostruct -Nuse_rodata

 External subroutine subprogram "moninedmf"
  (inc)(line-no.)(nest)(optimize)
               1                     !> \file moninedmf.f
               2                     !!  Contains most of the hybrid eddy-diffusivity mass-flux scheme except for the
               3                     !!  subroutine that calculates the mass flux and updraft properties.
               4                     
               5                     !> \defgroup PBL Hybrid Eddy-diffusivity Mass-flux Scheme
               6                     !! @{
               7                     !!  \brief The Hybrid EDMF scheme is a first-order turbulent transport scheme used for subgrid-scale vertical turbulent mixing in the PBL and above. It blends the traditional first-order approach that has been used and improved over the last several years
               8                     !!
               9                     !!  The PBL scheme's main task is to calculate tendencies of temperature, moisture, and momentum due to vertical diffusion throughout the column (not just the PBL). The scheme is an amalgamation of decades of work, starting from the initial first-order PB
              10                     !!
              11                     !!  \section diagram Calling Hierarchy Diagram
              12                     !!  \image html Hybrid_EDMF_Flowchart.png "Diagram depicting how the Hybrid EDMF PBL scheme is called from the GSM physics time loop" height=2cm
              13                     !!  \section intraphysics Intraphysics Communication
              14                     !!  This space is reserved for a description of how this scheme uses information from other scheme types and/or how information calculated in this scheme is used in other scheme types.
              15                     
              16                     !>  \brief This subroutine contains all of logic for the Hybrid EDMF PBL scheme except for the calculation of the updraft properties and mass flux.
              17                     !!
              18                     !!  The scheme works on a basic level by calculating background diffusion coefficients and updating them according to which processes are occurring in the column. The most important difference in diffusion coefficients occurs between those levels in the P
              19                     !!
              20                     !!  \param[in] ix horizontal dimension
              21                     !!  \param[in] im number of used points
              22                     !!  \param[in] km vertical layer dimension
              23                     !!  \param[in] ntrac number of tracers
              24                     !!  \param[in] ntcw cloud condensate index in the tracer array
              25                     !!  \param[in,out] dv v-momentum tendency (\f$ m s^{-2} \f$)
              26                     !!  \param[in,out] du u-momentum tendency (\f$ m s^{-2} \f$)
              27                     !!  \param[in,out] tau temperature tendency (\f$ K s^{-1} \f$)
              28                     !!  \param[in,out] rtg moisture tendency (\f$ kg kg^{-1} s^{-1} \f$)
              29                     !!  \param[in] u1 u component of layer wind (\f$ m s^{-1} \f$)
              30                     !!  \param[in] v1 v component of layer wind (\f$ m s^{-1} \f$)
              31                     !!  \param[in] t1 layer mean temperature (\f$ K \f$)
              32                     !!  \param[in] q1 layer mean tracer concentration (units?)
              33                     !!  \param[in] swh total sky shortwave heating rate (\f$ K s^-1 \f$)
              34                     !!  \param[in] hlw total sky longwave heating rate (\f$ K s^-1 \f$)
              35                     !!  \param[in] xmu time step zenith angle adjust factor for shortwave
              36                     !!  \param[in] psk Exner function at surface interface?
              37                     !!  \param[in] rbsoil surface bulk Richardson number
              38                     !!  \param[in] zorl surface roughness (units?)
              39                     !!  \param[in] u10m 10-m u wind (\f$ m s^{-1} \f$)
              40                     !!  \param[in] v10m 10-m v wind (\f$ m s^{-1} \f$)
              41                     !!  \param[in] fm fm parameter from PBL scheme
              42                     !!  \param[in] fh fh parameter from PBL scheme
              43                     !!  \param[in] tsea ground surface temperature (K)
              44                     !!  \param[in] qss surface saturation humidity (units?)
              45                     !!  \param[in] heat surface sensible heat flux (units?)
              46                     !!  \param[in] evap evaporation from latent heat flux (units?)
              47                     !!  \param[in] stress surface wind stress? (\f$ cm*v^2\f$ in sfc_diff subroutine) (units?)
              48                     !!  \param[in] spd1 surface wind speed? (units?)
              49                     !!  \param[out] kpbl PBL top index
              50                     !!  \param[in] prsi pressure at layer interfaces (units?)
              51                     !!  \param[in] del pressure difference between level k and k+1 (units?)
              52                     !!  \param[in] prsl mean layer pressure (units?)
              53                     !!  \param[in] prslk Exner function at layer
              54                     !!  \param[in] phii interface geopotential height (units?)
              55                     !!  \param[in] phil layer geopotential height (units?)
              56                     !!  \param[in] delt physics time step (s)
              57                     !!  \param[in] dspheat flag for TKE dissipative heating
              58                     !!  \param[out] dusfc surface u-momentum tendency (units?)
              59                     !!  \param[out] dvsfc surface v-momentum tendency (units?)
              60                     !!  \param[out] dtsfc surface temperature tendency (units?)
              61                     !!  \param[out] dqsfc surface moisture tendency (units?)
              62                     !!  \param[out] hpbl PBL top height (m)
              63                     !!  \param[out] hgamt counter gradient mixing term for temperature (units?)
              64                     !!  \param[out] hgamq counter gradient mixing term for moisture (units?)
              65                     !!  \param[out] dkt diffusion coefficient for temperature (units?)
              66                     !!  \param[in] kinver index location of temperature inversion
              67                     !!  \param[in] xkzm_m background vertical diffusion coefficient for momentum (units?)
              68                     !!  \param[in] xkzm_h background vertical diffusion coefficeint for heat, moisture (units?)
              69                     !!  \param[in] xkzm_s sigma threshold for background momentum diffusion (units?)
              70                     !!  \param[in] lprnt flag to print some output
              71                     !!  \param[in] ipr index of point to print
              72                     !!
              73                     !!  \section general General Algorithm
              74                     !!  -# Compute preliminary variables from input arguments.
              75                     !!  -# Calculate the first estimate of the PBL height ("Predictor step").
              76                     !!  -# Calculate Monin-Obukhov similarity parameters.
              77                     !!  -# Update thermal properties of surface parcel and recompute PBL height ("Corrector step").
              78                     !!  -# Determine whether stratocumulus layers exist and compute quantities needed for enhanced diffusion.
              79                     !!  -# Calculate the inverse Prandtl number.
              80                     !!  -# Compute diffusion coefficients below the PBL top.
              81                     !!  -# Compute diffusion coefficients above the PBL top.
              82                     !!  -# If the PBL is convective, call the mass flux scheme to replace the countergradient terms.
              83                     !!  -# Compute enhanced diffusion coefficients related to stratocumulus-topped PBLs.
              84                     !!  -# Solve for the temperature and moisture tendencies due to vertical mixing.
              85                     !!  -# Calculate heating due to TKE dissipation and add to the tendency for temperature.
              86                     !!  -# Solve for the horizontal momentum tendencies and add them to output tendency terms.
              87                     !!  \section detailed Detailed Algorithm
              88                     !!  @{
              89                           subroutine moninedmf(ix,im,km,ntrac,ntcw,                         &
              90                              u1,v1,t1,q1,swh,hlw,xmu,                                       &
              91                              psk,rbsoil,zorl,u10m,v10m,fm,fh,                               &
              92                              tsea,heat,evap,stress,spd1,kpbl,                               &
              93                              prsi,del,prsl,prslk,phii,phil,delt,hpbl)
              94                     !
              95                           use machine  , only : kind_phys
              96                           use physcons, grav => con_g, rd => con_rd, cp => con_cp &
              97                           ,             hvap => con_hvap, fv => con_fvirt
              98                           use const    , only : RTYPE
              99                           implicit none
             100                     !
             101                     !     arguments
             102                     !
             103                           logical lprnt
             104                           integer ipr
             105                           integer ix, im, km, ntrac, ntcw, kpbl(im), kinver(im)
             106                     !
             107                           real(kind=kind_phys) delt, xkzm_m, xkzm_h, xkzm_s
             108                           real(kind=kind_phys) dv(im,km),     du(im,km),                    &
             109                                                tau(im,km),    rtg(im,km,ntrac),             &
             110                                                u1(ix,km),     v1(ix,km),                    &
             111                                                t1(ix,km),     q1(ix,km,ntrac),              &
             112                                                swh(ix,km),    hlw(ix,km),                   &
             113                                                xmu(im),                                     &
             114                                                rbsoil(im),    zorl(im),                     &
             115                                                u10m(im),      v10m(im),                     &
             116                                                fm(im),        fh(im),                       &
             117                                                tsea(im),                                    &
             118                                                               spd1(im),                     &
             119                                                prsi(ix,km+1), del(ix,km),                   &
             120                                                prsl(ix,km),   prslk(ix,km),                 &
             121                                                phii(ix,km+1), phil(ix,km),                  &
             122                                                dusfc(im),     dvsfc(im),                    &
             123                                                dtsfc(im),     dqsfc(im),                    &
             124                                                hpbl(im),      hpblx(im),                    &
             125                                                hgamt(im),     hgamq(im)
             126                           real(kind=RTYPE)     psk(im)
             127                     !
             128                           logical dspheat
             129                     !          flag for tke dissipative heating
             130                     !
             131                     !    locals
             132                     !
             133                           integer i,iprt,is,iun,k,kk,km1,kmpbl,latd,lond
             134                           integer lcld(im),icld(im),kcld(im),krad(im)
             135                           integer kx1(im), kpblx(im)
             136                     !
             137                     !     real(kind=kind_phys) betaq(im), betat(im),   betaw(im),
             138                           real(kind=kind_phys) evap(im),  heat(im),    phih(im),            &
             139                                                phim(im),  rbdn(im),    rbup(im),            &
             140                                                stress(im),beta(im),    sflux(im),           &
             141                                                z0(im),    crb(im),     wstar(im),           &
             142                                                zol(im),   ustmin(im),  ustar(im),           &
             143                                                thermal(im),wscale(im), wscaleu(im)
             144                     !
             145                           real(kind=kind_phys) theta(im,km),thvx(im,km),  thlvx(im,km),     &
             146                                                qlx(im,km),  thetae(im,km),                  &
             147                                                qtx(im,km),  bf(im,km-1),  diss(im,km),      &
             148                                                radx(im,km-1),                               &
             149                                                govrth(im),  hrad(im),                       &
             150                     !    &                     hradm(im),   radmin(im),   vrad(im),         &
             151                                                radmin(im),  vrad(im),                       &
             152                                                zd(im),      zdd(im),      thlvx1(im)
             153                     !
             154                           real(kind=kind_phys) rdzt(im,km-1),dktx(im,km-1),                 &
             155                                                zi(im,km+1),  zl(im,km),    xkzo(im,km-1),   &
             156                                                dku(im,km-1), dkt(im,km-1), xkzmo(im,km-1),  &
             157                                                cku(im,km-1), ckt(im,km-1),                  &
             158                                                ti(im,km-1),  shr2(im,km-1),                 &
             159                                                al(im,km-1),  ad(im,km),                     &
             160                                                au(im,km-1),  a1(im,km),                     &
             161                                                a2(im,km*ntrac)
             162                     !
             163                           real(kind=kind_phys) tcko(im,km),  qcko(im,km,ntrac),             &
             164                                                ucko(im,km),  vcko(im,km),  xmf(im,km)
             165                     !
             166                           real(kind=kind_phys) prinv(im), rent(im)
             167                     !
             168                           logical  pblflg(im), sfcflg(im), scuflg(im), flg(im)
             169                           logical  ublflg(im), pcnvflg(im)
             170                     !
             171                     !  pcnvflg: true for convective(strongly unstable) pbl
             172                     !  ublflg: true for unstable but not convective(strongly unstable) pbl
             173                     !
             174                           real(kind=kind_phys) aphi16,  aphi5,  bvf2,   wfac, &
             175                                                cfac,    conq,   cont,   conw, &
             176                                                dk,      dkmax,  dkmin, &
             177                                                dq1,     dsdz2,  dsdzq,  dsdzt, &
             178                                                dsdzu,   dsdzv, &
             179                                                dsig,    dt2,    dthe1,  dtodsd, &
             180                                                dtodsu,  dw2,    dw2min, g, &
             181                                                gamcrq,  gamcrt, gocp, &
             182                                                gravi,   f0, &
             183                                                prnum,   prmax,  prmin,  pfac,  crbcon, &
             184                                                qmin,    tdzmin, qtend,  crbmin,crbmax, &
             185                                                rbint,   rdt,    rdz,    qlmin, &
             186                                                ri,      rimin,  rl2,    rlam,  rlamun, &
             187                                                rone,    rzero,  sfcfrac, &
             188                                                spdk2,   sri,    zol1,   zolcr, zolcru, &
             189                                                robn,    ttend, &
             190                                                utend,   vk,     vk2, &
             191                                                ust3,    wst3, &
             192                                                vtend,   zfac,   vpert,  cteit, &
             193                                                rentf1,  rentf2, radfac, &
             194                                                zfmin,   zk,     tem,    tem1,  tem2, &
             195                                                xkzm,    xkzmu,  xkzminv, &
             196                                                ptem,    ptem1,  ptem2, tx1(im), tx2(im)
             197                     !
             198                           real(kind=kind_phys) moninq_fac
             199                     !
             200                           real(kind=kind_phys) zstblmax,h1,     h2,     qlcr,  actei, &
             201                                                cldtime
             202                     !cc
             203                           parameter(gravi=1.0/grav)
             204                           parameter(g=grav)
             205                           parameter(gocp=g/cp)
             206                           parameter(cont=cp/g,conq=hvap/g,conw=1.0/g)               ! for del in pa
             207                     !     parameter(cont=1000.*cp/g,conq=1000.*hvap/g,conw=1000./g) ! for del in kpa
             208                           parameter(rlam=30.0,vk=0.4,vk2=vk*vk)
             209                           parameter(prmin=0.25,prmax=4.,zolcr=0.2,zolcru=-0.5)
             210                           parameter(dw2min=0.0001,dkmin=0.0,dkmax=1000.,rimin=-100.)
             211                           parameter(crbcon=0.25,crbmin=0.15,crbmax=0.35)
             212                           parameter(wfac=7.0,cfac=6.5,pfac=2.0,sfcfrac=0.1)
             213                     !     parameter(qmin=1.e-8,xkzm=1.0,zfmin=1.e-8,aphi5=5.,aphi16=16.)
             214                           parameter(qmin=1.e-8,         zfmin=1.e-8,aphi5=5.,aphi16=16.)
             215                           parameter(tdzmin=1.e-3,qlmin=1.e-12,f0=1.e-4)
             216                           parameter(h1=0.33333333,h2=0.66666667)
             217                     !     parameter(cldtime=500.,xkzminv=0.3)
             218                           parameter(cldtime=500.)
             219                     !     parameter(cldtime=500.,xkzmu=3.0,xkzminv=0.3)
             220                     !     parameter(gamcrt=3.,gamcrq=2.e-3,rlamun=150.0)
             221                           parameter(xkzm_m=1.0,xkzm_h=1.0,xkzm_s=1.0,xkzminv=0.3,moninq_fac=1.0)
             222                           parameter(gamcrt=3.,gamcrq=0.,rlamun=150.0)
             223                           parameter(rentf1=0.2,rentf2=1.0,radfac=0.85)
             224                           parameter(iun=84)
             225                     !
             226                     !     parameter (zstblmax = 2500., qlcr=1.0e-5)
             227                     !     parameter (zstblmax = 2500., qlcr=3.0e-5)
             228                     !     parameter (zstblmax = 2500., qlcr=3.5e-5)
             229                     !     parameter (zstblmax = 2500., qlcr=1.0e-4)
             230                           parameter (zstblmax = 2500., qlcr=3.5e-5)
             231                     !     parameter (actei = 0.23)
             232                           parameter (actei = 0.7)
             233                     !
             234                     !byl      dspheat=.false. reference from NCEP fv3GFS, it should be .true.
             235                           dspheat=.true.
             236                     !
             237                     !c-----------------------------------------------------------------------
             238                     !
             239                      601  format(1x,' moninp lat lon step hour ',3i6,f6.1)
             240                      602      format(1x,'    k','        z','        t','       th', &
             241                                '      tvh','        q','        u','        v', &
             242                                '       sp')
             243                      603      format(1x,i5,8f9.1)
             244                      604      format(1x,'  sfc',9x,f9.1,18x,f9.1)
             245                      605      format(1x,'    k      zl    spd2   thekv   the1v' &
             246                                    ,' thermal    rbup')
             247                      606      format(1x,i5,6f8.2)
             248                      607      format(1x,' kpbl    hpbl      fm      fh   hgamt', &
             249                                    '   hgamq      ws   ustar      cd      ch')
             250                      608      format(1x,i5,9f8.2)
             251                      609      format(1x,' k pr dkt dku ',i5,3f8.2)
             252                      610      format(1x,' k pr dkt dku ',i5,3f8.2,' l2 ri t2', &
             253                                    ' sr2  ',2f8.2,2e10.2)
             254                     ! - - - - - - - - - - - - - - - - - - - - - - - - - - - - - - - - - - -
             255                     !>  ## Compute preliminary variables from input arguments
             256                     !
                                   <<< Loop-information Start >>>
                                   <<<  [PARALLELIZATION]
                                   <<<    Standard iteration count: 1778
                                   <<<  [OPTIMIZATION]
                                   <<<    COLLAPSED
                                   <<<    SIMD(VL: 8)
                                   <<<    PREFETCH(HARD) Expected by compiler :
                                   <<<      rtg
                                   <<< Loop-information  End >>>
             257        pp   4v            rtg   = 0.
             258                     !
             259                     ! compute preliminary variables
             260                     !
             261                           if (ix .lt. im) stop
             262                     !
             263                     !     iprt = 0
             264                     !     if(iprt.eq.1) then
             265                     !cc   latd = 0
             266                     !     lond = 0
             267                     !     else
             268                     !cc   latd = 0
             269                     !     lond = 0
             270                     !     endif
             271                     !
             272                           dt2   = delt
             273                           rdt   = 1. / dt2
             274                           km1   = km - 1
             275                           kmpbl = km / 2
             276                     !>  - Compute physical height of the layer centers and interfaces from the geopotential height (zi and zl)
                                   <<< Loop-information Start >>>
                                   <<<  [PARALLELIZATION]
                                   <<<    Standard iteration count: 3
                                   <<<  [OPTIMIZATION]
                                   <<<    PREFETCH(HARD) Expected by compiler :
                                   <<<      phii, phil, zi, zl
                                   <<< Loop-information  End >>>
             277     1  pp                 do k=1,km
                                   <<< Loop-information Start >>>
                                   <<<  [OPTIMIZATION]
                                   <<<    SIMD(VL: 8)
                                   <<<    SOFTWARE PIPELINING(IPC: 3.16, ITR: 112, MVE: 3, POL: S)
                                   <<<    PREFETCH(HARD) Expected by compiler :
                                   <<<      zi, phii, phil, zl
                                   <<< Loop-information  End >>>
             278     2   p   2v              do i=1,im
             279     2   p   2v                zi(i,k) = phii(i,k) * gravi
             280     2   p   2v                zl(i,k) = phil(i,k) * gravi
             281     2   p   2v              enddo
             282     1   p                 enddo
                                   <<< Loop-information Start >>>
                                   <<<  [PARALLELIZATION]
                                   <<<    Standard iteration count: 1067
                                   <<<  [OPTIMIZATION]
                                   <<<    SIMD(VL: 8)
                                   <<<    SOFTWARE PIPELINING(IPC: 3.66, ITR: 192, MVE: 5, POL: S)
                                   <<<    PREFETCH(HARD) Expected by compiler :
                                   <<<      phii, zi
                                   <<< Loop-information  End >>>
             283     1  pp   2v            do i=1,im
             284     1   p   2v               zi(i,km+1) = phii(i,km+1) * gravi
             285     1   p   2v            enddo
             286                     !>  - Compute reciprocal of \f$ \Delta z \f$ (rdzt)
                                   <<< Loop-information Start >>>
                                   <<<  [PARALLELIZATION]
                                   <<<    Standard iteration count: 728
                                   <<<  [OPTIMIZATION]
                                   <<<    COLLAPSED
                                   <<<    SIMD(VL: 8)
                                   <<<    SOFTWARE PIPELINING(IPC: 0.36, ITR: 48, MVE: 2, POL: S)
                                   <<<    PREFETCH(HARD) Expected by compiler :
                                   <<<      zl, rdzt
                                   <<< Loop-information  End >>>
             287     1  pp   2v            do k = 1,km1
                                   <<< Loop-information Start >>>
                                   <<<  [OPTIMIZATION]
                                   <<<    COLLAPSED
                                   <<< Loop-information  End >>>
             288     2   p   2               do i=1,im
             289     2   p   2v                rdzt(i,k) = 1.0 / (zl(i,k+1) - zl(i,k))
             290     2   p   2v              enddo
             291     1   p                 enddo
             292                     !>  - Compute reciprocal of pressure (tx1, tx2)
                                   <<< Loop-information Start >>>
                                   <<<  [PARALLELIZATION]
                                   <<<    Standard iteration count: 762
                                   <<<  [OPTIMIZATION]
                                   <<<    SIMD(VL: 8)
                                   <<<    SOFTWARE PIPELINING(IPC: 0.39, ITR: 48, MVE: 2, POL: S)
                                   <<<    PREFETCH(HARD) Expected by compiler :
                                   <<<      prsi, tx1, tx2, kx1
                                   <<< Loop-information  End >>>
             293     1  pp   2v            do i=1,im
             294     1   p   2v              kx1(i) = 1
             295     1   p   2v              tx1(i) = 1.0 / prsi(i,1)
             296     1   p   2v              tx2(i) = tx1(i)
             297     1   p   2v            enddo
             298                     !>  - Compute background vertical diffusivities for scalars and momentum (xkzo and xkzmo)
             299     1                     do k = 1,km1
                                   <<< Loop-information Start >>>
                                   <<<  [PARALLELIZATION]
                                   <<<    Standard iteration count: 21
                                   <<<  [OPTIMIZATION]
                                   <<<    SIMD(VL: 8)
                                   <<<    PREFETCH(HARD) Expected by compiler :
                                   <<<      tx1, prsi, kx1, tx2, xkzo, xkzmo
                                   <<< Loop-information  End >>>
             300     2  pp    v              do i=1,im
             301     2   p    v                xkzo(i,k)  = 0.0
             302     2   p    v                xkzmo(i,k) = 0.0
             303     2               !byl          if (k < kinver(i)) then
             304     2               !                                  vertical background diffusivity
             305     2   p    v                  ptem      = prsi(i,k+1) * tx1(i)
             306     2   p    v                  tem1      = 1.0 - ptem
             307     2   p    v                  tem1      = tem1 * tem1 * 10.0
             308     2   p    v                  xkzo(i,k) = xkzm_h * min(1.0, exp(-tem1))
             309     2               
             310     2               !                                  vertical background diffusivity for momentum
             311     3   p    v                  if (ptem >= xkzm_s) then
             312     3   p    v                    xkzmo(i,k) = xkzm_m
             313     3   p    v                    kx1(i)     = k + 1
             314     3   p    v                  else
             315     3   p    v                    if (k == kx1(i) .and. k > 1) tx2(i) = 1.0 / prsi(i,k)
             316     3   p    v                    tem1 = 1.0 - prsi(i,k+1) * tx2(i)
             317     3   p    v                    tem1 = tem1 * tem1 * 5.0
             318     3   p    v                    xkzmo(i,k) = xkzm_m * min(1.0, exp(-tem1))
             319     3   p    v                  endif
             320     2               !byl          endif
             321     2   p    v              enddo
             322     1                     enddo
             323                     !     if (lprnt) then
             324                     !       print *,' xkzo=',(xkzo(ipr,k),k=1,km1)
             325                     !       print *,' xkzmo=',(xkzmo(ipr,k),k=1,km1)
             326                     !     endif
             327                     !
             328                     ! diffusivity in the inversion layer is set to be xkzminv (m^2/s)
             329                     !>  - The background scalar vertical diffusivity is limited to be less than or equal to xkzminv
                                   <<< Loop-information Start >>>
                                   <<<  [PARALLELIZATION]
                                   <<<    Standard iteration count: 2
                                   <<<  [OPTIMIZATION]
                                   <<<    PREFETCH(HARD) Expected by compiler :
                                   <<<      zi, t1, rdzt, xkzo
                                   <<< Loop-information  End >>>
             330     1  pp                 do k = 1,kmpbl
                                   <<< Loop-information Start >>>
                                   <<<  [OPTIMIZATION]
                                   <<<    SIMD(VL: 8)
                                   <<<    SOFTWARE PIPELINING(IPC: 1.00, ITR: 40, MVE: 2, POL: S)
                                   <<<    PREFETCH(HARD) Expected by compiler :
                                   <<<      xkzo, t1, zi, rdzt
                                   <<< Loop-information  End >>>
             331     2   p    v              do i=1,im
             332     2               !         if(zi(i,k+1) > 200..and.zi(i,k+1) < zstblmax) then
             333     3   p    v                if(zi(i,k+1) > 250.) then
             334     3   p    v                  tem1 = (t1(i,k+1)-t1(i,k)) * rdzt(i,k)
             335     4   p    v                  if(tem1 > 1.e-5) then
             336     4   p    v                     xkzo(i,k)  = min(xkzo(i,k),xkzminv)
             337     4   p    v                  endif
             338     3   p    v                endif
             339     2   p    v              enddo
             340     1   p                 enddo
             341                     !>  - Some output variables and logical flags are initialized
                                   <<< Loop-information Start >>>
                                   <<<  [PARALLELIZATION]
                                   <<<    Standard iteration count: 184
                                   <<<  [OPTIMIZATION]
                                   <<<    SIMD(VL: 8)
                                   <<<    PREFETCH(HARD) Expected by compiler :
                                   <<<      radmin, rent, krad, icld, lcld, kcld, zd
                                   <<<      ublflg, pcnvflg, scuflg, zi, hpblx, hpbl
                                   <<<      hrad, zorl, z0
                                   <<<    PREFETCH(SOFT) : 20
                                   <<<     SEQUENTIAL : 20
                                   <<<      dusfc: 2, dvsfc: 2, dtsfc: 2, dqsfc: 2
                                   <<<      wscale: 2, wscaleu: 2, kpbl: 2
                                   <<<      pblflg: 2, sfcflg: 2, rbsoil: 2
                                   <<<    SPILLS :
                                   <<<      GENERAL   : SPILL 0  FILL 1
                                   <<<      SIMD&FP   : SPILL 0  FILL 0
                                   <<<      SCALABLE  : SPILL 0  FILL 0
                                   <<<      PREDICATE : SPILL 0  FILL 0
                                   <<< Loop-information  End >>>
             342     1  pp    v            do i = 1,im
             343     1   p    v               z0(i)    = 0.01 * zorl(i)
             344     1   p    v               dusfc(i) = 0.
             345     1   p    v               dvsfc(i) = 0.
             346     1   p    v               dtsfc(i) = 0.
             347     1   p    v               dqsfc(i) = 0.
             348     1   p    v               wscale(i)= 0.
             349     1   p    v               wscaleu(i)= 0.
             350     1   p    v               kpbl(i)  = 1
             351     1   p    v               hpbl(i)  = zi(i,1)
             352     1   p    v               hpblx(i) = zi(i,1)
             353     1   p    v               pblflg(i)= .true.
             354     1   p    v               sfcflg(i)= .true.
             355     1   p    v               if(rbsoil(i) > 0.) sfcflg(i) = .false.
             356     1   p    v               ublflg(i)= .false.
             357     1   p    v               pcnvflg(i)= .false.
             358     1   p    v               scuflg(i)= .true.
             359     2   p    v               if(scuflg(i)) then
             360     2   p    v                 radmin(i)= 0.
             361     2   p    v                 rent(i)  = rentf1
             362     2   p    v                 hrad(i)  = zi(i,1)
             363     2               !          hradm(i) = zi(i,1)
             364     2   p    v                 krad(i)  = 1
             365     2   p    v                 icld(i)  = 0
             366     2   p    v                 lcld(i)  = km1
             367     2   p    v                 kcld(i)  = km1
             368     2   p    v                 zd(i)    = 0.
             369     2                       endif
             370     1   p    v            enddo
             371                     !>  - Compute \f$\theta\f$ (theta), \f$q_l\f$ (qlx), \f$q_t\f$ (qtx), \f$\theta_e\f$ (thetae), \f$\theta_v\f$ (thvx), \f$\theta_{l,v}\f$ (thlvx)
                                   <<< Loop-information Start >>>
                                   <<<  [PARALLELIZATION]
                                   <<<    Standard iteration count: 2
                                   <<<  [OPTIMIZATION]
                                   <<<    PREFETCH(HARD) Expected by compiler :
                                   <<<      prslk, t1, psk, q1, qlx, qtx, theta
                                   <<<      thetae, thvx, thlvx
                                   <<< Loop-information  End >>>
             372     1  pp                 do k = 1,km
                                   <<< Loop-information Start >>>
                                   <<<  [OPTIMIZATION]
                                   <<<    SIMD(VL: 8)
                                   <<<    SOFTWARE PIPELINING(IPC: 0.95, ITR: 32, MVE: 2, POL: S)
                                   <<<    PREFETCH(HARD) Expected by compiler :
                                   <<<      psk, q1, qtx, qlx, prslk, t1, thlvx
                                   <<<      thvx, thetae, theta
                                   <<< Loop-information  End >>>
             373     2   p    v              do i = 1,im
             374     2   p    v                theta(i,k) = t1(i,k) * psk(i) / prslk(i,k)
             375     2   p    v                qlx(i,k)   = max(q1(i,k,ntcw),qlmin)
             376     2   p    v                qtx(i,k)   = max(q1(i,k,1),qmin)+qlx(i,k)
             377     2   p    v                ptem       = qlx(i,k)
             378     2   p    v                ptem1      = hvap*max(q1(i,k,1),qmin)/(cp*t1(i,k))
             379     2   p    v                thetae(i,k)= theta(i,k)*(1.+ptem1)
             380     2   p    v                thvx(i,k)  = theta(i,k)*(1.+fv*max(q1(i,k,1),qmin)-ptem)
             381     2   p    v                ptem2      = theta(i,k)-(hvap/cp)*ptem
             382     2   p    v                thlvx(i,k) = ptem2*(1.+fv*qtx(i,k))
             383     2   p    v              enddo
             384     1   p                 enddo
             385                     !>  - Initialize diffusion coefficients to 0 and calculate the total radiative heating rate (dku, dkt, radx)
                                   <<< Loop-information Start >>>
                                   <<<  [PARALLELIZATION]
                                   <<<    Standard iteration count: 2
                                   <<<  [OPTIMIZATION]
                                   <<<    PREFETCH(HARD) Expected by compiler :
                                   <<<      xmu, zi, swh, hlw, radx, ckt, cku, dktx
                                   <<<      dkt, dku
                                   <<< Loop-information  End >>>
             386     1  pp                 do k = 1,km1
                                   <<< Loop-information Start >>>
                                   <<<  [OPTIMIZATION]
                                   <<<    SIMD(VL: 8)
                                   <<<    SOFTWARE PIPELINING(IPC: 2.88, ITR: 56, MVE: 3, POL: S)
                                   <<<    PREFETCH(HARD) Expected by compiler :
                                   <<<      xmu, hlw, zi, swh, radx, ckt, cku, dktx
                                   <<<      dkt, dku
                                   <<< Loop-information  End >>>
             387     2   p    v              do i = 1,im
             388     2   p    v                dku(i,k)  = 0.
             389     2   p    v                dkt(i,k)  = 0.
             390     2   p    v                dktx(i,k) = 0.
             391     2   p    v                cku(i,k)  = 0.
             392     2   p    v                ckt(i,k)  = 0.
             393     2   p    v                tem       = zi(i,k+1)-zi(i,k)
             394     2   p    v                radx(i,k) = tem*(swh(i,k)*xmu(i)+hlw(i,k))
             395     2   p    v              enddo
             396     1   p                 enddo
             397                     !>  - Set lcld to first index above 2.5km
                                   <<< Loop-information Start >>>
                                   <<<  [PARALLELIZATION]
                                   <<<    Standard iteration count: 1455
                                   <<<  [OPTIMIZATION]
                                   <<<    SIMD(VL: 16)
                                   <<<    SOFTWARE PIPELINING(IPC: 2.00, ITR: 320, MVE: 3, POL: S)
                                   <<<    PREFETCH(HARD) Expected by compiler :
                                   <<<      scuflg, flg
                                   <<< Loop-information  End >>>
             398     1  pp   4v            do i=1,im
             399     1   p   4v               flg(i)  = scuflg(i)
             400     1   p   4v            enddo
                                   <<< Loop-information Start >>>
                                   <<<  [OPTIMIZATION]
                                   <<<    PREFETCH(HARD) Expected by compiler :
                                   <<<      flg, zl, lcld
                                   <<< Loop-information  End >>>
             401     1                     do k = 1, km1
                                   <<< Loop-information Start >>>
                                   <<<  [PARALLELIZATION]
                                   <<<    Standard iteration count: 762
                                   <<<  [OPTIMIZATION]
                                   <<<    SIMD(VL: 8)
                                   <<<    SOFTWARE PIPELINING(IPC: 1.63, ITR: 112, MVE: 4, POL: S)
                                   <<<    PREFETCH(HARD) Expected by compiler :
                                   <<<      zl, flg, lcld
                                   <<< Loop-information  End >>>
             402     2  pp   2v              do i=1,im
             403     3   p   2v                if(flg(i).and.zl(i,k) >= zstblmax) then
             404     3   p   2v                   lcld(i)=k
             405     3   p   2v                   flg(i)=.false.
             406     3   p   2v                endif
             407     2   p   2v            enddo
             408     1                     enddo
             409                     !
             410                     !  compute virtual potential temp gradient (bf) and winshear square
             411                     !>  - Compute \f$\frac{\partial \theta_v}{\partial z}\f$ (bf) and the wind shear squared (shr2)
                                   <<< Loop-information Start >>>
                                   <<<  [PARALLELIZATION]
                                   <<<    Standard iteration count: 2
                                   <<<  [OPTIMIZATION]
                                   <<<    PREFETCH(HARD) Expected by compiler :
                                   <<<      t1, u1, v1, rdzt, thvx, ti, shr2, bf
                                   <<< Loop-information  End >>>
             412     1  pp                 do k = 1, km1
                                   <<< Loop-information Start >>>
                                   <<<  [OPTIMIZATION]
                                   <<<    SIMD(VL: 8)
                                   <<<    SOFTWARE PIPELINING(IPC: 0.87, ITR: 24, MVE: 2, POL: S)
                                   <<<    PREFETCH(HARD) Expected by compiler :
                                   <<<      rdzt, thvx, t1, u1, ti, v1, shr2, bf
                                   <<< Loop-information  End >>>
             413     2   p    v            do i = 1, im
             414     2   p    v               rdz  = rdzt(i,k)
             415     2   p    v               bf(i,k) = (thvx(i,k+1)-thvx(i,k))*rdz
             416     2   p    v               ti(i,k) = 2./(t1(i,k)+t1(i,k+1))
             417     2   p    v               dw2  = (u1(i,k)-u1(i,k+1))**2 &
             418     2                             + (v1(i,k)-v1(i,k+1))**2
             419     2   p    v               shr2(i,k) = max(dw2,dw2min)*rdz*rdz
             420     2   p    v            enddo
             421     1   p                 enddo
             422                     !>  - Calculate \f$\frac{g}{\theta}\f$ (govrth), \f$\beta = \frac{\Delta t}{\Delta z}\f$ (beta), \f$u_*\f$ (ustar), total surface flux (sflux), and set pblflag to false if the total surface energy flux is into the surface
                                   <<< Loop-information Start >>>
                                   <<<  [PARALLELIZATION]
                                   <<<    Standard iteration count: 1067
                                   <<<  [OPTIMIZATION]
                                   <<<    SIMD(VL: 8)
                                   <<<    SOFTWARE PIPELINING(IPC: 0.24, ITR: 48, MVE: 2, POL: S)
                                   <<<    PREFETCH(HARD) Expected by compiler :
                                   <<<      theta, govrth
                                   <<< Loop-information  End >>>
             423     1  pp   2v            do i = 1,im
             424     1   p   2v              govrth(i) = g/theta(i,1)
             425     1   p   2v            enddo
             426                     !
                                   <<< Loop-information Start >>>
                                   <<<  [PARALLELIZATION]
                                   <<<    Standard iteration count: 843
                                   <<<  [OPTIMIZATION]
                                   <<<    SIMD(VL: 8)
                                   <<<    SOFTWARE PIPELINING(IPC: 0.36, ITR: 48, MVE: 2, POL: S)
                                   <<<    PREFETCH(HARD) Expected by compiler :
                                   <<<      zi, beta
                                   <<< Loop-information  End >>>
             427     1  pp   2v            do i=1,im
             428     1   p   2v               beta(i)  = dt2 / (zi(i,2)-zi(i,1))
             429     1   p   2v            enddo
             430                     !
                                   <<< Loop-information Start >>>
                                   <<<  [PARALLELIZATION]
                                   <<<    Standard iteration count: 1231
                                   <<<  [OPTIMIZATION]
                                   <<<    SIMD(VL: 8)
                                   <<<    SOFTWARE PIPELINING(IPC: 0.24, ITR: 48, MVE: 2, POL: S)
                                   <<<    PREFETCH(HARD) Expected by compiler :
                                   <<<      stress, ustar
                                   <<< Loop-information  End >>>
             431     1  pp   2v            do i=1,im
             432     1   p   2v               ustar(i) = sqrt(stress(i))
             433     1   p   2v            enddo
             434                     !
                                   <<< Loop-information Start >>>
                                   <<<  [PARALLELIZATION]
                                   <<<    Standard iteration count: 572
                                   <<<  [OPTIMIZATION]
                                   <<<    SIMD(VL: 8)
                                   <<<    SOFTWARE PIPELINING(IPC: 3.80, ITR: 96, MVE: 4, POL: S)
                                   <<<    PREFETCH(HARD) Expected by compiler :
                                   <<<      heat, evap, sflux, sfcflg, pblflg, theta
                                   <<< Loop-information  End >>>
             435     1  pp    v            do i = 1,im
             436     1   p    v               sflux(i)  = heat(i) + evap(i)*fv*theta(i,1)
             437     1   p    v               if(.not.sfcflg(i) .or. sflux(i) <= 0.) pblflg(i)=.false.
             438     1   p    v            enddo
             439                     !>  ## Calculate the first estimate of the PBL height (``Predictor step")
             440                     !!  The calculation of the boundary layer height follows Troen and Mahrt (1986) \cite troen_and_mahrt_1986 section 3. The approach is to find the level in the column where a modified bulk Richardson number exceeds a critical value.
             441                     !!
             442                     !!  The temperature of the thermal is of primary importance. For the initial estimate of the PBL height, the thermal is assumed to have one of two temperatures. If the boundary layer is stable, the thermal is assumed to have a temperature equal to the sur
             443                     !  compute the pbl height
             444                     !
                                   <<< Loop-information Start >>>
                                   <<<  [PARALLELIZATION]
                                   <<<    Standard iteration count: 36
                                   <<<  [OPTIMIZATION]
                                   <<<    SIMD(VL: 8)
                                   <<<    PREFETCH(HARD) Expected by compiler :
                                   <<<      pblflg, flg, q1, tsea, z0, u10m, v10m
                                   <<<      thvx, rbsoil, rbup, thermal, crb
                                   <<< Loop-information  End >>>
             445     1  pp    v            do i=1,im
             446     1   p    v               flg(i) = .false.
             447     1   p    v               rbup(i) = rbsoil(i)
             448     1               !
             449     2   p    v               if(pblflg(i)) then
             450     2   p    v                 thermal(i) = thvx(i,1)
             451     2   p    v                 crb(i) = crbcon
             452     2   p    v               else
             453     2   p    v                 thermal(i) = tsea(i)*(1.+fv*max(q1(i,1,1),qmin))
             454     2   p    v                 tem = sqrt(u10m(i)**2+v10m(i)**2)
             455     2   p    v                 tem = max(tem, 1.)
             456     2   p    v                 robn = tem / (f0 * z0(i))
             457     2   p    v                 tem1 = 1.e-7 * robn
             458     2   p    v                 crb(i) = 0.16 * (tem1 ** (-0.18))
             459     2   p    v                 crb(i) = max(min(crb(i), crbmax), crbmin)
             460     2   p    v               endif
             461     1   p    v            enddo
             462                     !>  Given the thermal's properties and the critical Richardson number, a loop is executed to find the first level above the surface where the modified Richardson number is greater than the critical Richardson number, using equation 10a from Troen and Mahr
             463                     !!  \f[
             464                     !!  h = Ri\frac{T_0\left|\vec{v}(h)\right|^2}{g\left(\theta_v(h) - \theta_s\right)}
             465                     !!  \f]
             466                     !!  where \f$h\f$ is the PBL height, \f$Ri\f$ is the Richardson number, \f$T_0\f$ is the virtual potential temperature near the surface, \f$\left|\vec{v}\right|\f$ is the wind speed, and \f$\theta_s\f$ is for the thermal. Rearranging this equation to calc
             467                     !!  \f[
             468                     !!  Ri_k = gz(k)\frac{\left(\theta_v(k) - \theta_s\right)}{\theta_v(1)*\vec{v}(k)}
             469                     !!  \f]
                                   <<< Loop-information Start >>>
                                   <<<  [OPTIMIZATION]
                                   <<<    PREFETCH(HARD) Expected by compiler :
                                   <<<      flg, u1, v1, thermal, zl, thvx, kpbl
                                   <<<      crb, rbup, rbdn
                                   <<< Loop-information  End >>>
             470     1                     do k = 1, kmpbl
                                   <<< Loop-information Start >>>
                                   <<<  [PARALLELIZATION]
                                   <<<    Standard iteration count: 223
                                   <<<  [OPTIMIZATION]
                                   <<<    SIMD(VL: 8)
                                   <<<    SOFTWARE PIPELINING(IPC: 0.87, ITR: 40, MVE: 3, POL: S)
                                   <<<    PREFETCH(HARD) Expected by compiler :
                                   <<<      thermal, zl, thvx, flg, crb, rbup, u1
                                   <<<      kpbl, rbdn, v1
                                   <<< Loop-information  End >>>
             471     2  pp    v            do i = 1, im
             472     3   p    v              if(.not.flg(i)) then
             473     3   p    v                rbdn(i) = rbup(i)
             474     3   p    v                spdk2   = max((u1(i,k)**2+v1(i,k)**2),1.)
             475     3   p    v                rbup(i) = (thvx(i,k)-thermal(i))* &
             476     3                                   (g*zl(i,k)/thvx(i,1))/spdk2
             477     3   p    v                kpbl(i) = k
             478     3   p    v                flg(i)  = rbup(i) > crb(i)
             479     3   p    v              endif
             480     2   p    v            enddo
             481     1                     enddo
             482                     !>  Once the level is found, some linear interpolation is performed to find the exact height of the boundary layer top (where \f$Ri = Ri_{cr}\f$) and the PBL height and the PBL top index are saved (hpblx and kpblx, respectively)
                                   <<< Loop-information Start >>>
                                   <<<  [PARALLELIZATION]
                                   <<<    Standard iteration count: 203
                                   <<<  [OPTIMIZATION]
                                   <<<    PREFETCH(HARD) Expected by compiler :
                                   <<<      kpbl, hpbl, kpblx, hpblx
                                   <<< Loop-information  End >>>
             483     1  pp    s            do i = 1,im
             484     2   p    m              if(kpbl(i) > 1) then
             485     2   p    s                k = kpbl(i)
             486     3   p    s                if(rbdn(i) >= crb(i)) then
             487     3   p    s                  rbint = 0.
             488     3   p    s                elseif(rbup(i) <= crb(i)) then
             489     3   p    s                  rbint = 1.
             490     3   p    s                else
             491     3   p    s                  rbint = (crb(i)-rbdn(i))/(rbup(i)-rbdn(i))
             492     3   p    s                endif
             493     2   p    s                hpbl(i) = zl(i,k-1) + rbint*(zl(i,k)-zl(i,k-1))
             494     2   p    s                if(hpbl(i) < zi(i,kpbl(i))) kpbl(i) = kpbl(i) - 1
             495     2   p    s              else
             496     2   p    s                hpbl(i) = zl(i,1)
             497     2   p    s                kpbl(i) = 1
             498     2   p    v              endif
             499     1   p    v              kpblx(i) = kpbl(i)
             500     1   p    v              hpblx(i) = hpbl(i)
             501     1   p    v            enddo
             502                     !
             503                     !  compute similarity parameters
             504                     !>  ## Calculate Monin-Obukhov similarity parameters
             505                     !!  Using the initial guess for the PBL height, Monin-Obukhov similarity parameters are calculated. They are needed to refine the PBL height calculation and for calculating diffusion coefficients.
             506                     !!
             507                     !!  First, calculate the Monin-Obukhov nondimensional stability parameter, commonly referred to as \f$\zeta\f$ using the following equation from Businger et al. (1971) \cite businger_et_al_1971 (equation 28):
             508                     !!  \f[
             509                     !!  \zeta = Ri_{sfc}\frac{F_m^2}{F_h} = \frac{z}{L}
             510                     !!  \f]
             511                     !!  where \f$F_m\f$ and \f$F_h\f$ are surface Monin-Obukhov stability functions calculated in sfc_diff.f and \f$L\f$ is the Obukhov length. Then, the nondimensional gradients of momentum and temperature (phim and phih) are calculated using equations 5 and
             512                     !!  \f[
             513                     !!  w_* = \left(\frac{g}{\theta_0}h\overline{w'\theta_0'}\right)^{1/3}
             514                     !!  \f]
             515                     !!  and the mixed layer velocity scale is then calculated with equation 6 from Troen and Mahrt (1986) \cite troen_and_mahrt_1986
             516                     !!  \f[
             517                     !!  w_s = (u_*^3 + 7\epsilon k w_*^3)^{1/3}
             518                     !!  \f]
                                   <<< Loop-information Start >>>
                                   <<<  [PARALLELIZATION]
                                   <<<    Standard iteration count: 131
                                   <<<  [OPTIMIZATION]
                                   <<<    SIMD(VL: 8)
                                   <<<    PREFETCH(HARD) Expected by compiler :
                                   <<<      fm, fh, hpbl, zl, sfcflg, rbsoil, ustar
                                   <<<      ustmin, zol, phih, phim, wscale
                                   <<< Loop-information  End >>>
             519     1  pp    v            do i=1,im
             520     1   p    v               zol(i) = max(rbsoil(i)*fm(i)*fm(i)/fh(i),rimin)
             521     2   p    v               if(sfcflg(i)) then
             522     2   p    v                 zol(i) = min(zol(i),-zfmin)
             523     2   p    v               else
             524     2   p    v                 zol(i) = max(zol(i),zfmin)
             525     2   p    v               endif
             526     1   p    v               zol1 = zol(i)*sfcfrac*hpbl(i)/zl(i,1)
             527     2   p    v               if(sfcflg(i)) then
             528     2               !          phim(i) = (1.-aphi16*zol1)**(-1./4.)
             529     2               !          phih(i) = (1.-aphi16*zol1)**(-1./2.)
             530     2   p    v                 tem     = 1.0 / (1. - aphi16*zol1)
             531     2   p    v                 phih(i) = sqrt(tem)
             532     2   p    v                 phim(i) = sqrt(phih(i))
             533     2   p    v               else
             534     2   p    v                 phim(i) = 1. + aphi5*zol1
             535     2   p    v                 phih(i) = phim(i)
             536     2   p    v               endif
             537     1   p    v               wscale(i) = ustar(i)/phim(i)
             538     1   p    v               ustmin(i) = ustar(i)/aphi5
             539     1   p    v               wscale(i) = max(wscale(i),ustmin(i))
             540     1   p    v            enddo
                                   <<< Loop-information Start >>>
                                   <<<  [PARALLELIZATION]
                                   <<<    Standard iteration count: 22
                                   <<<  [OPTIMIZATION]
                                   <<<    SIMD(VL: 8)
                                   <<<    PREFETCH(HARD) Expected by compiler :
                                   <<<      pblflg, govrth, sflux, hpbl, wstar
                                   <<<      ustar, zol, ustmin, kpbl, wscaleu
                                   <<<      pcnvflg, ublflg
                                   <<< Loop-information  End >>>
             541     1  pp    v            do i=1,im
             542     2   p    v              if(pblflg(i)) then
             543     3   p    v                if(zol(i) < zolcru .and. kpbl(i) > 1) then
             544     3   p    v                  pcnvflg(i) = .true.
             545     3   p    v                else
             546     3   p    v                  ublflg(i) = .true.
             547     3   p    v                endif
             548     2   p    v                wst3 = govrth(i)*sflux(i)*hpbl(i)
             549     2   p    v                wstar(i)= wst3**h1
             550     2   p    v                ust3 = ustar(i)**3.
             551     2   p    v                wscaleu(i) = (ust3+wfac*vk*wst3*sfcfrac)**h1
             552     2   p    v                wscaleu(i) = max(wscaleu(i),ustmin(i))
             553     2   p    v              endif
             554     1   p    v            enddo
             555                     !
             556                     ! compute counter-gradient mixing term for heat and moisture
             557                     !>  ## Update thermal properties of surface parcel and recompute PBL height ("Corrector step").
             558                     !!  Next, the counter-gradient terms for temperature and humidity are calculated using equation 4 of Hong and Pan (1996) \cite hong_and_pan_1996 and are used to calculate the "scaled virtual temperature excess near the surface" (equation 9 in Hong and Pan
                                   <<< Loop-information Start >>>
                                   <<<  [PARALLELIZATION]
                                   <<<    Standard iteration count: 167
                                   <<<  [OPTIMIZATION]
                                   <<<    SIMD(VL: 8)
                                   <<<    SOFTWARE PIPELINING(IPC: 0.78, ITR: 40, MVE: 3, POL: S)
                                   <<<    PREFETCH(HARD) Expected by compiler :
                                   <<<      ublflg, thermal, evap, wscaleu, heat
                                   <<<      theta, hgamt, hgamq
                                   <<< Loop-information  End >>>
             559     1  pp    v            do i = 1,im
             560     2   p    v               if(ublflg(i)) then
             561     2   p    v                 hgamt(i)  = min(cfac*heat(i)/wscaleu(i),gamcrt)
             562     2   p    v                 hgamq(i)  = min(cfac*evap(i)/wscaleu(i),gamcrq)
             563     2   p    v                 vpert     = hgamt(i) + hgamq(i)*fv*theta(i,1)
             564     2   p    v                 vpert     = min(vpert,gamcrt)
             565     2   p    v                 thermal(i)= thermal(i)+max(vpert,0.)
             566     2   p    v                 hgamt(i)  = max(hgamt(i),0.0)
             567     2   p    v                 hgamq(i)  = max(hgamq(i),0.0)
             568     2   p    v               endif
             569     1   p    v            enddo
             570                     !
             571                     !  enhance the pbl height by considering the thermal excess
             572                     !>  The PBL height calculation follows the same procedure as the predictor step, except that it uses an updated virtual potential temperature for the thermal.
                                   <<< Loop-information Start >>>
                                   <<<  [PARALLELIZATION]
                                   <<<    Standard iteration count: 728
                                   <<<  [OPTIMIZATION]
                                   <<<    SIMD(VL: 8)
                                   <<<    SOFTWARE PIPELINING(IPC: 2.25, ITR: 112, MVE: 3, POL: S)
                                   <<<    PREFETCH(HARD) Expected by compiler :
                                   <<<      flg, rbsoil, ublflg, rbup
                                   <<< Loop-information  End >>>
             573     1  pp   2v            do i=1,im
             574     1   p   2v               flg(i)  = .true.
             575     2   p   2v               if(ublflg(i)) then
             576     2   p   2v                 flg(i)  = .false.
             577     2   p   2v                 rbup(i) = rbsoil(i)
             578     2   p   2v               endif
             579     1   p   2v            enddo
                                   <<< Loop-information Start >>>
                                   <<<  [OPTIMIZATION]
                                   <<<    PREFETCH(HARD) Expected by compiler :
                                   <<<      flg, u1, v1, thermal, zl, thvx, kpbl
                                   <<<      crb, rbup, rbdn
                                   <<< Loop-information  End >>>
             580     1                     do k = 2, kmpbl
                                   <<< Loop-information Start >>>
                                   <<<  [PARALLELIZATION]
                                   <<<    Standard iteration count: 223
                                   <<<  [OPTIMIZATION]
                                   <<<    SIMD(VL: 8)
                                   <<<    SOFTWARE PIPELINING(IPC: 0.87, ITR: 40, MVE: 3, POL: S)
                                   <<<    PREFETCH(HARD) Expected by compiler :
                                   <<<      thermal, zl, thvx, flg, crb, rbup, u1
                                   <<<      kpbl, rbdn, v1
                                   <<< Loop-information  End >>>
             581     2  pp    v            do i = 1, im
             582     3   p    v              if(.not.flg(i)) then
             583     3   p    v                rbdn(i) = rbup(i)
             584     3   p    v                spdk2   = max((u1(i,k)**2+v1(i,k)**2),1.)
             585     3   p    v                rbup(i) = (thvx(i,k)-thermal(i))* &
             586     3                                   (g*zl(i,k)/thvx(i,1))/spdk2
             587     3   p    v                kpbl(i) = k
             588     3   p    v                flg(i)  = rbup(i) > crb(i)
             589     3   p    v              endif
             590     2   p    v            enddo
             591     1                     enddo
                                   <<< Loop-information Start >>>
                                   <<<  [PARALLELIZATION]
                                   <<<    Standard iteration count: 226
                                   <<<  [OPTIMIZATION]
                                   <<<    PREFETCH(HARD) Expected by compiler :
                                   <<<      ublflg
                                   <<< Loop-information  End >>>
             592     1  pp    s            do i = 1,im
             593     2   p    m              if(ublflg(i)) then
             594     2   p    s                 k = kpbl(i)
             595     3   p    s                 if(rbdn(i) >= crb(i)) then
             596     3   p    s                    rbint = 0.
             597     3   p    s                 elseif(rbup(i) <= crb(i)) then
             598     3   p    s                    rbint = 1.
             599     3   p    s                 else
             600     3   p    s                    rbint = (crb(i)-rbdn(i))/(rbup(i)-rbdn(i))
             601     3   p    s                 endif
             602     2   p    s                 hpbl(i) = zl(i,k-1) + rbint*(zl(i,k)-zl(i,k-1))
             603     2   p    s                 if(hpbl(i) < zi(i,kpbl(i))) kpbl(i) = kpbl(i) - 1
             604     3   p    s                 if(kpbl(i) <= 1) then
             605     3   p    s                    ublflg(i) = .false.
             606     3   p    s                    pblflg(i) = .false.
             607     3   p    s                 endif
             608     2   p    v              endif
             609     1   p    v            enddo
             610                     !
             611                     !  look for stratocumulus
             612                     !>  ## Determine whether stratocumulus layers exist and compute quantities needed for enhanced diffusion
             613                     !!  - Starting at the PBL top and going downward, if the level is less than 2.5 km and \f$q_l>q_{l,cr}\f$ then set kcld = k (find the cloud top index in the PBL). If no cloud water above the threshold is found, scuflg is set to F.
                                   <<< Loop-information Start >>>
                                   <<<  [PARALLELIZATION]
                                   <<<    Standard iteration count: 1455
                                   <<<  [OPTIMIZATION]
                                   <<<    SIMD(VL: 16)
                                   <<<    SOFTWARE PIPELINING(IPC: 2.00, ITR: 320, MVE: 3, POL: S)
                                   <<<    PREFETCH(HARD) Expected by compiler :
                                   <<<      scuflg, flg
                                   <<< Loop-information  End >>>
             614     1  pp   4v            do i = 1, im
             615     1   p   4v              flg(i)=scuflg(i)
             616     1   p   4v            enddo
                                   <<< Loop-information Start >>>
                                   <<<  [OPTIMIZATION]
                                   <<<    PREFETCH(HARD) Expected by compiler :
                                   <<<      flg, lcld, qlx, kcld
                                   <<< Loop-information  End >>>
             617     1                     do k = kmpbl,1,-1
                                   <<< Loop-information Start >>>
                                   <<<  [PARALLELIZATION]
                                   <<<    Standard iteration count: 616
                                   <<<  [OPTIMIZATION]
                                   <<<    SIMD(VL: 8)
                                   <<<    SOFTWARE PIPELINING(IPC: 0.63, ITR: 80, MVE: 3, POL: S)
                                   <<<    PREFETCH(HARD) Expected by compiler :
                                   <<<      lcld, flg, qlx, kcld
                                   <<< Loop-information  End >>>
             618     2  pp   2v            do i = 1, im
             619     3   p   2v              if(flg(i) .and. k <= lcld(i)) then
             620     4   p   2v                if(qlx(i,k).ge.qlcr) then
             621     4   p   2v                   kcld(i)=k
             622     4   p   2v                   flg(i)=.false.
             623     4   p   2v                endif
             624     3   p   2v              endif
             625     2   p   2v            enddo
             626     1                     enddo
                                   <<< Loop-information Start >>>
                                   <<<  [PARALLELIZATION]
                                   <<<    Standard iteration count: 889
                                   <<<  [OPTIMIZATION]
                                   <<<    SIMD(VL: 16)
                                   <<<    SOFTWARE PIPELINING(IPC: 0.38, ITR: 96, MVE: 2, POL: S)
                                   <<<    PREFETCH(HARD) Expected by compiler :
                                   <<<      kcld, scuflg
                                   <<< Loop-information  End >>>
             627     1  pp   2v            do i = 1, im
             628     1   p   2v              if(scuflg(i) .and. kcld(i)==km1) scuflg(i)=.false.
             629     1   p   2v            enddo
             630                     !>  - Starting at the PBL top and going downward, if the level is less than the cloud top, find the level of the minimum radiative heating rate within the cloud. If the level of the minimum is the lowest model level or the minimum radiative heating rate i
                                   <<< Loop-information Start >>>
                                   <<<  [PARALLELIZATION]
                                   <<<    Standard iteration count: 1455
                                   <<<  [OPTIMIZATION]
                                   <<<    SIMD(VL: 16)
                                   <<<    SOFTWARE PIPELINING(IPC: 2.00, ITR: 320, MVE: 3, POL: S)
                                   <<<    PREFETCH(HARD) Expected by compiler :
                                   <<<      scuflg, flg
                                   <<< Loop-information  End >>>
             631     1  pp   4v            do i = 1, im
             632     1   p   4v              flg(i)=scuflg(i)
             633     1   p   4v            enddo
                                   <<< Loop-information Start >>>
                                   <<<  [OPTIMIZATION]
                                   <<<    PREFETCH(HARD) Expected by compiler :
                                   <<<      flg, kcld, qlx, radx, radmin, krad
                                   <<< Loop-information  End >>>
             634     1                     do k = kmpbl,1,-1
                                   <<< Loop-information Start >>>
                                   <<<  [PARALLELIZATION]
                                   <<<    Standard iteration count: 422
                                   <<<  [OPTIMIZATION]
                                   <<<    SIMD(VL: 8)
                                   <<<    SOFTWARE PIPELINING(IPC: 0.84, ITR: 40, MVE: 3, POL: S)
                                   <<<    PREFETCH(HARD) Expected by compiler :
                                   <<<      kcld, radx, radmin, flg, qlx, krad
                                   <<< Loop-information  End >>>
             635     2  pp    v            do i = 1, im
             636     3   p    v              if(flg(i) .and. k <= kcld(i)) then
             637     4   p    v                if(qlx(i,k) >= qlcr) then
             638     5   p    v                  if(radx(i,k) < radmin(i)) then
             639     5   p    v                    radmin(i)=radx(i,k)
             640     5   p    v                    krad(i)=k
             641     5   p    v                  endif
             642     4   p    v                else
             643     4   p    v                  flg(i)=.false.
             644     4   p    v                endif
             645     3   p    v              endif
             646     2   p    v            enddo
             647     1                     enddo
                                   <<< Loop-information Start >>>
                                   <<<  [PARALLELIZATION]
                                   <<<    Standard iteration count: 552
                                   <<<  [OPTIMIZATION]
                                   <<<    SIMD(VL: 8)
                                   <<<    SOFTWARE PIPELINING(IPC: 0.34, ITR: 24, MVE: 2, POL: S)
                                   <<<    PREFETCH(HARD) Expected by compiler :
                                   <<<      scuflg, radmin, krad
                                   <<< Loop-information  End >>>
             648     1  pp    v            do i = 1, im
             649     1   p    v              if(scuflg(i) .and. krad(i) <= 1) scuflg(i)=.false.
             650     1   p    v              if(scuflg(i) .and. radmin(i)>=0.) scuflg(i)=.false.
             651     1   p    v            enddo
             652                     !>  - Starting at the PBL top and going downward, count the number of levels below the minimum radiative heating rate level that have cloud water above the threshold. If there are none, then set the scuflg to F.
                                   <<< Loop-information Start >>>
                                   <<<  [PARALLELIZATION]
                                   <<<    Standard iteration count: 1455
                                   <<<  [OPTIMIZATION]
                                   <<<    SIMD(VL: 16)
                                   <<<    SOFTWARE PIPELINING(IPC: 2.00, ITR: 320, MVE: 3, POL: S)
                                   <<<    PREFETCH(HARD) Expected by compiler :
                                   <<<      scuflg, flg
                                   <<< Loop-information  End >>>
             653     1  pp   4v            do i = 1, im
             654     1   p   4v              flg(i)=scuflg(i)
             655     1   p   4v            enddo
                                   <<< Loop-information Start >>>
                                   <<<  [OPTIMIZATION]
                                   <<<    PREFETCH(HARD) Expected by compiler :
                                   <<<      flg, krad, qlx, icld
                                   <<< Loop-information  End >>>
             656     1                     do k = kmpbl,2,-1
                                   <<< Loop-information Start >>>
                                   <<<  [PARALLELIZATION]
                                   <<<    Standard iteration count: 485
                                   <<<  [OPTIMIZATION]
                                   <<<    SIMD(VL: 8)
                                   <<<    SOFTWARE PIPELINING(IPC: 0.85, ITR: 56, MVE: 4, POL: S)
                                   <<<    PREFETCH(HARD) Expected by compiler :
                                   <<<      icld, qlx, krad, flg
                                   <<< Loop-information  End >>>
             657     2  pp    v            do i = 1, im
             658     3   p    v              if(flg(i) .and. k <= krad(i)) then
             659     4   p    v                if(qlx(i,k) >= qlcr) then
             660     4   p    v                  icld(i)=icld(i)+1
             661     4   p    v                else
             662     4   p    v                  flg(i)=.false.
             663     4   p    v                endif
             664     3   p    v              endif
             665     2   p    v            enddo
             666     1                     enddo
                                   <<< Loop-information Start >>>
                                   <<<  [PARALLELIZATION]
                                   <<<    Standard iteration count: 889
                                   <<<  [OPTIMIZATION]
                                   <<<    SIMD(VL: 16)
                                   <<<    SOFTWARE PIPELINING(IPC: 0.38, ITR: 96, MVE: 2, POL: S)
                                   <<<    PREFETCH(HARD) Expected by compiler :
                                   <<<      icld, scuflg
                                   <<< Loop-information  End >>>
             667     1  pp   2v            do i = 1, im
             668     1   p   2v              if(scuflg(i) .and. icld(i) < 1) scuflg(i)=.false.
             669     1   p   2v            enddo
             670                     !>  - Find the height of the interface where the minimum in radiative heating rate is located. If this height is less than the second model interface height, then set the scuflg to F.
                                   <<< Loop-information Start >>>
                                   <<<  [PARALLELIZATION]
                                   <<<    Standard iteration count: 640
                                   <<<  [OPTIMIZATION]
                                   <<<    PREFETCH(HARD) Expected by compiler :
                                   <<<      scuflg
                                   <<< Loop-information  End >>>
             671     1  pp   2s            do i = 1, im
             672     2   p   2m              if(scuflg(i)) then
             673     2   p   2s                 hrad(i) = zi(i,krad(i)+1)
             674     2               !          hradm(i)= zl(i,krad(i))
             675     2   p   2v              endif
             676     1   p   2v            enddo
             677                     !
                                   <<< Loop-information Start >>>
                                   <<<  [PARALLELIZATION]
                                   <<<    Standard iteration count: 843
                                   <<<  [OPTIMIZATION]
                                   <<<    SIMD(VL: 8)
                                   <<<    SOFTWARE PIPELINING(IPC: 1.88, ITR: 128, MVE: 5, POL: S)
                                   <<<    PREFETCH(HARD) Expected by compiler :
                                   <<<      scuflg, hrad, zi
                                   <<< Loop-information  End >>>
             678     1  pp   2v            do i = 1, im
             679     1   p   2v              if(scuflg(i) .and. hrad(i)<zi(i,2)) scuflg(i)=.false.
             680     1   p   2v            enddo
             681                     !>  - Calculate the hypothetical \f$\theta_v\f$ at the minimum radiative heating level that a parcel would reach due to radiative cooling after a typical cloud turnover time spent at that level.
                                   <<< Loop-information Start >>>
                                   <<<  [PARALLELIZATION]
                                   <<<    Standard iteration count: 391
                                   <<<  [OPTIMIZATION]
                                   <<<    PREFETCH(HARD) Expected by compiler :
                                   <<<      scuflg
                                   <<< Loop-information  End >>>
             682     1  pp    s            do i = 1, im
             683     2   p    m              if(scuflg(i)) then
             684     2   p    s                k    = krad(i)
             685     2   p    s                tem  = zi(i,k+1)-zi(i,k)
             686     2   p    s                tem1 = cldtime*radmin(i)/tem
             687     2   p    s                thlvx1(i) = thlvx(i,k)+tem1
             688     2               !         if(thlvx1(i) > thlvx(i,k-1)) scuflg(i)=.false.
             689     2   p    v              endif
             690     1   p    v            enddo
             691                     !>  - Determine the distance that a parcel would sink downwards starting from the level of minimum radiative heating rate by comparing the hypothetical minimum \f$\theta_v\f$ calculated above with the environmental \f$\theta_v\f$.
                                   <<< Loop-information Start >>>
                                   <<<  [PARALLELIZATION]
                                   <<<    Standard iteration count: 1455
                                   <<<  [OPTIMIZATION]
                                   <<<    SIMD(VL: 16)
                                   <<<    SOFTWARE PIPELINING(IPC: 2.00, ITR: 320, MVE: 3, POL: S)
                                   <<<    PREFETCH(HARD) Expected by compiler :
                                   <<<      scuflg, flg
                                   <<< Loop-information  End >>>
             692     1  pp   4v            do i = 1, im
             693     1   p   4v               flg(i)=scuflg(i)
             694     1   p   4v            enddo
                                   <<< Loop-information Start >>>
                                   <<<  [OPTIMIZATION]
                                   <<<    PREFETCH(HARD) Expected by compiler :
                                   <<<      flg, krad, thlvx1, thlvx, zi, zd
                                   <<< Loop-information  End >>>
             695     1                     do k = kmpbl,1,-1
                                   <<< Loop-information Start >>>
                                   <<<  [PARALLELIZATION]
                                   <<<    Standard iteration count: 373
                                   <<<  [OPTIMIZATION]
                                   <<<    SIMD(VL: 8)
                                   <<<    SOFTWARE PIPELINING(IPC: 0.80, ITR: 40, MVE: 3, POL: S)
                                   <<<    PREFETCH(HARD) Expected by compiler :
                                   <<<      zi, zd, flg, thlvx1, thlvx, krad
                                   <<< Loop-information  End >>>
             696     2  pp    v            do i = 1, im
             697     3   p    v              if(flg(i) .and. k <= krad(i))then
             698     4   p    v                if(thlvx1(i) <= thlvx(i,k))then
             699     4   p    v                   tem=zi(i,k+1)-zi(i,k)
             700     4   p    v                   zd(i)=zd(i)+tem
             701     4   p    v                else
             702     4   p    v                   flg(i)=.false.
             703     4   p    v                endif
             704     3   p    v              endif
             705     2   p    v            enddo
             706     1                     enddo
             707                     !>  - Calculate the cloud thickness, where the cloud top is the in-cloud minimum radiative heating level and the bottom is determined previously.
                                   <<< Loop-information Start >>>
                                   <<<  [PARALLELIZATION]
                                   <<<    Standard iteration count: 373
                                   <<<  [OPTIMIZATION]
                                   <<<    PREFETCH(HARD) Expected by compiler :
                                   <<<      scuflg
                                   <<< Loop-information  End >>>
             708     1  pp    s            do i = 1, im
             709     2   p    m              if(scuflg(i))then
             710     2   p    s                kk = max(1, krad(i)+1-icld(i))
             711     2   p    s                zdd(i) = hrad(i)-zi(i,kk)
             712     2   p    v              endif
             713     1   p    v            enddo
             714                     !>  - Find the largest between the cloud thickness and the distance of a sinking parcel, then determine the smallest of that number and the height of the minimum in radiative heating rate. Set this number to \f$zd\f$. Using \f$zd\f$, calculate the charact
                                   <<< Loop-information Start >>>
                                   <<<  [PARALLELIZATION]
                                   <<<    Standard iteration count: 40
                                   <<<  [OPTIMIZATION]
                                   <<<    SIMD(VL: 8)
                                   <<<    PREFETCH(HARD) Expected by compiler :
                                   <<<      scuflg, zd, zdd, govrth, hrad, radmin
                                   <<<      vrad
                                   <<< Loop-information  End >>>
             715     1  pp    v            do i = 1, im
             716     2   p    v              if(scuflg(i))then
             717     2   p    v                zd(i) = max(zd(i),zdd(i))
             718     2   p    v                zd(i) = min(zd(i),hrad(i))
             719     2   p    v                tem   = govrth(i)*zd(i)*(-radmin(i))
             720     2   p    v                vrad(i)= tem**h1
             721     2   p    v              endif
             722     1   p    v            enddo
             723                     !
             724                     !     compute inverse prandtl number
             725                     !>  ## Calculate the inverse Prandtl number
             726                     !!  For an unstable PBL, the Prandtl number is calculated according to Hong and Pan (1996) \cite hong_and_pan_1996, equation 10, whereas for a stable boundary layer, the Prandtl number is simply \f$Pr = \frac{\phi_h}{\phi_m}\f$.
                                   <<< Loop-information Start >>>
                                   <<<  [PARALLELIZATION]
                                   <<<    Standard iteration count: 291
                                   <<<  [OPTIMIZATION]
                                   <<<    SIMD(VL: 8)
                                   <<<    SOFTWARE PIPELINING(IPC: 0.25, ITR: 32, MVE: 2, POL: S)
                                   <<<    PREFETCH(HARD) Expected by compiler :
                                   <<<      ublflg, phih, phim, prinv
                                   <<< Loop-information  End >>>
             727     1  pp    v            do i = 1, im
             728     2   p    v              if(ublflg(i)) then
             729     2   p    v                tem = phih(i)/phim(i)+cfac*vk*sfcfrac
             730     2   p    v              else
             731     2   p    v                tem = phih(i)/phim(i)
             732     2   p    v              endif
             733     1   p    v              prinv(i) =  1.0 / tem
             734     1   p    v              prinv(i) = min(prinv(i),prmax)
             735     1   p    v              prinv(i) = max(prinv(i),prmin)
             736     1   p    v            enddo
                                   <<< Loop-information Start >>>
                                   <<<  [PARALLELIZATION]
                                   <<<    Standard iteration count: 1455
                                   <<<  [OPTIMIZATION]
                                   <<<    SIMD(VL: 8)
                                   <<<    SOFTWARE PIPELINING(IPC: 2.50, ITR: 128, MVE: 4, POL: S)
                                   <<<    PREFETCH(HARD) Expected by compiler :
                                   <<<      zol, kpbl
                                   <<< Loop-information  End >>>
             737     1  pp   2v            do i = 1, im
             738     2   p   2v              if(zol(i) > zolcr) then
             739     2   p   2v                kpbl(i) = 1
             740     2   p   2v              endif
             741     1   p   2v            enddo
             742                     !
             743                     !     compute diffusion coefficients below pbl
             744                     !>  ## Compute diffusion coefficients below the PBL top
             745                     !!  Below the PBL top, the diffusion coefficients (\f$K_m\f$ and \f$K_h\f$) are calculated according to equation 2 in Hong and Pan (1996) \cite hong_and_pan_1996 where a different value for \f$w_s\f$ (PBL vertical velocity scale) is used depending on the
                                   <<< Loop-information Start >>>
                                   <<<  [PARALLELIZATION]
                                   <<<    Standard iteration count: 2
                                   <<<  [OPTIMIZATION]
                                   <<<    PREFETCH(HARD) Expected by compiler :
                                   <<<      kpbl, hpbl, zi, pblflg, wscaleu, wscale
                                   <<<      prinv, xkzmo, dku, dkt, xkzo, dktx
                                   <<< Loop-information  End >>>
             746     1  pp                 do k = 1, kmpbl
                                   <<< Loop-information Start >>>
                                   <<<  [OPTIMIZATION]
                                   <<<    SIMD(VL: 8)
                                   <<<    SOFTWARE PIPELINING(IPC: 0.78, ITR: 40, MVE: 3, POL: S)
                                   <<<    PREFETCH(HARD) Expected by compiler :
                                   <<<      wscale, hpbl, zi, prinv, dku, dkt
                                   <<<      pblflg, xkzmo, xkzo, kpbl, wscaleu, dktx
                                   <<< Loop-information  End >>>
             747     2   p    v            do i=1,im
             748     3   p    v               if(k < kpbl(i)) then
             749     3               !           zfac = max((1.-(zi(i,k+1)-zl(i,1))/
             750     3               !    1             (hpbl(i)-zl(i,1))), zfmin)
             751     3   p    v                  zfac = max((1.-zi(i,k+1)/hpbl(i)), zfmin)
             752     3   p    v                  tem = zi(i,k+1) * (zfac**pfac) * moninq_fac ! lmh suggested by kg
             753     4   p    v                  if(pblflg(i)) then
             754     4   p    v                    tem1 = vk * wscaleu(i) * tem
             755     4               !             dku(i,k) = xkzmo(i,k) + tem1
             756     4               !             dkt(i,k) = xkzo(i,k)  + tem1 * prinv(i)
             757     4   p    v                    dku(i,k) = tem1
             758     4   p    v                    dkt(i,k) = tem1 * prinv(i)
             759     4   p    v                  else
             760     4   p    v                    tem1 = vk * wscale(i) * tem
             761     4               !             dku(i,k) = xkzmo(i,k) + tem1
             762     4               !             dkt(i,k) = xkzo(i,k)  + tem1 * prinv(i)
             763     4   p    v                    dku(i,k) = tem1
             764     4   p    v                    dkt(i,k) = tem1 * prinv(i)
             765     4   p    v                  endif
             766     3   p    v                  dku(i,k) = min(dku(i,k),dkmax)
             767     3   p    v                  dku(i,k) = max(dku(i,k),xkzmo(i,k))
             768     3   p    v                  dkt(i,k) = min(dkt(i,k),dkmax)
             769     3   p    v                  dkt(i,k) = max(dkt(i,k),xkzo(i,k))
             770     3   p    v                  dktx(i,k)= dkt(i,k)
             771     3   p    v               endif
             772     2   p    v            enddo
             773     1   p                 enddo
             774                     !
             775                     ! compute diffusion coefficients based on local scheme above pbl
             776                     !>  ## Compute diffusion coefficients above the PBL top
             777                     !!  Diffusion coefficients above the PBL top are computed as a function of local stability (gradient Richardson number), shear, and a length scale from Louis (1979) \cite louis_1979 :
             778                     !!  \f[
             779                     !!  K_{m,h}=l^2f_{m,h}(Ri_g)\left|\frac{\partial U}{\partial z}\right|
             780                     !!  \f]
             781                     !!  The functions used (\f$f_{m,h}\f$) depend on the local stability. First, the gradient Richardson number is calculated as
             782                     !!  \f[
             783                     !!  Ri_g=\frac{\frac{g}{T}\frac{\partial \theta_v}{\partial z}}{\frac{\partial U}{\partial z}^2}
             784                     !!  \f]
             785                     !!  where \f$U\f$ is the horizontal wind. For the unstable case (\f$Ri_g < 0\f$), the Richardson number-dependent functions are given by
             786                     !!  \f[
             787                     !!  f_h(Ri_g) = 1 + \frac{8\left|Ri_g\right|}{1 + 1.286\sqrt{\left|Ri_g\right|}}\\
             788                     !!  \f]
             789                     !!  \f[
             790                     !!  f_m(Ri_g) = 1 + \frac{8\left|Ri_g\right|}{1 + 1.746\sqrt{\left|Ri_g\right|}}\\
             791                     !!  \f]
             792                     !!  For the stable case, the following formulas are used
             793                     !!  \f[
             794                     !!  f_h(Ri_g) = \frac{1}{\left(1 + 5Ri_g\right)^2}\\
             795                     !!  \f]
             796                     !!  \f[
             797                     !!  Pr = \frac{K_h}{K_m} = 1 + 2.1Ri_g
             798                     !!  \f]
             799                     !!  The source for the formulas used for the Richardson number-dependent functions is unclear. They are different than those used in Hong and Pan (1996) \cite hong_and_pan_1996 as the previous documentation suggests. They follow equation 14 of Louis (1979
             800                     !!  \f[
             801                     !!  \frac{1}{l} = \frac{1}{kz} + \frac{1}{l_0}\\
             802                     !!  \f]
             803                     !!  \f[
             804                     !!  or\\
             805                     !!  \f]
             806                     !!  \f[
             807                     !!  l=\frac{l_0kz}{l_0+kz}
             808                     !!  \f]
             809                     !!  where \f$l_0\f$ is currently 30 m for stable conditions and 150 m for unstable. Finally, the diffusion coefficients are kept in a range bounded by the background diffusion and the maximum allowable values.
                                   <<< Loop-information Start >>>
                                   <<<  [PARALLELIZATION]
                                   <<<    Standard iteration count: 2
                                   <<< Loop-information  End >>>
             810     1  pp                 do k = 1, km1
                                   <<< Loop-information Start >>>
                                   <<<  [OPTIMIZATION]
                                   <<<    SIMD(VL: 8)
                                   <<<    PREFETCH(HARD) Expected by compiler :
                                   <<<      kpbl, bf, ti, shr2, kpblx, zi, dku
                                   <<<      xkzmo, dkt, xkzo
                                   <<< Loop-information  End >>>
             811     2   p    v               do i=1,im
             812     3   p    v                  if(k >= kpbl(i)) then
             813     3   p    v                     bvf2 = g*bf(i,k)*ti(i,k)
             814     3   p    v                     ri   = max(bvf2/shr2(i,k),rimin)
             815     3   p    v                     zk   = vk*zi(i,k+1)
             816     4   p    v                     if(ri < 0.) then ! unstable regime
             817     4   p    v                        rl2      = zk*rlamun/(rlamun+zk)
             818     4   p    v                        dk       = rl2*rl2*sqrt(shr2(i,k))
             819     4   p    v                        sri      = sqrt(-ri)
             820     4               !                 dku(i,k) = xkzmo(i,k) + dk*(1+8.*(-ri)/(1+1.746*sri))
             821     4               !                 dkt(i,k) = xkzo(i,k)  + dk*(1+8.*(-ri)/(1+1.286*sri))
             822     4   p    v                        dku(i,k) = dk*(1+8.*(-ri)/(1+1.746*sri))
             823     4   p    v                        dkt(i,k) = dk*(1+8.*(-ri)/(1+1.286*sri))
             824     4   p    v                     else             ! stable regime
             825     4   p    v                        rl2      = zk*rlam/(rlam+zk)
             826     4               !!                tem      = rlam * sqrt(0.01*prsi(i,k))
             827     4               !!                rl2      = zk*tem/(tem+zk)
             828     4   p    v                        dk       = rl2*rl2*sqrt(shr2(i,k))
             829     4   p    v                        tem1     = dk/(1+5.*ri)**2
             830     4               !
             831     5   p    v                        if(k >= kpblx(i)) then
             832     5   p    v                          prnum = 1.0 + 2.1*ri
             833     5   p    v                          prnum = min(prnum,prmax)
             834     5   p    v                        else
             835     5   p    v                          prnum = 1.0
             836     5   p    v                        endif
             837     4               !                 dku(i,k) = xkzmo(i,k) + tem1 * prnum
             838     4               !                 dkt(i,k) = xkzo(i,k)  + tem1
             839     4   p    v                        dku(i,k) = tem1 * prnum
             840     4   p    v                        dkt(i,k) = tem1
             841     4   p    v                     endif
             842     3               !
             843     3   p    v                     dku(i,k) = min(dku(i,k),dkmax)
             844     3   p    v                     dku(i,k) = max(dku(i,k),xkzmo(i,k))
             845     3   p    v                     dkt(i,k) = min(dkt(i,k),dkmax)
             846     3   p    v                     dkt(i,k) = max(dkt(i,k),xkzo(i,k))
             847     3               !
             848     3   p    v                  endif
             849     2               !
             850     2   p    v               enddo
             851     1   p                 enddo
             852                     !
             853                     !!!!!!!!!!!!!!!!!!!!!!!!!!!!!!!!!!!!!!!!!!!!!!!!!!!!!!!!!!!
             854                     !  compute components for mass flux mixing by large thermals
             855                     !>  ## If the PBL is convective, call the mass flux scheme to replace the countergradient terms.
             856                     !!  If the PBL is convective, the updraft properties are initialized to be the same as the state variables and the subroutine mfpbl is called.
                                   <<< Loop-information Start >>>
                                   <<<  [PARALLELIZATION]
                                   <<<    Standard iteration count: 2
                                   <<<  [OPTIMIZATION]
                                   <<<    PREFETCH(HARD) Expected by compiler :
                                   <<<      pcnvflg, u1, v1, t1, tcko, ucko, vcko
                                   <<<      xmf
                                   <<< Loop-information  End >>>
             857     1  pp                 do k = 1, km
                                   <<< Loop-information Start >>>
                                   <<<  [OPTIMIZATION]
                                   <<<    SIMD(VL: 8)
                                   <<<    SOFTWARE PIPELINING(IPC: 3.00, ITR: 72, MVE: 4, POL: S)
                                   <<<    PREFETCH(HARD) Expected by compiler :
                                   <<<      pcnvflg, t1, tcko, ucko, u1, v1, vcko
                                   <<<      xmf
                                   <<< Loop-information  End >>>
             858     2   p    v              do i = 1, im
             859     3   p    v                if(pcnvflg(i)) then
             860     3   p    v                  tcko(i,k) = t1(i,k)
             861     3   p    v                  ucko(i,k) = u1(i,k)
             862     3   p    v                  vcko(i,k) = v1(i,k)
             863     3   p    v                  xmf(i,k) = 0.
             864     3   p    v                endif
             865     2   p    v              enddo
             866     1   p                 enddo
                                   <<< Loop-information Start >>>
                                   <<<  [PARALLELIZATION]
                                   <<<    Standard iteration count: 2
                                   <<< Loop-information  End >>>
             867     1  pp                 do kk = 1, ntrac
                                   <<< Loop-information Start >>>
                                   <<<  [OPTIMIZATION]
                                   <<<    PREFETCH(HARD) Expected by compiler :
                                   <<<      pcnvflg, q1, qcko
                                   <<< Loop-information  End >>>
             868     2   p                 do k = 1, km
                                   <<< Loop-information Start >>>
                                   <<<  [OPTIMIZATION]
                                   <<<    SIMD(VL: 8)
                                   <<<    SOFTWARE PIPELINING(IPC: 2.14, ITR: 112, MVE: 3, POL: S)
                                   <<<    PREFETCH(HARD) Expected by compiler :
                                   <<<      q1, pcnvflg, qcko
                                   <<< Loop-information  End >>>
             869     3   p   2v              do i = 1, im
             870     4   p   2v                if(pcnvflg(i)) then
             871     4   p   2v                  qcko(i,k,kk) = q1(i,k,kk)
             872     4   p   2v                endif
             873     3   p   2v              enddo
             874     2   p                 enddo
             875     1   p                 enddo
             876                     !>  For details of the mfpbl subroutine, step into its documentation ::mfpbl
             877                           call mfpbl(im,ix,km,ntrac,dt2,pcnvflg, &
             878                                  zl,zi,thvx,q1,t1,u1,v1,hpbl,kpbl, &
             879                                  sflux,ustar,wstar,xmf,tcko,qcko,ucko,vcko)
             880                     !
             881                     !!!!!!!!!!!!!!!!!!!!!!!!!!!!!!!!!!!!!!!!!!!!!!!!!!!!!!!!!!!!!!!!!!!!!!
             882                     !  compute diffusion coefficients for cloud-top driven diffusion
             883                     !  if the condition for cloud-top instability is met,
             884                     !    increase entrainment flux at cloud top
             885                     !
             886                     !>  ## Compute enhanced diffusion coefficients related to stratocumulus-topped PBLs
             887                     !!  If a stratocumulus layer has been identified in the PBL, the diffusion coefficients in the PBL are modified in the following way.
             888                     !!
             889                     !!  -# First, the criteria for CTEI is checked, using the threshold from equation 13 of Macvean and Mason (1990) \cite macvean_and_mason_1990. If the criteria is met, the cloud top diffusion is increased:
             890                     !!  \f[
             891                     !!  K_h^{Sc} = -c\frac{\Delta F_R}{\rho c_p}\frac{1}{\frac{\partial \theta_v}{\partial z}}
             892                     !!  \f]
             893                     !!  where the constant \f$c\f$ is set to 0.2 if the CTEI criterion is not met and 1.0 if it is.
             894                     !!
             895                     !!  -# Calculate the diffusion coefficients due to stratocumulus mixing according to equation 5 in Lock et al. (2000) \cite lock_et_al_2000 for every level below the stratocumulus top using the characteristic stratocumulus velocity scale previously calcul
                                   <<< Loop-information Start >>>
                                   <<<  [PARALLELIZATION]
                                   <<<    Standard iteration count: 381
                                   <<<  [OPTIMIZATION]
                                   <<<    PREFETCH(HARD) Expected by compiler :
                                   <<<      scuflg
                                   <<< Loop-information  End >>>
             896     1  pp    s            do i = 1, im
             897     2   p    m              if(scuflg(i)) then
             898     2   p    s                 k = krad(i)
             899     2   p    s                 tem = thetae(i,k) - thetae(i,k+1)
             900     2   p    s                 tem1 = qtx(i,k) - qtx(i,k+1)
             901     3   p    s                 if (tem > 0. .and. tem1 > 0.) then
             902     3   p    s                   cteit= cp*tem/(hvap*tem1)
             903     3   p    s                   if(cteit > actei) rent(i) = rentf2
             904     3   p    s                 endif
             905     2   p    v              endif
             906     1   p    v            enddo
                                   <<< Loop-information Start >>>
                                   <<<  [PARALLELIZATION]
                                   <<<    Standard iteration count: 334
                                   <<<  [OPTIMIZATION]
                                   <<<    PREFETCH(HARD) Expected by compiler :
                                   <<<      scuflg
                                   <<< Loop-information  End >>>
             907     1  pp    s            do i = 1, im
             908     2   p    m              if(scuflg(i)) then
             909     2   p    s                 k = krad(i)
             910     2   p    s                 tem1  = max(bf(i,k),tdzmin)
             911     2   p    s                 ckt(i,k) = -rent(i)*radmin(i)/tem1
             912     2   p    s                 cku(i,k) = ckt(i,k)
             913     2   p    v              endif
             914     1   p    v            enddo
             915                     !
                                   <<< Loop-information Start >>>
                                   <<<  [PARALLELIZATION]
                                   <<<    Standard iteration count: 2
                                   <<<  [OPTIMIZATION]
                                   <<<    PREFETCH(HARD) Expected by compiler :
                                   <<<      scuflg, krad, hrad, zi, zd, vrad, ckt
                                   <<<      cku
                                   <<< Loop-information  End >>>
             916     1  pp                 do k = 1, kmpbl
                                   <<< Loop-information Start >>>
                                   <<<  [OPTIMIZATION]
                                   <<<    SIMD(VL: 8)
                                   <<<    SOFTWARE PIPELINING(IPC: 0.60, ITR: 48, MVE: 3, POL: S)
                                   <<<    PREFETCH(HARD) Expected by compiler :
                                   <<<      hrad, zi, vrad, zd, scuflg, krad, ckt
                                   <<<      cku
                                   <<< Loop-information  End >>>
             917     2   p    v               do i=1,im
             918     3   p    v                  if(scuflg(i) .and. k < krad(i)) then
             919     3   p    v                     tem1=hrad(i)-zd(i)
             920     3   p    v                     tem2=zi(i,k+1)-tem1
             921     4   p    v                     if(tem2 > 0.) then
             922     4   p    v                        ptem= tem2/zd(i)
             923     4   p    v                        if(ptem.ge.1.) ptem= 1.
             924     4   p    v                        ptem= tem2*ptem*sqrt(1.-ptem)
             925     4   p    v                        ckt(i,k) = radfac*vk*vrad(i)*ptem
             926     4   p    v                        cku(i,k) = 0.75*ckt(i,k)
             927     4   p    v                        ckt(i,k) = max(ckt(i,k),dkmin)
             928     4   p    v                        ckt(i,k) = min(ckt(i,k),dkmax)
             929     4   p    v                        cku(i,k) = max(cku(i,k),dkmin)
             930     4   p    v                        cku(i,k) = min(cku(i,k),dkmax)
             931     4   p    v                     endif
             932     3   p    v                  endif
             933     2   p    v               enddo
             934     1   p                 enddo
             935                     !
             936                     !!!!!!!!!!!!!!!!!!!!!!!!!!!!!!!!!!!!!!!!!!!!!!!!!!!!!!!!!!
             937                     !
             938                     !>  After \f$K_h^{Sc}\f$ has been determined from the surface to the top of the stratocumulus layer, it is added to the value for the diffusion coefficient calculated previously using surface-based mixing [see equation 6 of Lock et al. (2000) \cite lock_e
                                   <<< Loop-information Start >>>
                                   <<<  [PARALLELIZATION]
                                   <<<    Standard iteration count: 2
                                   <<<  [OPTIMIZATION]
                                   <<<    PREFETCH(HARD) Expected by compiler :
                                   <<<      scuflg, dkt, ckt, cku, dku
                                   <<< Loop-information  End >>>
             939     1  pp                 do k = 1, kmpbl
                                   <<< Loop-information Start >>>
                                   <<<  [OPTIMIZATION]
                                   <<<    SIMD(VL: 8)
                                   <<<    SOFTWARE PIPELINING(IPC: 2.57, ITR: 96, MVE: 6, POL: S)
                                   <<<    PREFETCH(HARD) Expected by compiler :
                                   <<<      scuflg, dkt, ckt, cku, dku
                                   <<< Loop-information  End >>>
             940     2   p    v              do i=1,im
             941     3   p    v                if(scuflg(i)) then
             942     3   p    v                   dkt(i,k) = dkt(i,k)+ckt(i,k)
             943     3   p    v                   dku(i,k) = dku(i,k)+cku(i,k)
             944     3   p    v                   dkt(i,k) = min(dkt(i,k),dkmax)
             945     3   p    v                   dku(i,k) = min(dku(i,k),dkmax)
             946     3   p    v                endif
             947     2   p    v              enddo
             948     1   p                 enddo
             949                     !
             950                     !     compute tridiagonal matrix elements for heat and moisture
             951                     !
             952                     !>  ## Solve for the temperature and moisture tendencies due to vertical mixing.
             953                     !!  The tendencies of heat, moisture, and momentum due to vertical diffusion are calculated using a two-part process. First, a solution is obtained using an implicit time-stepping scheme, then the time tendency terms are "backed out". The tridiagonal matr
                                   <<< Loop-information Start >>>
                                   <<<  [PARALLELIZATION]
                                   <<<    Standard iteration count: 485
                                   <<<  [OPTIMIZATION]
                                   <<<    SIMD(VL: 8)
                                   <<<    SOFTWARE PIPELINING(IPC: 3.16, ITR: 48, MVE: 3, POL: S)
                                   <<<    PREFETCH(HARD) Expected by compiler :
                                   <<<      beta, q1, evap, heat, t1, a2, a1, ad
                                   <<< Loop-information  End >>>
             954     1  pp    v            do i=1,im
             955     1   p    v               ad(i,1) = 1.
             956     1   p    v               a1(i,1) = t1(i,1)   + beta(i) * heat(i)
             957     1   p    v               a2(i,1) = q1(i,1,1) + beta(i) * evap(i)
             958     1   p    v            enddo
             959                     
             960     1                     if(ntrac >= 2) then
                                   <<< Loop-information Start >>>
                                   <<<  [OPTIMIZATION]
                                   <<<    PREFETCH(HARD) Expected by compiler :
                                   <<<      q1, a2
                                   <<< Loop-information  End >>>
             961     2                       do k = 2, ntrac
             962     2                         is = (k-1) * km
                                   <<< Loop-information Start >>>
                                   <<<  [PARALLELIZATION]
                                   <<<    Standard iteration count: 1143
                                   <<<  [OPTIMIZATION]
                                   <<<    SIMD(VL: 8)
                                   <<<    SOFTWARE PIPELINING(IPC: 3.00, ITR: 144, MVE: 5, POL: S)
                                   <<<    PREFETCH(HARD) Expected by compiler :
                                   <<<      q1, a2
                                   <<< Loop-information  End >>>
             963     3  pp   2v                do i = 1, im
             964     3   p   2v                  a2(i,1+is) = q1(i,1,k)
             965     3   p   2v                enddo
             966     2                       enddo
             967     1                     endif
             968                     !
             969     1                     do k = 1,km1
                                   <<< Loop-information Start >>>
                                   <<<  [PARALLELIZATION]
                                   <<<    Standard iteration count: 64
                                   <<<  [OPTIMIZATION]
                                   <<<    SIMD(VL: 8)
                                   <<<    PREFETCH(HARD) Expected by compiler :
                                   <<<      pcnvflg, kpbl, ublflg, q1, a2, del, prsl
                                   <<<      dkt, rdzt, ad, xmf, qcko, al, t1
                                   <<<    PREFETCH(SOFT) : 24
                                   <<<     SEQUENTIAL : 24
                                   <<<      tcko: 4, a1: 4, dktx: 2, hgamt: 2
                                   <<<      hpbl: 2, hgamq: 2, del: 2, au: 2, ad: 2
                                   <<<      a2: 2
                                   <<<    SPILLS :
                                   <<<      GENERAL   : SPILL 0  FILL 9
                                   <<<      SIMD&FP   : SPILL 0  FILL 0
                                   <<<      SCALABLE  : SPILL 0  FILL 0
                                   <<<      PREDICATE : SPILL 0  FILL 0
                                   <<< Loop-information  End >>>
             970     2  pp    v              do i = 1,im
             971     2   p    v                dtodsd = dt2/del(i,k)
             972     2   p    v                dtodsu = dt2/del(i,k+1)
             973     2   p    v                dsig   = prsl(i,k)-prsl(i,k+1)
             974     2   p    v                rdz    = rdzt(i,k)
             975     2   p    v                tem1   = dsig * dkt(i,k) * rdz
             976     2   p    v                dsdz2     = tem1 * rdz
             977     2   p    v                au(i,k)   = -dtodsd*dsdz2
             978     2   p    v                al(i,k)   = -dtodsu*dsdz2
             979     2               !
             980     3   p    v                if(pcnvflg(i) .and. k < kpbl(i)) then
             981     3   p    v                   tem2      = dsig * rdz
             982     3   p    v                   ptem      = 0.5 * tem2 * xmf(i,k)
             983     3   p    v                   ptem1     = dtodsd * ptem
             984     3   p    v                   ptem2     = dtodsu * ptem
             985     3   p    v                   ad(i,k)   = ad(i,k)-au(i,k)-ptem1
             986     3   p    v                   ad(i,k+1) = 1.-al(i,k)+ptem2
             987     3   p    v                   au(i,k)   = au(i,k)-ptem1
             988     3   p    v                   al(i,k)   = al(i,k)+ptem2
             989     3   p    v                   ptem      = tcko(i,k) + tcko(i,k+1)
             990     3   p    v                   dsdzt     = tem1 * gocp
             991     3   p    v                   a1(i,k)   = a1(i,k)+dtodsd*dsdzt-ptem1*ptem
             992     3   p    v                   a1(i,k+1) = t1(i,k+1)-dtodsu*dsdzt+ptem2*ptem
             993     3   p    v                   ptem      = qcko(i,k,1) + qcko(i,k+1,1)
             994     3   p    v                   a2(i,k)   = a2(i,k) - ptem1 * ptem
             995     3   p    v                   a2(i,k+1) = q1(i,k+1,1) + ptem2 * ptem
             996     3   p    v                elseif(ublflg(i) .and. k < kpbl(i)) then
             997     3   p    v                   ptem1 = dsig * dktx(i,k) * rdz
             998     3   p    v                   tem   = 1.0 / hpbl(i)
             999     3   p    v                   dsdzt = tem1 * gocp - ptem1 * hgamt(i) * tem
            1000     3   p    v                   dsdzq = - ptem1 * hgamq(i) * tem
            1001     3   p    v                   ad(i,k)   = ad(i,k)-au(i,k)
            1002     3   p    v                   ad(i,k+1) = 1.-al(i,k)
            1003     3   p    v                   a1(i,k)   = a1(i,k)+dtodsd*dsdzt
            1004     3   p    v                   a1(i,k+1) = t1(i,k+1)-dtodsu*dsdzt
            1005     3   p    v                   a2(i,k)   = a2(i,k)+dtodsd*dsdzq
            1006     3   p    v                   a2(i,k+1) = q1(i,k+1,1)-dtodsu*dsdzq
            1007     3   p    v                else
            1008     3   p    v                   ad(i,k)   = ad(i,k)-au(i,k)
            1009     3   p    v                   ad(i,k+1) = 1.-al(i,k)
            1010     3   p    v                   dsdzt     = tem1 * gocp
            1011     3   p    v                   a1(i,k)   = a1(i,k)+dtodsd*dsdzt
            1012     3   p    v                   a1(i,k+1) = t1(i,k+1)-dtodsu*dsdzt
            1013     3   p    v                   a2(i,k+1) = q1(i,k+1,1)
            1014     3   p    v                endif
            1015     2               !
            1016     2   p    v              enddo
            1017     1                     enddo
            1018                     !
            1019     1                     if(ntrac >= 2) then
            1020     2                       do kk = 2, ntrac
            1021     2                         is = (kk-1) * km
                                   <<< Loop-information Start >>>
                                   <<<  [OPTIMIZATION]
                                   <<<    PREFETCH(HARD) Expected by compiler :
                                   <<<      pcnvflg, kpbl, del, xmf, rdzt, prsl
                                   <<<      qcko, q1, a2
                                   <<< Loop-information  End >>>
            1022     3                         do k = 1, km1
                                   <<< Loop-information Start >>>
                                   <<<  [PARALLELIZATION]
                                   <<<    Standard iteration count: 189
                                   <<<  [OPTIMIZATION]
                                   <<<    SIMD(VL: 8)
                                   <<<    SOFTWARE PIPELINING(IPC: 1.24, ITR: 32, MVE: 2, POL: S)
                                   <<<    PREFETCH(HARD) Expected by compiler :
                                   <<<      kpbl, q1, qcko, a2, del, pcnvflg, xmf
                                   <<<      rdzt, prsl
                                   <<< Loop-information  End >>>
            1023     4  pp    v                  do i = 1, im
            1024     5   p    v                    if(pcnvflg(i) .and. k < kpbl(i)) then
            1025     5   p    v                      dtodsd = dt2/del(i,k)
            1026     5   p    v                      dtodsu = dt2/del(i,k+1)
            1027     5   p    v                      dsig  = prsl(i,k)-prsl(i,k+1)
            1028     5   p    v                      tem   = dsig * rdzt(i,k)
            1029     5   p    v                      ptem  = 0.5 * tem * xmf(i,k)
            1030     5   p    v                      ptem1 = dtodsd * ptem
            1031     5   p    v                      ptem2 = dtodsu * ptem
            1032     5   p    v                      tem1  = qcko(i,k,kk) + qcko(i,k+1,kk)
            1033     5   p    v                      a2(i,k+is) = a2(i,k+is) - ptem1*tem1
            1034     5   p    v                      a2(i,k+1+is)= q1(i,k+1,kk) + ptem2*tem1
            1035     5   p    v                    else
            1036     5   p    v                      a2(i,k+1+is) = q1(i,k+1,kk)
            1037     5   p    v                    endif
            1038     4   p    v                  enddo
            1039     3                         enddo
            1040     2                       enddo
            1041     1                     endif
            1042                     !
            1043                     !     solve tridiagonal problem for heat and moisture
            1044                     !
            1045                     !>  The tridiagonal system is solved by calling the internal ::tridin subroutine.
            1046                           call tridin(im,km,ntrac,al,ad,au,a1,a2,au,a1,a2)
            1047                     
            1048                     !
            1049                     !     recover tendencies of heat and moisture
            1050                     !
            1051                     !>  After returning with the solution, the tendencies for temperature and moisture are recovered.
                                   <<< Loop-information Start >>>
                                   <<<  [OPTIMIZATION]
                                   <<<    PREFETCH(HARD) Expected by compiler :
                                   <<<      t1, a1, q1, a2, del, dqsfc, dtsfc, rtg
                                   <<<      tau
                                   <<< Loop-information  End >>>
            1052     1                     do  k = 1,km
                                   <<< Loop-information Start >>>
                                   <<<  [PARALLELIZATION]
                                   <<<    Standard iteration count: 297
                                   <<<  [OPTIMIZATION]
                                   <<<    SIMD(VL: 8)
                                   <<<    SOFTWARE PIPELINING(IPC: 3.00, ITR: 72, MVE: 5, POL: S)
                                   <<<    PREFETCH(HARD) Expected by compiler :
                                   <<<      t1, a1, q1, a2, del, dqsfc, rtg, dtsfc
                                   <<<      tau
                                   <<< Loop-information  End >>>
            1053     2  pp    v               do i = 1,im
            1054     2   p    v                  ttend      = (a1(i,k)-t1(i,k)) * rdt
            1055     2   p    v                  qtend      = (a2(i,k)-q1(i,k,1))*rdt
            1056     2               !!            tau(i,k)   = tau(i,k)+ttend
            1057     2               !!            rtg(i,k,1) = rtg(i,k,1)+qtend
            1058     2   p    v                  tau(i,k)   = ttend
            1059     2   p    v                  rtg(i,k,1) = qtend
            1060     2   p    v                  dtsfc(i)   = dtsfc(i)+cont*del(i,k)*ttend
            1061     2   p    v                  dqsfc(i)   = dqsfc(i)+conq*del(i,k)*qtend
            1062     2   p    v                  q1(i,k,1)  = a2(i,k)
            1063     2   p    v               enddo
            1064     1                     enddo
            1065     1                     if(ntrac >= 2) then
                                   <<< Loop-information Start >>>
                                   <<<  [PARALLELIZATION]
                                   <<<    Standard iteration count: 2
                                   <<< Loop-information  End >>>
            1066     2  pp                   do kk = 2, ntrac
            1067     2   p                     is = (kk-1) * km
                                   <<< Loop-information Start >>>
                                   <<<  [OPTIMIZATION]
                                   <<<    PREFETCH(HARD) Expected by compiler :
                                   <<<      a2, q1, rtg
                                   <<< Loop-information  End >>>
            1068     3   p                     do k = 1, km
                                   <<< Loop-information Start >>>
                                   <<<  [OPTIMIZATION]
                                   <<<    SIMD(VL: 8)
                                   <<<    SOFTWARE PIPELINING(IPC: 3.00, ITR: 176, MVE: 6, POL: S)
                                   <<<    PREFETCH(HARD) Expected by compiler :
                                   <<<      rtg, q1, a2
                                   <<< Loop-information  End >>>
            1069     4   p   2v                  do i = 1, im
            1070     4   p   2v                    qtend = (a2(i,k+is)-q1(i,k,kk))*rdt
            1071     4   p   2v                    rtg(i,k,kk) = rtg(i,k,kk)+qtend
            1072     4   p   2v                    q1(i,k,kk)  = a2(i,k+is)
            1073     4   p   2v                  enddo
            1074     3   p                     enddo
            1075     2   p                   enddo
            1076     1                     endif
            1077                     !
            1078                     !   compute tke dissipation rate
            1079                     !
            1080                     !>  ## Calculate heating due to TKE dissipation and add to the tendency for temperature
            1081                     !!  Following Han et al. (2015) \cite han_et_al_2015 , turbulence dissipation contributes to the tendency of temperature in the following way. First, turbulence dissipation is calculated by equation 17 of Han et al. (2015) \cite han_et_al_2015 for the PBL
            1082     1                     if(dspheat) then
            1083     1               !
                                   <<< Loop-information Start >>>
                                   <<<  [PARALLELIZATION]
                                   <<<    Standard iteration count: 2
                                   <<<  [OPTIMIZATION]
                                   <<<    PREFETCH(HARD) Expected by compiler :
                                   <<<      shr2, dku, dkt, bf, ti, diss
                                   <<< Loop-information  End >>>
            1084     2  pp                   do k = 1,km1
                                   <<< Loop-information Start >>>
                                   <<<  [OPTIMIZATION]
                                   <<<    SIMD(VL: 8)
                                   <<<    SOFTWARE PIPELINING(IPC: 3.40, ITR: 72, MVE: 3, POL: S)
                                   <<<    PREFETCH(HARD) Expected by compiler :
                                   <<<      dkt, bf, shr2, dku, ti, diss
                                   <<< Loop-information  End >>>
            1085     3   p    v                do i = 1,im
            1086     3   p    v                  diss(i,k) = dku(i,k)*shr2(i,k)-g*ti(i,k)*dkt(i,k)*bf(i,k)
            1087     3               !           diss(i,k) = dku(i,k)*shr2(i,k)
            1088     3   p    v                enddo
            1089     2   p                   enddo
            1090     1               !
            1091     1               !     add dissipative heating at the first model layer
            1092     1               !
            1093     1               !>  Next, the temperature tendency is updated following equation 14.
                                   <<< Loop-information Start >>>
                                   <<<  [PARALLELIZATION]
                                   <<<    Standard iteration count: 334
                                   <<<  [OPTIMIZATION]
                                   <<<    SIMD(VL: 8)
                                   <<<    SOFTWARE PIPELINING(IPC: 0.56, ITR: 32, MVE: 2, POL: S)
                                   <<<    PREFETCH(HARD) Expected by compiler :
                                   <<<      tau, sflux, stress, spd1, govrth, diss
                                   <<<      zl
                                   <<< Loop-information  End >>>
            1094     2  pp    v              do i = 1,im
            1095     2   p    v                 tem   = govrth(i)*sflux(i)
            1096     2   p    v                 tem1  = tem + stress(i)*spd1(i)/zl(i,1)
            1097     2   p    v                 tem2  = 0.5 * (tem1+diss(i,1))
            1098     2   p    v                 tem2  = max(tem2, 0.)
            1099     2   p    v                 ttend = tem2 / cp
            1100     2   p    v                 tau(i,1) = tau(i,1)+0.5*ttend
            1101     2   p    v              enddo
            1102     1               !
            1103     1               !     add dissipative heating above the first model layer
            1104     1               !
                                   <<< Loop-information Start >>>
                                   <<<  [PARALLELIZATION]
                                   <<<    Standard iteration count: 2
                                   <<<  [OPTIMIZATION]
                                   <<<    PREFETCH(HARD) Expected by compiler :
                                   <<<      diss, tau
                                   <<< Loop-information  End >>>
            1105     2  pp                   do k = 2,km1
                                   <<< Loop-information Start >>>
                                   <<<  [OPTIMIZATION]
                                   <<<    SIMD(VL: 8)
                                   <<<    SOFTWARE PIPELINING(IPC: 3.00, ITR: 176, MVE: 4, POL: S)
                                   <<<    PREFETCH(HARD) Expected by compiler :
                                   <<<      diss, tau
                                   <<< Loop-information  End >>>
            1106     3   p   2v                do i = 1,im
            1107     3   p   2v                  tem = 0.5 * (diss(i,k-1)+diss(i,k))
            1108     3   p   2v                  tem  = max(tem, 0.)
            1109     3   p   2v                  ttend = tem / cp
            1110     3   p   2v                  tau(i,k) = tau(i,k) + 0.5*ttend
            1111     3   p   2v                enddo
            1112     2   p                   enddo
            1113     1               !
            1114     1                     endif
            1115                     !    update temperature tendency to model layer mean temperature
                                   <<< Loop-information Start >>>
                                   <<<  [PARALLELIZATION]
                                   <<<    Standard iteration count: 3
                                   <<<  [OPTIMIZATION]
                                   <<<    PREFETCH(HARD) Expected by compiler :
                                   <<<      tau, t1
                                   <<< Loop-information  End >>>
            1116     1  pp                 do  k = 1,km
                                   <<< Loop-information Start >>>
                                   <<<  [OPTIMIZATION]
                                   <<<    SIMD(VL: 8)
                                   <<<    SOFTWARE PIPELINING(IPC: 3.25, ITR: 192, MVE: 7, POL: S)
                                   <<<    PREFETCH(HARD) Expected by compiler :
                                   <<<      tau, t1
                                   <<< Loop-information  End >>>
            1117     2   p   2v               do i = 1,im
            1118     2   p   2v                  t1(i,k) = t1(i,k) + tau(i,k) * dt2
            1119     2   p   2v               enddo
            1120     1   p                 enddo
            1121                     !
            1122                     !     compute tridiagonal matrix elements for momentum
            1123                     !
            1124                     !>  ## Solve for the horizontal momentum tendencies and add them to the output tendency terms
            1125                     !!  As with the temperature and moisture tendencies, the horizontal momentum tendencies are calculated by solving tridiagonal matrices after the matrices are prepared in this section.
                                   <<< Loop-information Start >>>
                                   <<<  [PARALLELIZATION]
                                   <<<    Standard iteration count: 458
                                   <<<  [OPTIMIZATION]
                                   <<<    SIMD(VL: 8)
                                   <<<    SOFTWARE PIPELINING(IPC: 0.48, ITR: 24, MVE: 2, POL: S)
                                   <<<    PREFETCH(HARD) Expected by compiler :
                                   <<<      stress, beta, spd1, v1, u1, a2, a1, ad
                                   <<< Loop-information  End >>>
            1126     1  pp    v            do i=1,im
            1127     1   p    v               ad(i,1) = 1.0 + beta(i) * stress(i) / spd1(i)
            1128     1   p    v               a1(i,1) = u1(i,1)
            1129     1   p    v               a2(i,1) = v1(i,1)
            1130     1   p    v            enddo
            1131                     !
            1132     1                     do k = 1,km1
                                   <<< Loop-information Start >>>
                                   <<<  [PARALLELIZATION]
                                   <<<    Standard iteration count: 102
                                   <<<  [OPTIMIZATION]
                                   <<<    SIMD(VL: 8)
                                   <<<    PREFETCH(HARD) Expected by compiler :
                                   <<<      del, pcnvflg, prsl, kpbl, u1, a1, v1, a2
                                   <<<      dku, rdzt, xmf, ad, vcko, ucko
                                   <<<    PREFETCH(SOFT) : 14
                                   <<<     SEQUENTIAL : 14
                                   <<<      ucko: 2, al: 2, a2: 2, del: 2, ad: 2
                                   <<<      a1: 2, au: 2
                                   <<<    SPILLS :
                                   <<<      GENERAL   : SPILL 0  FILL 4
                                   <<<      SIMD&FP   : SPILL 0  FILL 0
                                   <<<      SCALABLE  : SPILL 0  FILL 0
                                   <<<      PREDICATE : SPILL 0  FILL 0
                                   <<< Loop-information  End >>>
            1133     2  pp    v              do i=1,im
            1134     2   p    v                dtodsd  = dt2/del(i,k)
            1135     2   p    v                dtodsu  = dt2/del(i,k+1)
            1136     2   p    v                dsig    = prsl(i,k)-prsl(i,k+1)
            1137     2   p    v                rdz     = rdzt(i,k)
            1138     2   p    v                tem1    = dsig*dku(i,k)*rdz
            1139     2   p    v                dsdz2   = tem1 * rdz
            1140     2   p    v                au(i,k) = -dtodsd*dsdz2
            1141     2   p    v                al(i,k) = -dtodsu*dsdz2
            1142     2               !
            1143     3   p    v                if(pcnvflg(i) .and. k < kpbl(i)) then
            1144     3   p    v                   tem2      = dsig * rdz
            1145     3   p    v                   ptem      = 0.5 * tem2 * xmf(i,k)
            1146     3   p    v                   ptem1     = dtodsd * ptem
            1147     3   p    v                   ptem2     = dtodsu * ptem
            1148     3   p    v                   ad(i,k)   = ad(i,k)-au(i,k)-ptem1
            1149     3   p    v                   ad(i,k+1) = 1.-al(i,k)+ptem2
            1150     3   p    v                   au(i,k)   = au(i,k)-ptem1
            1151     3   p    v                   al(i,k)   = al(i,k)+ptem2
            1152     3   p    v                   ptem      = ucko(i,k) + ucko(i,k+1)
            1153     3   p    v                   a1(i,k)   = a1(i,k) - ptem1 * ptem
            1154     3   p    v                   a1(i,k+1) = u1(i,k+1) + ptem2 * ptem
            1155     3   p    v                   ptem      = vcko(i,k) + vcko(i,k+1)
            1156     3   p    v                   a2(i,k)   = a2(i,k) - ptem1 * ptem
            1157     3   p    v                   a2(i,k+1) = v1(i,k+1) + ptem2 * ptem
            1158     3   p    v                else
            1159     3   p    v                   ad(i,k)   = ad(i,k)-au(i,k)
            1160     3   p    v                   ad(i,k+1) = 1.-al(i,k)
            1161     3   p    v                   a1(i,k+1) = u1(i,k+1)
            1162     3   p    v                   a2(i,k+1) = v1(i,k+1)
            1163     3   p    v                endif
            1164     2               !
            1165     2   p    v              enddo
            1166     1                     enddo
            1167                     !
            1168                     !     solve tridiagonal problem for momentum
            1169                     !
            1170                           call tridi2(im,km,al,ad,au,a1,a2,au,a1,a2)
            1171                     !
            1172                     !     recover tendencies of momentum
            1173                     !
            1174                     !>  Finally, the tendencies are recovered from the tridiagonal solutions.
                                   <<< Loop-information Start >>>
                                   <<<  [OPTIMIZATION]
                                   <<<    PREFETCH(HARD) Expected by compiler :
                                   <<<      a2, v1, u1, a1, del, dvsfc, dusfc, dv
                                   <<<      du
                                   <<< Loop-information  End >>>
            1175     1                     do k = 1,km
                                   <<< Loop-information Start >>>
                                   <<<  [PARALLELIZATION]
                                   <<<    Standard iteration count: 286
                                   <<<  [OPTIMIZATION]
                                   <<<    SIMD(VL: 8)
                                   <<<    SOFTWARE PIPELINING(IPC: 3.00, ITR: 88, MVE: 6, POL: S)
                                   <<<    PREFETCH(HARD) Expected by compiler :
                                   <<<      a2, del, dvsfc, dv, v1, u1, a1, dusfc
                                   <<<      du
                                   <<< Loop-information  End >>>
            1176     2  pp    v               do i = 1,im
            1177     2   p    v                  utend = (a1(i,k)-u1(i,k))*rdt
            1178     2   p    v                  vtend = (a2(i,k)-v1(i,k))*rdt
            1179     2               !!            du(i,k)  = du(i,k)  + utend
            1180     2               !!            dv(i,k)  = dv(i,k)  + vtend
            1181     2   p    v                  du(i,k)  = utend
            1182     2   p    v                  dv(i,k)  = vtend
            1183     2   p    v                  dusfc(i) = dusfc(i) + conw*del(i,k)*utend
            1184     2   p    v                  dvsfc(i) = dvsfc(i) + conw*del(i,k)*vtend
            1185     2   p    v                  u1(i,k) = a1(i,k)
            1186     2   p    v                  v1(i,k) = a2(i,k)
            1187     2               !
            1188     2               !  for dissipative heating for ecmwf model
            1189     2               !
            1190     2               !           tem1 = 0.5*(a1(i,k)+u1(i,k))
            1191     2               !           tem2 = 0.5*(a2(i,k)+v1(i,k))
            1192     2               !           diss(i,k) = -(tem1*utend+tem2*vtend)
            1193     2               !           diss(i,k) = max(diss(i,k),0.)
            1194     2               !           ttend = diss(i,k) / cp
            1195     2               !           tau(i,k) = tau(i,k) + ttend
            1196     2               !
            1197     2   p    v               enddo
            1198     1                     enddo
            1199                     !
            1200                     !!!!!!!!!!!!!!!!!!!!!!!!!!!!!!!!!!!!!!!!!!!!!!!!!!!!!!!!!!!
            1201                     !
                                   <<< Loop-information Start >>>
                                   <<<  [PARALLELIZATION]
                                   <<<    Standard iteration count: 942
                                   <<<  [OPTIMIZATION]
                                   <<<    SIMD(VL: 8)
                                   <<<    SOFTWARE PIPELINING(IPC: 2.33, ITR: 80, MVE: 3, POL: S)
                                   <<<    PREFETCH(HARD) Expected by compiler :
                                   <<<      kpblx, hpblx, kpbl, hpbl
                                   <<< Loop-information  End >>>
            1202     1  pp   2v            do i = 1, im
            1203     1   p   2v               hpbl(i) = hpblx(i)
            1204     1   p   2v               kpbl(i) = kpblx(i)
            1205     1   p   2v            enddo
            1206                     !
            1207                     !!!!!!!!!!!!!!!!!!!!!!!!!!!!!!!!!!!!!!!!!!!!!!!!!!!!!!!!!!!
            1208                           return
            1209                           end

 Procedure information
   Lines      : 1209
   Statements : 749
   Stack(byte): 13584
   Prefetch num: 58

 Scoping unit of external sub-program : moninedmf
   Attribute and Cross reference of name
     a1
      |(Class and Type) : variable name, REAL(8)
      |(Attributes)     : DIMENSION
      |(Declaration)    : 154
      |(Definition)     : 956  991  992  1003  1004  1011  1012  1046  1046  1128  1153  1154  1161  1170  1170
      |(Reference)      : 991  1003  1011  1054  1153  1177  1185
     a2
      |(Class and Type) : variable name, REAL(8)
      |(Attributes)     : DIMENSION
      |(Declaration)    : 154
      |(Definition)     : 957  964  994  995  1005  1006  1013  1033  1034  1036  1046  1046  1129  1156  1157  1162  1170  1170
      |(Reference)      : 994  1005  1033  1055  1062  1070  1072  1156  1178  1186
     actei
      |(Class and Type) : named constant, REAL(8)
      |(Attributes)     : 
      |(Declaration)    : 200  232
      |(Definition)     : 
      |(Reference)      : 903
     ad
      |(Class and Type) : variable name, REAL(8)
      |(Attributes)     : DIMENSION
      |(Declaration)    : 154
      |(Definition)     : 955  985  986  1001  1002  1008  1009  1046  1127  1148  1149  1159  1160  1170
      |(Reference)      : 985  1001  1008  1148  1159
     al
      |(Class and Type) : variable name, REAL(8)
      |(Attributes)     : DIMENSION
      |(Declaration)    : 154
      |(Definition)     : 978  988  1046  1141  1151  1170
      |(Reference)      : 986  988  1002  1009  1149  1151  1160
     aphi16
      |(Class and Type) : named constant, REAL(8)
      |(Attributes)     : 
      |(Declaration)    : 174  214
      |(Definition)     : 
      |(Reference)      : 530
     aphi5
      |(Class and Type) : named constant, REAL(8)
      |(Attributes)     : 
      |(Declaration)    : 174  214
      |(Definition)     : 
      |(Reference)      : 534  538
     au
      |(Class and Type) : variable name, REAL(8)
      |(Attributes)     : DIMENSION
      |(Declaration)    : 154
      |(Definition)     : 977  987  1046  1046  1140  1150  1170  1170
      |(Reference)      : 985  987  1001  1008  1148  1150  1159
     beta
      |(Class and Type) : variable name, REAL(8)
      |(Attributes)     : DIMENSION
      |(Declaration)    : 138
      |(Definition)     : 428
      |(Reference)      : 956  957  1127
     bf
      |(Class and Type) : variable name, REAL(8)
      |(Attributes)     : DIMENSION
      |(Declaration)    : 145
      |(Definition)     : 415
      |(Reference)      : 813  910  1086
     bvf2
      |(Class and Type) : variable name, REAL(8)
      |(Attributes)     : 
      |(Declaration)    : 174
      |(Definition)     : 813
      |(Reference)      : 814
     cfac
      |(Class and Type) : named constant, REAL(8)
      |(Attributes)     : 
      |(Declaration)    : 174  212
      |(Definition)     : 
      |(Reference)      : 561  562  729  729
     ckt
      |(Class and Type) : variable name, REAL(8)
      |(Attributes)     : DIMENSION
      |(Declaration)    : 154
      |(Definition)     : 392  911  925  927  928
      |(Reference)      : 912  926  927  928  942
     cku
      |(Class and Type) : variable name, REAL(8)
      |(Attributes)     : DIMENSION
      |(Declaration)    : 154
      |(Definition)     : 391  912  926  929  930
      |(Reference)      : 929  930  943
     cldtime
      |(Class and Type) : named constant, REAL(8)
      |(Attributes)     : 
      |(Declaration)    : 200  218
      |(Definition)     : 
      |(Reference)      : 686
     con_cp
      |(Class and Type) : use name
      |(Attributes)     : 
      |(Declaration)    : 
      |(Definition)     : 
      |(Reference)      : 96
     con_fvirt
      |(Class and Type) : use name
      |(Attributes)     : 
      |(Declaration)    : 
      |(Definition)     : 
      |(Reference)      : 96
     con_g
      |(Class and Type) : use name
      |(Attributes)     : 
      |(Declaration)    : 
      |(Definition)     : 
      |(Reference)      : 96
     con_hvap
      |(Class and Type) : use name
      |(Attributes)     : 
      |(Declaration)    : 
      |(Definition)     : 
      |(Reference)      : 96
     con_rd
      |(Class and Type) : use name
      |(Attributes)     : 
      |(Declaration)    : 
      |(Definition)     : 
      |(Reference)      : 96
     conq
      |(Class and Type) : named constant, REAL(8)
      |(Attributes)     : 
      |(Declaration)    : 174  206
      |(Definition)     : 
      |(Reference)      : 1061
     const
      |(Class and Type) : module name
      |(Attributes)     : 
      |(Declaration)    : 
      |(Definition)     : 
      |(Reference)      : 98
     cont
      |(Class and Type) : named constant, REAL(8)
      |(Attributes)     : 
      |(Declaration)    : 174  206
      |(Definition)     : 
      |(Reference)      : 1060
     conw
      |(Class and Type) : named constant, REAL(8)
      |(Attributes)     : 
      |(Declaration)    : 174  206
      |(Definition)     : 
      |(Reference)      : 1183  1184
     cp
      |(Class and Type) : named constant, REAL(8)
      |(Attributes)     : use-associated
      |(Declaration)    : 
      |(Definition)     : 
      |(Reference)      : 96  205  206  378  902  1099  1109
     crb
      |(Class and Type) : variable name, REAL(8)
      |(Attributes)     : DIMENSION
      |(Declaration)    : 138
      |(Definition)     : 451  458  459
      |(Reference)      : 459  478  486  488  491  588  595  597  600
     crbcon
      |(Class and Type) : named constant, REAL(8)
      |(Attributes)     : 
      |(Declaration)    : 174  211
      |(Definition)     : 
      |(Reference)      : 451
     crbmax
      |(Class and Type) : named constant, REAL(8)
      |(Attributes)     : 
      |(Declaration)    : 174  211
      |(Definition)     : 
      |(Reference)      : 459
     crbmin
      |(Class and Type) : named constant, REAL(8)
      |(Attributes)     : 
      |(Declaration)    : 174  211
      |(Definition)     : 
      |(Reference)      : 459
     cteit
      |(Class and Type) : variable name, REAL(8)
      |(Attributes)     : 
      |(Declaration)    : 174
      |(Definition)     : 902
      |(Reference)      : 903
     del
      |(Class and Type) : variable name, REAL(8)
      |(Attributes)     : DIMENSION, dummy-argument
      |(Declaration)    : 89  108
      |(Definition)     : 
      |(Reference)      : 971  972  1025  1026  1060  1061  1134  1135  1183  1184
     delt
      |(Class and Type) : variable name, REAL(8)
      |(Attributes)     : dummy-argument
      |(Declaration)    : 89  107
      |(Definition)     : 
      |(Reference)      : 272
     diss
      |(Class and Type) : variable name, REAL(8)
      |(Attributes)     : DIMENSION
      |(Declaration)    : 145
      |(Definition)     : 1086
      |(Reference)      : 1097  1107  1107
     dk
      |(Class and Type) : variable name, REAL(8)
      |(Attributes)     : 
      |(Declaration)    : 174
      |(Definition)     : 818  828
      |(Reference)      : 822  823  829
     dkmax
      |(Class and Type) : named constant, REAL(8)
      |(Attributes)     : 
      |(Declaration)    : 174  210
      |(Definition)     : 
      |(Reference)      : 766  768  843  845  928  930  944  945
     dkmin
      |(Class and Type) : named constant, REAL(8)
      |(Attributes)     : 
      |(Declaration)    : 174  210
      |(Definition)     : 
      |(Reference)      : 927  929
     dkt
      |(Class and Type) : variable name, REAL(8)
      |(Attributes)     : DIMENSION
      |(Declaration)    : 154
      |(Definition)     : 389  758  764  768  769  823  840  845  846  942  944
      |(Reference)      : 768  769  770  845  846  942  944  975  1086
     dktx
      |(Class and Type) : variable name, REAL(8)
      |(Attributes)     : DIMENSION
      |(Declaration)    : 154
      |(Definition)     : 390  770
      |(Reference)      : 997
     dku
      |(Class and Type) : variable name, REAL(8)
      |(Attributes)     : DIMENSION
      |(Declaration)    : 154
      |(Definition)     : 388  757  763  766  767  822  839  843  844  943  945
      |(Reference)      : 766  767  843  844  943  945  1086  1138
     dq1
      |(Class and Type) : variable name, REAL(8)
      |(Attributes)     : 
      |(Declaration)    : 174
      |(Definition)     : 
      |(Reference)      : 
     dqsfc
      |(Class and Type) : variable name, REAL(8)
      |(Attributes)     : DIMENSION
      |(Declaration)    : 108
      |(Definition)     : 347  1061
      |(Reference)      : 1061
     dsdz2
      |(Class and Type) : variable name, REAL(8)
      |(Attributes)     : 
      |(Declaration)    : 174
      |(Definition)     : 976  1139
      |(Reference)      : 977  978  1140  1141
     dsdzq
      |(Class and Type) : variable name, REAL(8)
      |(Attributes)     : 
      |(Declaration)    : 174
      |(Definition)     : 1000
      |(Reference)      : 1005  1006
     dsdzt
      |(Class and Type) : variable name, REAL(8)
      |(Attributes)     : 
      |(Declaration)    : 174
      |(Definition)     : 990  999  1010
      |(Reference)      : 991  992  1003  1004  1011  1012
     dsdzu
      |(Class and Type) : variable name, REAL(8)
      |(Attributes)     : 
      |(Declaration)    : 174
      |(Definition)     : 
      |(Reference)      : 
     dsdzv
      |(Class and Type) : variable name, REAL(8)
      |(Attributes)     : 
      |(Declaration)    : 174
      |(Definition)     : 
      |(Reference)      : 
     dsig
      |(Class and Type) : variable name, REAL(8)
      |(Attributes)     : 
      |(Declaration)    : 174
      |(Definition)     : 973  1027  1136
      |(Reference)      : 975  981  997  1028  1138  1144
     dspheat
      |(Class and Type) : variable name, LOGICAL(4)
      |(Attributes)     : 
      |(Declaration)    : 128
      |(Definition)     : 235
      |(Reference)      : 1082
     dt2
      |(Class and Type) : variable name, REAL(8)
      |(Attributes)     : 
      |(Declaration)    : 174
      |(Definition)     : 272  877
      |(Reference)      : 273  428  971  972  1025  1026  1118  1134  1135
     dthe1
      |(Class and Type) : variable name, REAL(8)
      |(Attributes)     : 
      |(Declaration)    : 174
      |(Definition)     : 
      |(Reference)      : 
     dtodsd
      |(Class and Type) : variable name, REAL(8)
      |(Attributes)     : 
      |(Declaration)    : 174
      |(Definition)     : 971  1025  1134
      |(Reference)      : 977  983  991  1003  1005  1011  1030  1140  1146
     dtodsu
      |(Class and Type) : variable name, REAL(8)
      |(Attributes)     : 
      |(Declaration)    : 174
      |(Definition)     : 972  1026  1135
      |(Reference)      : 978  984  992  1004  1006  1012  1031  1141  1147
     dtsfc
      |(Class and Type) : variable name, REAL(8)
      |(Attributes)     : DIMENSION
      |(Declaration)    : 108
      |(Definition)     : 346  1060
      |(Reference)      : 1060
     du
      |(Class and Type) : variable name, REAL(8)
      |(Attributes)     : DIMENSION
      |(Declaration)    : 108
      |(Definition)     : 1181
      |(Reference)      : 
     dusfc
      |(Class and Type) : variable name, REAL(8)
      |(Attributes)     : DIMENSION
      |(Declaration)    : 108
      |(Definition)     : 344  1183
      |(Reference)      : 1183
     dv
      |(Class and Type) : variable name, REAL(8)
      |(Attributes)     : DIMENSION
      |(Declaration)    : 108
      |(Definition)     : 1182
      |(Reference)      : 
     dvsfc
      |(Class and Type) : variable name, REAL(8)
      |(Attributes)     : DIMENSION
      |(Declaration)    : 108
      |(Definition)     : 345  1184
      |(Reference)      : 1184
     dw2
      |(Class and Type) : variable name, REAL(8)
      |(Attributes)     : 
      |(Declaration)    : 174
      |(Definition)     : 417
      |(Reference)      : 419
     dw2min
      |(Class and Type) : named constant, REAL(8)
      |(Attributes)     : 
      |(Declaration)    : 174  210
      |(Definition)     : 
      |(Reference)      : 419
     evap
      |(Class and Type) : variable name, REAL(8)
      |(Attributes)     : DIMENSION, dummy-argument
      |(Declaration)    : 89  138
      |(Definition)     : 
      |(Reference)      : 436  562  957
     exp
      |(Class and Type) : intrinsic function name, REAL(8)
      |(Attributes)     : PURE, ELEMENTAL
      |(Declaration)    : 
      |(Definition)     : 
      |(Reference)      : 308  318
     f0
      |(Class and Type) : named constant, REAL(8)
      |(Attributes)     : 
      |(Declaration)    : 174  215
      |(Definition)     : 
      |(Reference)      : 456
     fh
      |(Class and Type) : variable name, REAL(8)
      |(Attributes)     : DIMENSION, dummy-argument
      |(Declaration)    : 89  108
      |(Definition)     : 
      |(Reference)      : 520
     flg
      |(Class and Type) : variable name, LOGICAL(4)
      |(Attributes)     : DIMENSION
      |(Declaration)    : 168
      |(Definition)     : 399  405  446  478  574  576  588  615  622  632  643  654  662  693  702
      |(Reference)      : 403  472  582  619  636  658  697
     fm
      |(Class and Type) : variable name, REAL(8)
      |(Attributes)     : DIMENSION, dummy-argument
      |(Declaration)    : 89  108
      |(Definition)     : 
      |(Reference)      : 520  520
     fv
      |(Class and Type) : named constant, REAL(8)
      |(Attributes)     : use-associated
      |(Declaration)    : 
      |(Definition)     : 
      |(Reference)      : 96  380  382  436  453  563
     g
      |(Class and Type) : named constant, REAL(8)
      |(Attributes)     : 
      |(Declaration)    : 174  204
      |(Definition)     : 
      |(Reference)      : 205  206  206  206  424  475  585  813  1086
     gamcrq
      |(Class and Type) : named constant, REAL(8)
      |(Attributes)     : 
      |(Declaration)    : 174  222
      |(Definition)     : 
      |(Reference)      : 562
     gamcrt
      |(Class and Type) : named constant, REAL(8)
      |(Attributes)     : 
      |(Declaration)    : 174  222
      |(Definition)     : 
      |(Reference)      : 561  564
     gocp
      |(Class and Type) : named constant, REAL(8)
      |(Attributes)     : 
      |(Declaration)    : 174  205
      |(Definition)     : 
      |(Reference)      : 990  999  1010
     govrth
      |(Class and Type) : variable name, REAL(8)
      |(Attributes)     : DIMENSION
      |(Declaration)    : 145
      |(Definition)     : 424
      |(Reference)      : 548  719  1095
     grav
      |(Class and Type) : named constant, REAL(8)
      |(Attributes)     : use-associated
      |(Declaration)    : 
      |(Definition)     : 
      |(Reference)      : 96  203  204
     gravi
      |(Class and Type) : named constant, REAL(8)
      |(Attributes)     : 
      |(Declaration)    : 174  203
      |(Definition)     : 
      |(Reference)      : 279  280  284
     h1
      |(Class and Type) : named constant, REAL(8)
      |(Attributes)     : 
      |(Declaration)    : 200  216
      |(Definition)     : 
      |(Reference)      : 549  551  720
     h2
      |(Class and Type) : named constant, REAL(8)
      |(Attributes)     : 
      |(Declaration)    : 200  216
      |(Definition)     : 
      |(Reference)      : 
     heat
      |(Class and Type) : variable name, REAL(8)
      |(Attributes)     : DIMENSION, dummy-argument
      |(Declaration)    : 89  138
      |(Definition)     : 
      |(Reference)      : 436  561  956
     hgamq
      |(Class and Type) : variable name, REAL(8)
      |(Attributes)     : DIMENSION
      |(Declaration)    : 108
      |(Definition)     : 562  567
      |(Reference)      : 563  567  1000
     hgamt
      |(Class and Type) : variable name, REAL(8)
      |(Attributes)     : DIMENSION
      |(Declaration)    : 108
      |(Definition)     : 561  566
      |(Reference)      : 563  566  999
     hlw
      |(Class and Type) : variable name, REAL(8)
      |(Attributes)     : DIMENSION, dummy-argument
      |(Declaration)    : 89  108
      |(Definition)     : 
      |(Reference)      : 394
     hpbl
      |(Class and Type) : variable name, REAL(8)
      |(Attributes)     : DIMENSION, dummy-argument
      |(Declaration)    : 89  108
      |(Definition)     : 351  493  496  602  877  1203
      |(Reference)      : 494  500  526  548  603  751  998
     hpblx
      |(Class and Type) : variable name, REAL(8)
      |(Attributes)     : DIMENSION
      |(Declaration)    : 108
      |(Definition)     : 352  500
      |(Reference)      : 1203
     hrad
      |(Class and Type) : variable name, REAL(8)
      |(Attributes)     : DIMENSION
      |(Declaration)    : 145
      |(Definition)     : 362  673
      |(Reference)      : 679  711  718  919
     hvap
      |(Class and Type) : named constant, REAL(8)
      |(Attributes)     : use-associated
      |(Declaration)    : 
      |(Definition)     : 
      |(Reference)      : 96  206  378  381  381  902
     i
      |(Class and Type) : variable name, INTEGER(4)
      |(Attributes)     : 
      |(Declaration)    : 133
      |(Definition)     : 278  283  288  293  300  331  342  373  387  398  402  413  423  427  431  435  445  471  483  519  541  559  573  581  592  614  618  627  631  635  648  653  657  667  671  678  682  692  696  708  715  727  737  747  811  858  869  896  907  917  940  954  963  970  1023  1053  1069  1085  1094  1106  1117  1126  1133  1176  1202
      |(Reference)      : 279  279  280  280  284  284  289  289  289  294  295  295  296  296  301  302  305  305  308  312  313  315  315  315  316  316  318  333  334  334  334  336  336  343  343  344  345  346  347  348  349  350  351  351  352  352  353  354  355  355  356  357  358  359  360  361  362  362  364  365  366  367  368  374  374  374  374  375  375  376  376  376  377  378  378  379  379  380  380  380  381  382  382  388  389  390  391  392  393  393  394  394  394  394  399  399  403  403  404  405  414  415  415  415  416  416  416  417  417  417  417  419  424  424  428  428  428  432  432  436  436  436  436  437  437  437  446  447  447  449  450  450  451  453  453  453  454  454  456  458  459  459  472  473  473  474  474  475  475  475  475  475  477  478  478  478  484  485  486  486  488  488  491  491  491  491  493  493  493  493  494  494  494  494  494  496  496  497  499  499  500  500  520  520  520  520  520  521  522  522  524  524  526  526  526  527  531  532  532  534  535  535  537  537  537  538  538  539  539  539  542  543  543  544  546  548  548  548  549  550  551  552  552  552  560  561  561  561  562  562  562  563  563  563  565  565  566  566  567  567  574  575  576  577  577  582  583  583  584  584  585  585  585  585  585  587  588  588  588  593  594  595  595  597  597  600  600  600  600  602  602  602  602  603  603  603  603  603  604  605  606  615  615  619  619  620  621  622  628  628  628  632  632  636  636  637  638  638  639  639  640  643  649  649  649  650  650  650  654  654  658  658  659  660  660  662  668  668  668  672  673  673  673  679  679  679  679  683  684  685  685  686  687  687  693  693  697  697  698  698  699  699  700  700  702  709  710  710  711  711  711  716  717  717  717  718  718  718  719  719  719  720  728  729  729  731  731  733  734  734  735  735  738  739  748  751  751  752  753  754  757  758  758  760  763  764  764  766  766  767  767  767  768  768  769  769  769  770  770  812  813  813  814  815  818  822  823  828  831  839  840  843  843  844  844  844  845  845  846  846  846  859  860  860  861  861  862  862  863  870  871  871  897  898  899  899  900  900  903  908  909  910  911  911  911  912  912  918  918  919  919  920  922  925  925  926  926  927  927  928  928  929  929  930  930  941  942  942  942  943  943  943  944  944  945  945  955  956  956  956  956  957  957  957  957  964  964  971  972  973  973  974  975  977  978  980  980  982  985  985  985  986  986  987  987  988  988  989  989  991  991  992  992  993  993  994  994  995  995  996  996  997  998  999  1000  1001  1001  1001  1002  1002  1003  1003  1004  1004  1005  1005  1006  1006  1008  1008  1008  1009  1009  1011  1011  1012  1012  1013  1013  1024  1024  1025  1026  1027  1027  1028  1029  1032  1032  1033  1033  1034  1034  1036  1036  1054  1054  1055  1055  1058  1059  1060  1060  1060  1061  1061  1061  1062  1062  1070  1070  1071  1071  1072  1072  1086  1086  1086  1086  1086  1086  1095  1095  1096  1096  1096  1097  1100  1100  1107  1107  1110  1110  1118  1118  1118  1127  1127  1127  1127  1128  1128  1129  1129  1134  1135  1136  1136  1137  1138  1140  1141  1143  1143  1145  1148  1148  1148  1149  1149  1150  1150  1151  1151  1152  1152  1153  1153  1154  1154  1155  1155  1156  1156  1157  1157  1159  1159  1159  1160  1160  1161  1161  1162  1162  1177  1177  1178  1178  1181  1182  1183  1183  1183  1184  1184  1184  1185  1185  1186  1186  1203  1203  1204  1204
     icld
      |(Class and Type) : variable name, INTEGER(4)
      |(Attributes)     : DIMENSION
      |(Declaration)    : 134
      |(Definition)     : 365  660
      |(Reference)      : 660  668  710
     im
      |(Class and Type) : variable name, INTEGER(4)
      |(Attributes)     : dummy-argument
      |(Declaration)    : 89  105
      |(Definition)     : 877  1046  1170
      |(Reference)      : 105  105  108  108  108  108  108  108  108  108  108  108  108  108  108  108  108  108  108  108  108  108  108  126  134  134  134  134  135  135  138  138  138  138  138  138  138  138  138  138  138  138  138  138  138  138  138  138  145  145  145  145  145  145  145  145  145  145  145  145  145  145  145  145  154  154  154  154  154  154  154  154  154  154  154  154  154  154  154  154  154  163  163  163  163  163  166  166  168  168  168  168  169  169  174  174  261  278  283  288  293  300  331  342  373  387  398  402  413  423  427  431  435  445  471  483  519  541  559  573  581  592  614  618  627  631  635  648  653  657  667  671  678  682  692  696  708  715  727  737  747  811  858  869  896  907  917  940  954  963  970  1023  1053  1069  1085  1094  1106  1117  1126  1133  1176  1202
     ipr
      |(Class and Type) : variable name, INTEGER(4)
      |(Attributes)     : 
      |(Declaration)    : 104
      |(Definition)     : 
      |(Reference)      : 
     iprt
      |(Class and Type) : variable name, INTEGER(4)
      |(Attributes)     : 
      |(Declaration)    : 133
      |(Definition)     : 
      |(Reference)      : 
     is
      |(Class and Type) : variable name, INTEGER(4)
      |(Attributes)     : 
      |(Declaration)    : 133
      |(Definition)     : 962  1021  1067
      |(Reference)      : 964  1033  1033  1034  1036  1070  1072
     iun
      |(Class and Type) : named constant, INTEGER(4)
      |(Attributes)     : 
      |(Declaration)    : 133  224
      |(Definition)     : 
      |(Reference)      : 
     ix
      |(Class and Type) : variable name, INTEGER(4)
      |(Attributes)     : dummy-argument
      |(Declaration)    : 89  105
      |(Definition)     : 877
      |(Reference)      : 108  108  108  108  108  108  108  108  108  108  108  108  261
     k
      |(Class and Type) : variable name, INTEGER(4)
      |(Attributes)     : 
      |(Declaration)    : 133
      |(Definition)     : 277  287  299  330  372  386  401  412  470  485  580  594  617  634  656  684  695  746  810  857  868  898  909  916  939  961  969  1022  1052  1068  1084  1105  1116  1132  1175
      |(Reference)      : 279  279  280  280  289  289  289  301  302  305  308  312  313  315  315  315  316  318  333  334  334  334  336  336  374  374  374  375  375  376  376  376  377  378  378  379  379  380  380  380  381  382  382  388  389  390  391  392  393  393  394  394  394  403  404  414  415  415  415  416  416  416  417  417  417  417  419  474  474  475  475  477  493  493  493  584  584  585  585  587  602  602  602  619  620  621  636  637  638  639  640  658  659  685  685  687  697  698  699  699  748  751  752  757  758  763  764  766  766  767  767  767  768  768  769  769  769  770  770  812  813  813  814  815  818  822  823  828  831  839  840  843  843  844  844  844  845  845  846  846  846  860  860  861  861  862  862  863  871  871  899  899  900  900  910  911  912  912  918  920  925  926  926  927  927  928  928  929  929  930  930  942  942  942  943  943  943  944  944  945  945  962  964  971  972  973  973  974  975  977  978  980  982  985  985  985  986  986  987  987  988  988  989  989  991  991  992  992  993  993  994  994  995  995  996  997  1001  1001  1001  1002  1002  1003  1003  1004  1004  1005  1005  1006  1006  1008  1008  1008  1009  1009  1011  1011  1012  1012  1013  1013  1024  1025  1026  1027  1027  1028  1029  1032  1032  1033  1033  1034  1034  1036  1036  1054  1054  1055  1055  1058  1059  1060  1061  1062  1062  1070  1070  1071  1071  1072  1072  1086  1086  1086  1086  1086  1086  1107  1107  1110  1110  1118  1118  1118  1134  1135  1136  1136  1137  1138  1140  1141  1143  1145  1148  1148  1148  1149  1149  1150  1150  1151  1151  1152  1152  1153  1153  1154  1154  1155  1155  1156  1156  1157  1157  1159  1159  1159  1160  1160  1161  1161  1162  1162  1177  1177  1178  1178  1181  1182  1183  1184  1185  1185  1186  1186
     kcld
      |(Class and Type) : variable name, INTEGER(4)
      |(Attributes)     : DIMENSION
      |(Declaration)    : 134
      |(Definition)     : 367  621
      |(Reference)      : 628  636
     kind_phys
      |(Class and Type) : named constant, INTEGER(4)
      |(Attributes)     : use-associated
      |(Declaration)    : 
      |(Definition)     : 
      |(Reference)      : 95  107  108  138  145  154  163  166  174  198  200
     kinver
      |(Class and Type) : variable name, INTEGER(4)
      |(Attributes)     : DIMENSION
      |(Declaration)    : 105
      |(Definition)     : 
      |(Reference)      : 
     kk
      |(Class and Type) : variable name, INTEGER(4)
      |(Attributes)     : 
      |(Declaration)    : 133
      |(Definition)     : 710  867  1020  1066
      |(Reference)      : 711  871  871  1021  1032  1032  1034  1036  1067  1070  1071  1071  1072
     km
      |(Class and Type) : variable name, INTEGER(4)
      |(Attributes)     : dummy-argument
      |(Declaration)    : 89  105
      |(Definition)     : 877  1046  1170
      |(Reference)      : 108  108  108  108  108  108  108  108  108  108  108  108  108  108  108  108  145  145  145  145  145  145  145  145  145  154  154  154  154  154  154  154  154  154  154  154  154  154  154  154  154  154  163  163  163  163  163  274  275  277  284  284  372  857  868  962  1021  1052  1067  1068  1116  1175
     km1
      |(Class and Type) : variable name, INTEGER(4)
      |(Attributes)     : 
      |(Declaration)    : 133
      |(Definition)     : 274
      |(Reference)      : 287  299  366  367  386  401  412  628  810  969  1022  1084  1105  1132
     kmpbl
      |(Class and Type) : variable name, INTEGER(4)
      |(Attributes)     : 
      |(Declaration)    : 133
      |(Definition)     : 275
      |(Reference)      : 330  470  580  617  634  656  695  746  916  939
     kpbl
      |(Class and Type) : variable name, INTEGER(4)
      |(Attributes)     : DIMENSION, dummy-argument
      |(Declaration)    : 89  105
      |(Definition)     : 350  477  494  497  587  603  739  877  1204
      |(Reference)      : 484  485  494  494  499  543  594  603  603  604  748  812  980  996  1024  1143
     kpblx
      |(Class and Type) : variable name, INTEGER(4)
      |(Attributes)     : DIMENSION
      |(Declaration)    : 135
      |(Definition)     : 499
      |(Reference)      : 831  1204
     krad
      |(Class and Type) : variable name, INTEGER(4)
      |(Attributes)     : DIMENSION
      |(Declaration)    : 134
      |(Definition)     : 364  640
      |(Reference)      : 649  658  673  684  697  710  898  909  918
     kx1
      |(Class and Type) : variable name, INTEGER(4)
      |(Attributes)     : DIMENSION
      |(Declaration)    : 135
      |(Definition)     : 294  313
      |(Reference)      : 315
     latd
      |(Class and Type) : variable name, INTEGER(4)
      |(Attributes)     : 
      |(Declaration)    : 133
      |(Definition)     : 
      |(Reference)      : 
     lcld
      |(Class and Type) : variable name, INTEGER(4)
      |(Attributes)     : DIMENSION
      |(Declaration)    : 134
      |(Definition)     : 366  404
      |(Reference)      : 619
     lond
      |(Class and Type) : variable name, INTEGER(4)
      |(Attributes)     : 
      |(Declaration)    : 133
      |(Definition)     : 
      |(Reference)      : 
     lprnt
      |(Class and Type) : variable name, LOGICAL(4)
      |(Attributes)     : 
      |(Declaration)    : 103
      |(Definition)     : 
      |(Reference)      : 
     machine
      |(Class and Type) : module name
      |(Attributes)     : 
      |(Declaration)    : 
      |(Definition)     : 
      |(Reference)      : 95
     max
      |(Class and Type) : intrinsic function name, REAL(8)
      |(Attributes)     : PURE, ELEMENTAL
      |(Declaration)    : 
      |(Definition)     : 
      |(Reference)      : 375  376  378  380  419  453  455  459  474  520  524  539  552  565  566  567  584  710  717  735  751  767  769  814  844  846  910  927  929  1098  1108
     mfpbl
      |(Class and Type) : external subroutine name
      |(Attributes)     : 
      |(Declaration)    : 
      |(Definition)     : 
      |(Reference)      : 877
     min
      |(Class and Type) : intrinsic function name, REAL(8)
      |(Attributes)     : PURE, ELEMENTAL
      |(Declaration)    : 
      |(Definition)     : 
      |(Reference)      : 308  318  336  459  522  561  562  564  718  734  766  768  833  843  845  928  930  944  945
     moninedmf
      |(Class and Type) : external subroutine name
      |(Attributes)     : 
      |(Declaration)    : 
      |(Definition)     : 89
      |(Reference)      : 
     moninq_fac
      |(Class and Type) : named constant, REAL(8)
      |(Attributes)     : 
      |(Declaration)    : 198  221
      |(Definition)     : 
      |(Reference)      : 752
     ntcw
      |(Class and Type) : variable name, INTEGER(4)
      |(Attributes)     : dummy-argument
      |(Declaration)    : 89  105
      |(Definition)     : 
      |(Reference)      : 375
     ntrac
      |(Class and Type) : variable name, INTEGER(4)
      |(Attributes)     : dummy-argument
      |(Declaration)    : 89  105
      |(Definition)     : 877  1046
      |(Reference)      : 108  108  154  163  867  960  961  1019  1020  1065  1066
     pblflg
      |(Class and Type) : variable name, LOGICAL(4)
      |(Attributes)     : DIMENSION
      |(Declaration)    : 168
      |(Definition)     : 353  437  606
      |(Reference)      : 449  542  753
     pcnvflg
      |(Class and Type) : variable name, LOGICAL(4)
      |(Attributes)     : DIMENSION
      |(Declaration)    : 169
      |(Definition)     : 357  544  877
      |(Reference)      : 859  870  980  1024  1143
     pfac
      |(Class and Type) : named constant, REAL(8)
      |(Attributes)     : 
      |(Declaration)    : 174  212
      |(Definition)     : 
      |(Reference)      : 752
     phih
      |(Class and Type) : variable name, REAL(8)
      |(Attributes)     : DIMENSION
      |(Declaration)    : 138
      |(Definition)     : 531  535
      |(Reference)      : 532  729  731
     phii
      |(Class and Type) : variable name, REAL(8)
      |(Attributes)     : DIMENSION, dummy-argument
      |(Declaration)    : 89  108
      |(Definition)     : 
      |(Reference)      : 279  284
     phil
      |(Class and Type) : variable name, REAL(8)
      |(Attributes)     : DIMENSION, dummy-argument
      |(Declaration)    : 89  108
      |(Definition)     : 
      |(Reference)      : 280
     phim
      |(Class and Type) : variable name, REAL(8)
      |(Attributes)     : DIMENSION
      |(Declaration)    : 138
      |(Definition)     : 532  534
      |(Reference)      : 535  537  729  731
     physcons
      |(Class and Type) : module name
      |(Attributes)     : 
      |(Declaration)    : 
      |(Definition)     : 
      |(Reference)      : 96
     prinv
      |(Class and Type) : variable name, REAL(8)
      |(Attributes)     : DIMENSION
      |(Declaration)    : 166
      |(Definition)     : 733  734  735
      |(Reference)      : 734  735  758  764
     prmax
      |(Class and Type) : named constant, REAL(8)
      |(Attributes)     : 
      |(Declaration)    : 174  209
      |(Definition)     : 
      |(Reference)      : 734  833
     prmin
      |(Class and Type) : named constant, REAL(8)
      |(Attributes)     : 
      |(Declaration)    : 174  209
      |(Definition)     : 
      |(Reference)      : 735
     prnum
      |(Class and Type) : variable name, REAL(8)
      |(Attributes)     : 
      |(Declaration)    : 174
      |(Definition)     : 832  833  835
      |(Reference)      : 833  839
     prsi
      |(Class and Type) : variable name, REAL(8)
      |(Attributes)     : DIMENSION, dummy-argument
      |(Declaration)    : 89  108
      |(Definition)     : 
      |(Reference)      : 295  305  315  316
     prsl
      |(Class and Type) : variable name, REAL(8)
      |(Attributes)     : DIMENSION, dummy-argument
      |(Declaration)    : 89  108
      |(Definition)     : 
      |(Reference)      : 973  973  1027  1027  1136  1136
     prslk
      |(Class and Type) : variable name, REAL(8)
      |(Attributes)     : DIMENSION, dummy-argument
      |(Declaration)    : 89  108
      |(Definition)     : 
      |(Reference)      : 374
     psk
      |(Class and Type) : variable name, REAL(4)
      |(Attributes)     : DIMENSION, dummy-argument
      |(Declaration)    : 89  126
      |(Definition)     : 
      |(Reference)      : 374
     ptem
      |(Class and Type) : variable name, REAL(8)
      |(Attributes)     : 
      |(Declaration)    : 174
      |(Definition)     : 305  377  922  923  924  982  989  993  1029  1145  1152  1155
      |(Reference)      : 306  311  380  381  923  924  924  925  983  984  991  992  994  995  1030  1031  1146  1147  1153  1154  1156  1157
     ptem1
      |(Class and Type) : variable name, REAL(8)
      |(Attributes)     : 
      |(Declaration)    : 174
      |(Definition)     : 378  983  997  1030  1146
      |(Reference)      : 379  985  987  991  994  999  1000  1033  1148  1150  1153  1156
     ptem2
      |(Class and Type) : variable name, REAL(8)
      |(Attributes)     : 
      |(Declaration)    : 174
      |(Definition)     : 381  984  1031  1147
      |(Reference)      : 382  986  988  992  995  1034  1149  1151  1154  1157
     q1
      |(Class and Type) : variable name, REAL(8)
      |(Attributes)     : DIMENSION, dummy-argument
      |(Declaration)    : 89  108
      |(Definition)     : 877  1062  1072
      |(Reference)      : 375  376  378  380  453  871  957  964  995  1006  1013  1034  1036  1055  1070
     qcko
      |(Class and Type) : variable name, REAL(8)
      |(Attributes)     : DIMENSION
      |(Declaration)    : 163
      |(Definition)     : 871  877
      |(Reference)      : 993  993  1032  1032
     qlcr
      |(Class and Type) : named constant, REAL(8)
      |(Attributes)     : 
      |(Declaration)    : 200  230
      |(Definition)     : 
      |(Reference)      : 620  637  659
     qlmin
      |(Class and Type) : named constant, REAL(8)
      |(Attributes)     : 
      |(Declaration)    : 174  215
      |(Definition)     : 
      |(Reference)      : 375
     qlx
      |(Class and Type) : variable name, REAL(8)
      |(Attributes)     : DIMENSION
      |(Declaration)    : 145
      |(Definition)     : 375
      |(Reference)      : 376  377  620  637  659
     qmin
      |(Class and Type) : named constant, REAL(8)
      |(Attributes)     : 
      |(Declaration)    : 174  214
      |(Definition)     : 
      |(Reference)      : 376  378  380  453
     qtend
      |(Class and Type) : variable name, REAL(8)
      |(Attributes)     : 
      |(Declaration)    : 174
      |(Definition)     : 1055  1070
      |(Reference)      : 1059  1061  1071
     qtx
      |(Class and Type) : variable name, REAL(8)
      |(Attributes)     : DIMENSION
      |(Declaration)    : 145
      |(Definition)     : 376
      |(Reference)      : 382  900  900
     RTYPE
      |(Class and Type) : named constant, INTEGER(4)
      |(Attributes)     : use-associated
      |(Declaration)    : 
      |(Definition)     : 
      |(Reference)      : 98  126
     radfac
      |(Class and Type) : named constant, REAL(8)
      |(Attributes)     : 
      |(Declaration)    : 174  223
      |(Definition)     : 
      |(Reference)      : 925  925
     radmin
      |(Class and Type) : variable name, REAL(8)
      |(Attributes)     : DIMENSION
      |(Declaration)    : 145
      |(Definition)     : 360  639
      |(Reference)      : 638  650  686  719  911
     radx
      |(Class and Type) : variable name, REAL(8)
      |(Attributes)     : DIMENSION
      |(Declaration)    : 145
      |(Definition)     : 394
      |(Reference)      : 638  639
     rbdn
      |(Class and Type) : variable name, REAL(8)
      |(Attributes)     : DIMENSION
      |(Declaration)    : 138
      |(Definition)     : 473  583
      |(Reference)      : 486  491  491  595  600  600
     rbint
      |(Class and Type) : variable name, REAL(8)
      |(Attributes)     : 
      |(Declaration)    : 174
      |(Definition)     : 487  489  491  596  598  600
      |(Reference)      : 493  602
     rbsoil
      |(Class and Type) : variable name, REAL(8)
      |(Attributes)     : DIMENSION, dummy-argument
      |(Declaration)    : 89  108
      |(Definition)     : 
      |(Reference)      : 355  447  520  577
     rbup
      |(Class and Type) : variable name, REAL(8)
      |(Attributes)     : DIMENSION
      |(Declaration)    : 138
      |(Definition)     : 447  475  577  585
      |(Reference)      : 473  478  488  491  583  588  597  600
     rd
      |(Class and Type) : named constant, REAL(8)
      |(Attributes)     : use-associated
      |(Declaration)    : 
      |(Definition)     : 
      |(Reference)      : 96
     rdt
      |(Class and Type) : variable name, REAL(8)
      |(Attributes)     : 
      |(Declaration)    : 174
      |(Definition)     : 273
      |(Reference)      : 1054  1055  1070  1177  1178
     rdz
      |(Class and Type) : variable name, REAL(8)
      |(Attributes)     : 
      |(Declaration)    : 174
      |(Definition)     : 414  974  1137
      |(Reference)      : 415  419  419  975  976  981  997  1138  1139  1144
     rdzt
      |(Class and Type) : variable name, REAL(8)
      |(Attributes)     : DIMENSION
      |(Declaration)    : 154
      |(Definition)     : 289
      |(Reference)      : 334  414  974  1028  1137
     rent
      |(Class and Type) : variable name, REAL(8)
      |(Attributes)     : DIMENSION
      |(Declaration)    : 166
      |(Definition)     : 361  903
      |(Reference)      : 911
     rentf1
      |(Class and Type) : named constant, REAL(8)
      |(Attributes)     : 
      |(Declaration)    : 174  223
      |(Definition)     : 
      |(Reference)      : 361
     rentf2
      |(Class and Type) : named constant, REAL(8)
      |(Attributes)     : 
      |(Declaration)    : 174  223
      |(Definition)     : 
      |(Reference)      : 903
     ri
      |(Class and Type) : variable name, REAL(8)
      |(Attributes)     : 
      |(Declaration)    : 174
      |(Definition)     : 814
      |(Reference)      : 816  819  822  823  829  832
     rimin
      |(Class and Type) : named constant, REAL(8)
      |(Attributes)     : 
      |(Declaration)    : 174  210
      |(Definition)     : 
      |(Reference)      : 520  814
     rl2
      |(Class and Type) : variable name, REAL(8)
      |(Attributes)     : 
      |(Declaration)    : 174
      |(Definition)     : 817  825
      |(Reference)      : 818  818  828  828
     rlam
      |(Class and Type) : named constant, REAL(8)
      |(Attributes)     : 
      |(Declaration)    : 174  208
      |(Definition)     : 
      |(Reference)      : 825  825
     rlamun
      |(Class and Type) : named constant, REAL(8)
      |(Attributes)     : 
      |(Declaration)    : 174  222
      |(Definition)     : 
      |(Reference)      : 817  817
     robn
      |(Class and Type) : variable name, REAL(8)
      |(Attributes)     : 
      |(Declaration)    : 174
      |(Definition)     : 456
      |(Reference)      : 457
     rone
      |(Class and Type) : variable name, REAL(8)
      |(Attributes)     : 
      |(Declaration)    : 174
      |(Definition)     : 
      |(Reference)      : 
     rtg
      |(Class and Type) : variable name, REAL(8)
      |(Attributes)     : DIMENSION
      |(Declaration)    : 108
      |(Definition)     : 257  1059  1071
      |(Reference)      : 1071
     rzero
      |(Class and Type) : variable name, REAL(8)
      |(Attributes)     : 
      |(Declaration)    : 174
      |(Definition)     : 
      |(Reference)      : 
     scuflg
      |(Class and Type) : variable name, LOGICAL(4)
      |(Attributes)     : DIMENSION
      |(Declaration)    : 168
      |(Definition)     : 358  628  649  650  668  679
      |(Reference)      : 359  399  615  628  632  649  650  654  668  672  679  683  693  709  716  897  908  918  941
     sfcflg
      |(Class and Type) : variable name, LOGICAL(4)
      |(Attributes)     : DIMENSION
      |(Declaration)    : 168
      |(Definition)     : 354  355
      |(Reference)      : 437  521  527
     sfcfrac
      |(Class and Type) : named constant, REAL(8)
      |(Attributes)     : 
      |(Declaration)    : 174  212
      |(Definition)     : 
      |(Reference)      : 526  551  729
     sflux
      |(Class and Type) : variable name, REAL(8)
      |(Attributes)     : DIMENSION
      |(Declaration)    : 138
      |(Definition)     : 436  877
      |(Reference)      : 437  548  1095
     shr2
      |(Class and Type) : variable name, REAL(8)
      |(Attributes)     : DIMENSION
      |(Declaration)    : 154
      |(Definition)     : 419
      |(Reference)      : 814  818  828  1086
     spd1
      |(Class and Type) : variable name, REAL(8)
      |(Attributes)     : DIMENSION, dummy-argument
      |(Declaration)    : 89  108
      |(Definition)     : 
      |(Reference)      : 1096  1127
     spdk2
      |(Class and Type) : variable name, REAL(8)
      |(Attributes)     : 
      |(Declaration)    : 174
      |(Definition)     : 474  584
      |(Reference)      : 475  585
     sqrt
      |(Class and Type) : intrinsic function name, REAL(8)
      |(Attributes)     : PURE, ELEMENTAL
      |(Declaration)    : 
      |(Definition)     : 
      |(Reference)      : 432  454  531  532  818  819  828  924
     sri
      |(Class and Type) : variable name, REAL(8)
      |(Attributes)     : 
      |(Declaration)    : 174
      |(Definition)     : 819
      |(Reference)      : 822  823
     stress
      |(Class and Type) : variable name, REAL(8)
      |(Attributes)     : DIMENSION, dummy-argument
      |(Declaration)    : 89  138
      |(Definition)     : 
      |(Reference)      : 432  1096  1127
     swh
      |(Class and Type) : variable name, REAL(8)
      |(Attributes)     : DIMENSION, dummy-argument
      |(Declaration)    : 89  108
      |(Definition)     : 
      |(Reference)      : 394
     t1
      |(Class and Type) : variable name, REAL(8)
      |(Attributes)     : DIMENSION, dummy-argument
      |(Declaration)    : 89  108
      |(Definition)     : 877  1118
      |(Reference)      : 334  334  374  378  416  416  860  956  992  1004  1012  1054  1118
     tau
      |(Class and Type) : variable name, REAL(8)
      |(Attributes)     : DIMENSION
      |(Declaration)    : 108
      |(Definition)     : 1058  1100  1110
      |(Reference)      : 1100  1110  1118
     tcko
      |(Class and Type) : variable name, REAL(8)
      |(Attributes)     : DIMENSION
      |(Declaration)    : 163
      |(Definition)     : 860  877
      |(Reference)      : 989  989
     tdzmin
      |(Class and Type) : named constant, REAL(8)
      |(Attributes)     : 
      |(Declaration)    : 174  215
      |(Definition)     : 
      |(Reference)      : 910
     tem
      |(Class and Type) : variable name, REAL(8)
      |(Attributes)     : 
      |(Declaration)    : 174
      |(Definition)     : 393  454  455  530  685  699  719  729  731  752  899  998  1028  1095  1107  1108
      |(Reference)      : 394  455  456  531  686  700  720  733  754  760  901  902  999  1000  1029  1096  1108  1109
     tem1
      |(Class and Type) : variable name, REAL(8)
      |(Attributes)     : 
      |(Declaration)    : 174
      |(Definition)     : 306  307  316  317  334  457  686  754  760  829  900  910  919  975  1032  1096  1138
      |(Reference)      : 307  307  308  317  317  318  335  458  687  757  758  763  764  839  840  901  902  911  920  976  990  999  1010  1033  1034  1097  1139
     tem2
      |(Class and Type) : variable name, REAL(8)
      |(Attributes)     : 
      |(Declaration)    : 174
      |(Definition)     : 920  981  1097  1098  1144
      |(Reference)      : 921  922  924  982  1098  1099  1145
     thermal
      |(Class and Type) : variable name, REAL(8)
      |(Attributes)     : DIMENSION
      |(Declaration)    : 138
      |(Definition)     : 450  453  565
      |(Reference)      : 475  565  585
     theta
      |(Class and Type) : variable name, REAL(8)
      |(Attributes)     : DIMENSION
      |(Declaration)    : 145
      |(Definition)     : 374
      |(Reference)      : 379  380  381  424  436  563
     thetae
      |(Class and Type) : variable name, REAL(8)
      |(Attributes)     : DIMENSION
      |(Declaration)    : 145
      |(Definition)     : 379
      |(Reference)      : 899  899
     thlvx
      |(Class and Type) : variable name, REAL(8)
      |(Attributes)     : DIMENSION
      |(Declaration)    : 145
      |(Definition)     : 382
      |(Reference)      : 687  698
     thlvx1
      |(Class and Type) : variable name, REAL(8)
      |(Attributes)     : DIMENSION
      |(Declaration)    : 145
      |(Definition)     : 687
      |(Reference)      : 698
     thvx
      |(Class and Type) : variable name, REAL(8)
      |(Attributes)     : DIMENSION
      |(Declaration)    : 145
      |(Definition)     : 380  877
      |(Reference)      : 415  415  450  475  475  585  585
     ti
      |(Class and Type) : variable name, REAL(8)
      |(Attributes)     : DIMENSION
      |(Declaration)    : 154
      |(Definition)     : 416
      |(Reference)      : 813  1086
     tridi2
      |(Class and Type) : external subroutine name
      |(Attributes)     : 
      |(Declaration)    : 
      |(Definition)     : 
      |(Reference)      : 1170
     tridin
      |(Class and Type) : external subroutine name
      |(Attributes)     : 
      |(Declaration)    : 
      |(Definition)     : 
      |(Reference)      : 1046
     tsea
      |(Class and Type) : variable name, REAL(8)
      |(Attributes)     : DIMENSION, dummy-argument
      |(Declaration)    : 89  108
      |(Definition)     : 
      |(Reference)      : 453
     ttend
      |(Class and Type) : variable name, REAL(8)
      |(Attributes)     : 
      |(Declaration)    : 174
      |(Definition)     : 1054  1099  1109
      |(Reference)      : 1058  1060  1100  1110
     tx1
      |(Class and Type) : variable name, REAL(8)
      |(Attributes)     : DIMENSION
      |(Declaration)    : 174
      |(Definition)     : 295
      |(Reference)      : 296  305
     tx2
      |(Class and Type) : variable name, REAL(8)
      |(Attributes)     : DIMENSION
      |(Declaration)    : 174
      |(Definition)     : 296  315
      |(Reference)      : 316
     u1
      |(Class and Type) : variable name, REAL(8)
      |(Attributes)     : DIMENSION, dummy-argument
      |(Declaration)    : 89  108
      |(Definition)     : 877  1185
      |(Reference)      : 417  417  474  584  861  1128  1154  1161  1177
     u10m
      |(Class and Type) : variable name, REAL(8)
      |(Attributes)     : DIMENSION, dummy-argument
      |(Declaration)    : 89  108
      |(Definition)     : 
      |(Reference)      : 454
     ublflg
      |(Class and Type) : variable name, LOGICAL(4)
      |(Attributes)     : DIMENSION
      |(Declaration)    : 169
      |(Definition)     : 356  546  605
      |(Reference)      : 560  575  593  728  996
     ucko
      |(Class and Type) : variable name, REAL(8)
      |(Attributes)     : DIMENSION
      |(Declaration)    : 163
      |(Definition)     : 861  877
      |(Reference)      : 1152  1152
     ust3
      |(Class and Type) : variable name, REAL(8)
      |(Attributes)     : 
      |(Declaration)    : 174
      |(Definition)     : 550
      |(Reference)      : 551
     ustar
      |(Class and Type) : variable name, REAL(8)
      |(Attributes)     : DIMENSION
      |(Declaration)    : 138
      |(Definition)     : 432  877
      |(Reference)      : 537  538  550
     ustmin
      |(Class and Type) : variable name, REAL(8)
      |(Attributes)     : DIMENSION
      |(Declaration)    : 138
      |(Definition)     : 538
      |(Reference)      : 539  552
     utend
      |(Class and Type) : variable name, REAL(8)
      |(Attributes)     : 
      |(Declaration)    : 174
      |(Definition)     : 1177
      |(Reference)      : 1181  1183
     v1
      |(Class and Type) : variable name, REAL(8)
      |(Attributes)     : DIMENSION, dummy-argument
      |(Declaration)    : 89  108
      |(Definition)     : 877  1186
      |(Reference)      : 417  417  474  584  862  1129  1157  1162  1178
     v10m
      |(Class and Type) : variable name, REAL(8)
      |(Attributes)     : DIMENSION, dummy-argument
      |(Declaration)    : 89  108
      |(Definition)     : 
      |(Reference)      : 454
     vcko
      |(Class and Type) : variable name, REAL(8)
      |(Attributes)     : DIMENSION
      |(Declaration)    : 163
      |(Definition)     : 862  877
      |(Reference)      : 1155  1155
     vk
      |(Class and Type) : named constant, REAL(8)
      |(Attributes)     : 
      |(Declaration)    : 174  208
      |(Definition)     : 
      |(Reference)      : 208  208  754  760  815
     vk2
      |(Class and Type) : named constant, REAL(8)
      |(Attributes)     : 
      |(Declaration)    : 174  208
      |(Definition)     : 
      |(Reference)      : 
     vpert
      |(Class and Type) : variable name, REAL(8)
      |(Attributes)     : 
      |(Declaration)    : 174
      |(Definition)     : 563  564
      |(Reference)      : 564  565
     vrad
      |(Class and Type) : variable name, REAL(8)
      |(Attributes)     : DIMENSION
      |(Declaration)    : 145
      |(Definition)     : 720
      |(Reference)      : 925
     vtend
      |(Class and Type) : variable name, REAL(8)
      |(Attributes)     : 
      |(Declaration)    : 174
      |(Definition)     : 1178
      |(Reference)      : 1182  1184
     wfac
      |(Class and Type) : named constant, REAL(8)
      |(Attributes)     : 
      |(Declaration)    : 174  212
      |(Definition)     : 
      |(Reference)      : 551  551
     wscale
      |(Class and Type) : variable name, REAL(8)
      |(Attributes)     : DIMENSION
      |(Declaration)    : 138
      |(Definition)     : 348  537  539
      |(Reference)      : 539  760
     wscaleu
      |(Class and Type) : variable name, REAL(8)
      |(Attributes)     : DIMENSION
      |(Declaration)    : 138
      |(Definition)     : 349  551  552
      |(Reference)      : 552  561  562  754
     wst3
      |(Class and Type) : variable name, REAL(8)
      |(Attributes)     : 
      |(Declaration)    : 174
      |(Definition)     : 548
      |(Reference)      : 549  551
     wstar
      |(Class and Type) : variable name, REAL(8)
      |(Attributes)     : DIMENSION
      |(Declaration)    : 138
      |(Definition)     : 549  877
      |(Reference)      : 
     xkzm
      |(Class and Type) : variable name, REAL(8)
      |(Attributes)     : 
      |(Declaration)    : 174
      |(Definition)     : 
      |(Reference)      : 
     xkzm_h
      |(Class and Type) : named constant, REAL(8)
      |(Attributes)     : 
      |(Declaration)    : 107  221
      |(Definition)     : 
      |(Reference)      : 308
     xkzm_m
      |(Class and Type) : named constant, REAL(8)
      |(Attributes)     : 
      |(Declaration)    : 107  221
      |(Definition)     : 
      |(Reference)      : 312  318
     xkzm_s
      |(Class and Type) : named constant, REAL(8)
      |(Attributes)     : 
      |(Declaration)    : 107  221
      |(Definition)     : 
      |(Reference)      : 311
     xkzminv
      |(Class and Type) : named constant, REAL(8)
      |(Attributes)     : 
      |(Declaration)    : 174  221
      |(Definition)     : 
      |(Reference)      : 336
     xkzmo
      |(Class and Type) : variable name, REAL(8)
      |(Attributes)     : DIMENSION
      |(Declaration)    : 154
      |(Definition)     : 302  312  318
      |(Reference)      : 767  844
     xkzmu
      |(Class and Type) : variable name, REAL(8)
      |(Attributes)     : 
      |(Declaration)    : 174
      |(Definition)     : 
      |(Reference)      : 
     xkzo
      |(Class and Type) : variable name, REAL(8)
      |(Attributes)     : DIMENSION
      |(Declaration)    : 154
      |(Definition)     : 301  308  336
      |(Reference)      : 336  769  846
     xmf
      |(Class and Type) : variable name, REAL(8)
      |(Attributes)     : DIMENSION
      |(Declaration)    : 163
      |(Definition)     : 863  877
      |(Reference)      : 982  1029  1145
     xmu
      |(Class and Type) : variable name, REAL(8)
      |(Attributes)     : DIMENSION, dummy-argument
      |(Declaration)    : 89  108
      |(Definition)     : 
      |(Reference)      : 394
     z0
      |(Class and Type) : variable name, REAL(8)
      |(Attributes)     : DIMENSION
      |(Declaration)    : 138
      |(Definition)     : 343
      |(Reference)      : 456
     zd
      |(Class and Type) : variable name, REAL(8)
      |(Attributes)     : DIMENSION
      |(Declaration)    : 145
      |(Definition)     : 368  700  717  718
      |(Reference)      : 700  717  718  719  919  922
     zdd
      |(Class and Type) : variable name, REAL(8)
      |(Attributes)     : DIMENSION
      |(Declaration)    : 145
      |(Definition)     : 711
      |(Reference)      : 717
     zfac
      |(Class and Type) : variable name, REAL(8)
      |(Attributes)     : 
      |(Declaration)    : 174
      |(Definition)     : 751
      |(Reference)      : 752
     zfmin
      |(Class and Type) : named constant, REAL(8)
      |(Attributes)     : 
      |(Declaration)    : 174  214
      |(Definition)     : 
      |(Reference)      : 522  524  751
     zi
      |(Class and Type) : variable name, REAL(8)
      |(Attributes)     : DIMENSION
      |(Declaration)    : 154
      |(Definition)     : 279  284  877
      |(Reference)      : 333  351  352  362  393  393  428  428  494  603  673  679  685  685  699  699  711  751  752  815  920
     zk
      |(Class and Type) : variable name, REAL(8)
      |(Attributes)     : 
      |(Declaration)    : 174
      |(Definition)     : 815
      |(Reference)      : 817  817  825  825
     zl
      |(Class and Type) : variable name, REAL(8)
      |(Attributes)     : DIMENSION
      |(Declaration)    : 154
      |(Definition)     : 280  877
      |(Reference)      : 289  289  403  475  493  493  493  496  526  585  602  602  602  1096
     zol
      |(Class and Type) : variable name, REAL(8)
      |(Attributes)     : DIMENSION
      |(Declaration)    : 138
      |(Definition)     : 520  522  524
      |(Reference)      : 522  524  526  543  738
     zol1
      |(Class and Type) : variable name, REAL(8)
      |(Attributes)     : 
      |(Declaration)    : 174
      |(Definition)     : 526
      |(Reference)      : 530  534
     zolcr
      |(Class and Type) : named constant, REAL(8)
      |(Attributes)     : 
      |(Declaration)    : 174  209
      |(Definition)     : 
      |(Reference)      : 738
     zolcru
      |(Class and Type) : named constant, REAL(8)
      |(Attributes)     : 
      |(Declaration)    : 174  209
      |(Definition)     : 
      |(Reference)      : 543
     zorl
      |(Class and Type) : variable name, REAL(8)
      |(Attributes)     : DIMENSION, dummy-argument
      |(Declaration)    : 89  108
      |(Definition)     : 
      |(Reference)      : 343
     zstblmax
      |(Class and Type) : named constant, REAL(8)
      |(Attributes)     : 
      |(Declaration)    : 200  230
      |(Definition)     : 
      |(Reference)      : 403
   Cross reference of label
     (Label) (label-kind)               (line-no.)
     ------- ------------- ------------ ----------
        601  format        (Definition) 239
        602  format        (Definition) 240
        603  format        (Definition) 243
        604  format        (Definition) 244
        605  format        (Definition) 245
        606  format        (Definition) 247
        607  format        (Definition) 248
        608  format        (Definition) 250
        609  format        (Definition) 251
        610  format        (Definition) 252

 Total information
   Procedures       : 1
   Total lines      : 1209
   Total statements : 749
   Total stack(byte): 13584
   Total prefetch num: 58

