
 Fujitsu Fortran Version 4.6.1  Tue Mar 14 13:23:18 2023

 Compilation information
   Current directory : /IFS/nwpr/gfs/xb157/Git/tco639l72/src_helio
   Source file       : diabat.f90

 Option information
   Command line options : -Kident_mpi -f2004 -c -X9 -Free -CcdRR8 -Cpp -Kfast,parallel,openmp,ocl,autoobjstack -x- -fw -Knofp_relaxed -SSL2BLAMP -Kopenmp,parallel -DTIMING -DUSE_FFTW -DRSM -DW3TAG -Ec -Nlst=a,lst=d,lst=i,lst=p,lst=t,lst=x -Koptmsg=2 -I. -I/users/xa09/pkg/fx1000/fftw-3.3.10/include -I/package/fx1000/netcdf-4.7.4/include -I/nwpr/gfs/xb157/CWBSUMc2/components/coupler -I/nwpr/gfs/xb124/package/fx1000/MCT/include -DTIMCOMCPL -L/package/fx1000/netcdf-4.7.4/lib -lnetcdff -lnetcdf -L/package/fx1000/hdf5-1.10.7/lib -lhdf5_hl -lhdf5 -L/package/fx1000/dms/lib -lrdms -lgdbm -L/package/fx1000/operlib/lib -lnwp -L/users/xa09/pkg/fx1000/fftw-3.3.10/lib -lfftw3f_threads -lfftw3f -lfftw3_threads -lfftw3 -SSL2BLAMP -L/nwpr/gfs/xb157/CWBSUMc2/components/coupler -lcpl -L/nwpr/gfs/xb124/package/fx1000/MCT/lib -lmct -lmpeu -I/opt/FJSVxtclanga/.common/MELI025/include/mpi/fujitsu -I/opt/FJSVxtclanga/.common/MELI025/lib64 -Knointentopt
   Cpp options          : -DTIMING -DUSE_FFTW -DRSM -DW3TAG -I. -I/users/xa09/pkg/fx1000/fftw-3.3.10/include -I/package/fx1000/netcdf-4.7.4/include -I/nwpr/gfs/xb157/CWBSUMc2/components/coupler -I/nwpr/gfs/xb124/package/fx1000/MCT/include -DTIMCOMCPL -I/opt/FJSVxtclanga/.common/MELI025/include/mpi/fujitsu -I/opt/FJSVxtclanga/.common/MELI025/lib64 -Dunix -Dlinux -D__FUJITSU -D__FRT_major__=4 -D__FRT_minor__=6 -D__FRT_patchlevel__=1 -D__FRT_version__="4.6.1" -D__aarch64__ -D__unix -D_OPENMP=201511 -D__frt_version=800 -D__ARM_ARCH=8 -D__ARM_FEATURE_SVE -D__ELF__ -D__unix__ -D__linux__ -D__linux -Asystem(unix) -otmp
   Effective options    : -fw -g0 -AE -Ec -Free -O3 -X9
                          -CcdRR8 -x- -xaccept=nomodule_allocatable
                          -KA64FX -KARMV8_3_A -KSVE -Kalign_commons
                          -Kalign_loops -Knoarray_declaration_opt
                          -Kassume=noshortloop -Kassume=nomemory_bandwidth
                          -Kassume=notime_saving_compilation -Kauto
                          -Kautoobjstack -Knocalleralloc -Kcmodel=small
                          -Keval -Keval_noconcurrent -Knoextract_stride_store
                          -Knofenv_access -Kfp_contract -Knofp_relaxed
                          -Kfsimple -Kfz -Khpctag -Kilfunc=procedure
                          -Knointentopt -Klargepage -Kloop_blocking
                          -Kloop_fission -Kloop_nofission_stripmining
                          -Kloop_fission_threshold=50 -Kloop_fusion
                          -Kloop_interchange -Kloop_part_parallel
                          -Kloop_part_simd -Kloop_perfect_nest
                          -Kloop_noversioning -Knolto -Kmfunc=1 -Kocl
                          -Komitfp -Knooptlib_string -Koptmsg=2
                          -Knopc_relative_literal_loads -Kplt -Knopreex
                          -Kprefetch_noconditional -Kprefetch_noindirect
                          -Kprefetch_sequential=auto -Kprefetch_nostride
                          -Kprefetch_cache_level=all -Kprefetch_noinfer
                          -Kprefetch_strong -Kprefetch_strong_L2 -Knopreload
                          -Ksch_post_ra -Ksch_pre_ra -Ksibling_calls
                          -Ksimd=auto -Ksimd_packed_promotion
                          -Ksimd_reduction_product -Ksimd_reg_size=512
                          -Ksimd_nouncounted_loop
                          -Ksimd_use_multiple_structures -Knostriping
                          -Knosubscript_opt -Kswp -Kswp_freg_rate=100
                          -Kswp_ireg_rate=100 -Kswp_preg_rate=100
                          -Kswp_policy=auto -Ktemparraystack -Kunroll
                          -Knounroll_and_jam -Knozfill
                          -Kopenmp -Kopenmp_noassume_norecurrence
                          -Kopenmp_nocollapse_except_innermost
                          -Kopenmp_noordered_reduction -Knoopenmp_simd
                          -Kthreadsafe -Kparallel -Kparallel_nofp_precision
                          -Knoarray_private -Knodynamic_iteration -Kreduction
                          -Kregion_extension
                          -Nallextput -Nnoalloc_assign
                          -Ncancel_overtime_compilation -Nnocheck_global
                          -Nnocoarray -Nnocompdisp -Nnocopyarg -Nnocoverage
                          -Nfjprof -Nfreealloc -Nf90move -Nnohook_func
                          -Nnohook_time -Nlibomp -Nline -Nlst -Nlst=a -Nlst=d
                          -Nlst=i -Nlst=p -Nlst=t -Nlst=x -Nnomallocfree
                          -Nnoobsfun -Nnoprivatealloc -Nquickdbg=noargchk
                          -Nquickdbg=nosubchk -Nquickdbg=noundef -NRnotrap
                          -Nnorecursive -Nnoreordered_variable_stack
                          -Nrt_notune -Nnosave -Nsetvalue=noheap
                          -Nsetvalue=nostack -Nsetvalue=noscalar
                          -Nsetvalue=noarray -Nsetvalue=nostruct -Nuse_rodata

 External subroutine subprogram "diabat"
  (inc)(line-no.)(nest)(optimize)
               1                           subroutine diabat ( docup,dodry,dolsp,dopbl,dorad,doshl,dograv,tofd      &
               2                                         , nx,my,my_max,lev,ncld,nmcup,nmpbl,nmland,nmshl,cgw       &
               3                                         , idg,jdg,ldiag,dt,tau,hours,julian,year,yrd               &
               4                                         , frad,ozon,njump,itypbl,ktcup,ktpbl,ktshl,grav            &
               5                                         , rgas,cp,stbo,s0,evaprh,hltm,ptop,sigma,dsigma,il,ib,cof  &
               6                                         , xlat,xlon,sgeo,z0,alb,land,ocean,ice,snr                 &
               7                                         , tg,tgclim,curate,plcl,cumtop,totalp,raintot,raincu       &
               8                                         , rainlp,raincu6,rainlp6,raincu3,rainlp3,raincu1,rainlp1   &
               9                                         , hflux,qflux,ustar,tstar,qstar,e                          &
              10                                         , eps,o3l,dtrad,ss,rs,plt,pk,pk2,ps,up,vp,ttp,qp           &
              11                                         , pst,ut,vt,tt,qt,gwclim,tice,hice,qgini                   &
              12                                         , thdai,tengi,acld,std,asol,olr,drag                       &
              13                                         , ugws,vgws,sdpbl,t2,q2,rh2,rh10,u10,v10,gfx               &
              14                                         , fm,fh,fm10,fh2,srflag                                    &
              15                                         , rld,km_soil,smc,stc,canopy,runoff                        &
              16                                         , sigmaf,istyp,ivegtyp,wlt,ref,tsat,dfkt,xktk,dfk          &
              17                                         , ftp,fqp,fpsp,ftp1,fqp1,fpsp1,deltaq,cnvwr,cnvcr,sd       &
              18                                         , shdmax,shdmin,snoalb                                     &
              19                                         , slopetyp,sld,slc,zice,cice,xtice,sncover,sndepth         &
              20                                         , ctot,chig,cmid,clow,hpbl,asl,atl,cosz                    &
              21                                         , nmgwor,nmgwcv,hprime_b,mtnvar,docgrav,nmmiph             &
              22                     !--------------------------------------------------------------------------------
              23                                         , fusl,fdsl,fuir,fdir                                      &
              24                                         , fuslr,fdslr,fuirr,fdirr                                  &
              25                                         , asl_clr,atl_clr,clds                                     &
              26                                         , ss_clr,rs_clr,asol_clr,olr_clr,sld_clr,rld_clr           &
              27                                         , alvsf,alvwf,alnsf,alnwf,facsf,facwf                      &
              28                                         , idtg,doo3l,nfxr,sfalb,sfemis,isot,ivegsrc                &
              29                     ! sit
              30                                         , itimestep,lrun_sitvdiff,ic_sit                           &
              31                     !xb110>
              32                                         , flash,tsflw,vvel,ustress, vstress, ssu, ssv)
              33                     !xb110<
              34                     !--------------------------------------------------------------------------------
              35                     !#######################################################################
              36                     !
              37                     !     driver for all physical parametrization of diabatic processes
              38                     !
              39                     !
              40                     !     parameters
              41                     !
              42                     !     docup  : logical variable for including cumulus parameterization
              43                     !     dodry  : logical variable for including dry convection
              44                     !     dolsp  : logical variable for including large scale precipitation
              45                     !     dopbl  : logical variable for including pbl parameterization
              46                     !     dorad  : logical variable for including radiation parameterization
              47                     !     doshl  : logical variable for including shallow convection calcul
              48                     !     dograv : logical variable for including gravity wave drag
              49                     !     dograv : logical variable for including convective gravity wave drag
              50                     !     nx     : x-dimension of model grid
              51                     !     my     : y-dimension of model grid
              52                     !     lev     : total vertical levels of model
              53                     !     idg    : i-index of select point for diagnostic prints
              54                     !     jdg    : j-index of selcet point for diagnostic prints
              55                     !     ldiag  : index to control the level of runtime diagnostic
              56                     !            = 1, basic (normal) diagnostics
              57                     !            = 2, advanced disgnostics (cupcwb and radtn diag)
              58                     !            = 3, extensive diagnostics
              59                     !     dt     : time step (for forward time step, in seconds)
              60                     !     tau    : current forecast time (in hours)
              61                     !     hours  : current zulu hours
              62                     !     julian : current julian day
              63                     !     frad   : frequency to call radiation package (in hours)
              64                     !     ozon   : logical variable for including ozone in radiative calcul
              65                     !     njump  : grid interval for long wave radiative calculation
              66                     !     itypbl : index for surface layer update, =0 stress b,c., =1 direct
              67                     !     ktcup  : highest model level allowed for cup top
              68                     !     ktpbl  : highest model level allowed for vertical mixing calcul
              69                     !     ktshl  : highest model level aloowed for shallow convection cal
              70                     !     grav   : gravity constant (=9.806)
              71                     !     rgas   : dry gas constant (=287.)
              72                     !     cp     : specific heat coef. for dry air (=1004.)
              73                     !     stbo   : stefan-boltzman constant (=5.669e-8)
              74                     !     s0     : solar constant (=1368.3)
              75                     !     evaprh : relative humidity where lsp condensation begins
              76                     !     hltm   : latent heat constant for water vapor (=2.52e+6)
              77                     !     ptop   : model top pressure for radiation calculation (=0.01)
              78                     !     sigma  : sigma layer
              79                     !     dsigma : sigma layer thickness
              80                     !     il     : output point address for 1-d spline interp in lw rad
              81                     !     ib     : input  point address for 1-d spline interp in lw rad
              82                     !     cof    : coeff. array for 1-d spline interpolation in lw rad
              83                     !     xlat   : latitude at each model grid in y-direction
              84                     !     xlon   : longtitude at each model grid in x-direction
              85                     !     sgeo   : surface terrain geopotential  (m2/s2)
              86                     !     z0     : surface rougness (m)
              87                     !     alb    : surface ground albedo
              88                     !     land   : logical variable for bare soil land grid points
              89                     !     ocean  : logical variable for open water grid points
              90                     !     ice    : logical variables for ice covered grid points
              91                     !     snr    : accumulated surface snow depth (m)
              92                     !     tg     : ground surface temperature (k)
              93                     !     tgclim : climate value for deep soil temperature (k)
              94                     !     curate : cumulus precipitation rate for cloud diagnost (mm/s)
              95                     !     plcl   : sigma level values at lcl level (cumulus cloud base)
              96                     !     cumtop : sigma level values at cumulus cloud top
              97                     !     totalp : total precipitation rate for snow accumulation (mm/s)
              98                     !     raincu : accumulated cumulus rain in each output period (mm)
              99                     !     rainlp : accumulated large-scale rain in each output period (mm)
             100                     !     hflux  : upward surface sensible heat flux (w/m2)
             101                     !     qflux  : upward surface latent heat flux (w/m2)
             102                     !     ustar  : surface friction velocity  (m/s)
             103                     !     tstar  : surface friction temperature (k, <0 for upward flux)
             104                     !     qstar  : surface friction mixing ratio ( <0 for upward flux)
             105                     !     e      : turbulence k.e. at present/future time step (m2/s2)
             106                     !     eps    : turbulence k.e. dissipation rate at present/future time
             107                     !     o3l    : ozone concentration for radiative transfer calculation
             108                     !     dtrad  : temperature change rate due to radiative transfer (k/day)
             109                     !     ss     : net downward solar radiation at ground surface (w/m2)
             110                     !     rs     : net upward long wave radiation at ground surface (w/m2)
             111                     !     ps     : (terrain pressure-ptop) at present time step (mb)
             112                     !     plt    : odd-lvl pressure at present time step (mb)
             113                     !     pk     : odd-levl p**kcapa at present time step
             114                     !     pk2    : even level p**kapa at present time step
             115                     !     up     : u-component at present time step (m/s)
             116                     !     vp     : v-component at present time step (m/s)
             117                     !     ttp    : virtual potential temperature at present time step (k)
             118                     !     qp     : specific humidity at present time step (kg/kg)
             119                     !     pst    : (terrain pressure-ptop) at future time step (mb)
             120                     !     ut     : u-component at past/future time step (m/s)
             121                     !     vt     : v-component at past/future time step (m/s)
             122                     !     tt     : virtual potential temp at past/future time step (k)
             123                     !     qt     : specific humidity at time/future time step (kg/kg)
             124                     !     gwclim : soil water climate value (= gwet-clim * 20.0)
             125                     !     tice   : critical temp to separate rain and snow (=273.15)
             126                     !     hice   : specific heat constant to melt snow     (=3.336e+5)
             127                     !     qgini  : initial global moisture amount
             128                     !     acld   :
             129                     !     std    : standard deviation of terrain
             130                     !     asol   : asorbed solar radiative flux by earth
             131                     !     olr    : outgoing longwave radiation
             132                     !     drag   : gravity wave drag force
             133                     !     ugws   : zonal component of surface gravity wave stress
             134                     !     vgws   : meridional component of surface gravity wave stress
             135                     !     sdpbl  : vertical velocity within pbl
             136                     !     t2     : 2-meter temperature
             137                     !     rh2    : 2-meter rh
             138                     !     u10/v10: 10-meter wind speed
             139                     !     gfx    : ground heat flx                        (nx)        (wat/m2)
             140                     !soil
             141                     !     rld    : long wave radiat. flux down to ground (nx)    (wat/m2)
             142                     !     smc    : volumetric soil moisture content (nx,km_soil)
             143                     !     stc    : soil temperature                 (nx,km_soil)
             144                     !  canopy    : canopy moisture content(<0.5mm)          (nx)
             145                     !  runoff    : accumulate run off water(runof+drain) (nx)    (mm)
             146                     !  sigmaf    : green vegetation fraction        (nx)
             147                     !   istyp    : soil type(1-9)                   (nx)
             148                     ! ivegtyp    : vegetation type(1-13)            (nx)
             149                     !   wlt      : wiltling point of 9 soil types  (9)
             150                     !   ref      : field capacity of 9 soil types  (9)
             151                     !   tsat     : satuation point of 9 soil types (9)
             152                     !   dfkt     : soil thermal diffusivity    (22,9)     m2/s
             153                     !   xktk     : soil hydraulic conductivity (22,9)  m/s
             154                     !micro
             155                     !     ftp, fqp, fpsp : for temperature, specific humidity and surface
             156                     !              pressure for past time step for micro cloud scheme
             157                     !
             158                     !   lrun_sitvdiff: logical variable for run sit_vdiff
             159                     !   ic_sit   : the 'ic_sit'th times run sit_vdiff
             160                     !
             161                     ! modify to f90 by C-H Lee and sort by River Chen in 2015
             162                     !
             163                     !#######################################################################
             164                     !
             165                           use mpe
             166                           use rank
             167                           use index
             168                           use const,                 ONLY:do_sit,ldailyFCTsst,dailyClm_option,      &
             169                                                           pdfcloud,cmbk,cgwd, fsit, dosppt, doshum, dossst, &
             170                                                           use_zmtnblck,ldailyFCTsst,ldailyFCTicesndpt, &
             171                                                           ldailyFCTsst,ldailyFCTicesndpt,           &
             172                                                           dailyClm_option,dSITdt_intv,weightSIT,    &
             173                                                           bckfile,ggdef,doclx,doslavepp,RTYPE,qmin
             174                           use mod_sitgrid
             175                           USE mod_sit_vdiff,         ONLY:sit_vdiff,ctfreez
             176                           USE mod_sit_control,       ONLY:ftrigsit,ltrigsit,lsitstart,lsftobswt &
             177                                                          ,timebl_option,timebl_start
             178                           USE mod_eos_ocean,         ONLY:AirVaporPressure,CalcSm
             179                           USE mod_sst,               ONLY:time_weights,now1,now2,wgto1,wgto2 &
             180                                                          ,obswtbnmw1,obswtbnmw2,obswtbwgt1   &
             181                                                          ,obswtbwgt2,obswtbold,obswtbnow     &
             182                                                          ,obswtbnew,dFCTsstdt                &
             183                                                          ,tseadiffFCT,tseadiffFCT24,dtseadt  &
             184                                                          ,tseanow,tseaold
             185                           USE mo_netcdf,             ONLY:lkvl
             186                     !-----------------------------------------------------------------------
             187                           use radn
             188                           use physpara
             189                     !
             190                           use physcons, only :con_rd,con_fvirt,con_rerth,con_rv
             191                     ! for slavepp
             192                           use phygrid,  only :dtcup,ducup,dvcup,dtshl,dushl,dvshl,dtlsp
             193                     ! for land_noah_new
             194                           use namelist_soilveg, only :MAX_SLOPETYP,MAX_SOILTYP,MAX_VEGTYP
             195                           use mod_stochastic_physics, only : sppt3d, shum3d, ssst3d
             196                     !-----------------------------------------------------------------------
             197                           implicit  none
             198                     !-----------------------------------------------------------------------
             199                           integer nfxr, ntrac, kk, nk, n
             200                           real    dtlw,dtsw,solhr,rsolhr
             201                     !
             202                     ! for land_noah_new
             203                            real      sfalb(nxp,my_max),sfemis(nxp,my_max)
             204                            integer   isot,ivegsrc
             205                     !-----------------------------------------------------------------------
             206                           integer   nx,my,my_max,lev,ncld,nmcup,nmpbl,nmland,nmshl,idg,  &
             207                                     jdg,ldiag,julian,njump,itypbl,ktcup,ktpbl,ktshl,     &
             208                                     km_soil
             209                     
             210                           logical   docup,dodry,dolsp,dopbl,dorad,doshl,dograv,ozon,     &
             211                                     land(nxp,my_max),ocean(nxp,my_max),ice(nxp,my_max),  &
             212                                     docgrav,tofd
             213                     
             214                           real      tice,hice,qgini,thdai,tengi,ptop,                    &
             215                                     hltm,evaprh,s0,stbo,cp,rgas,grav,frad,               &
             216                                     hours,tau,dt,cgw
             217                     
             218                           integer   il(nxp,4),ib(nxp,4)
             219                     
             220                           real      cof(nxp*3,4),xlat(my),                                    &
             221                                     xlon(nx,my_max),z0(nxp,my_max),                           &
             222                                     alb(nxp,my_max),snr(nxp,my_max),tg(nxp,my_max),           &
             223                                     tgclim(nxp,my_max),curate(nxp,my_max),plcl(nxp,my_max),   &
             224                                     cumtop(nxp,my_max),totalp(nxp,my_max),raincu(nxp,my_max), &
             225                                     hflux(nxp,my_max),qflux(nxp,my_max),ustar(nxp,my_max),    &
             226                                     tstar(nxp,my_max),qstar(nxp,my_max),                      &
             227                                     e(nxp,lev,my_max),eps(nxp,lev,my_max),                    &
             228                                     dtrad(nxp,lev,my_max),ss(nxp,my_max),                     &
             229                                     rs(nxp,my_max),plt(nxp,lev,my_max),                       &
             230                                     rainlp(nxp,my_max),                                       &
             231                                     gwclim(nxp,my_max),acld(lev,my),std(nxp,my_max),          &
             232                                     asol(nxp,my_max),olr(nxp,my_max),drag(nxp,lev,my_max),    &
             233                                     ugws(nxp,my_max),vgws(nxp,my_max),                        &
             234                                     raintot(nxp,my_max),t2(nxp,my_max),rh2(nxp,my_max),       &
             235                                     rh10(nxp,my_max),                                         &
             236                                     q2(nxp,my_max),fm(nxp,my_max),fh(nxp,my_max),             &
             237                                     fm10(nxp,my_max),fh2(nxp,my_max),srflag(nxp,my_max),      &
             238                                     u10(nxp,my_max),v10(nxp,my_max),hpbl(nxp,my_max),         &
             239                                     raincu6(nxp,my_max),rainlp6(nxp,my_max),                  &
             240                                     raincu3(nxp,my_max),rainlp3(nxp,my_max),                  &
             241                                     raincu1(nxp,my_max),rainlp1(nxp,my_max),                  &
             242                                     ustress(nxp,my_max),vstress(nxp,my_max),ssu(nxp,my_max),ssv(nxp,my_max)
             243                           real(kind=RTYPE) qt(nxp,lev*ncld,my_max),qp(nxp,lev*ncld,my_max),   &
             244                                            up(nxp,lev,my_max),vp(nxp,lev,my_max),             &
             245                                            ttp(nxp,lev,my_max),o3l(nxp,lev,my_max),           &
             246                                            sgeo(nxp,my_max),ps(nxp,my_max),pst(nxp,my_max),   &
             247                                            sdpbl(nxp,my_max),sigma(lev+1,2),dsigma(lev,2),    &
             248                                            ut(nxp,lev,my_max),vt(nxp,lev,my_max),             &
             249                                            tt(nxp,lev,my_max),pk(nxp,lev,my_max),             &
             250                                            pk2(nxp,lev,my_max)
             251                     !soil (2005/01/12)
             252                           integer,  parameter :: ntype=9, ngrid=22
             253                           integer   istyp(nxp,my_max),ivegtyp(nxp,my_max)
             254                     
             255                           real      smc(nxp,km_soil,my_max),stc(nxp,km_soil,my_max),          &
             256                                     canopy(nxp,my_max),runoff(nxp,my_max),                    &
             257                                     sigmaf(nxp,my_max),rld(nxp,my_max),                       &
             258                                     wlt(MAX_SOILTYP),ref(MAX_SOILTYP),tsat(MAX_SOILTYP),      &
             259                                     dfkt(ngrid,ntype),xktk(ngrid,ntype),dfk(ngrid,ntype)
             260                     
             261                     ! new soil
             262                     ! for noah
             263                           integer   slopetyp(nxp,my_max)
             264                     
             265                           real      slc(nxp,km_soil,my_max),zice(nxp,my_max),         &
             266                                     cice(nxp,my_max),xtice(nxp,my_max),               &
             267                                     sld(nxp,my_max),sncover(nxp,my_max),              &
             268                                     sndepth(nxp,my_max),gfx(nxp,my_max),              &
             269                                     shdmax(nxp,my_max),shdmin(nxp,my_max),            &
             270                                     snoalb(nxp,my_max),albedo2(nxp,my_max),heat(nxp),evap(nxp),  &
             271                     ! for new pbl
             272                                     asl(nxp,lev,my_max),atl(nxp,lev,my_max),xmu(nxp,my_max)
             273                     ! --- for radupdat
             274                           integer idat(8),jdat(8)
             275                     
             276                     ! --- for new albedo
             277                           real alvsf(nxp,my_max),alvwf(nxp,my_max),alnsf(nxp,my_max), &
             278                                alnwf(nxp,my_max),facsf(nxp,my_max),facwf(nxp,my_max)
             279                     !for gravity wave drag ====== #
             280                           integer nmgwor,nmgwcv,mtnvar
             281                           real hprime_b(nxp,mtnvar,my_max)
             282                           real tt_bfcnv(nxp,lev)
             283                           real prsi(nxp,lev+1)
             284                           real utgwc(nxp,lev),vtgwc(nxp,lev),                                  &
             285                                dudtc(nxp,lev),dvdtc(nxp,lev),dtdtc(nxp,lev),dqdtc(nxp,lev),    &
             286                                prslk(nxp,lev)
             287                           real oc(nxp),theta(nxp),gamma(nxp),sigmaog(nxp),elvmax(nxp),hprime(nxp),    &
             288                                dlength(nxp),cldf(nxp),cumabs(nxp),work3(nxp),tauctx(nxp),taucty(nxp), &
             289                                facg(lev)
             290                           real oa4(nxp,4),clx(nxp,4),cgwf(2),cdmbgwd(2)
             291                           real ograv
             292                           integer kpbl(nxp,my_max)
             293                           integer latg
             294                           real eng0,eng1
             295                     
             296                     ! --- for random number generator (thread safe mode)
             297                           integer ixseed(nx,my,2)
             298                           integer icsdlw(nxp),icsdsw(nxp)
             299                     
             300                     ! --- for rrtmg : input
             301                     !     logical lsswr,lslwr,lssav,lprnt
             302                           logical lsswr,lslwr,lssav
             303                           real    xlonr(nxp,my_max),sld_adj(nxp),rld_adj(nxp),ss_adj(nxp), &
             304                                   rs_adj(nxp),tsflw(nxp,my_max),rstd(nxp)
             305                     ! --- for slavepp
             306                           real    dttmp,dutmp,dvtmp
             307                     
             308                     ! --- new variables setting :
             309                           integer(kind=8)  :: idtg
             310                           logical :: doo3l
             311                           integer :: ipt,jpt
             312                     !---------------------------------------------------------------------------
             313                     ! for new rad
             314                     !---------------------------------------------------------------------------
             315                           real      fusl(nxp,lev+1,my_max),fdsl(nxp,lev+1,my_max),   &
             316                                     fuir(nxp,lev+1,my_max),fdir(nxp,lev+1,my_max),   &
             317                                     fuslr(nxp,lev+1,my_max),fdslr(nxp,lev+1,my_max), &
             318                                     fuirr(nxp,lev+1,my_max),fdirr(nxp,lev+1,my_max), &
             319                                     asl_clr(nxp,lev,my_max),atl_clr(nxp,lev,my_max), &
             320                                     clds(nxp,lev,my_max)
             321                           real      rld_clr(nxp,my_max),sld_clr(nxp,my_max)
             322                           real      asol_clr(nxp,my_max),olr_clr(nxp,my_max),ss_clr(nxp,my_max), &
             323                                     rs_clr(nxp,my_max),asr_clr(lev,my),alr_clr(lev,my),           &
             324                                     ctot(nxp,my_max),chig(nxp,my_max),cmid(nxp,my_max),clow(nxp,my_max)
             325                     
             326                           ! for sppt
             327                           real(kind=RTYPE) :: ut_save_sppt(nxp,lev,my_max)
             328                           real(kind=RTYPE) :: vt_save_sppt(nxp,lev,my_max)
             329                           real(kind=RTYPE) :: tt_save_sppt(nxp,lev,my_max)
             330                           real(kind=RTYPE) :: qt_save_sppt(nxp,lev*ncld,my_max)
             331                          !real(kind=RTYPE) :: qt_save_shum(nxp,lev*ncld,my_max)
             332                           real(kind=RTYPE) :: tg_save_ssst(nxp,1,my_max)
             333                     #ifdef VERBOSE
             334                           real(kind=RTYPE) :: ut_update(nxp,lev,my_max)
             335                           real(kind=RTYPE) :: vt_update(nxp,lev,my_max)
             336                           real(kind=RTYPE) :: tt_update(nxp,lev,my_max)
             337                           real(kind=RTYPE) :: qt_update(nxp,lev*ncld,my_max)
             338                     
             339                           real(kind=RTYPE) :: ut_pbl(nxp,lev,my_max)
             340                           real(kind=RTYPE) :: vt_pbl(nxp,lev,my_max)
             341                           real(kind=RTYPE) :: tt_pbl(nxp,lev,my_max)
             342                           real(kind=RTYPE) :: qt_pbl(nxp,lev*ncld,my_max)
             343                     
             344                           real(kind=RTYPE) :: ut_cmls(nxp,lev,my_max)
             345                           real(kind=RTYPE) :: vt_cmls(nxp,lev,my_max)
             346                           real(kind=RTYPE) :: tt_cmls(nxp,lev,my_max)
             347                           real(kind=RTYPE) :: qt_cmls(nxp,lev*ncld,my_max)
             348                     
             349                           real(kind=RTYPE) :: ut_sppt(nxp,lev,my_max)
             350                           real(kind=RTYPE) :: vt_sppt(nxp,lev,my_max)
             351                           real(kind=RTYPE) :: tt_sppt(nxp,lev,my_max)
             352                           real(kind=RTYPE) :: qt_sppt(nxp,lev*ncld,my_max)
             353                     #endif
             354                           real :: dtradc(nxp,lev,my_max)
             355                           real :: dtradn(nxp,lev)
             356                           integer :: zmtnblck(nxp)
             357                           real :: ru,vru,upert,vpert,tpert,qpert,qnew,dtdtr
             358                     
             359                           integer itimestep,ii
             360                     
             361                           ! for MP WSM6 & Thompson
             362                           logical uni_cloud,lmfshal,lmfdeep2
             363                           real    sr(nxp,my_max)
             364                     !---------------------------------------------------------------------------
             365                           real      drag_u(lev),drag_v(lev)
             366                           real      fnor
             367                           logical   donor,upnor
             368                           data      donor/.true./,fnor/0.5/
             369                     
             370                     ! for GFDL microphysics
             371                           real area(nxp)
             372                     
             373                     !#######################################################################
             374                     !
             375                     !     local logical variables and work arrays
             376                     !
             377                           logical   fluxcl,doozon,uprad
             378                           integer   ijdg(my),ipblmx(2,my),itlsp(lev),nnlsp(lev),ilsp(lev,my),&
             379                                     nlsp(lev,my),ncup(my),ndry(my),nshl(my),icupmx(my),      &
             380                                     nlcl(lev,my),nnegl(lev,my),nosat(lev,my),nwork(lev,my),  &
             381                                     ntcup(lev,my),nflx(lev,my),lvlwx(my_max),ilx(nxp,my_max),&
             382                                     ibx(nxp,my_max)
             383                     
             384                           real      cosl(my),sinl(my),cosz(nxp,my_max),                  &
             385                                     rcup(nxp,my_max),rlsp(nxp,my_max),               &
             386                                     asr(lev,my),alr(lev,my),xsr(lev,my),xlr(lev,my),         &
             387                                     aflxd(lev+2,my),aflxu(lev+2,my),                         &
             388                                     dtcupx(my),dtcupz(lev,my),dqcupz(lev,my),dtcupd(lev),    &
             389                                     dqcupd(lev),dtcupl(lev),dqcupl(lev),xkmx(2,my),xkmd(lev),&
             390                                     albx(nxp,my_max),cofx(nxp*3,my_max),dphi(nxp,lev)
             391                           real(kind=RTYPE) phi(nxp,lev)
             392                     
             393                           real      wkj(4,my),dsigpp(lev),qt_diff(ncld)
             394                     
             395                           integer   nlcl_tmp(lev) ,nnegl_tmp(lev),nosat_tmp(lev),    &
             396                                     nwork_tmp(lev),ntcup_tmp(lev),nflx_tmp(lev)
             397                     
             398                           real      adtrad(nxp,lev),work_pr1(9),work_pr2(lev,9)
             399                     !--------
             400                     ! for ncld=2
             401                           real,     parameter :: dxmax=-16.118095651,dxmin=-9.800790154, &
             402                     !      real,     parameter :: dxmax=-17.261145789,dxmin=-12.465355243,&
             403                                                  dxinv=1.0/(dxmax-dxmin)
             404                     !     parameter (rhzbot=0.85, rhztop=0.85)
             405                     
             406                           real      work1(nxp),work2(nxp),rhc(nxp,lev),rhckt,psautco(nxp)
             407                           real      del(nxp,lev),prsl(nxp,lev),psfc(nxp)
             408                           real      qtc(nxp,lev), qtr(nxp,lev), ttc(nxp,lev)
             409                           real      ftp(nxp,lev,my_max), fqp(nxp,lev,my_max), fpsp(nxp,my_max)
             410                           real      ftp1(nxp,lev,my_max), fqp1(nxp,lev,my_max), fpsp1(nxp,my_max)
             411                     !-------
             412                     !for pdf cloud
             413                           integer   kdt
             414                           real      sup
             415                           real      cnvw(nxp,lev),cnvc(nxp,lev),deltaq(nxp,lev,my_max)
             416                           real      cnvwr(nxp,lev,my_max),cnvcr(nxp,lev,my_max)
             417                     
             418                     ! vertcal rhc
             419                     !      real      ct,cs,px
             420                     
             421                           logical lprnt
             422                     !--------
             423                     !
             424                     ! for sascnv
             425                           integer   kbot(nxp,my_max),ktop(nxp,my_max),kuo(nxp,my_max),  &
             426                                     islimsk(nxp)
             427                           real      sl(lev),delcup(lev),slimsk(nxp)
             428                           real      dotc(nxp,lev),phil(nxp,lev),utc(nxp,lev),vtc(nxp,lev)
             429                     
             430                     !ch   real      cldwrk(nxp,my_max),sd(nxp,lev+1,my_max),xkt2(nx)
             431                           real      cldwrk(nxp,my_max),                     xkt2(nx)
             432                           real(kind=RTYPE) sd(nxp,lev+1,my_max),vvel(nxp,lev,my_max)
             433                     
             434                     ! for new shlcon
             435                           real      rcup2(nxp)
             436                     ! for scale-aware convection
             437                           real      garea(nxp),tpr,tem1,tem2,jup,jdn,tpi
             438                     ! for wsm6 & thompson
             439                           integer   nmmiph
             440                           real      phii(nxp,lev+1)
             441                           real      qti(nxp,lev),qtrw(nxp,lev),qtsw(nxp,lev),qtgl(nxp,lev)
             442                           real      icem,ntnc(nxp,lev,2) !1:ice, 2:liquid
             443                     ! for updating low boundary condition
             444                           integer   ls(nxp,my_max)
             445                           real      sstc(nxp,my_max),z0ocn(nxp,my_max)
             446                           logical   doclxu,iceold(nxp,my_max)
             447                     
             448                     
             449                     !CWB 2007-09-27 for random number seed >>>
             450                           real*8    rtc,rsecond
             451                           integer   isize(2)
             452                     ! CWB <<<
             453                     
             454                     
             455                           integer   i,     j,      k,      jj,     nxj,    nxmy,   nxlev, levmy, &
             456                                     icrad, iter,   icnor,  njump1, njump2, njump3, nny,   jcap,  &
             457                                     kc,    nncup,  nnshl,  nndry,  ixkmkk, ixkmk1, jxkmkk,jxkmk1,&
             458                                     idcupx,jdcupx, ikutx,  jutx,   ikut,   isamax, idummy,jpstx, &
             459                                     ipstx, jpstn,  ipstn,  jhflx,  ihflx,  jqflx,  iqflx, jtgx,  &
             460                                     itgx,  kdradx, jdradx, idradx, isign,  jmax,   kmax,  jmin,  &
             461                                     kmin,  jjdg
             462                     
             463                           real      prevap,etop,   radus,  radsq,  d2r,    ptrad,  xkapa, xkapa1,&
             464                                     okapa, p0k,    op0k,   ptopk,  dta,    rainfc, abxlat,xx,    &
             465                                     yy,    dtau,   aps,    arcup,  arlsp,  evapor, qglb,  thda,  &
             466                                     tke,   tpe,    cosq,   dsigp,  cosw,   teng,   rainbl,       &
             467                                     engdiff,thdadif,topsd,  toplu,  sfcsd,  sfclu, xoj,          &
             468                                     xkmkk, xkmk1,  dtcupg, utx,    speed,  pstx,   pstn,  hflmx, &
             469                                     qflmx, tgx,    dtradg, dragmax,dragmin,rcuprr, rlsprr,ud,    &
             470                                     vd,    ttd,    qqd,    dqcu,   deg_ju, arg,    tem
             471                     
             472                     !xb110>
             473                     !for new precpd & nTDK
             474                           real      u0(nxp,lev),v0(nxp,lev),t0(nxp,lev)
             475                           real(kind=RTYPE) q0(nxp,lev*ncld)
             476                           real      upp(nxp,lev),vpp(nxp,lev),tpp(nxp,lev),ttpp(nxp,lev)
             477                           real      pltp(nxp,lev)
             478                           real(kind=RTYPE) pkp(nxp,lev),pk2p(nxp,lev)
             479                     !for lightning
             480                           real      flash(nxp,my_max)        !flash density (unit in flashes km^-2 day^-1)
             481                           real      ztenh(nxp,lev),zqenh(nxp,lev),rho(nxp,lev)              &
             482                                    ,snow_flxn(nxp,lev),ptun(nxp,lev),pqun(nxp,lev)          &
             483                                    ,cnvwn(nxp,lev)
             484                           real      snow_flx(nxp,lev),ptu(nxp,lev)           &
             485                                    ,pqu(nxp,lev)
             486                           integer   kbotc(nxp,my_max), ktopc(nxp,my_max)
             487                     !xb110<
             488                     !ps
             489                           logical lrun_sitvdiff
             490                           integer ic_sit
             491                           real liw, t_surf
             492                           real sitlat(nxp)
             493                           real sitlon(nxp,my_max)
             494                           integer istep,icurrenttau
             495                           real rnuw,z0w,d0w,Pairvapor,rhoa,ps1w,ustra,vstra
             496                           integer*8 idtg_sitvdiff
             497                           real tauleft, dtsit
             498                           real, dimension(:), allocatable :: sstm, rstm,hfluxtm,qfluxtm, &
             499                                                               u10tm,v10tm, rlsptm, rcuptm, &
             500                                                             ustartm, t2tm,  rh2tm,  psttm, &
             501                                                              cicetm,snrtm, zicetm,xticetm, &
             502                                                            obswtbtm, tgtm
             503                           character*12 cdtg
             504                           integer yr, mo, dy, hr, mn, leap, yrd, year
             505                           real tauhr
             506                           real dtx_tau,dtaup
             507                           INTEGER, PARAMETER :: nerr = 6
             508                     !xb110>
                                   <<< Loop-information Start >>>
                                   <<<  [PARALLELIZATION]
                                   <<<    Standard iteration count: 3
                                   <<<  [OPTIMIZATION]
                                   <<<    SIMD(VL: 8)
                                   <<<    SOFTWARE PIPELINING(IPC: 2.28, ITR: 24, MVE: 2, POL: S)
                                   <<<    PREFETCH(HARD) Expected by compiler :
                                   <<<      pqu, ptu, snow_flx, cnvwn, rho, zqenh
                                   <<<      ztenh
                                   <<< Loop-information  End >>>
             509        pp    v            ztenh = 0.
             510         p    v            zqenh = 0.
             511         p    v            rho = 0.
             512         p    v            snow_flx  = 0.
             513         p    v            ptu = 0.
             514         p    v            pqu = 0.
             515         p    v            cnvwn = 0.
             516                     !xb110<
             517                     !ps
             518                     !CWB2015
                                   <<< Loop-information Start >>>
                                   <<<  [PARALLELIZATION]
                                   <<<    Standard iteration count: 9
                                   <<<  [OPTIMIZATION]
                                   <<<    SIMD(VL: 16)
                                   <<<    PREFETCH(HARD) Expected by compiler :
                                   <<<      kuo
                                   <<< Loop-information  End >>>
             519        pp   4v            kuo=0
                                   <<< Loop-information Start >>>
                                   <<<  [PARALLELIZATION]
                                   <<<    Standard iteration count: 1600
                                   <<<  [OPTIMIZATION]
                                   <<<    SIMD(VL: 8)
                                   <<<    PREFETCH(HARD) Expected by compiler :
                                   <<<      islimsk, rcup2
                                   <<< Loop-information  End >>>
             520        pp   2v            rcup2=0.
             521         p   2v            islimsk=0
                                   <<< Loop-information Start >>>
                                   <<<  [PARALLELIZATION]
                                   <<<    Standard iteration count: 9
                                   <<<  [OPTIMIZATION]
                                   <<<    SIMD(VL: 16)
                                   <<<    PREFETCH(HARD) Expected by compiler :
                                   <<<      kpbl
                                   <<< Loop-information  End >>>
             522        pp   4v            kpbl=1
             523                     
             524                     !CWB2016
             525                           lssav=.false.
             526                           doclxu=.false.
                                   <<< Loop-information Start >>>
                                   <<<  [PARALLELIZATION]
                                   <<<    Standard iteration count: 843
                                   <<<  [OPTIMIZATION]
                                   <<<    SIMD(VL: 8)
                                   <<<    PREFETCH(HARD) Expected by compiler :
                                   <<<      ss_adj, sld_adj, rld_adj, icsdlw, icsdsw
                                   <<< Loop-information  End >>>
             527        pp   2v            icsdsw=0
             528         p   2v            icsdlw=0
             529         p   2v            rld_adj=0.
             530         p   2v            sld_adj=0.
             531         p   2v            ss_adj =0.
             532                     ! for MP WSM6 & Thompson
             533                           uni_cloud=.false. !if using SHOC scheme, it should be .true.
             534                           lmfshal=( nmshl .eq. 2 .or. nmshl .eq. 3 ) ! .true. if using mass-flux shallow convection
             535                           lmfdeep2=( nmcup .eq. 6 ) ! .true. if using scale-aware deep con
             536                     
             537                     
             538                     !     define local constants
             539                     ! for vertical rhc
             540                     !      ct=0.7
             541                     !      cs=0.9
             542                     !      px=4.
             543                     !
             544                     !-------------------------------
             545                     ! pbl package > tke-e  ; npbl=1
             546                     ! pbl package > ncep   ; npbl=2
             547                     !     npbl = 2
             548                     !
             549                     ! shlcon use Frank version , nmshl=1
             550                     ! shlcon use ncep new version(2010) companion with new_sas, nmshl=2
             551                     !     nmshl = 2
             552                     !-------------------------------
             553                           prevap= 0.2
             554                           etop= 1.0
             555                           sup=  1.0
             556                           nxmy = nx * my
             557                           nxlev= nx * lev
             558                           levmy= lev* my
             559                           radus = 6371000.
             560                           radsq = radus**2
             561                           tpi   = 4.0*atan(1.0)
             562                           d2r   = tpi / 180.0
             563                           tpr   = 2.*tpi*radus
             564                           ptrad = max(0.01,ptop)
             565                           xkapa = rgas/cp
             566                           xkapa1= 1.0 + xkapa
             567                           okapa = 1.0/xkapa
             568                           p0k   = 1000.0**xkapa
             569                           op0k  = 1.0/p0k
             570                           ptopk = ptop**xkapa
             571                     !
             572                     !     define local control variables
             573                     !
             574                     !------------------------------------------------------------------------------
             575                           ipt=518
             576                           jpt=490
             577                     !------------------------------------------------------------------------------
             578                     !      if (myrank .eq. 0)print *,'### diabat start ###'
             579                     !
             580                     !     define local control variables
             581                     !
             582                           fluxcl = .true.
             583                           dta    = dt
             584                           rainfc = 1.0
             585     1                     if (itimestep .le. 1) then
             586     1                        doozon = .true.
             587     1                        kdt    = 1
             588     1                     else
             589     1                        doozon = .false.
             590     1                        kdt    = 0
             591     1                     endif
             592                     
             593                     !------------------------------------------------------------------------------
             594                     !     set hours, iter, icrad, julian, uprad, doozon
             595                     !------------------------------------------------------------------------------
             596                           rsolhr = hours
             597                           hours = hours + dt/3600.0
             598     1                     if ( hours .gt. 24.0 )  then
             599     1                        hours = mod ( hours,24.0 )
             600     1                        julian= julian + 1
             601     1                        if ( julian .gt. yrd ) julian = julian - yrd
             602     1                        doozon = .true.
             603     1                        doclxu = .true.
             604     1                     endif
             605                           leap = mod ( year , 4 )
             606                           yrd = 365
             607                           if ( leap .eq. 0 ) yrd = 366
             608                     !
             609                           icrad = frad*3600.0/dt + 0.0001 ! frad =1.0 set in block.f
             610                           iter  = tau*3600.0/dt - 1. + 0.0001
             611                           uprad = .false.
             612                           if ( (mod(iter,icrad).eq.0) )  uprad = .true.
             613                           doozon = doozon .and. dorad
             614                           uprad  = uprad  .and. dorad
             615                     !
             616                     ! update low boundary condition
             617                     !
             618     1                     if ( doclxu .and. doclx ) then
             619     1                       if (myrank.eq.0)                                                &
             620     1                          print *,'update low boundary condition at tau= ',tau
                                   <<< Loop-information Start >>>
                                   <<<  [PARALLELIZATION]
                                   <<<    Standard iteration count: 4
                                   <<<  [OPTIMIZATION]
                                   <<<    SIMD(VL: 8)
                                   <<<    SOFTWARE PIPELINING(IPC: 2.50, ITR: 80, MVE: 3, POL: S)
                                   <<<    PREFETCH(HARD) Expected by compiler :
                                   <<<      z0, ice, z0ocn, iceold
                                   <<< Loop-information  End >>>
             621     1  pp   2v              iceold=ice
             622     1   p   2v              z0ocn=z0
             623     1               !     read climate data
             624     1                       call readclx( nx,my,my_max,julian,land,ocean,ice,tgclim,gwclim  &
             625     1                                  ,z0,alb,sstc,bckfile,sigmaf,istyp,ivegtyp,ls         &
             626     1                                  ,shdmax,shdmin,slopetyp,snoalb,ggdef,isot,ivegsrc )
             627     1               !
             628     1               !     read new albedo
             629     1               !
             630     2                       if (irad .eq. 2) then
             631     2                         call readalb(bckfile,nx,my,my_max,julian,ggdef,         &
             632     2                                    alvsf,alvwf,alnsf,alnwf,facsf,facwf)
             633     2               
                                   <<< Loop-information Start >>>
                                   <<<  [PARALLELIZATION]
                                   <<<    Standard iteration count: 2
                                   <<<  [OPTIMIZATION]
                                   <<<    PREFETCH(HARD) Expected by compiler :
                                   <<<      facsf, alvwf, alnwf, alvsf, alnsf, facwf
                                   <<< Loop-information  End >>>
             634     3  pp                     do jj=1,jlistnum
             635     3   p                       j=jlist1(jj)
             636     3   p                       nxj=nxdef_2d(j)
                                   <<< Loop-information Start >>>
                                   <<<  [OPTIMIZATION]
                                   <<<    SIMD(VL: 8)
                                   <<<    SOFTWARE PIPELINING(IPC: 2.77, ITR: 48, MVE: 3, POL: S)
                                   <<<    PREFETCH(HARD) Expected by compiler :
                                   <<<      facsf, alvwf, alnwf, alvsf, alnsf, facwf
                                   <<< Loop-information  End >>>
             637     4   p    v                  do i=1,nxj
             638     4   p    v                    alvsf(i,jj)=alvsf(i,jj)*0.01
             639     4   p    v                    alvwf(i,jj)=alvwf(i,jj)*0.01
             640     4   p    v                    alnsf(i,jj)=alnsf(i,jj)*0.01
             641     4   p    v                    alnwf(i,jj)=alnwf(i,jj)*0.01
             642     4   p    v                    facsf(i,jj)=facsf(i,jj)*0.01
             643     4   p    v                    facwf(i,jj)=facwf(i,jj)*0.01
             644     4   p    v                  enddo
             645     3   p                     enddo
             646     2                       endif
             647     1               !
                                   <<< Loop-information Start >>>
                                   <<<  [PARALLELIZATION]
                                   <<<    Standard iteration count: 2
                                   <<<  [OPTIMIZATION]
                                   <<<    PREFETCH(HARD) Expected by compiler :
                                   <<<      ls, iceold, ice, ocean, ustar, sstc
                                   <<<      z0ocn, tg, zice, cice, snr, z0, xtice
                                   <<< Loop-information  End >>>
             648     2  pp                   do jj = 1, jlistnum
             649     2   p                     j=jlist1(jj)
             650     2   p                     nxj=nxdef_2d(j)
                                   <<< Loop-information Start >>>
                                   <<<  [OPTIMIZATION]
                                   <<<    SIMD(VL: 8)
                                   <<<    SOFTWARE PIPELINING(IPC: 0.81, ITR: 24, MVE: 2, POL: S)
                                   <<<    PREFETCH(HARD) Expected by compiler :
                                   <<<      ice, ocean, ls, ustar, sstc, iceold, tg
                                   <<<      z0ocn, zice, cice, snr, z0, xtice
                                   <<< Loop-information  End >>>
             651     3   p    v              do i=1,nxj
             652     4   p    v                if(ls(i,jj).eq.0) then
             653     4               !---------------------------------------------------------------------
             654     4               ! (1)  retain surface roughness over ocean
             655     4               !---------------------------------------------------------------------
             656     4   p    v                  z0(i,jj)=z0ocn(i,jj)
             657     4               !---------------------------------------------------------------------
             658     4               ! (2)  tg replaced by climate sea surface temperature
             659     4               !---------------------------------------------------------------------
             660     4   p    v                  if (ocean(i,jj)) tg(i,jj)=sstc(i,jj)
             661     4               !---------------------------------------------------------------------
             662     4               ! (3)  set ice thickness => not for couple
             663     4               !---------------------------------------------------------------------
             664     5   p    v                  if(iceold(i,jj)       .and. .not. ice(i,jj)) then
             665     5   p    v                    zice(i,jj)=0.
             666     5   p    v                    cice(i,jj)=0.
             667     5   p    v                    snr(i,jj) =0.
             668     5   p    v                    z0(i,jj)=ustar(i,jj)*ustar(i,jj)*0.014/grav
             669     5   p    v                  endif
             670     5   p    v                  if(.not. iceold(i,jj) .and. ice(i,jj)) then
             671     5   p    v                    xtice(i,jj)=tg(i,jj)
             672     5   p    v                    zice(i,jj)=0.15 ! from himin in sfc_sice
             673     5   p    v                    cice(i,jj)=0.15 ! from cimin in sfc_sice
             674     5   p    v                    snr(i,jj) =15.
             675     5   p    v                    z0(i,jj)=0.0002 ! set new ice point to 0.0002
             676     5   p    v                  endif
             677     4   p    v                endif ! if(ls(i,jj).eq.0) then
             678     3   p    v              enddo
             679     2   p                   enddo
             680     1               
             681     1                     endif ! doclxu
             682                     !
             683                     ! for nonorographic gravity wave drag
             684                     !
             685                           icnor = fnor*3600.0/dt + 0.0001
             686                           upnor = .false.
             687                           if ( (mod(iter,icnor).eq.0) .or. (iter.eq.1) )  upnor = .true.
             688                           upnor  = upnor  .and. donor
             689                     !
             690     1                     if (.not. dopbl)  then
                                   <<< Loop-information Start >>>
                                   <<<  [PARALLELIZATION]
                                   <<<    Standard iteration count: 4
                                   <<< Loop-information  End >>>
             691     2  pp                   do jj = 1, jlistnum
             692     2   p                    j=jlist1(jj)
             693     2   p                    nxj=nxdef_2d(j)
                                   <<< Loop-information Start >>>
                                   <<<  [OPTIMIZATION]
                                   <<<    SIMD(VL: 8)
                                   <<<    PREFETCH(HARD) Expected by compiler :
                                   <<<      hflux, qflux
                                   <<< Loop-information  End >>>
             694     3   p   2v              do i = 1, nxj
             695     3   p   2v               qflux(i,jj) = 0.
             696     3   p   2v               hflux(i,jj) = 0.
             697     3   p   2v              enddo
             698     2   p                   enddo
             699     1                     endif
             700                     
                                   <<< Loop-information Start >>>
                                   <<<  [PARALLELIZATION]
                                   <<<    Standard iteration count: 2
                                   <<< Loop-information  End >>>
             701     1  pp                 do k = 1, lev
                                   <<< Loop-information Start >>>
                                   <<<  [OPTIMIZATION]
                                   <<<    SIMD(VL: 8)
                                   <<<    PREFETCH(HARD) Expected by compiler :
                                   <<<      dqdtc, dtdtc, dvdtc, dudtc, qti, qtc
                                   <<<      qtr, cnvc, cnvw, vtgwc, utgwc
                                   <<< Loop-information  End >>>
             702     2   p    v              do i = 1, nxp
             703     2   p    v                utgwc(i,k)  = 0.
             704     2   p    v                vtgwc(i,k)  = 0.
             705     2               !for pdfcloud
             706     2   p    v                cnvw(i,k) = 0.
             707     2   p    v                cnvc(i,k) = 0.
             708     2               !for hydrometeor
             709     2   p    v                qtr(i,k)  = 0.
             710     2   p    v                qtc(i,k)  = 0.
             711     2   p    v                qti(i,k)  = -999.9
             712     2   p    v                dudtc(i,k) = 0.
             713     2   p    v                dvdtc(i,k) = 0.
             714     2   p    v                dtdtc(i,k) = 0.
             715     2   p    v                dqdtc(i,k) = 0.
             716     2   p    v              enddo
             717     1   p                 enddo
             718                     !
                                   <<< Loop-information Start >>>
                                   <<<  [PARALLELIZATION]
                                   <<<    Standard iteration count: 3
                                   <<< Loop-information  End >>>
             719     1  pp                 do jj = 1, jlistnum
             720     1   p                  j=jlist1(jj)
             721     1   p                  nxj=nxdef_2d(j)
                                   <<< Loop-information Start >>>
                                   <<<  [OPTIMIZATION]
                                   <<<    SIMD(VL: 8)
                                   <<<    PREFETCH(HARD) Expected by compiler :
                                   <<<      sr, xmu, cldwrk, rlsp, rcup
                                   <<< Loop-information  End >>>
             722     2   p   2v            do i = 1, nxp
             723     2   p   2v             rcup(i,jj)  = 0.0
             724     2   p   2v             rlsp(i,jj)  = 0.0
             725     2               !       cldwrk(i,k) = 0.0
             726     2   p   2v             cldwrk(i,jj) = 0.0
             727     2               !      cosz(i,jj)  = 0.0
             728     2   p   2v             xmu(i,jj)  = 0.0
             729     2               ! for wsm6
             730     2   p   2v             sr(i,jj)  = 0.0
             731     2   p   2v            enddo
             732     1   p                 enddo
             733                     
                                   <<< Loop-information Start >>>
                                   <<<  [PARALLELIZATION]
                                   <<<    Standard iteration count: 2
                                   <<< Loop-information  End >>>
             734     1  pp                 do j = 1, my
                                   <<< Loop-information Start >>>
                                   <<<  [OPTIMIZATION]
                                   <<<    SIMD(VL: 8)
                                   <<<    PREFETCH(HARD) Expected by compiler :
                                   <<<      nlsp, ilsp, nflx, ntcup, nwork, nosat
                                   <<<      nnegl, nlcl, dqcupz, dtcupz, xlr, xsr
                                   <<<      alr, asr
                                   <<<    SPILLS :
                                   <<<      GENERAL   : SPILL 0  FILL 3
                                   <<<      SIMD&FP   : SPILL 0  FILL 0
                                   <<<      SCALABLE  : SPILL 0  FILL 0
                                   <<<      PREDICATE : SPILL 0  FILL 0
                                   <<< Loop-information  End >>>
             735     2   p    v            do k = 1, lev
             736     2   p    v             asr(k,j)   = 0.0
             737     2   p    v             alr(k,j)   = 0.0
             738     2   p    v             xsr(k,j)   = 0.0
             739     2   p    v             xlr(k,j)   = 0.0
             740     2   p    v             dtcupz(k,j)= 0.0
             741     2   p    v             dqcupz(k,j)= 0.0
             742     2   p    v             nlcl(k,j)  = 0
             743     2   p    v             nnegl(k,j) = 0
             744     2   p    v             nosat(k,j) = 0
             745     2   p    v             nwork(k,j) = 0
             746     2   p    v             ntcup(k,j) = 0
             747     2   p    v             nflx(k,j)  = 0
             748     2   p    v             ilsp(k,j)  = 0
             749     2   p    v             nlsp(k,j)  = 0
             750     2   p    v            enddo
             751     1               
                                   <<< Loop-information Start >>>
                                   <<<  [OPTIMIZATION]
                                   <<<    SIMD(VL: 8)
                                   <<<    PREFETCH(HARD) Expected by compiler :
                                   <<<      aflxu, aflxd
                                   <<< Loop-information  End >>>
             752     2   p   2v            do k = 1, lev+2
             753     2   p   2v             aflxd(k,j) = 0.0
             754     2   p   2v             aflxu(k,j) = 0.0
             755     2   p   2v            enddo
             756     1               !
             757     1   p                  ijdg(j) = 0
             758     1               !ch    qbrrow(1,j)= 0.0
             759     1               !ch    qbrrow(2,j)= 0.0
             760     1               !!       qbrrow(1:ncld,j)= 0.0
             761     1   p                  ncup(j) = 0
             762     1   p                  ndry(j) = 0
             763     1   p                  nshl(j) = 0
             764     1   p                  icupmx(j) = 0
             765     1   p                  ipblmx(1,j) = 0
             766     1   p                  ipblmx(2,j) = 0
             767     1   p                  xkmx(1,j) = 0.0
             768     1   p                  xkmx(2,j) = 0.0
             769     1   p                  dtcupx(j) = 0.0
             770     1   p                 enddo
             771                     
                                   <<< Loop-information Start >>>
                                   <<<  [PARALLELIZATION]
                                   <<<    Standard iteration count: 616
                                   <<<  [OPTIMIZATION]
                                   <<<    SIMD(VL: 8)
                                   <<<    PREFETCH(HARD) Expected by compiler :
                                   <<<      itlsp, nnlsp, dtcupd, dqcupd, dtcupl
                                   <<<      dqcupl, xkmd
                                   <<< Loop-information  End >>>
             772     1  pp    v            do k = 1, lev
             773     1   p    v             itlsp(k) = 0
             774     1   p    v             nnlsp(k) = 0
             775     1   p    v             dtcupd(k) = 0.0
             776     1   p    v             dqcupd(k) = 0.0
             777     1   p    v             dtcupl(k) = 0.0
             778     1   p    v             dqcupl(k) = 0.0
             779     1   p    v             xkmd(k)   = 0.0
             780     1   p    v            enddo
             781                     !
             782     1                     if ( ldiag .ge. 2 )  then
                                   <<< Loop-information Start >>>
                                   <<<  [OPTIMIZATION]
                                   <<<    SIMD(VL: 16)
                                   <<<    SOFTWARE PIPELINING(IPC: 2.25, ITR: 320, MVE: 5, POL: S)
                                   <<<    PREFETCH(HARD) Expected by compiler :
                                   <<<      jlist1
                                   <<< Loop-information  End >>>
             783     2   s   2v             do 110 jj = 1, jlistnum
             784     2   p   2v              j=jlist1(jj)
             785     2   p   2v              if ( j .eq. jdg ) ijdg(j) = idg
             786     2   p   2v        110  continue
             787     1                     endif
             788                     !
             789                     !     compute cos and sin of latitude
             790                     !
                                   <<< Loop-information Start >>>
                                   <<<  [PARALLELIZATION]
                                   <<<    Standard iteration count: 44
                                   <<<  [OPTIMIZATION]
                                   <<<    SIMD(VL: 8)
                                   <<<    SOFTWARE PIPELINING(IPC: 1.11, ITR: 80, MVE: 4, POL: L)
                                   <<<    PREFETCH(HARD) Expected by compiler :
                                   <<<      cosl, sinl, xlat
                                   <<<    SPILLS :
                                   <<<      GENERAL   : SPILL 0  FILL 0
                                   <<<      SIMD&FP   : SPILL 0  FILL 0
                                   <<<      SCALABLE  : SPILL 0  FILL 24
                                   <<<      PREDICATE : SPILL 0  FILL 0
                                   <<< Loop-information  End >>>
             791     1  pp    v            do 140 j = 1, my
             792     1   p    v            cosl(j) = cos(xlat(j)*d2r)
             793     1   p    v            sinl(j) = sin(xlat(j)*d2r)
             794     1   p    v        140 continue
             795                     !-------------------------------------------------------------------------
             796                     !     if radiation is to be called, compute cos of solar zenith angular
             797                     !                njump, il, ib, and cof for different meridional zones
             798                     !-------------------------------------------------------------------------
             799                           call prerrtmg(nx,my,my_max,idtg,tau,dt,hours,frad,uprad,        &
             800                                         isubc_sw,isubc_lw,d2r,xlon,myrank,me,             &
             801                                         idat,jdat,solhr,dtsw,dtlw,lsswr,lslwr,            &
             802                                         slag,sdec,cdec,solcon,                            &
             803                                         xlonr,ixseed)
             804                           year  = jdat(1)
             805                     !-------------------------------------------------------------------------
             806                     ! cosz was modified to be an average of the  calling period(1 hour fo
             807     1                     if ( uprad .and. (irad .eq. 1))  then
             808     1                       call coszenpm ( nx,my,my_max,julian,solhr,sinl,cosl,xlonr,    &
             809     1                                       frad,slag,sdec,cdec,cosz )
             810     1               !
             811     1               !!ocl scalar,nounroll
             812     2                        do 160 jj = 1, jlistnum
             813     2                        j=jlist1(jj)
             814     2                        nxj=nxdef_2d(j)
             815     2               
             816     2                        abxlat = abs(xlat(j))
             817     2                        njump1 = njump + 1
             818     2                        if ( mod(nxp,njump1) .ne. 0 )  njump1 = njump
             819     2                        njump2 = njump + 2
             820     2                        if ( mod(nxp,njump2) .ne. 0 )  njump2 = njump1
             821     2                        njump3 = njump + 3
             822     2                        if ( mod(nxp,njump3) .ne. 0 )  njump3 = njump2
             823     2               
             824     3                        if( lreduce.eq.1 ) then
             825     3                          njump1 = njump
             826     3                          njump2 = njump
             827     3                          njump3 = njump
             828     3                        endif
             829     2               
             830     3                        if ( abxlat .le. 20.0 )  then
             831     3               !ch         lvlwx(j) = nxjp(j)/njump
             832     3                           lvlwx(jj) = nxp/njump
             833     3                           nny = 1
             834     3                        else if ( abxlat .le. 60.0 )  then
             835     3               !ch         lvlwx(j) = nxjp(j)/njump1
             836     3                           lvlwx(jj) = nxp/njump1
             837     3                           nny = 2
             838     3                        else if ( abxlat .le. 80.0 )  then
             839     3               !ch         lvlwx(j) = nxjp(j)/njump2
             840     3                           lvlwx(jj) = nxp/njump2
             841     3                           nny = 3
             842     3                        else
             843     3               !ch         lvlwx(j) = nxjp(j)/njump3
             844     3                           lvlwx(jj) = nxp/njump3
             845     3                           nny = 4
             846     3                        endif
             847     2               !
             848     3                        if( lreduce.eq.1 ) then
             849     3                          call splinc (lvlwx(jj),nxp,ilx(1,jj),ibx(1,jj),cofx(1,jj))
             850     3                        else
             851     3               !          do 150 i  = 1, nx
                                   <<< Loop-information Start >>>
                                   <<<  [PARALLELIZATION]
                                   <<<    Standard iteration count: 800
                                   <<<  [OPTIMIZATION]
                                   <<<    SIMD(VL: 16)
                                   <<<    SOFTWARE PIPELINING(IPC: 2.50, ITR: 160, MVE: 3, POL: S)
                                   <<<    PREFETCH(HARD) Expected by compiler :
                                   <<<      ib, il, ibx, ilx
                                   <<< Loop-information  End >>>
             852     4  pp   2v                 do 150 i  = 1, nxp
             853     4   p   2v                  ilx(i,jj)  = il(i,nny)
             854     4   p   2v                  ibx(i,jj)  = ib(i,nny)
             855     4   p   2v        150      continue
                                   <<< Loop-information Start >>>
                                   <<<  [PARALLELIZATION]
                                   <<<    Standard iteration count: 1143
                                   <<<  [OPTIMIZATION]
                                   <<<    SIMD(VL: 8)
                                   <<<    SOFTWARE PIPELINING(IPC: 3.00, ITR: 144, MVE: 5, POL: S)
                                   <<<    PREFETCH(HARD) Expected by compiler :
                                   <<<      cof, cofx
                                   <<< Loop-information  End >>>
             856     4  pp   2v                 do 155 i  = 1, lvlwx(jj)*3
             857     4   p   2v                  cofx(i,jj) = cof(i,nny)
             858     4   p   2v        155      continue
             859     3                        endif
             860     2                 160    continue
             861     1                     endif
             862                     
             863                     !
             864                     ! calculate xmu,
             865                     ! the instantaneous zenith angular at the 'hours'
             866                     !------------------------------------------------------------------------------
             867                     !        call ccoszen ( nx,my,my_max,julian,hours,xlat,xlon,xmu )
             868                     !------------------------------------------------------------------------------
             869                     
             870                     ! transfer xmu to a fraction of average value(cosz) during frad
             871                     !      do 170 jj = 1, jlistnum
             872                     !       j=jlist1(jj)
             873                     !       nxj=nxdef_2d(j)
             874                     !      do 170 i = 1, nxj
             875                     !        if(xmu(i,jj).gt.0.0001.and.cosz(i,jj).gt.0.0001) then
             876                     !          xmu(i,jj) = xmu(i,jj) / cosz(i,jj)
             877                     !        else
             878                     !          xmu(i,jj)   = 0.
             879                     !        endif
             880                     ! 170  continue
             881                     
             882                     !     initial albx by climate values of gwet and alb, while it may
             883                     !     be updated in grdcon according ground conditions
             884                     !
                                   <<< Loop-information Start >>>
                                   <<<  [PARALLELIZATION]
                                   <<<    Standard iteration count: 4
                                   <<<  [OPTIMIZATION]
                                   <<<    PREFETCH(HARD) Expected by compiler :
                                   <<<      alb, albedo2, albx
                                   <<< Loop-information  End >>>
             885     1  pp                 do jj = 1, jlistnum
             886     1   p                    j=jlist1(jj)
             887     1   p                   nxj=nxdef_2d(j)
                                   <<< Loop-information Start >>>
                                   <<<  [OPTIMIZATION]
                                   <<<    SIMD(VL: 8)
                                   <<<    SOFTWARE PIPELINING(IPC: 2.20, ITR: 96, MVE: 3, POL: S)
                                   <<<    PREFETCH(HARD) Expected by compiler :
                                   <<<      albedo2, albx, alb
                                   <<< Loop-information  End >>>
             888     2   p   2v              do i = 1, nxj
             889     2   p   2v                albx(i,jj)  = alb(i,jj)
             890     2   p   2v                albedo2(i,jj)  = alb(i,jj)
             891     2   p   2v              enddo
             892     1   p                 enddo
             893                     !
             894                     !-----------------------------------------------------------------------
             895     1                     if(ntoz.gt.0)then
                                   <<< Loop-information Start >>>
                                   <<<  [PARALLELIZATION]
                                   <<<    Standard iteration count: 2
                                   <<< Loop-information  End >>>
             896     2  pp                   do jj = 1, jlistnum
             897     2   p                     j=jlist1(jj)
             898     2   p                     nxj=nxdef_2d(j)
                                   <<< Loop-information Start >>>
                                   <<<  [OPTIMIZATION]
                                   <<<    PREFETCH(HARD) Expected by compiler :
                                   <<<      qt, o3l
                                   <<< Loop-information  End >>>
             899     3   p                     do k = 1, lev
             900     3   p                       kk = (ntoz-1)*lev+k
                                   <<< Loop-information Start >>>
                                   <<<  [OPTIMIZATION]
                                   <<<    SIMD(VL: 8)
                                   <<<    SOFTWARE PIPELINING(IPC: 3.00, ITR: 144, MVE: 5, POL: S)
                                   <<<    PREFETCH(HARD) Expected by compiler :
                                   <<<      qt, o3l
                                   <<< Loop-information  End >>>
             901     4   p   2v                  do i = 1, nxj
             902     4   p   2v                    o3l(i,k,jj) = qt(i,kk,jj)
             903     4   p   2v                  enddo
             904     3   p                     enddo
             905     2   p                   enddo
             906     1                     endif
             907                     !ccccccccccccccccccccccccccccccccccccccccccccccccccccccccccccccccccccccc
             908                     !                                                                      c
             909                     !     begin big j-loop for diabatic calculation in each latitude ring  c
             910                     !                                                                      c
             911                     !ccccccccccccccccccccccccccccccccccccccccccccccccccccccccccccccccccccccc
             912                     
                                   <<< Loop-information Start >>>
                                   <<<  [OPTIMIZATION]
                                   <<<    PREFETCH(HARD) Expected by compiler :
                                   <<<      land, ocean, ice, slimsk, islimsk, garea
                                   <<<      work2, work1, pk2, pk, tt, sgeo, phi
                                   <<<      cumtop, plcl, rs_adj, sfemis, rld_adj
                                   <<<      olr, asol, ixseed, std, icsdlw, icsdsw
                                   <<<      hprime_b, rstd, sigmaog, gamma, theta
                                   <<<      oc, hprime, elvmax, pst, dsigma, rcup
                                   <<<      kbot, ktop, psfc, dsigpp, curate, qstar
                                   <<<      tstar, ustar, tseaold, obswtbold, work3
                                   <<<      cumabs, psautco, evap, heat, tseadiffFCT
                                   <<<      dFCTsstdt, tseanow, dtseadt, obswtbnow
                                   <<<      rcup2, tseadiffFCT24, dlength, cldf
                                   <<<      rlsp, obswtbnew, ssst3d, kbotc, ktopc
                                   <<< Loop-information  End >>>
             913     1                   do 290 jj =1, jlistnum
             914     1                     j=jlist1(jj)
             915     1                     nxj=nxdef_2d(j)
             916     1               
             917     1                     ! for scale-aware
             918     1                     tem1      = tpr*cosl(j)/float(nxdef(j))
             919     1                     jup       = min(j+1,my)
             920     1                     jdn       = max(j-1, 1)
             921     1                     tem2      = radus*0.5*abs(xlat(jup)-xlat(jdn))*d2r
                                   <<< Loop-information Start >>>
                                   <<<  [PARALLELIZATION]
                                   <<<    Standard iteration count: 291
                                   <<<  [OPTIMIZATION]
                                   <<<    SIMD(VL: 8)
                                   <<<    SOFTWARE PIPELINING(IPC: 1.71, ITR: 32, MVE: 2, POL: S)
                                   <<<    PREFETCH(HARD) Expected by compiler :
                                   <<<      ocean, land, ice, slimsk, islimsk, garea
                                   <<<      work2, work1
                                   <<< Loop-information  End >>>
             922     2  pp    v            do i = 1,nxj
             923     2   p    v              work1(i)    = (log(cosl(j) / (nxdef(j)*my)) - dxmin) * dxinv
             924     2   p    v              work1(i)    = max(0.0, min(1.0,work1(i)))
             925     2   p    v              work2(i)    = 1.0 - work1(i)
             926     2   p    v              garea(i)    = tem1*tem2
             927     2   p    v              if(land(i,jj))slimsk(i)=1
             928     2   p    v              if(ocean(i,jj))slimsk(i)=0
             929     2   p    v              if(ice(i,jj))slimsk(i)=2
             930     2   p    v              if(land(i,jj))islimsk(i)=1
             931     2   p    v              if(ocean(i,jj))islimsk(i)=0
             932     2   p    v              if(ice(i,jj))islimsk(i)=2
             933     2   p    v            enddo
             934     1               
             935     1                   !    compute new time level p**kapa quantites
             936     1                   !  plt= new odd level pressure
             937     1                   !  pk= (plt/1000)**capa
             938     1                     call prexp_hybrid_cwb ( nxjp(j),nxp,lev,ptop,sigma,pst(1,jj), &
             939     1                                         pk(1,1,jj),pk2(1,1,jj),plt(1,1,jj) )
             940     1                     call prexp_hybrid_cwb ( nxjp(j),nxp,lev,ptop,sigma,ps(1,jj),  &
             941     1                                         pkp,pk2p,pltp )
             942     1               !
             943     1               !     hydrostatic equation
                                   <<< Loop-information Start >>>
                                   <<<  [PARALLELIZATION]
                                   <<<    Standard iteration count: 572
                                   <<<  [OPTIMIZATION]
                                   <<<    SIMD(VL: 8)
                                   <<<    SOFTWARE PIPELINING(IPC: 3.12, ITR: 96, MVE: 2, POL: S)
                                   <<<    PREFETCH(HARD) Expected by compiler :
                                   <<<      pk2, pk, sgeo, tt, phi
                                   <<< Loop-information  End >>>
             944     2  pp   2v            do i = 1, nxj
             945     2   p   2v              phi(i,lev) = sgeo(i,jj)+ cp*tt(i,lev,jj)*(pk2(i,lev,jj)-pk(i,lev,jj))
             946     2   p   2v            enddo
             947     1               
                                   <<< Loop-information Start >>>
                                   <<<  [OPTIMIZATION]
                                   <<<    PREFETCH(HARD) Expected by compiler :
                                   <<<      pk2, pk, tt, phi
                                   <<< Loop-information  End >>>
             948     2                     do k = lev-1, 1, -1
                                   <<< Loop-information Start >>>
                                   <<<  [PARALLELIZATION]
                                   <<<    Standard iteration count: 445
                                   <<<  [OPTIMIZATION]
                                   <<<    SIMD(VL: 8)
                                   <<<    SOFTWARE PIPELINING(IPC: 3.33, ITR: 96, MVE: 4, POL: S)
                                   <<<    PREFETCH(HARD) Expected by compiler :
                                   <<<      tt, pk, phi, pk2
                                   <<< Loop-information  End >>>
             949     3  pp    v              do i = 1, nxj
             950     3   p    v                phi(i,k) = phi(i,k+1) + cp*( tt(i,k,jj)  *( pk2(i,k,jj) - pk(i,k,jj)  )   &
             951     3                                                    + tt(i,k+1,jj)*( pk(i,k+1,jj)- pk2(i,k,jj) ) )
             952     3   p    v              enddo
             953     2                     enddo
             954     1               
             955     1                   !-----------------------------------------------------------------------------
             956     1                   !  deweight u,v by cosl/radus, and
             957     1                   !  change t from virtual potential temperature to real temperature
             958     1                   !  change ttp from virtual potential temperature to potential temperature
             959     1                   !-----------------------------------------------------------------------------
             960     1                     xx = radus/cosl(j)
                                   <<< Loop-information Start >>>
                                   <<<  [PARALLELIZATION]
                                   <<<    Standard iteration count: 2
                                   <<< Loop-information  End >>>
             961     2  pp                 do k = 1, lev
                                   <<< Loop-information Start >>>
                                   <<<  [OPTIMIZATION]
                                   <<<    SIMD(VL: 8)
                                   <<<    PREFETCH(HARD) Expected by compiler :
                                   <<<      qp, ttp, tt, pkp, ut, vp, up, qt, pk
                                   <<<      ttpp, tpp, vt, vpp, upp
                                   <<< Loop-information  End >>>
             962     3   p    v              do i = 1, nxj
             963     3   p    v                ut(i,k,jj)  = ut(i,k,jj)*xx
             964     3   p    v                vt(i,k,jj)  = vt(i,k,jj)*xx
             965     3   p    v                upp(i,k)    = up(i,k,jj)*xx
             966     3   p    v                vpp(i,k)    = vp(i,k,jj)*xx
             967     3   p    v                tt(i,k,jj)  = tt(i,k,jj)*pk(i,k,jj) / (1.0+0.608*qt(i,k,jj))
             968     3   p    v                tpp(i,k)  = ttp(i,k,jj)*pkp(i,k) / (1.0+0.608*qp(i,k,jj))
             969     3   p    v                ttpp(i,k) = ttp(i,k,jj) / (1.0+0.608*qp(i,k,jj))
             970     3   p    v              enddo
             971     2   p                 enddo
             972     1                     !-----------------------------------------------------------------------------
             973     1                     ! save the old control values for SPPT
             974     1                     !-----------------------------------------------------------------------------
             975     2                     if (dosppt) then
             976     2                       ! Save u, v, t, and q for SPPT
                                   <<< Loop-information Start >>>
                                   <<<  [PARALLELIZATION]
                                   <<<    Standard iteration count: 2
                                   <<<  [OPTIMIZATION]
                                   <<<    PREFETCH(HARD) Expected by compiler :
                                   <<<      qt, tt, ut, vt, qt_save_sppt
                                   <<<      tt_save_sppt, vt_save_sppt, ut_save_sppt
                                   <<< Loop-information  End >>>
             977     3  pp                   do k=1,lev
                                   <<< Loop-information Start >>>
                                   <<<  [OPTIMIZATION]
                                   <<<    SIMD(VL: 8)
                                   <<<    SOFTWARE PIPELINING(IPC: 2.83, ITR: 40, MVE: 3, POL: S)
                                   <<<    PREFETCH(HARD) Expected by compiler :
                                   <<<      qt, ut, qt_save_sppt, tt_save_sppt, tt
                                   <<<      vt, vt_save_sppt, ut_save_sppt
                                   <<< Loop-information  End >>>
             978     4   p    v                do i=1,nxj
             979     4   p    v                  ut_save_sppt(i,k,jj)=ut(i,k,jj)
             980     4   p    v                  vt_save_sppt(i,k,jj)=vt(i,k,jj)
             981     4   p    v                  tt_save_sppt(i,k,jj)=tt(i,k,jj)
             982     4   p    v                  qt_save_sppt(i,k,jj)=qt(i,k,jj)
             983     4   p    v                enddo
             984     3   p                   enddo
             985     2                     endif ! end dosppt if stetement
             986     1               
             987     1               !ccccccccccccccccccccccccccccccccccccccccccccccccccccccccccccccccccccccc
             988     1               !
             989     1               !     start physical process calculation (from long to short time scale)
             990     1               !
             991     1               !ccccccccccccccccccccccccccccccccccccccccccccccccccccccccccccccccccccccc
             992     1               
             993     1               !-------------------------------------------------------------------------
             994     1               !     calculate ozone concentrtion
             995     1               !-------------------------------------------------------------------------
             996     2                     if (doo3l) then
             997     3                       if (ntoz .eq. 0) then
             998     4                         if (doozon) then
             999     4                           call rozone(nxjp(j),nxp,lev,plt(1,1,jj),o3l(1,1,jj),sinl(j),julian)
            1000     4                         endif
            1001     3                       else
            1002     3                         call rozphys(nxjp(j),nxp,lev,dta,iter,xlat(j),julian,o3l(1,1,jj),&
            1003     3                                     tt(1,1,jj),plt(1,1,jj),ps(1,jj),myrank)
            1004     3                       endif ! for ntoz
            1005     2                     endif ! for doo3l
            1006     1               !=======================================================================
            1007     1               !   Radiation scheme
            1008     1               !=======================================================================
            1009     2                     if (uprad .and. (irad .eq. 1))  then
            1010     2                        call radtn99 ( fluxcl,ozon,nxjp(j),nxp,lev,ncld,lvlwx(jj),julian       &
            1011     2                                   , stbo,s0,grav                                              &
            1012     2                                   , cp,ptrad,dsigma,sinl(j),cosz(1,jj),albedo2(1,jj),tg(1,jj) &
            1013     2                                   , curate(1,jj),pst(1,jj),plt(1,1,jj),tt(1,1,jj)             &
            1014     2                                   , qt(1,1,jj),o3l(1,1,jj)                                    &
            1015     2                                   , plcl(1,jj),cumtop(1,jj),ss(1,jj),rs(1,jj)                 &
            1016     2                                   , asol_clr(1,jj),olr_clr(1,jj),ss_clr(1,jj),rs_clr(1,jj)    &
            1017     2                                   , dtradn,asr(1,j),alr(1,j)                                  &
            1018     2                                   , asr_clr(1,j),alr_clr(1,j)                                 &
            1019     2                                   , xsr(1,j),xlr(1,j),acld(1,j),aflxd(1,j),aflxu(1,j)         &
            1020     2                                   , ilx(1,jj),ibx(1,jj),cofx(1,jj),sdpbl(1,jj),ctot(1,jj)     &
            1021     2                                   , rld(1,jj),sld(1,jj),chig(1,jj),cmid(1,jj),clow(1,jj)      &
            1022     2                                   , asl(1,1,jj),atl(1,1,jj)                                   &
            1023     2               !--------------------------------------------------------------------------------
            1024     2                                   , fusl(1,1,jj),fdsl(1,1,jj)                                 &
            1025     2                                   , fuir(1,1,jj),fdir(1,1,jj)                                 &
            1026     2                                   , fuslr(1,1,jj),fdslr(1,1,jj)                               &
            1027     2                                   , fuirr(1,1,jj),fdirr(1,1,jj)                               &
            1028     2                                   , asl_clr(1,1,jj),atl_clr(1,1,jj)                           &
            1029     2                                   , clds(1,1,jj),rld_clr(1,jj),sld_clr(1,jj))
            1030     2               !--------------------------------------------------------------------------------
                                   <<< Loop-information Start >>>
                                   <<<  [PARALLELIZATION]
                                   <<<    Standard iteration count: 843
                                   <<<  [OPTIMIZATION]
                                   <<<    SIMD(VL: 8)
                                   <<<    SOFTWARE PIPELINING(IPC: 2.33, ITR: 80, MVE: 3, POL: S)
                                   <<<    PREFETCH(HARD) Expected by compiler :
                                   <<<      cumtop, plcl, olr, asol
                                   <<< Loop-information  End >>>
            1031     3  pp   2v               do i = 1, nxj
            1032     3   p   2v               asol(i,jj) = plcl(i,jj)
            1033     3   p   2v               olr(i,jj)  = cumtop(i,jj)
            1034     3               !cc      tg2 = tg(i,jj)*tg(i,jj)
            1035     3               !cc      rld(i,jj)  = stbo*(tg2*tg2) - rs(i,jj)
            1036     3   p   2v               enddo
            1037     2                        endif  ! for uprad .and. irad=1
            1038     1               !--------------------------------------------------------------------------------
            1039     1               !   RRTMG scheme
            1040     1               !--------------------------------------------------------------------------------
            1041     2                     if (uprad .and. (irad .eq. 2))  then
            1042     2               
            1043     3                       if ((isubc_lw .eq. 2) .or. (isubc_sw .eq. 2)) then
            1044     3                           ii=nxjstart(j)
                                   <<< Loop-information Start >>>
                                   <<<  [PARALLELIZATION]
                                   <<<    Standard iteration count: 762
                                   <<<  [OPTIMIZATION]
                                   <<<    SIMD(VL: 16)
                                   <<<    SOFTWARE PIPELINING(IPC: 2.50, ITR: 160, MVE: 3, POL: S)
                                   <<<    PREFETCH(HARD) Expected by compiler :
                                   <<<      ixseed, icsdlw, icsdsw
                                   <<< Loop-information  End >>>
            1045     4  pp   2v                  do i = 1 , nxj
            1046     4   p   2v                     icsdsw(i) = ixseed(ii,j,1)
            1047     4   p   2v                     icsdlw(i) = ixseed(ii,j,2)
            1048     4   p   2v                     ii=ii+1
            1049     4   p   2v                  enddo
            1050     3                       endif  !isubc_lw
            1051     3                       if ( nmgwor .eq. 1 ) then
                                   <<< Loop-information Start >>>
                                   <<<  [PARALLELIZATION]
                                   <<<    Standard iteration count: 1231
                                   <<<  [OPTIMIZATION]
                                   <<<    SIMD(VL: 8)
                                   <<<    SOFTWARE PIPELINING(IPC: 3.00, ITR: 144, MVE: 5, POL: S)
                                   <<<    PREFETCH(HARD) Expected by compiler :
                                   <<<      std, rstd
                                   <<< Loop-information  End >>>
            1052     4  pp   2v                do i = 1, nxj
            1053     4   p   2v                  rstd(i) = std(i,jj)
            1054     4   p   2v                enddo
            1055     3                       else if ( nmgwor .eq. 2 ) then
                                   <<< Loop-information Start >>>
                                   <<<  [PARALLELIZATION]
                                   <<<    Standard iteration count: 1231
                                   <<<  [OPTIMIZATION]
                                   <<<    SIMD(VL: 8)
                                   <<<    SOFTWARE PIPELINING(IPC: 3.00, ITR: 144, MVE: 5, POL: S)
                                   <<<    PREFETCH(HARD) Expected by compiler :
                                   <<<      hprime_b, rstd
                                   <<< Loop-information  End >>>
            1056     4  pp   2v                do i = 1, nxj
            1057     4   p   2v                  rstd(i) = hprime_b(i,1,jj)
            1058     4   p   2v                enddo
            1059     3                       endif
            1060     2               !
            1061     2               !
                                   <<< Loop-information Start >>>
                                   <<<  [PARALLELIZATION]
                                   <<<    Standard iteration count: 3
                                   <<<  [OPTIMIZATION]
                                   <<<    PREFETCH(HARD) Expected by compiler :
                                   <<<      vvel, dotc
                                   <<< Loop-information  End >>>
            1062     3  pp                   do k=1,lev
            1063     3   p                     kc=lev-k+1
                                   <<< Loop-information Start >>>
                                   <<<  [OPTIMIZATION]
                                   <<<    SIMD(VL: 8)
                                   <<<    SOFTWARE PIPELINING(IPC: 3.00, ITR: 144, MVE: 5, POL: S)
                                   <<<    PREFETCH(HARD) Expected by compiler :
                                   <<<      vvel, dotc
                                   <<< Loop-information  End >>>
            1064     4   p   2v                do i = 1, nxj
            1065     4   p   2v                  dotc(i,kc)=vvel(i,k,jj)
            1066     4   p   2v                enddo
            1067     3   p                   enddo
            1068     2               
            1069     2               !      if (myrank .eq. 0) then
            1070     2               !          print *,'### use RRTMG scheme'
            1071     2               !          print *,'### before rrtmg : iter =',iter
            1072     2               !          print *,'### before rrtmg : tau   =',tau
            1073     2               !          print *,'### before rrtmg : solhr =',solhr
            1074     2               !          print *,'### before rrtmg : solcon=',solcon
            1075     2               !      endif
            1076     2               !--------------------------------------------------------------------------------
            1077     2                      call rrtmg                                                           &
            1078     2                         !  ---  inputs:
            1079     2                          ( sigma,ps(1,jj),pltp,rstd,                                     &
            1080     2                            tpp,qp(1,1,jj),o3l(1,1,jj),dotc,tg(1,jj),                     &
            1081     2                            slimsk   ,cice(1,jj),xtice(1,jj),                             &
            1082     2                            snr(1,jj),sncover(1,jj),snoalb(1,jj),z0(1,jj),                &
            1083     2                            alvsf(1,jj),alnsf(1,jj),alvwf(1,jj),                          &
            1084     2                            alnwf(1,jj),facsf(1,jj),facwf(1,jj),                          &
            1085     2                            curate(1,jj),icsdsw,icsdlw,                                   &
            1086     2                            sinl(j),cosl(j),xlat(j),xlonr(1,jj),jdat,d2r,xkapa,           &
            1087     2                            ptrad,dtlw,dtsw,lsswr,lslwr,lssav,                            &
            1088     2                            nfxr,j,                                                       &
            1089     2                            nxp,nxjp(j),lev,ncld,lprnt,ipt,kdt,rsolhr,                    &
            1090     2                            uni_cloud,lmfshal,lmfdeep2,                                   &
            1091     2                            deltaq(1,1,jj),sup,cnvwr(1,1,jj),cnvcr(1,1,jj),               &
            1092     2                            ftp(1,1,jj),ftp1(1,1,jj),fqp(1,1,jj),fqp1(1,1,jj),nmmiph,     &
            1093     2               !  ---  outputs:
            1094     2                            asol(1,jj),olr(1,jj),ss(1,jj),rs(1,jj),                       &
            1095     2                            sld(1,jj),rld(1,jj),tsflw(1,jj),                              &
            1096     2                            ctot(1,jj),chig(1,jj),cmid(1,jj),clow(1,jj),                  &
            1097     2                            clds(1,1,jj),asl(1,1,jj),atl(1,1,jj),                         &
            1098     2                            fusl(1,1,jj),fdsl(1,1,jj),fuir(1,1,jj),fdir(1,1,jj),          &
            1099     2                            fuslr(1,1,jj),fdslr(1,1,jj),fuirr(1,1,jj),fdirr(1,1,jj),      &
            1100     2                            asl_clr(1,1,jj),atl_clr(1,1,jj),cosz(1,jj),                   &
            1101     2                            asol_clr(1,jj),olr_clr(1,jj),ss_clr(1,jj),rs_clr(1,jj),       &
            1102     2                            sld_clr(1,jj),rld_clr(1,jj),sfalb(1,jj),sfemis(1,jj))
                                   <<< Loop-information Start >>>
                                   <<<  [PARALLELIZATION]
                                   <<<    Standard iteration count: 3
                                   <<< Loop-information  End >>>
            1103     3  pp                     do k = 1, lev
                                   <<< Loop-information Start >>>
                                   <<<  [OPTIMIZATION]
                                   <<<    SIMD(VL: 8)
                                   <<<    PREFETCH(HARD) Expected by compiler :
                                   <<<      atl, asl, dtrad
                                   <<< Loop-information  End >>>
            1104     4   p   2v                  do i = 1, nxj
            1105     4   p   2v                    dtrad(i,k,jj) = asl(i,k,jj) + atl(i,k,jj)
            1106     4   p   2v                  enddo
            1107     3   p                     enddo
            1108     2                     endif  ! for uprad .and. irad=2
            1109     1               
            1110     2                     if ( dorad ) then
            1111     2                       call dcyc2t3                                                  &
            1112     2                         !  ---  inputs:
            1113     2                         ( solhr,slag,sdec,cdec,sinl(j),cosl(j),                     &
            1114     2                           xlonr(1,jj),cosz(1,jj),tg(1,jj),tpp(1,lev),tsflw(1,jj),   &
            1115     2                           sld(1,jj),ss(1,jj),rld(1,jj),asl(1,1,jj),atl(1,1,jj),     &
            1116     2                           asl_clr(1,1,jj),atl_clr(1,1,jj),nxp, nxjp(j), lev,        &
            1117     2               !  ---  outputs:
            1118     2                           dtradn,dtradc(1,1,jj),sld_adj,ss_adj,rld_adj,             &
            1119     2                           rs_adj,xmu(1,jj) )
            1120     2               
                                   <<< Loop-information Start >>>
                                   <<<  [PARALLELIZATION]
                                   <<<    Standard iteration count: 667
                                   <<<  [OPTIMIZATION]
                                   <<<    SIMD(VL: 8)
                                   <<<    SOFTWARE PIPELINING(IPC: 2.85, ITR: 144, MVE: 5, POL: S)
                                   <<<    PREFETCH(HARD) Expected by compiler :
                                   <<<      rs_adj, rld_adj, sfemis
                                   <<< Loop-information  End >>>
            1121     3  pp   2v              do i = 1, nxj
            1122     3   p   2v                rld_adj(i) = rld_adj(i) * sfemis(i,jj)
            1123     3   p   2v                rs_adj(i) = rs_adj(i) * sfemis(i,jj)
            1124     3   p   2v              enddo
            1125     2                     endif
            1126     1               
            1127     1               !xb110> save the variables for TDK before doing PBL parameterization
                                   <<< Loop-information Start >>>
                                   <<<  [PARALLELIZATION]
                                   <<<    Standard iteration count: 2
                                   <<<  [OPTIMIZATION]
                                   <<<    PREFETCH(HARD) Expected by compiler :
                                   <<<      vt, tt, ut, v0, u0, t0
                                   <<< Loop-information  End >>>
            1128     2  pp                 do k = 1,lev
                                   <<< Loop-information Start >>>
                                   <<<  [OPTIMIZATION]
                                   <<<    SIMD(VL: 8)
                                   <<<    SOFTWARE PIPELINING(IPC: 2.33, ITR: 64, MVE: 2, POL: S)
                                   <<<    PREFETCH(HARD) Expected by compiler :
                                   <<<      v0, tt, ut, vt, u0, t0
                                   <<< Loop-information  End >>>
            1129     3   p   2v             do i = 1,nxj
            1130     3   p   2v              u0(i,k) = ut(i,k,jj)
            1131     3   p   2v              v0(i,k) = vt(i,k,jj)
            1132     3   p   2v              t0(i,k) = tt(i,k,jj)
            1133     3   p   2v             end do
            1134     2   p                 end do
            1135     1               
                                   <<< Loop-information Start >>>
                                   <<<  [PARALLELIZATION]
                                   <<<    Standard iteration count: 3
                                   <<<  [OPTIMIZATION]
                                   <<<    PREFETCH(HARD) Expected by compiler :
                                   <<<      qt, q0
                                   <<< Loop-information  End >>>
            1136     2  pp                 do k = 1,lev*ncld
                                   <<< Loop-information Start >>>
                                   <<<  [OPTIMIZATION]
                                   <<<    SIMD(VL: 8)
                                   <<<    SOFTWARE PIPELINING(IPC: 3.00, ITR: 144, MVE: 5, POL: S)
                                   <<<    PREFETCH(HARD) Expected by compiler :
                                   <<<      qt, q0
                                   <<< Loop-information  End >>>
            1137     3   p   2v             do i = 1,nxj
            1138     3   p   2v              q0(i,k) = qt(i,k,jj)
            1139     3   p   2v             end do
            1140     2   p                 end do
            1141     1               !xb110<
            1142     1               !
            1143     1               !=======================================================================
            1144     1               ! PBL scheme
            1145     1               !=======================================================================
            1146     1                     if ( dopbl .and. (nmpbl.eq.1 .and. nmland.eq.1))                        &
            1147     1                        call pbltke ( nxjp(j),nxp,lev,ktpbl,dta,grav,rgas,cp,xkapa,hltm,ptop &
            1148     1                                    , tice,hice,tg(1,jj),z0(1,jj),land(1,jj)                 &
            1149     1                                    , sgeo(1,jj),phi,pst(1,jj),upp,vpp                       &
            1150     1                                    , ttpp,qp(1,1,jj),ut(1,1,jj),vt(1,1,jj)                  &
            1151     1                                    , tt(1,1,jj),qt(1,1,jj),pk(1,1,jj),pk2(1,1,jj)           &
            1152     1                                    , ustar(1,jj),tstar(1,jj),qstar(1,jj),e(1,1,jj)          &
            1153     1                                    , eps(1,1,jj),hflux(1,jj),qflux(1,jj)                    &
            1154     1                                    , gwclim(1,jj),tgclim(1,jj),ocean(1,jj),ice(1,jj)        &
            1155     1               !                     , snr(1,jj),totalp(1,jj),ss_adj,rs(1,jj),albx(1,jj)      &
            1156     1                                    , snr(1,jj),totalp(1,jj),ss_adj,rs(1,jj),sfalb(1,jj)      &
            1157     1                                    , ipblmx(1,j),xkmx(1,j),ijdg(j),xkmd,itypbl              &
            1158     1                                    , t2(1,jj),rh2(1,jj),u10(1,jj),v10(1,jj)                 &
            1159     1                                    , rld_adj,stbo                                           &
            1160     1                                    , km_soil,smc(1,1,jj),stc(1,1,jj),canopy(1,jj)           &
            1161     1                                    , runoff(1,jj),sigmaf(1,jj),istyp(1,jj),ivegtyp(1,jj)    &
            1162     1                                    , wlt,ref,tsat,dfkt,xktk,dfk )
            1163     1               
            1164     1                     if ( dopbl .and. (nmpbl.eq.2 .and. nmland.eq.1))                        &
            1165     1                        call pbltke_n ( nxjp(j),nxp,lev,ktpbl,dta,grav,rgas,cp,xkapa,hltm,ptop &
            1166     1                                    , tice,hice,tg(1,jj),z0(1,jj),land(1,jj)                 &
            1167     1                                    , sgeo(1,jj),phi,pst(1,jj),upp,vpp                       &
            1168     1                                    , ttpp,qp(1,1,jj),ut(1,1,jj),vt(1,1,jj)                  &
            1169     1                                    , tt(1,1,jj),qt(1,1,jj),pk(1,1,jj),pk2(1,1,jj)           &
            1170     1                                    , ustar(1,jj),tstar(1,jj),qstar(1,jj),e(1,1,jj)          &
            1171     1                                    , eps(1,1,jj),hflux(1,jj),qflux(1,jj)                    &
            1172     1                                    , gwclim(1,jj),tgclim(1,jj),ocean(1,jj),ice(1,jj)        &
            1173     1               !                     , snr(1,jj),totalp(1,jj),ss_adj,rs(1,jj),albx(1,jj)      &
            1174     1                                    , snr(1,jj),totalp(1,jj),ss_adj,rs(1,jj),sfalb(1,jj)      &
            1175     1                                    , ipblmx(1,j),xkmx(1,j),ijdg(j),xkmd,itypbl              &
            1176     1                                    , t2(1,jj),rh2(1,jj),u10(1,jj),v10(1,jj)                 &
            1177     1                                    , rld_adj,stbo                                         &
            1178     1                                    , km_soil,smc(1,1,jj),stc(1,1,jj),canopy(1,jj)           &
            1179     1                                    , runoff(1,jj),sigmaf(1,jj),istyp(1,jj),ivegtyp(1,jj)    &
            1180     1                                    , wlt,ref,tsat,dfkt,xktk,dfk,ncld,dsigma,j )
            1181     1                     if ( dopbl .and. (nmland.eq.2))                                         &
            1182     1                      call pbl_noah ( nxjp(j),nxp,lev,ktpbl,dta,grav,rgas,cp,xkapa,hltm,ptop &
            1183     1                                    , tice,hice,tg(1,jj),z0(1,jj),land(1,jj)                 &
            1184     1                                     , sgeo(1,jj),phi,pst(1,jj),upp,vpp                      &
            1185     1                                    , ttpp,qp(1,1,jj),ut(1,1,jj),vt(1,1,jj)                  &
            1186     1                                    , tt(1,1,jj),qt(1,1,jj),pk(1,1,jj),pk2(1,1,jj)           &
            1187     1                                    , ustar(1,jj),tstar(1,jj),qstar(1,jj),e(1,1,jj)          &
            1188     1                                    , eps(1,1,jj),hflux(1,jj),qflux(1,jj),itimestep          &
            1189     1                                    , gwclim(1,jj),tgclim(1,jj),ocean(1,jj),ice(1,jj)        &
            1190     1               !                     , snr(1,jj),totalp(1,jj),ss_adj,rs(1,jj),albx(1,jj)      &
            1191     1                                    , snr(1,jj),totalp(1,jj),ss_adj,rs(1,jj),sfalb(1,jj)      &
            1192     1                                    , ipblmx(1,j),xkmx(1,j),ijdg(j),xkmd,itypbl              &
            1193     1                                    , t2(1,jj),q2(1,jj),rh2(1,jj),rh10(1,jj),u10(1,jj)       &
            1194     1                                    , v10(1,jj),fm(1,jj),fh(1,jj),fm10(1,jj),fh2(1,jj)       &
            1195     1                                    , srflag(1,jj),rld_adj,stbo                            &
            1196     1                                    , km_soil,smc(1,1,jj),stc(1,1,jj),canopy(1,jj)           &
            1197     1                                    , runoff(1,jj),sigmaf(1,jj),istyp(1,jj),ivegtyp(1,jj)    &
            1198     1                                    , ncld,dsigma                                            &
            1199     1                                    , slopetyp(1,jj)                                         &
            1200     1                                    , slc(1,1,jj),sncover(1,jj),sndepth(1,jj)                &
            1201     1                                    , shdmax(1,jj),shdmin(1,jj),snoalb(1,jj),albedo2(1,jj)   &
            1202     1                                    , sld_adj,zice(1,jj),cice(1,jj),xtice(1,jj)            &
            1203     1                                    , hpbl(1,jj),asl(1,1,jj),atl(1,1,jj),xmu(1,jj),gfx(1,jj) &
            1204     1                                    , kpbl(1,jj),nmpbl,nmmiph,j,isot,ivegsrc,sfemis(1,jj)    &
            1205     1                                    , dudtc,dvdtc,dtdtc,dqdtc,ustress(1,jj),vstress(1,jj)    &
            1206     1                                    , ssu(1,jj),ssv(1,jj))
            1207     1               
            1208     1               
            1209     1               
            1210     1               !
            1211     1               !
            1212     1               !     recompute phi by tt after pbl to ensure consistence of phi & phi2
            1213     1               !
            1214     1                     call get_phi(nxjp(j),nxp,lev,ptop,cp,rgas,grav,sgeo(1,jj),      &
            1215     1                                 pk(1,1,jj),pk2(1,1,jj),tt(1,1,jj),qt(1,1,jj),       &
            1216     1                                 phii,phi)
            1217     1               !
            1218     1               
            1219     1               #ifdef VERBOSE
            1220     1                       ut_pbl(1:nxj,1:lev,jj)      = ut(1:nxj,1:lev,jj)
            1221     1                       vt_pbl(1:nxj,1:lev,jj)      = vt(1:nxj,1:lev,jj)
            1222     1                       tt_pbl(1:nxj,1:lev,jj)      = tt(1:nxj,1:lev,jj)
            1223     1                       qt_pbl(1:nxj,1:lev*ncld,jj) = qt(1:nxj,1:lev*ncld,jj)
            1224     1               #endif
            1225     1               
            1226     1               
            1227     1               !=======================================================================
            1228     1               ! topograpic gravity wave drag
            1229     1               !=======================================================================
            1230     2                     if(dograv .and. (nmgwor .eq. 1) ) then
                                   <<< Loop-information Start >>>
                                   <<<  [PARALLELIZATION]
                                   <<<    Standard iteration count: 2
                                   <<< Loop-information  End >>>
            1231     3  pp                   do k=1,lev
            1232     3   p                     kc=lev-k+1
                                   <<< Loop-information Start >>>
                                   <<<  [OPTIMIZATION]
                                   <<<    SIMD(VL: 8)
                                   <<<    PREFETCH(HARD) Expected by compiler :
                                   <<<      dqdtc, qt, dvdtc, vt, dudtc, ut, dtdtc
                                   <<<      tt
                                   <<< Loop-information  End >>>
            1233     4   p    v                do i=1,nxj
            1234     4   p    v                  tt(i,k,jj) = tt(i,k,jj) + dtdtc(i,kc)*dta
            1235     4   p    v                  ut(i,k,jj) = ut(i,k,jj) + dudtc(i,kc)*dta
            1236     4   p    v                  vt(i,k,jj) = vt(i,k,jj) + dvdtc(i,kc)*dta
            1237     4   p    v                  qt(i,k,jj) = qt(i,k,jj) + dqdtc(i,kc)*dta
            1238     4   p    v                enddo
            1239     3   p                   enddo
            1240     2               
            1241     2                       call gwdp (j,nxjp(j),nxp,lev,                                   &
            1242     2                                 ut(1,1,jj),vt(1,1,jj),tt(1,1,jj),qt(1,1,jj),         &
            1243     2                                 plt(1,1,jj),pk(1,1,jj),pk2(1,1,jj),phi,std(1,jj),dta,&
            1244     2                                 grav,rgas,cp,drag(1,1,jj),ugws(1,jj),vgws(1,jj),cgw)
            1245     2                     endif
            1246     1               
            1247     2                     if(dograv .and. (nmgwor .eq. 2) ) then
            1248     2                       lprnt = .false.
            1249     2               !        ipr = 1
            1250     2               !
            1251     2               !        cdmbgwd(1)       = 2.00      ! mtn blking and gwd tuning factors
            1252     2               !        cdmbgwd(2)       = 0.25      ! mtn blking and gwd tuning factors
            1253     2                       cdmbgwd(1)       = cmbk      ! mtn blocking tuning factors
            1254     2                       cdmbgwd(2)       = cgwd      ! gwd tuning factors
            1255     2               
                                   <<< Loop-information Start >>>
                                   <<<  [PARALLELIZATION]
                                   <<<    Standard iteration count: 373
                                   <<<  [OPTIMIZATION]
                                   <<<    SIMD(VL: 8)
                                   <<<    SOFTWARE PIPELINING(IPC: 2.77, ITR: 32, MVE: 2, POL: S)
                                   <<<    PREFETCH(HARD) Expected by compiler :
                                   <<<      sigmaog, hprime_b, gamma, theta, oc
                                   <<<      hprime, elvmax
                                   <<< Loop-information  End >>>
            1256     3  pp    v              do i = 1, nxj
            1257     3   p    v                hprime(i)=hprime_b(i,1,jj)
            1258     3   p    v                oc(i) = hprime_b(i,2,jj)
            1259     3   p    v                theta(i)  = hprime_b(i,11,jj)
            1260     3   p    v                gamma(i)  = hprime_b(i,12,jj)
            1261     3   p    v                sigmaog(i)  = hprime_b(i,13,jj)
            1262     3   p    v                elvmax(i) = hprime_b(i,14,jj)
            1263     3   p    v              enddo
            1264     2               
                                   <<< Loop-information Start >>>
                                   <<<  [PARALLELIZATION]
                                   <<<    Standard iteration count: 3
                                   <<<  [OPTIMIZATION]
                                   <<<    PREFETCH(HARD) Expected by compiler :
                                   <<<      hprime_b, clx, oa4
                                   <<< Loop-information  End >>>
            1265     3  pp                   do k = 1, 4
                                   <<< Loop-information Start >>>
                                   <<<  [OPTIMIZATION]
                                   <<<    SIMD(VL: 8)
                                   <<<    SOFTWARE PIPELINING(IPC: 2.50, ITR: 80, MVE: 3, POL: S)
                                   <<<    PREFETCH(HARD) Expected by compiler :
                                   <<<      hprime_b, clx, oa4
                                   <<< Loop-information  End >>>
            1266     4   p   2v                do i = 1, nxj
            1267     4   p   2v                  oa4(i,k) = hprime_b(i,k+2,jj)
            1268     4   p   2v                  clx(i,k) = hprime_b(i,k+6,jj)
            1269     4   p   2v                enddo
            1270     3   p                   enddo
            1271     2               
                                   <<< Loop-information Start >>>
                                   <<<  [PARALLELIZATION]
                                   <<<    Standard iteration count: 2
                                   <<< Loop-information  End >>>
            1272     3  pp                   do k=1,lev
            1273     3   p                     kc=lev-k+1
                                   <<< Loop-information Start >>>
                                   <<<  [OPTIMIZATION]
                                   <<<    SIMD(VL: 8)
                                   <<<    PREFETCH(HARD) Expected by compiler :
                                   <<<      vt, plt, vtc, ut, utc, tt, ttc, qt, qtc
                                   <<<      sgeo, phi, pst, phil, prsl, del, prslk
                                   <<< Loop-information  End >>>
            1274     4   p    v                do i=1,nxj
            1275     4   p    v                  prsl(i,kc) = 100.0*plt(i,k,jj) ! pa
            1276     4   p    v                  prslk(i,kc)=(plt(i,k,jj)/1000.)**xkapa
            1277     4   p    v                  del(i,kc) = 100.0*( dsigma(k,1)*pst(i,jj)+dsigma(k,2))  !  pa
            1278     4   p    v                  phil(i,kc) = phi(i,k)-sgeo(i,jj)
            1279     4   p    v                  qtc(i,kc) = qt(i,k,jj)
            1280     4   p    v                  ttc(i,kc) = tt(i,k,jj)
            1281     4   p    v                  utc(i,kc) = ut(i,k,jj)
            1282     4   p    v                  vtc(i,kc) = vt(i,k,jj)
            1283     4   p    v                enddo
            1284     3   p                   enddo
            1285     2               !
            1286     2               !  for interface pressure
                                   <<< Loop-information Start >>>
                                   <<<  [PARALLELIZATION]
                                   <<<    Standard iteration count: 2
                                   <<<  [OPTIMIZATION]
                                   <<<    PREFETCH(HARD) Expected by compiler :
                                   <<<      pst, prsi
                                   <<< Loop-information  End >>>
            1287     3  pp                   do k = 1,lev+1
            1288     3   p                     kc= (lev+1)-k+1
                                   <<< Loop-information Start >>>
                                   <<<  [OPTIMIZATION]
                                   <<<    SIMD(VL: 8)
                                   <<<    SOFTWARE PIPELINING(IPC: 3.75, ITR: 192, MVE: 3, POL: S)
                                   <<<    PREFETCH(HARD) Expected by compiler :
                                   <<<      pst, prsi
                                   <<< Loop-information  End >>>
            1289     4   p   2v                do i =1,nxj
            1290     4   p   2v                  prsi(i,kc)   = 100.0*( sigma(k,1)*pst(i,jj)+sigma(k,2)+ptop ) !pa
            1291     4   p   2v                enddo
            1292     3   p                   enddo
            1293     2               
            1294     2                       call gwdps(nxjp(j), nxp, nxp,  lev,                        &
            1295     2                              dvdtc, dudtc, dtdtc,utc, vtc, ttc,qtc,              &
            1296     2                              kpbl(1,jj),   prsi, del,   prsl, prslk,             &
            1297     2                              phii,  phil, dta,                                   &
            1298     2                              kdt,    hprime, oc, oa4, clx,                       &
            1299     2               !               theta,sigmaog,gamma,elvmax,dusfcg, dvsfcg,          &
            1300     2                              theta,sigmaog,gamma,elvmax,ugws(1,jj),vgws(1,jj),   &
            1301     2                              grav,cp,con_rd,con_rv, nx, mtnvar, cdmbgwd,         &
            1302     2               !              me,zmtnblck)
            1303     2                              me,zmtnblck,garea,hpbl(1,jj),tofd)
            1304     2               
                                   <<< Loop-information Start >>>
                                   <<<  [PARALLELIZATION]
                                   <<<    Standard iteration count: 2
                                   <<< Loop-information  End >>>
            1305     3  pp                   do k=1,lev
            1306     3   p                     kc=lev-k+1
                                   <<< Loop-information Start >>>
                                   <<<  [OPTIMIZATION]
                                   <<<    SIMD(VL: 8)
                                   <<<    PREFETCH(HARD) Expected by compiler :
                                   <<<      dqdtc, qtc, dvdtc, qt, vtc, dudtc, vt
                                   <<<      utc, dtdtc, ut, ttc, tt
                                   <<<    SPILLS :
                                   <<<      GENERAL   : SPILL 0  FILL 1
                                   <<<      SIMD&FP   : SPILL 0  FILL 0
                                   <<<      SCALABLE  : SPILL 0  FILL 0
                                   <<<      PREDICATE : SPILL 0  FILL 0
                                   <<< Loop-information  End >>>
            1307     4   p    v                do i=1,nxj
            1308     4   p    v                  tt(i,k,jj) = ttc(i,kc) + dtdtc(i,kc)*dta
            1309     4   p    v                  ut(i,k,jj) = utc(i,kc) + dudtc(i,kc)*dta
            1310     4   p    v                  vt(i,k,jj) = vtc(i,kc) + dvdtc(i,kc)*dta
            1311     4   p    v                  qt(i,k,jj) = qtc(i,kc) + dqdtc(i,kc)*dta
            1312     4   p    v                enddo
            1313     3   p                   enddo
            1314     2                     endif  !(end of topo dograv and nmgwor=2)
            1315     1               
            1316     1               !
            1317     1               !     update tt by radiation heating/cooling rate: dtrad (k/day)
            1318     1               !
            1319     2                     if ( doslavepp ) then
                                   <<< Loop-information Start >>>
                                   <<<  [PARALLELIZATION]
                                   <<<    Standard iteration count: 2
                                   <<< Loop-information  End >>>
            1320     3  pp                   do k = 1, lev
                                   <<< Loop-information Start >>>
                                   <<<  [OPTIMIZATION]
                                   <<<    SIMD(VL: 8)
                                   <<<    PREFETCH(HARD) Expected by compiler :
                                   <<<      dtradn, dtrad, tt
                                   <<< Loop-information  End >>>
            1321     4   p   2v                do i = 1, nxj
            1322     4   p   2v                  tt(i,k,jj) = tt(i,k,jj) + 0.5*dta*(dtrad(i,k,jj)+dtradn(i,k))/86400.0
            1323     4   p   2v                  dtrad(i,k,jj) = dtradn(i,k)
            1324     4   p   2v                enddo
            1325     3   p                   enddo
            1326     2                     else
                                   <<< Loop-information Start >>>
                                   <<<  [PARALLELIZATION]
                                   <<<    Standard iteration count: 3
                                   <<< Loop-information  End >>>
            1327     3  pp                   do k = 1, lev
                                   <<< Loop-information Start >>>
                                   <<<  [OPTIMIZATION]
                                   <<<    SIMD(VL: 8)
                                   <<<    PREFETCH(HARD) Expected by compiler :
                                   <<<      dtradn, tt
                                   <<< Loop-information  End >>>
            1328     4   p   2v                do i = 1, nxj
            1329     4   p   2v                  tt(i,k,jj) = tt(i,k,jj) + dta*dtradn(i,k)/86400.0
            1330     4   p   2v                enddo
            1331     3   p                   enddo
            1332     2                     endif
            1333     1               !
            1334     1               !     recompute phi by tt after pbl to ensure consistence of phi & phi2
            1335     1               !
            1336     1                     call get_phi(nxjp(j),nxp,lev,ptop,cp,rgas,grav,sgeo(1,jj),      &
            1337     1                                 pk(1,1,jj),pk2(1,1,jj),tt(1,1,jj),qt(1,1,jj),       &
            1338     1                                 phii,phi)
            1339     1               !
                                   <<< Loop-information Start >>>
                                   <<<  [PARALLELIZATION]
                                   <<<    Standard iteration count: 3
                                   <<<  [OPTIMIZATION]
                                   <<<    PREFETCH(HARD) Expected by compiler :
                                   <<<      tt, tt_bfcnv
                                   <<< Loop-information  End >>>
            1340     2  pp                 do k=1,lev
                                   <<< Loop-information Start >>>
                                   <<<  [OPTIMIZATION]
                                   <<<    SIMD(VL: 8)
                                   <<<    SOFTWARE PIPELINING(IPC: 3.00, ITR: 144, MVE: 5, POL: S)
                                   <<<    PREFETCH(HARD) Expected by compiler :
                                   <<<      tt, tt_bfcnv
                                   <<< Loop-information  End >>>
            1341     3   p   2v              do i=1,nxj
            1342     3   p   2v                tt_bfcnv(i,k) = tt(i,k,jj)
            1343     3   p   2v              enddo
            1344     2   p                 enddo
            1345     1               !=======================================================================
            1346     1               !  cumulus scheme
            1347     1               !=======================================================================
            1348     1                     if ( docup .and. (nmcup.eq. 1) )                               &
            1349     1                       call cupcwb (j,nxjp(j),nxp,my,lev,ktcup,dta,grav,rgas,cp,hltm,etop,prevap  &
            1350     1                                , sgeo(1,jj),pst(1,jj),plt(1,1,jj),pk(1,1,jj),pk2(1,1,jj)   &
            1351     1                                , tt(1,1,jj),qt(1,1,jj),phi,plcl(1,jj),cumtop(1,jj)         &
            1352     1                                , rcup(1,jj),ncup(j),ptop,dsigma,icupmx(j),dtcupx(j)        &
            1353     1                                , dtcupz(1,j),dqcupz(1,j),ijdg(j),dtcupd,dqcupd             &
            1354     1                                , nlcl(1,j),nnegl(1,j),nosat(1,j),nwork(1,j)                &
            1355     1                                , ntcup(1,j),nflx(1,j) )
            1356     1               
            1357     1                   !cyea---->
            1358     1                   !c 20120926 for Tiedtke cumulus
            1359     2                     if ( docup .and. (nmcup .eq. 4 .and. ncld .ge. 2) ) then
                                   <<< Loop-information Start >>>
                                   <<<  [PARALLELIZATION]
                                   <<<    Standard iteration count: 3
                                   <<<  [OPTIMIZATION]
                                   <<<    PREFETCH(HARD) Expected by compiler :
                                   <<<      vvel, dotc
                                   <<< Loop-information  End >>>
            1360     3  pp                   do k=1,lev
                                   <<< Loop-information Start >>>
                                   <<<  [OPTIMIZATION]
                                   <<<    SIMD(VL: 8)
                                   <<<    SOFTWARE PIPELINING(IPC: 3.00, ITR: 144, MVE: 5, POL: S)
                                   <<<    PREFETCH(HARD) Expected by compiler :
                                   <<<      vvel, dotc
                                   <<< Loop-information  End >>>
            1361     4   p   2v                do i = 1, nxj
            1362     4   p   2v                  dotc(i,k)=vvel(i,k,jj)
            1363     4   p   2v                enddo
            1364     3   p                   enddo
            1365     2                       call cumastr_driv(nxjp(j),nxp,lev,dt,grav,rgas,cp,hltm,ptop &
            1366     2                                      , land(1,jj),sgeo(1,jj),phi,upp              &
            1367     2                                      , vpp,ttpp,qp(1,1,jj)                        &
            1368     2                                      , ut(1,1,jj),vt(1,1,jj),tt(1,1,jj)           &
            1369     2                                      , qt(1,1,jj),rcup(1,jj),pk(1,1,jj)           &
            1370     2                                      , pk2(1,1,jj),dotc,qflux(1,jj)               &
            1371     2                                      , kbot(1,jj),ktop(1,jj),ncld,sigma           &
            1372     2                                      , plt(1,1,jj),pst(1,jj),j,kuo(1,jj) )
            1373     2               
            1374     2                   ! for rad input of convection cloud information
            1375     2                   ! bottom(plcl) layer and top(cumtop) layer in pressure(mb)
                                   <<< Loop-information Start >>>
                                   <<<  [PARALLELIZATION]
                                   <<<    Standard iteration count: 302
                                   <<<  [OPTIMIZATION]
                                   <<<    PREFETCH(HARD) Expected by compiler :
                                   <<<      kbot, cumtop
                                   <<< Loop-information  End >>>
            1376     3  pp    s              do i=1,nxj
            1377     4   p    m                if((kbot(i,jj).eq.lev-1) .and. (ktop(i,jj).eq.lev-1))then
            1378     4   p    s                  plcl(i,jj)=0.
            1379     4   p    s                  cumtop(i,jj)=0.
            1380     4   p    s                else
            1381     4   p    s                  plcl(i,jj)=plt(i,kbot(i,jj),jj)
            1382     4   p    s                  cumtop(i,jj)=plt(i,ktop(i,jj),jj)
            1383     4   p    v                endif
            1384     3   p    v              enddo
            1385     2               
                                   <<< Loop-information Start >>>
                                   <<<  [PARALLELIZATION]
                                   <<<    Standard iteration count: 534
                                   <<<  [OPTIMIZATION]
                                   <<<    SIMD(VL: 8)
                                   <<<    SOFTWARE PIPELINING(IPC: 2.60, ITR: 72, MVE: 5, POL: S)
                                   <<<    PREFETCH(HARD) Expected by compiler :
                                   <<<      ktop, rcup, kbot
                                   <<< Loop-information  End >>>
            1386     3  pp    v              do i=1,nxj
            1387     3   p    v                rcup(i,jj) = rcup(i,jj) * 1000.         ! mm/call
            1388     3   p    v                kbot(i,jj) = lev - kbot(i,jj) + 1
            1389     3   p    v                ktop(i,jj) = lev - ktop(i,jj) + 1
            1390     3   p    v              enddo
            1391     2                     endif    !(end if nmcup=4)
            1392     1               
            1393     2                     if ( docup .and. (nmcup .eq. 5 .and. ncld .ge. 2) ) then
                                   <<< Loop-information Start >>>
                                   <<<  [PARALLELIZATION]
                                   <<<    Standard iteration count: 3
                                   <<<  [OPTIMIZATION]
                                   <<<    PREFETCH(HARD) Expected by compiler :
                                   <<<      vvel, dotc
                                   <<< Loop-information  End >>>
            1394     3  pp                   do k=1,lev
                                   <<< Loop-information Start >>>
                                   <<<  [OPTIMIZATION]
                                   <<<    SIMD(VL: 8)
                                   <<<    SOFTWARE PIPELINING(IPC: 3.00, ITR: 144, MVE: 5, POL: S)
                                   <<<    PREFETCH(HARD) Expected by compiler :
                                   <<<      vvel, dotc
                                   <<< Loop-information  End >>>
            1395     4   p   2v                do i = 1, nxj
            1396     4   p   2v                  dotc(i,k)=vvel(i,k,jj)
            1397     4   p   2v                enddo
            1398     3   p                   enddo
            1399     2               
            1400     2                       call cumastr_driv_n                                               &
            1401     2                              (nxjp(j)    ,nxp       ,lev        ,dta         ,grav     ,&
            1402     2                               rgas       ,cp        ,hltm       ,ptop      ,land(1,jj) ,&
            1403     2                               sgeo(1,jj) ,phi       ,u0         ,v0        ,t0         ,&
            1404     2                               q0         ,ut(1,1,jj),vt(1,1,jj) ,tt(1,1,jj),qt(1,1,jj) ,&
            1405     2                               rcup(1,jj) ,pk(1,1,jj),pk2(1,1,jj),dotc      ,qflux(1,jj),&
            1406     2                               kbot(1,jj) ,ktop(1,jj),ncld      ,sigma      ,            &
            1407     2                               plt(1,1,jj),pst(1,jj) ,j          ,islimsk   ,hflux(1,jj),&
            1408     2                               garea      ,kuo(1,jj) ,flash(1,jj))
            1409     2               
                                   <<< Loop-information Start >>>
                                   <<<  [PARALLELIZATION]
                                   <<<    Standard iteration count: 302
                                   <<<  [OPTIMIZATION]
                                   <<<    PREFETCH(HARD) Expected by compiler :
                                   <<<      kbot, cumtop
                                   <<< Loop-information  End >>>
            1410     3  pp    s              do i=1,nxj
            1411     4   p    m               if((kbot(i,jj).eq.-1) .and. (ktop(i,jj).eq.-1))then
            1412     4   p    s                plcl(i,jj)=0.
            1413     4   p    s                cumtop(i,jj)=0.
            1414     4   p    s               else
            1415     4   p    s                plcl(i,jj)=plt(i,kbot(i,jj),jj)
            1416     4   p    s                cumtop(i,jj)=plt(i,ktop(i,jj),jj)
            1417     4   p    v               endif
            1418     3   p    v              enddo
            1419     2               
                                   <<< Loop-information Start >>>
                                   <<<  [PARALLELIZATION]
                                   <<<    Standard iteration count: 534
                                   <<<  [OPTIMIZATION]
                                   <<<    SIMD(VL: 8)
                                   <<<    SOFTWARE PIPELINING(IPC: 2.60, ITR: 72, MVE: 5, POL: S)
                                   <<<    PREFETCH(HARD) Expected by compiler :
                                   <<<      ktop, rcup, kbot
                                   <<< Loop-information  End >>>
            1420     3  pp    v              do i=1,nxj
            1421     3   p    v                rcup(i,jj) = rcup(i,jj) * 1000.         ! mm/call
            1422     3   p    v                kbot(i,jj) = lev - kbot(i,jj) + 1
            1423     3   p    v                ktop(i,jj) = lev - ktop(i,jj) + 1
            1424     3   p    v              enddo
            1425     2                     endif    !(end if nmcup=5)
            1426     1               
            1427     2                     if ( docup .and. (nmcup.eq.2 .or. nmcup.eq.3 .or. nmcup.eq. 6) ) then
            1428     2                       ! setting for nmcup=2,3 and new shallow convection
            1429     2                       ! setting for nmcup=6 and scale-aware shallow convection
            1430     2                       ! original :
            1431     2                       !    call random_number(XKT2)
            1432     2                       ! CWB 2007-09-27 change random number seed dynamically >>>
            1433     2                       rsecond=rtc()
            1434     2                       isize(1)=rsecond
            1435     2                       isize(2)=(rsecond-isize(1))*100000000.
            1436     2                       call random_seed(put=isize(1:2))
            1437     2                       call random_number(XKT2)
            1438     2                       ! CWB <<<
            1439     2                       lprnt=.false.
            1440     2                       jcap = 240
                                   <<< Loop-information Start >>>
                                   <<<  [PARALLELIZATION]
                                   <<<    Standard iteration count: 1143
                                   <<<  [OPTIMIZATION]
                                   <<<    SIMD(VL: 8)
                                   <<<    SOFTWARE PIPELINING(IPC: 3.66, ITR: 192, MVE: 5, POL: S)
                                   <<<    PREFETCH(HARD) Expected by compiler :
                                   <<<      pst, psfc
                                   <<< Loop-information  End >>>
            1441     3  pp   2v              do i=1,nxj
            1442     3   p   2v                psfc(i)  = pst(i,jj)*0.1        ! change to cb
            1443     3   p   2v              enddo
                                   <<< Loop-information Start >>>
                                   <<<  [PARALLELIZATION]
                                   <<<    Standard iteration count: 3
                                   <<<  [OPTIMIZATION]
                                   <<<    PREFETCH(HARD) Expected by compiler :
                                   <<<      vvel, dotc
                                   <<< Loop-information  End >>>
            1444     3  pp                   do k=1,lev
            1445     3   p                     kc=lev-k+1
                                   <<< Loop-information Start >>>
                                   <<<  [OPTIMIZATION]
                                   <<<    SIMD(VL: 8)
                                   <<<    SOFTWARE PIPELINING(IPC: 3.66, ITR: 192, MVE: 5, POL: S)
                                   <<<    PREFETCH(HARD) Expected by compiler :
                                   <<<      vvel, dotc
                                   <<< Loop-information  End >>>
            1446     4   p   2v                do i = 1, nxj
            1447     4   p   2v                  dotc(i,kc)=vvel(i,k,jj)*0.1
            1448     4   p   2v                enddo
            1449     3   p                   enddo
                                   <<< Loop-information Start >>>
                                   <<<  [PARALLELIZATION]
                                   <<<    Standard iteration count: 2
                                   <<<  [OPTIMIZATION]
                                   <<<    UNSWITCHING
                                   <<< Loop-information  End >>>
            1450     3  pp                   do k=1,lev
            1451     3   p                     kc=lev-k+1
            1452     3   p                       sl(kc)    = (sigma(k,1)+sigma(k+1,1))*0.5
                                   <<< Loop-information Start >>>
                                   <<<  [OPTIMIZATION]
                                   <<<    SIMD(VL: 8)
                                   <<<    PREFETCH(HARD) Expected by compiler :
                                   <<<      vt, vtc, ut, utc, tt, ttc, qt, qtr, qtc
                                   <<<      sgeo, phi, phil, psfc, del, plt, qti
                                   <<<    PREFETCH(SOFT) : 8
                                   <<<     SEQUENTIAL : 8
                                   <<<      prsl: 4, del: 2, plt: 2
                                   <<<    SPILLS :
                                   <<<      GENERAL   : SPILL 0  FILL 6
                                   <<<      SIMD&FP   : SPILL 0  FILL 0
                                   <<<      SCALABLE  : SPILL 0  FILL 0
                                   <<<      PREDICATE : SPILL 0  FILL 0
                                   <<< Loop-information  End >>>
            1453     4   p    v                do i=1,nxj
            1454     4   p    v                  prsl(i,kc) = plt(i,k,jj)*0.1 ! change to cb
            1455     4   p    v                  del(i,kc)  = psfc(i)*dsigma(k,1)+dsigma(k,2)*0.1  !unit cb
            1456     4   p    v                  phil(i,kc)= phi(i,k)-sgeo(i,jj)
            1457     4   p    v                  qtc(i,kc) = qt(i,k,jj)
            1458     4   p    v                  qtr(i,kc) = qt(i,lev+k,jj)
            1459     4   p    v                  if ( nmmiph .gt. 2 ) qti(i,kc) = qt(i,(ntiw-1)*lev+k,jj)
            1460     4   p    v                  ttc(i,kc) = tt(i,k,jj)
            1461     4   p    v                  utc(i,kc) = ut(i,k,jj)
            1462     4   p    v                  vtc(i,kc) = vt(i,k,jj)
            1463     4   p    v                enddo
            1464     3   p                   enddo
            1465     2               
                                   <<< Loop-information Start >>>
                                   <<<  [PARALLELIZATION]
                                   <<<    Standard iteration count: 2
                                   <<<  [OPTIMIZATION]
                                   <<<    PREFETCH(HARD) Expected by compiler :
                                   <<<      tt, plt, qt, rho, ztenh, zqenh
                                   <<< Loop-information  End >>>
            1466     3  pp                   do k = 1,lev
                                   <<< Loop-information Start >>>
                                   <<<  [OPTIMIZATION]
                                   <<<    SIMD(VL: 8)
                                   <<<    SOFTWARE PIPELINING(IPC: 0.39, ITR: 24, MVE: 2, POL: S)
                                   <<<    PREFETCH(HARD) Expected by compiler :
                                   <<<      tt, plt, qt, zqenh, rho, ztenh
                                   <<< Loop-information  End >>>
            1467     4   p    v                do i = 1,nxj
            1468     4   p    v                  ztenh(i,k) = tt(i,k,jj)
            1469     4   p    v                  zqenh(i,k) = qt(i,k,jj)
            1470     4   p    v                  rho(i,k) = plt(i,k,jj)*100./ (con_rd*tt(i,k,jj))
            1471     4   p    v                end do
            1472     3   p                   end do
            1473     2               
            1474     2                       ! old version SAS
            1475     2                       if( nmcup .eq. 2)                                 &
            1476     2                         call sascnv(nxjp(j),nxp,lev,jcap,dta,del,sl,psfc,prsl,phil,qtr &
            1477     2                           ,qtc,ttc,utc,vtc,dotc,cldwrk(1,jj) &
            1478     2                           ,rcup(1,jj),kbot(1,jj),ktop(1,jj)                     &
            1479     2                           ,kuo(1,jj),slimsk,xkt2,ncld,dtcupx(j),icupmx(j)      &
            1480     2                           ,grav,cp,hltm,rgas,tice)
            1481     2               
            1482     2                       ! new version SAS
            1483     2                       if( nmcup .eq. 3)                                 &
            1484     2                         call sascnv_n(nxjp(j),nxp,lev,jcap,dta,del,psfc,prsl,phil,qtr &
            1485     2                           ,qtc,ttc,utc,vtc,dotc,cldwrk(1,jj) &
            1486     2                           ,rcup(1,jj),kbot(1,jj),ktop(1,jj)                     &
            1487     2                           ,kuo(1,jj),slimsk,ncld                                &
            1488     2                         , grav,cp,hltm,rgas,tice)
            1489     2               
            1490     2                       ! scale-aware SAS
            1491     2                       if( nmcup .eq. 6)                                 &
            1492     2                         call samfdeepcnv(nxjp(j),nxp,lev,dta,del,prsl,psfc,phil       &
            1493     2                           ,qtr,qti,qtc,ttc,utc,vtc,cldwrk(1,jj),rcup(1,jj),kbot(1,jj)  &
            1494     2                           ,ktop(1,jj),kuo(1,jj),islimsk,garea,dotc,ncld,cnvw,cnvc      &
            1495     2                           ,snow_flxn,ptun,pqun)
            1496     2               
            1497     2                       ! for rad input of convection cloud information
            1498     2                       ! bottom(plcl) layer and top(cumtop) layer in pressure(mb)
                                   <<< Loop-information Start >>>
                                   <<<  [PARALLELIZATION]
                                   <<<    Standard iteration count: 302
                                   <<<  [OPTIMIZATION]
                                   <<<    PREFETCH(HARD) Expected by compiler :
                                   <<<      kbot, cumtop
                                   <<< Loop-information  End >>>
            1499     3  pp    s              do i=1,nxj
            1500     4   p    m                if((kbot(i,jj).eq.lev+1) .and. (ktop(i,jj).eq.0))then
            1501     4   p    s                  plcl(i,jj)=0.
            1502     4   p    s                  cumtop(i,jj)=0.
            1503     4   p    s                else
            1504     4   p    s                  plcl(i,jj)=prsl(i,kbot(i,jj))*10.         !to mb
            1505     4   p    s                  cumtop(i,jj)=prsl(i,ktop(i,jj))*10.       !to mb
            1506     4   p    v                endif
            1507     3   p    v              enddo
            1508     2               
                                   <<< Loop-information Start >>>
                                   <<<  [PARALLELIZATION]
                                   <<<    Standard iteration count: 1143
                                   <<<  [OPTIMIZATION]
                                   <<<    SIMD(VL: 8)
                                   <<<    SOFTWARE PIPELINING(IPC: 3.00, ITR: 256, MVE: 9, POL: S)
                                   <<<    PREFETCH(HARD) Expected by compiler :
                                   <<<      rcup
                                   <<< Loop-information  End >>>
            1509     3  pp   2v              do i=1,nxj
            1510     3   p   2v                rcup(i,jj) = rcup(i,jj) * 1000.         ! mm/call
            1511     3   p   2v              enddo
            1512     2               
                                   <<< Loop-information Start >>>
                                   <<<  [PARALLELIZATION]
                                   <<<    Standard iteration count: 2
                                   <<<  [OPTIMIZATION]
                                   <<<    UNSWITCHING
                                   <<< Loop-information  End >>>
            1513     3  pp                   do k=1,lev
            1514     3   p                     kc=lev-k+1
                                   <<< Loop-information Start >>>
                                   <<<  [PARALLELIZATION]
                                   <<<    Standard iteration count: 96
                                   <<<  [OPTIMIZATION]
                                   <<<    SIMD(VL: 8)
                                   <<<    PREFETCH(HARD) Expected by compiler :
                                   <<<      pqun, pqu, ptun, ptu, snow_flxn
                                   <<<      snow_flx, cnvc, cnvcr, cnvw, cnvwr
                                   <<<      cnvwn, vtc, vt, dvcup, utc, ut
                                   <<<    PREFETCH(SOFT) : 72
                                   <<<     SEQUENTIAL : 72
                                   <<<      ducup: 8, tt: 8, ttc: 8, dtcup: 8
                                   <<<      qtr: 8, qt: 20, qtc: 8, qti: 4
                                   <<<    SPILLS :
                                   <<<      GENERAL   : SPILL 0  FILL 28
                                   <<<      SIMD&FP   : SPILL 0  FILL 0
                                   <<<      SCALABLE  : SPILL 0  FILL 0
                                   <<<      PREDICATE : SPILL 0  FILL 0
                                   <<< Loop-information  End >>>
            1515     4  pp    v                do i=1,nxj
            1516     4   p    v                  qt(i,k    ,jj) = max(qtc(i,kc),qmin)
            1517     4   p    v                  qt(i,k+lev,jj) = max(qtr(i,kc),qmin)
            1518     4   p    v                  if ( nmmiph .gt. 2 ) qt(i,(ntiw-1)*lev+k,jj) = qti(i,kc)
            1519     4   p    v                  dttmp = ttc(i,kc)-tt(i,k,jj)
            1520     4   p    v                  dutmp = utc(i,kc)-ut(i,k,jj)
            1521     4   p    v                  dvtmp = vtc(i,kc)-vt(i,k,jj)
            1522     5   p    v                  if ( kdt .eq. 1 .or. .not. doslavepp ) then
            1523     5   p    v                    tt(i,k,jj) = ttc(i,kc)
            1524     5   p    v                    ut(i,k,jj) = utc(i,kc)
            1525     5   p    v                    vt(i,k,jj) = vtc(i,kc)
            1526     5   p    v                  else
            1527     5   p    v                    tt(i,k,jj) = 0.5*( dttmp + dtcup(i,k,jj) ) + tt(i,k,jj)
            1528     5   p    v                    ut(i,k,jj) = 0.5*( dutmp + ducup(i,k,jj) ) + ut(i,k,jj)
            1529     5   p    v                    vt(i,k,jj) = 0.5*( dvtmp + dvcup(i,k,jj) ) + vt(i,k,jj)
            1530     5   p    v                  endif
            1531     4   p    v                  dtcup(i,k,jj)  = dttmp
            1532     4   p    v                  ducup(i,k,jj)  = dutmp
            1533     4   p    v                  dvcup(i,k,jj)  = dvtmp
            1534     4   p    v                  cnvwr(i,kc,jj) = cnvw(i,kc)
            1535     4   p    v                  cnvcr(i,kc,jj) = cnvc(i,kc)
            1536     4   p    v                  cnvw(i,kc)     = 0.
            1537     4   p    v                  cnvc(i,kc)     = 0.
            1538     4               
            1539     4   p    v                  snow_flx(i,k) = snow_flxn(i,kc)
            1540     4   p    v                  ptu(i,k)      = ptun(i,kc)
            1541     4   p    v                  pqu(i,k)      = pqun(i,kc)
            1542     4   p    v                  cnvwn(i,k)    = cnvwr(i,kc,jj)
            1543     4   p    v                enddo
            1544     3   p                   enddo
            1545     2               
            1546     2                       ! for dianostic lightning calculation
                                   <<< Loop-information Start >>>
                                   <<<  [PARALLELIZATION]
                                   <<<    Standard iteration count: 696
                                   <<<  [OPTIMIZATION]
                                   <<<    SIMD(VL: 16)
                                   <<<    SOFTWARE PIPELINING(IPC: 3.00, ITR: 192, MVE: 3, POL: S)
                                   <<<    PREFETCH(HARD) Expected by compiler :
                                   <<<      ktop, kbot, kbotc, ktopc
                                   <<< Loop-information  End >>>
            1547     3  pp   2v              do i =1,nxj
            1548     3   p   2v                kbotc(i,jj)   =lev-kbot(i,jj)+1
            1549     3   p   2v                ktopc(i,jj)   =lev-ktop(i,jj)+1
            1550     3   p   2v              enddo
            1551     2                       call lightning_ec (nxjp(j),nxp,lev,ptu,pqu,ztenh,zqenh     &
            1552     2                                       ,cnvwn,rho,kbotc(1,jj),ktopc(1,jj)     &
            1553     2                                       ,phi,plt(1,1,jj),snow_flx               &
            1554     2                                       ,flash(1,jj),islimsk,kuo(1,jj))
            1555     2                     endif  !(end of docup .or. (nmcup .eq. 2 .or. nmcup .eq. 3 .or. nmcup .eq. 6))
            1556     1               
            1557     1               #ifdef VERBOSE
            1558     1                       ut_cmls(1:nxj,1:lev,jj)      = ut(1:nxj,1:lev,jj)
            1559     1                       vt_cmls(1:nxj,1:lev,jj)      = vt(1:nxj,1:lev,jj)
            1560     1                       tt_cmls(1:nxj,1:lev,jj)      = tt(1:nxj,1:lev,jj)
            1561     1                       qt_cmls(1:nxj,1:lev*ncld,jj) = qt(1:nxj,1:lev*ncld,jj)
            1562     1               #endif
            1563     1               !=======================================================================
            1564     1               ! convective gravity wave drag
            1565     1               !=======================================================================
            1566     2                     if( docgrav .and. upnor .and. (nmgwcv .eq. 1) )then
            1567     2                       call nor_gwdp (j,nxjp(j),nxp,lev,                         &
            1568     2                                 ut(1,1,jj),vt(1,1,jj),tt(1,1,jj),qt(1,1,jj),    &
            1569     2                                 plt(1,1,jj),pk(1,1,jj),pk2(1,1,jj),phi,dta,&
            1570     2                                 grav,rgas,sinl(j),cosl(j),drag_u,drag_v,cp,ptop)
            1571     2                     endif ! (end of docgrav .and. nmgwcv.eq.1)
            1572     1               
            1573     2                     if( docgrav .and. (nmgwcv.eq.2) )then
            1574     2                       cgwf(1)  = 0.5      ! cloud top fraction for convective gwd scheme
            1575     2                       cgwf(2)  = 0.05     ! cloud top fraction for convective gwd scheme
            1576     2               
                                   <<< Loop-information Start >>>
                                   <<<  [PARALLELIZATION]
                                   <<<    Standard iteration count: 2
                                   <<<  [OPTIMIZATION]
                                   <<<    PREFETCH(HARD) Expected by compiler :
                                   <<<      pst, prsi
                                   <<< Loop-information  End >>>
            1577     3  pp                   do  k = 1,lev+1
                                   <<< Loop-information Start >>>
                                   <<<  [OPTIMIZATION]
                                   <<<    SIMD(VL: 8)
                                   <<<    SOFTWARE PIPELINING(IPC: 3.75, ITR: 192, MVE: 3, POL: S)
                                   <<<    PREFETCH(HARD) Expected by compiler :
                                   <<<      pst, prsi
                                   <<< Loop-information  End >>>
            1578     4   p   2v                do  i = 1, nxj
            1579     4   p   2v                  prsi(i,k) = 100.0*( sigma(k,1)*pst(i,jj)+sigma(k,2) + ptop) !pa
            1580     4   p   2v                enddo
            1581     3   p                   enddo
            1582     2               
                                   <<< Loop-information Start >>>
                                   <<<  [PARALLELIZATION]
                                   <<<    Standard iteration count: 2
                                   <<<  [OPTIMIZATION]
                                   <<<    PREFETCH(HARD) Expected by compiler :
                                   <<<      pst, plt, del, prsl
                                   <<< Loop-information  End >>>
            1583     3  pp                   do k=1,lev
                                   <<< Loop-information Start >>>
                                   <<<  [OPTIMIZATION]
                                   <<<    SIMD(VL: 8)
                                   <<<    SOFTWARE PIPELINING(IPC: 3.14, ITR: 112, MVE: 2, POL: S)
                                   <<<    PREFETCH(HARD) Expected by compiler :
                                   <<<      del, pst, plt, prsl
                                   <<< Loop-information  End >>>
            1584     4   p   2v                do i=1,nxj
            1585     4   p   2v                  prsl(i,k) = 100.0*plt(i,k,jj) ! pa
            1586     4   p   2v                  del(i,k) = 100.0*( dsigma(k,1)*pst(i,jj)+dsigma(k,2))  !pa
            1587     4   p   2v                enddo
            1588     3   p                   enddo
            1589     2               
                                   <<< Loop-information Start >>>
                                   <<<  [PARALLELIZATION]
                                   <<<    Standard iteration count: 1455
                                   <<<  [OPTIMIZATION]
                                   <<<    SIMD(VL: 8)
                                   <<<    PREFETCH(HARD) Expected by compiler :
                                   <<<      cumabs, work3
                                   <<< Loop-information  End >>>
            1590     3  pp   2v              do i = 1, nxj
            1591     3   p   2v                cumabs(i) = 0.0
            1592     3   p   2v                work3(i)  = 0.0
            1593     3   p   2v              enddo
            1594     2               
                                   <<< Loop-information Start >>>
                                   <<<  [OPTIMIZATION]
                                   <<<    PREFETCH(HARD) Expected by compiler :
                                   <<<      kbot, ktop, tt, tt_bfcnv, del, cumabs
                                   <<<      work3
                                   <<< Loop-information  End >>>
            1595     3                       do k = 1, lev
                                   <<< Loop-information Start >>>
                                   <<<  [PARALLELIZATION]
                                   <<<    Standard iteration count: 327
                                   <<<  [OPTIMIZATION]
                                   <<<    SIMD(VL: 8)
                                   <<<    SOFTWARE PIPELINING(IPC: 1.09, ITR: 40, MVE: 2, POL: S)
                                   <<<    PREFETCH(HARD) Expected by compiler :
                                   <<<      del, cumabs, work3, tt, tt_bfcnv, ktop
                                   <<<      kbot
                                   <<< Loop-information  End >>>
            1596     4  pp    v                do i = 1, nxj
            1597     5   p    v                  if ((k <= lev-kbot(i,jj)+1) .and. (k >= lev-ktop(i,jj)+1)) then
            1598     5   p    v                    cumabs(i) = cumabs(i) + (tt(i,k,jj) - tt_bfcnv(i,k)) * del(i,k)
            1599     5   p    v                    work3(i)  = work3(i)  + del(i,k)
            1600     5   p    v                  endif
            1601     4   p    v                enddo
            1602     3                       enddo
            1603     2               
                                   <<< Loop-information Start >>>
                                   <<<  [PARALLELIZATION]
                                   <<<    Standard iteration count: 843
                                   <<<  [OPTIMIZATION]
                                   <<<    SIMD(VL: 8)
                                   <<<    SOFTWARE PIPELINING(IPC: 0.39, ITR: 48, MVE: 2, POL: S)
                                   <<<    PREFETCH(HARD) Expected by compiler :
                                   <<<      work3, cumabs
                                   <<< Loop-information  End >>>
            1604     3  pp   2v              do i=1,nxj
            1605     3   p   2v                if (work3(i) > 0.0) cumabs(i) = cumabs(i) / (dta*work3(i))
            1606     3                     !   dlength(i)  = sqrt( tem1*tem1+tem2*tem2 )
            1607     3                     !   cldf(i)     = cgwf(1)*work1(i) + cgwf(2)*work2(i)
            1608     3   p   2v              enddo
            1609     2               
                                   <<< Loop-information Start >>>
                                   <<<  [PARALLELIZATION]
                                   <<<    Standard iteration count: 843
                                   <<<  [OPTIMIZATION]
                                   <<<    SIMD(VL: 8)
                                   <<<    SOFTWARE PIPELINING(IPC: 3.00, ITR: 128, MVE: 3, POL: S)
                                   <<<    PREFETCH(HARD) Expected by compiler :
                                   <<<      dlength, work1, work2, cldf
                                   <<< Loop-information  End >>>
            1610     2  pp   2v              dlength(1:nxj)  = sqrt( tem1*tem1+tem2*tem2 )
            1611     2   p   2v              cldf(1:nxj)     = cgwf(1)*work1(1:nxj) + cgwf(2)*work2(1:nxj)
            1612     2               
            1613     2                       call gwdc (nxjp(j),nxp,nxp,lev,u0,v0,                        &
            1614     2                                    t0,q0,prsl,prsi,del,                            &
            1615     2                                    ktop(1,jj),kbot(1,jj),kuo(1,jj),cldf,cumabs,    &
            1616     2                                    grav,cp,con_rd,con_fvirt,dta,dlength,           &
            1617     2                                    utgwc,vtgwc,tauctx,taucty,j)
                                   <<< Loop-information Start >>>
                                   <<<  [PARALLELIZATION]
                                   <<<    Standard iteration count: 2
                                   <<< Loop-information  End >>>
            1618     3  pp                   do k=1,lev
                                   <<< Loop-information Start >>>
                                   <<<  [OPTIMIZATION]
                                   <<<    SIMD(VL: 8)
                                   <<<    PREFETCH(HARD) Expected by compiler :
                                   <<<      vtgwc, ut, vt, utgwc, tt
                                   <<< Loop-information  End >>>
            1619     4   p    v                do i=1,nxj
            1620     4   p    v                  eng0 = 0.5*(ut(i,k,jj)*ut(i,k,jj)+vt(i,k,jj)*vt(i,k,jj))
            1621     4   p    v                  ut(i,k,jj) = ut(i,k,jj) + utgwc(i,k) * dta
            1622     4   p    v                  vt(i,k,jj) = vt(i,k,jj) + vtgwc(i,k) * dta
            1623     4   p    v                  eng1 = 0.5*(ut(i,k,jj)*ut(i,k,jj)+vt(i,k,jj)*vt(i,k,jj))
            1624     4   p    v                  tt(i,k,jj) = tt(i,k,jj) + (eng0-eng1)/(dta*cp)
            1625     4   p    v                enddo
            1626     3   p                   enddo
            1627     2                     endif  !(end of docgrav and nmgwcv=2)
            1628     1               
            1629     1               !=======================================================================
            1630     1               ! shallow convection
            1631     1               !=======================================================================
            1632     2                     if( doshl .and. (nmshl.eq.2 .or. nmshl.eq.3) ) then
                                   <<< Loop-information Start >>>
                                   <<<  [PARALLELIZATION]
                                   <<<    Standard iteration count: 1143
                                   <<<  [OPTIMIZATION]
                                   <<<    SIMD(VL: 8)
                                   <<<    SOFTWARE PIPELINING(IPC: 3.66, ITR: 192, MVE: 5, POL: S)
                                   <<<    PREFETCH(HARD) Expected by compiler :
                                   <<<      pst, psfc
                                   <<< Loop-information  End >>>
            1633     3  pp   2v              do i=1,nxj
            1634     3   p   2v                psfc(i)  = pst(i,jj)*0.1        ! change to cb
            1635     3   p   2v              enddo
            1636     2                     ! psfc(1:nxj)  = pst(1:nxj,jj)*0.1 ! change to cb
            1637     2               
                                   <<< Loop-information Start >>>
                                   <<<  [PARALLELIZATION]
                                   <<<    Standard iteration count: 3
                                   <<<  [OPTIMIZATION]
                                   <<<    PREFETCH(HARD) Expected by compiler :
                                   <<<      vvel, dotc
                                   <<< Loop-information  End >>>
            1638     3  pp                   do k=1,lev
            1639     3   p                     kc=lev-k+1
                                   <<< Loop-information Start >>>
                                   <<<  [OPTIMIZATION]
                                   <<<    SIMD(VL: 8)
                                   <<<    SOFTWARE PIPELINING(IPC: 3.66, ITR: 192, MVE: 5, POL: S)
                                   <<<    PREFETCH(HARD) Expected by compiler :
                                   <<<      vvel, dotc
                                   <<< Loop-information  End >>>
            1640     4   p   2v                do i = 1, nxj
            1641     4   p   2v                  dotc(i,kc)=vvel(i,k,jj)*0.1
            1642     4   p   2v                enddo
            1643     3   p                   enddo
            1644     2               
                                   <<< Loop-information Start >>>
                                   <<<  [PARALLELIZATION]
                                   <<<    Standard iteration count: 2
                                   <<<  [OPTIMIZATION]
                                   <<<    UNSWITCHING
                                   <<< Loop-information  End >>>
            1645     3  pp                   do k=1,lev
            1646     3   p                     kc=lev-k+1
            1647     3   p                     sl(kc)    = (sigma(k,1)+sigma(k+1,1))*0.5
                                   <<< Loop-information Start >>>
                                   <<<  [OPTIMIZATION]
                                   <<<    SIMD(VL: 8)
                                   <<<    PREFETCH(HARD) Expected by compiler :
                                   <<<      vt, vtc, ut, utc, tt, ttc, qt, qtr, qtc
                                   <<<      sgeo, phi, phil, psfc, del, plt, qti
                                   <<<    PREFETCH(SOFT) : 8
                                   <<<     SEQUENTIAL : 8
                                   <<<      prsl: 4, del: 2, plt: 2
                                   <<<    SPILLS :
                                   <<<      GENERAL   : SPILL 0  FILL 6
                                   <<<      SIMD&FP   : SPILL 0  FILL 0
                                   <<<      SCALABLE  : SPILL 0  FILL 0
                                   <<<      PREDICATE : SPILL 0  FILL 0
                                   <<< Loop-information  End >>>
            1648     4   p    v                do i=1,nxj
            1649     4   p    v                  prsl(i,kc) = plt(i,k,jj)*0.1 ! change to cb
            1650     4   p    v                  del(i,kc)  = psfc(i)*dsigma(k,1)+dsigma(k,2)*0.1  !unit cb
            1651     4   p    v                  phil(i,kc) = phi(i,k)-sgeo(i,jj)
            1652     4   p    v                  qtc(i,kc)  = qt(i,k,jj)
            1653     4   p    v                  qtr(i,kc)  = qt(i,lev+k,jj)
            1654     4   p    v                  if ( nmmiph .gt. 2 ) qti(i,kc) = qt(i,(ntiw-1)*lev+k,jj)
            1655     4   p    v                  ttc(i,kc)  = tt(i,k,jj)
            1656     4   p    v                  utc(i,kc)  = ut(i,k,jj)
            1657     4   p    v                  vtc(i,kc)  = vt(i,k,jj)
            1658     4   p    v                enddo
            1659     3   p                   enddo
            1660     2               !
                                   <<< Loop-information Start >>>
                                   <<<  [PARALLELIZATION]
                                   <<<    Standard iteration count: 616
                                   <<<  [OPTIMIZATION]
                                   <<<    SIMD(VL: 8)
                                   <<<    SOFTWARE PIPELINING(IPC: 3.42, ITR: 112, MVE: 3, POL: S)
                                   <<<    PREFETCH(HARD) Expected by compiler :
                                   <<<      qstar, tstar, ustar, heat, evap
                                   <<< Loop-information  End >>>
            1661     3  pp   2v              do i=1,nxj
            1662     3   p   2v                 heat(i)=-ustar(i,jj)*tstar(i,jj)
            1663     3   p   2v                 evap(i)=-ustar(i,jj)*qstar(i,jj)
            1664     3   p   2v              enddo
            1665     2                     ! heat(1:nxj)=-ustar(1:nxj,jj)*tstar(1:nxj,jj)
            1666     2                     ! evap(1:nxj)=-ustar(1:nxj,jj)*qstar(1:nxj,jj)
            1667     2               
            1668     2               !
            1669     2                       ! new version shalcon
            1670     3                       if( nmshl.eq.2 ) then
            1671     3                         call shalcnv_new(nxjp(j),nxp,lev,jcap,dta,del,prsl,psfc,phil,qtr &
            1672     3                           ,qtc,ttc,utc,vtc                         &
            1673     3                           ,rcup2,kbot(1,jj),ktop(1,jj)                                &
            1674     3                           ,kuo(1,jj),slimsk,dotc,ncld,hpbl(1,jj),heat,evap &
            1675     3                           ,grav,cp,hltm,rgas,tice)
            1676     3                       endif
            1677     2               
            1678     2                       ! scale-aware shalcon
            1679     3                       if( nmshl.eq.3 ) then
            1680     3                         call samfshalcnv(nxjp(j),nxp,lev,dta,del,prsl,psfc,phil,qtr   &
            1681     3                           ,qti,qtc,ttc,utc,vtc,rcup2,kbot(1,jj),ktop(1,jj),kuo(1,jj)  &
            1682     3                           ,islimsk,garea,dotc,ncld,hpbl(1,jj),cnvw,cnvc)
            1683     3                       endif
            1684     2               
                                   <<< Loop-information Start >>>
                                   <<<  [PARALLELIZATION]
                                   <<<    Standard iteration count: 889
                                   <<<  [OPTIMIZATION]
                                   <<<    SIMD(VL: 8)
                                   <<<    SOFTWARE PIPELINING(IPC: 3.25, ITR: 192, MVE: 7, POL: S)
                                   <<<    PREFETCH(HARD) Expected by compiler :
                                   <<<      rcup2, rcup
                                   <<< Loop-information  End >>>
            1685     3  pp   2v              do i=1,nxj
            1686     3   p   2v                rcup(i,jj) = rcup(i,jj)+rcup2(i) * 1000.         ! mm/call
            1687     3   p   2v              enddo
            1688     2                     !rcup(1:nxj,jj) = rcup(1:nxj,jj)+rcup2(1:nxj) * 1000.         ! mm/call
            1689     2               
                                   <<< Loop-information Start >>>
                                   <<<  [PARALLELIZATION]
                                   <<<    Standard iteration count: 2
                                   <<<  [OPTIMIZATION]
                                   <<<    UNSWITCHING
                                   <<< Loop-information  End >>>
            1690     3  pp                   do k=1,lev
            1691     3   p                     kc=lev-k+1
                                   <<< Loop-information Start >>>
                                   <<<  [PARALLELIZATION]
                                   <<<    Standard iteration count: 109
                                   <<<  [OPTIMIZATION]
                                   <<<    SIMD(VL: 8)
                                   <<<    PREFETCH(HARD) Expected by compiler :
                                   <<<      cnvc, cnvcr, cnvw, cnvwr, vtc, dvshl, vt
                                   <<<      utc, dushl, ut, ttc, tt, dtshl, qtr, qt
                                   <<<      qtc
                                   <<<    PREFETCH(SOFT) : 16
                                   <<<     SEQUENTIAL : 16
                                   <<<      qt: 12, qti: 4
                                   <<<    SPILLS :
                                   <<<      GENERAL   : SPILL 0  FILL 8
                                   <<<      SIMD&FP   : SPILL 0  FILL 0
                                   <<<      SCALABLE  : SPILL 0  FILL 0
                                   <<<      PREDICATE : SPILL 0  FILL 0
                                   <<< Loop-information  End >>>
            1692     4  pp    v                do i=1,nxj
            1693     4   p    v                  qt(i,k    ,jj) = max(qtc(i,kc),qmin)
            1694     4   p    v                  qt(i,k+lev,jj) = max(qtr(i,kc),qmin)
            1695     4   p    v                  if ( nmmiph .gt. 2 ) qt(i,(ntiw-1)*lev+k,jj) = qti(i,kc)
            1696     4   p    v                  dttmp = ttc(i,kc)-tt(i,k,jj)
            1697     4   p    v                  dutmp = utc(i,kc)-ut(i,k,jj)
            1698     4   p    v                  dvtmp = vtc(i,kc)-vt(i,k,jj)
            1699     5   p    v                  if ( kdt .eq. 1 .or. .not. doslavepp ) then
            1700     5   p    v                    tt(i,k,jj) = ttc(i,kc)
            1701     5   p    v                    ut(i,k,jj) = utc(i,kc)
            1702     5   p    v                    vt(i,k,jj) = vtc(i,kc)
            1703     5   p    v                  else
            1704     5   p    v                    tt(i,k,jj) = 0.5*( dttmp + dtshl(i,k,jj) ) + tt(i,k,jj)
            1705     5   p    v                    ut(i,k,jj) = 0.5*( dutmp + dushl(i,k,jj) ) + ut(i,k,jj)
            1706     5   p    v                    vt(i,k,jj) = 0.5*( dvtmp + dvshl(i,k,jj) ) + vt(i,k,jj)
            1707     5   p    v                  endif
            1708     4   p    v                  dtshl(i,k,jj)  = dttmp
            1709     4   p    v                  dushl(i,k,jj)  = dutmp
            1710     4   p    v                  dvshl(i,k,jj)  = dvtmp
            1711     4   p    v                  cnvwr(i,kc,jj) = cnvwr(i,kc,jj) + cnvw(i,kc)
            1712     4   p    v                  cnvcr(i,kc,jj) = cnvcr(i,kc,jj) + cnvc(i,kc)
            1713     4   p    v                enddo
            1714     3   p                   enddo
            1715     2                     endif  !(end of doshl .and. (nmshl.eq.2 .or. nmshl.eq.3)
            1716     1               
            1717     1                     if ( doshl .and. (nmshl .eq.1))                                          &
            1718     1                        call shlcon ( nxjp(j),nxp,lev,ktshl,dta,grav,rgas,cp,xkapa,hltm,ptop  &
            1719     1                                    , dsigma,tg(1,jj),pk(1,1,jj),pst(1,jj),sgeo(1,jj),phi     &
            1720     1                                    , plt(1,1,jj),tt(1,1,jj), qt(1,1,jj),nshl(j)              &
            1721     1                                    , rcup(1,jj),ncld )
            1722     1               
            1723     1               !=======================================================================
            1724     1               ! cloud microphysics
            1725     1               !=======================================================================
            1726     2                     if ( dolsp .and. (ntcw.eq.0)) then
            1727     2                        call lsp ( tt(1,1,jj),qt(1,1,jj),plt(1,1,jj),pst(1,jj),dsigma         &
            1728     2                                 , grav,nxjp(j),nxp,lev,evaprh,rlsp(1,jj),cp,hltm,nlsp(1,j)   &
            1729     2                                 , ilsp(1,j) )
            1730     2                     endif
            1731     1               
            1732     2                     if ( dolsp .and. (nmmiph.eq.2)) then
            1733     2                       deg_ju=23.45*sin(d2r*(360./365.)*(julian+284.))
            1734     2                       arg=xlat(j)-deg_ju
            1735     3                       if(arg.gt.90.)then
            1736     3                         arg=89.9999
            1737     3                       else if(arg.lt.-90.)then
            1738     3                         arg=-89.9999
            1739     3                       endif
            1740     2               
            1741     2                       lprnt=.false.
                                   <<< Loop-information Start >>>
                                   <<<  [PARALLELIZATION]
                                   <<<    Standard iteration count: 1000
                                   <<<  [OPTIMIZATION]
                                   <<<    SIMD(VL: 8)
                                   <<<    SOFTWARE PIPELINING(IPC: 2.80, ITR: 112, MVE: 3, POL: S)
                                   <<<    PREFETCH(HARD) Expected by compiler :
                                   <<<      pst, psfc, psautco
                                   <<< Loop-information  End >>>
            1742     2  pp   2v              psfc(:)  = pst(:,jj)*0.1        ! change to cb
            1743     2   p   2v              psautco(:)  = 4.0e-4
            1744     2               !            psautco(i)  = 8.0e-4 * work1(i) + 5.0e-4 * work2(i)
            1745     2               
                                   <<< Loop-information Start >>>
                                   <<<  [PARALLELIZATION]
                                   <<<    Standard iteration count: 2
                                   <<< Loop-information  End >>>
            1746     3  pp                   do k=1,lev
            1747     3   p                     kc=lev-k+1
                                   <<< Loop-information Start >>>
                                   <<<  [OPTIMIZATION]
                                   <<<    SIMD(VL: 8)
                                   <<<    PREFETCH(HARD) Expected by compiler :
                                   <<<      rhc
                                   <<< Loop-information  End >>>
            1748     4   p   4v                do i=1,nxj
            1749     4               !!           tem   = (rhztop-rhzbot) / (pk(i,k,jj)-pk(i,lev,jj))
            1750     4               !!           tmprhc = rhzbot + tem * (pk(i,k,jj)-pk(i,lev,jj))
            1751     4               !!           rhc(i,kc) = 0.999 * work1(i) + tmprhc * work2(i)
            1752     4               !            rhc(i,kc) = 0.999 * work1(i) + 0.85 * work2(i)
            1753     4               !
            1754     4               !!!            rhc(i,kc)=0.999-0.08*cos(d2r*arg)**2    !a3
            1755     4   p   4v                  rhc(i,kc)=0.98-0.07*cos(d2r*xlat(j))**2.0    !v3
            1756     4               !            rhc(i,kc)=0.98-0.07*cos(d2r*arg)**2.0    !wsm6
            1757     4               !            tem   = (max(min(plt(i,k,jj),900.)-700.,0.01) / 200.)
            1758     4               !            rhc(i,kc)=tem*rhc(i,kc)+(1.-tem)*0.7
            1759     4               !!!!             rhc(i,kc)=(1.-coefrhc)*(0.7+0.15*cos(d2r*xlat(j))**2)  &
            1760     4               !!!!                     +coefrhc*(0.6+0.1*max(cos(4.*d2r*xlat(j))**3,0.))   !PYL vertical profile
            1761     4               !
            1762     4               ! vertical profile
            1763     4               !!            tem=ct+(cs-ct)*exp(1.-(pst(i,jj)/plt(i,k,jj)**px))
            1764     4               !!            rhc(i,kc)=rhc(i,kc)*tem
            1765     4               !
            1766     4               !            tem   = (plt(i,k,jj) / plt(i,lev,jj))**0.1
            1767     4               !            if(tem.le.0.85)tem=0.85
            1768     4               !            tem   = (plt(i,k,jj) / plt(i,lev,jj))**0.3
            1769     4               !            if(tem.le.0.65)tem=0.65
            1770     4               !            rhc(i,kc)=rhc(i,kc)*tem
            1771     4               !
            1772     4               !!            if(rhc(i,kc).ge.0.98)rhc(i,kc)=0.98
            1773     4   p   4v                enddo
            1774     3   p                   enddo
            1775     2               !
                                   <<< Loop-information Start >>>
                                   <<<  [PARALLELIZATION]
                                   <<<    Standard iteration count: 2
                                   <<<  [OPTIMIZATION]
                                   <<<    PREFETCH(HARD) Expected by compiler :
                                   <<<      plt, pst, tt, qt, ttc, qtr, qtc, del
                                   <<<      prsl
                                   <<< Loop-information  End >>>
            1776     3  pp                   do k=1,lev
            1777     3   p                     kc=lev-k+1
                                   <<< Loop-information Start >>>
                                   <<<  [OPTIMIZATION]
                                   <<<    SIMD(VL: 8)
                                   <<<    SOFTWARE PIPELINING(IPC: 3.00, ITR: 40, MVE: 2, POL: S)
                                   <<<    PREFETCH(HARD) Expected by compiler :
                                   <<<      ttc, qt, pst, tt, plt, qtr, qtc, del
                                   <<<      prsl
                                   <<< Loop-information  End >>>
            1778     4   p    v                do i=1,nxj
            1779     4   p    v                  prsl(i,kc) = plt(i,k,jj)*0.1 ! change to cb
            1780     4               !            phil(i,kc) = phi(i,k)-sgeo(i,jj)
            1781     4   p    v                  del(i,kc) = (dsigma(k,1)*pst(i,jj)+dsigma(k,2))*0.1  ! change to cb
            1782     4   p    v                  qtc(i,kc) = qt(i,k,jj)
            1783     4   p    v                  qtr(i,kc) = qt(i,lev+k,jj)
            1784     4   p    v                  ttc(i,kc) = tt(i,k,jj)
            1785     4   p    v                enddo
            1786     3   p                   enddo
            1787     2               
            1788     3                       if ( pdfcloud ) then
            1789     3                         call gscondp(nxjp(j),nxp,lev,dta,prsl,psfc,  &
            1790     3                                     qtc,qtr,ttc,           &
            1791     3                                     ftp (1,1,jj),fqp (1,1,jj),fpsp (1,jj),&
            1792     3                                     ftp1(1,1,jj),fqp1(1,1,jj),fpsp1(1,jj),&
            1793     3                                     rhc,deltaq(1,1,jj),sup,lprnt,kdt)
            1794     3               !
            1795     3                         call precpdp(nxjp(j),nxp,lev,dta,del,prsl,psfc, &
            1796     3                                     qtc, qtr, ttc,           &
            1797     3                                     rlsp(1,jj),rhc,deltaq(1,1,jj),psautco,lprnt)
            1798     3                       else
            1799     3                         call gscond(nxjp(j),nxp,lev,dta,prsl,psfc,  &
            1800     3                                     qtc,qtr,ttc,           &
            1801     3                                     ftp (1,1,jj),fqp (1,1,jj),fpsp (1,jj),&
            1802     3                                     ftp1(1,1,jj),fqp1(1,1,jj),fpsp1(1,jj),&
            1803     3                                     rhc,lprnt)
            1804     3               !
            1805     3                         call precpd(nxjp(j),nxp,lev,dta,del,prsl,psfc, &
            1806     3                                     qtc, qtr, ttc,           &
            1807     3                                     rlsp(1,jj),rhc,psautco,lprnt)
            1808     3               !xb110>
            1809     3               ! precipitation over mid-latitude perform not very well, especially
            1810     3               ! in climatology.
            1811     3               !!        call precpd_n(nxjp(j),nxp,lev,dta,del,prsl,psfc,              &
            1812     3               !!                    qtc, qtr, rm, sm, phil, ttc,                      &
            1813     3               !!                    rlsp(1,jj), slsp(1,jj), rainp, rhc, lprnt)
            1814     3               !
            1815     3               !xb110<
            1816     3                       endif
            1817     2                      !do i=1,nxj
            1818     2                      !  rlsp(i,jj) = rlsp(i,jj) * 1000.         ! mm/call
            1819     2                      !enddo
                                   <<< Loop-information Start >>>
                                   <<<  [PARALLELIZATION]
                                   <<<    Standard iteration count: 1231
                                   <<<  [OPTIMIZATION]
                                   <<<    SIMD(VL: 8)
                                   <<<    SOFTWARE PIPELINING(IPC: 3.00, ITR: 256, MVE: 9, POL: S)
                                   <<<    PREFETCH(HARD) Expected by compiler :
                                   <<<      rlsp
                                   <<< Loop-information  End >>>
            1820     2  pp   2v              rlsp(1:nxj,jj) = rlsp(1:nxj,jj) * 1000.         ! mm/call
            1821     2               
                                   <<< Loop-information Start >>>
                                   <<<  [PARALLELIZATION]
                                   <<<    Standard iteration count: 2
                                   <<<  [OPTIMIZATION]
                                   <<<    UNSWITCHING
                                   <<< Loop-information  End >>>
            1822     3  pp                   do k=1,lev
            1823     3   p                     kc=lev-k+1
                                   <<< Loop-information Start >>>
                                   <<<  [OPTIMIZATION]
                                   <<<    SIMD(VL: 8)
                                   <<<    PREFETCH(HARD) Expected by compiler :
                                   <<<      tt, ttc, qtr, qtc, qt, dtlsp
                                   <<< Loop-information  End >>>
            1824     4   p    v                do i=1,nxj
            1825     4   p    v                  qt(i,k    ,jj) = max(qtc(i,kc),qmin)
            1826     4   p    v                  qt(i,k+lev,jj) = max(qtr(i,kc),qmin)
            1827     4   p    v                  dttmp = ttc(i,kc)-tt(i,k,jj)
            1828     5   p    v                  if ( kdt .eq. 1 .or. .not. doslavepp ) then
            1829     5   p    v                    tt(i,k,jj) = ttc(i,kc)
            1830     5   p    v                  else
            1831     5   p    v                    tt(i,k,jj) = 0.5*( dttmp + dtlsp(i,k,jj) )+tt(i,k,jj)
            1832     5   p    v                  endif
            1833     4   p    v                  dtlsp(i,k,jj)  = dttmp
            1834     4   p    v                enddo
            1835     3   p                   enddo
            1836     2                     endif !( dolsp .and. nmmiph.eq.2 )
            1837     1               !
            1838     2                     if ( dolsp .and. (nmmiph.eq.6 .or. nmmiph.eq.8 .or. nmmiph.eq.11) ) then
            1839     2               
            1840     2               ! for GFDL MP
                                   <<< Loop-information Start >>>
                                   <<<  [PARALLELIZATION]
                                   <<<    Standard iteration count: 2000
                                   <<<  [OPTIMIZATION]
                                   <<<    SIMD(VL: 8)
                                   <<<    PREFETCH(HARD) Expected by compiler :
                                   <<<      area
                                   <<< Loop-information  End >>>
            1841     3  pp   4v            do i = 1, nxj
            1842     3   p   4v              area(i) = tem1*tem2  !area of grid box
            1843     3   p   4v            enddo
            1844     2               
            1845     2                     call mp_scheme                                                   &
            1846     2               !  ---  inputs:
            1847     2                          ( nmmiph,nxp,nxjp(j),lev,ncld,plt(1,1,jj),                  &
            1848     2                            pst(1,jj),dsigma,phii,islimsk,q0,kdt,ntcw,ntrw,ntiw,ntsw, &
            1849     2                            ntgl,ntinc,ntrnc,tpi,me,dta,area,jj,                      &
            1850     2               #if defined (GFDLMP_v2)
            1851     2                            sgeo(1,jj),                                               &
            1852     2               #endif
            1853     2               !  ---  inputs/outputs:
            1854     2                            tt(1,1,jj),qt(1,1,jj),clds(1,1,jj),                       &
            1855     2                            ut(1,1,jj),vt(1,1,jj),sd(1,1,jj),                         &
            1856     2               !  ---  outputs:
            1857     2                            ftp(1,1,jj),ftp1(1,1,jj),fqp(1,1,jj),fqp1(1,1,jj),        &
            1858     2                            rlsp(1,jj),sr(1,jj) )
            1859     2               !
            1860     2                     endif
            1861     1               
            1862     1               !
            1863     2                     if ( dodry ) then
                                   <<< Loop-information Start >>>
                                   <<<  [PARALLELIZATION]
                                   <<<    Standard iteration count: 1000
                                   <<<  [OPTIMIZATION]
                                   <<<    SIMD(VL: 8)
                                   <<<    SOFTWARE PIPELINING(IPC: 3.25, ITR: 144, MVE: 4, POL: S)
                                   <<<    PREFETCH(HARD) Expected by compiler :
                                   <<<      dsigma, dsigpp
                                   <<< Loop-information  End >>>
            1864     3  pp   2v               do k=1,lev
            1865     3   p   2v                 dsigpp(k) = dsigma(k,1)+dsigma(k,2)/1000.
            1866     3   p   2v               enddo
            1867     2                        call drychk ( j,tt(1,1,jj),pk(1,1,jj),dsigpp,nxjp(j),nxp,lev,ndry(j) )
            1868     2                     endif
            1869     1               
            1870     1                   ! do  i = 1, nxj
            1871     1                   !   curate(i,jj) = rcup(i,jj) * 86400.0/dta
            1872     1                   ! enddo
                                   <<< Loop-information Start >>>
                                   <<<  [PARALLELIZATION]
                                   <<<    Standard iteration count: 1143
                                   <<<  [OPTIMIZATION]
                                   <<<    SIMD(VL: 8)
                                   <<<    SOFTWARE PIPELINING(IPC: 3.00, ITR: 192, MVE: 4, POL: S)
                                   <<<    PREFETCH(HARD) Expected by compiler :
                                   <<<      curate, rcup
                                   <<< Loop-information  End >>>
            1873     1  pp   2v            curate(1:nxj,jj) = rcup(1:nxj,jj) * 86400.0/dta
            1874     1               
            1875     1               !=======================================================================
            1876     1               ! SIT scheme, cal. dTsit/dt
            1877     1               !=======================================================================
            1878     2                     if(do_sit) then
            1879     2                       dtsit=dt
            1880     2               
            1881     2                       istep= int(tau/(dt/3600.)+0.01)
            1882     2                       tauleft=float(int((tau-int(tau)+0.001)*3600./dt))*dt
            1883     2                       icurrenttau=int(tau)
            1884     2                       call dtgfix12(idtg,idtg_sitvdiff,icurrenttau)
            1885     2                       call time_weights(idtg_sitvdiff,tauleft)
            1886     2                       write(cdtg,'(i12)')idtg_sitvdiff
            1887     2                       read(cdtg,'(i4,i2,i2,i2,i2)')yr,mo,dy,hr,mn
            1888     2               !        ssttau = mod(tau+0.001, 24.)
            1889     2                       tauhr=float(hr)+tauleft/3600.
            1890     2               
            1891     2               
            1892     2                       allocate(sstm(nxp))
            1893     2                       allocate(rstm(nxp))
            1894     2                       allocate(hfluxtm(nxp))
            1895     2                       allocate(qfluxtm(nxp))
            1896     2                       allocate(u10tm(nxp))
            1897     2                       allocate(v10tm(nxp))
            1898     2                       allocate(rlsptm(nxp))
            1899     2                       allocate(rcuptm(nxp))
            1900     2                       allocate(ustartm(nxp))
            1901     2                       allocate(t2tm(nxp))
            1902     2                       allocate(rh2tm(nxp))
            1903     2                       allocate(psttm(nxp))
            1904     2                       allocate(cicetm(nxp))
            1905     2                       allocate(snrtm(nxp))
            1906     2                       allocate(zicetm(nxp))
            1907     2                       allocate(xticetm(nxp))
            1908     2                       allocate(obswtbtm(nxp))
            1909     2                       allocate(tgtm(nxp))
            1910     2               
            1911     3                       if (jj .eq. 1) then
            1912     3                         dtfsit=dtfsit+dtsit
            1913     3                       endif
                                   <<< Loop-information Start >>>
                                   <<<  [OPTIMIZATION]
                                   <<<    PREFETCH(HARD) Expected by compiler :
                                   <<<      sitlat, sitlon
                                   <<<    SPILLS :
                                   <<<      GENERAL   : SPILL 18  FILL 102
                                   <<<      SIMD&FP   : SPILL 3  FILL 10
                                   <<<      SCALABLE  : SPILL 0  FILL 0
                                   <<<      PREDICATE : SPILL 0  FILL 0
                                   <<< Loop-information  End >>>
            1914     3                       do ii = 1, nxj
            1915     3                         i=nxjstart(j)+ii-1
            1916     3                         sitlat(ii)=xlat(j)
            1917     4                         IF(xlon(i,jj).LT. 0.) THEN
            1918     4                           sitlon(ii,jj)=xlon(i,jj)+360.
            1919     4                         ELSE
            1920     4                           sitlon(ii,jj)=xlon(i,jj)
            1921     4                         ENDIF
            1922     3               
            1923     4                         if (.NOT. lrun_sitvdiff .or. ic_sit .eq. 1) then
            1924     4                           ssfsit(ii,jj)=ssfsit(ii,jj)+ss_adj(ii)*dtsit
            1925     4                           rsfsit(ii,jj)=rsfsit(ii,jj)+rs_adj(ii)*dtsit
            1926     4                           hfluxfsit(ii,jj)=hfluxfsit(ii,jj)+hflux(ii,jj)*dtsit
            1927     4                           qfluxfsit(ii,jj)=qfluxfsit(ii,jj)+qflux(ii,jj)*dtsit
            1928     4                           u10fsit(ii,jj)=u10fsit(ii,jj)+u10(ii,jj)*dtsit
            1929     4                           v10fsit(ii,jj)=v10fsit(ii,jj)+v10(ii,jj)*dtsit
            1930     4                           rlspfsit(ii,jj)=rlspfsit(ii,jj)+rlsp(ii,jj)*dtsit
            1931     4                           rcupfsit(ii,jj)=rcupfsit(ii,jj)+rcup(ii,jj)*dtsit
            1932     4                           ustarfsit(ii,jj)=ustarfsit(ii,jj)+ustar(ii,jj)*dtsit
            1933     4                           t2fsit(ii,jj)=t2fsit(ii,jj)+t2(ii,jj)*dtsit
            1934     4                           rh2fsit(ii,jj)=rh2fsit(ii,jj)+rh2(ii,jj)*dtsit
            1935     4                           pstfsit(ii,jj)=pstfsit(ii,jj)+pst(ii,jj)*dtsit
            1936     4                           cicefsit(ii,jj)=cicefsit(ii,jj)+cice(ii,jj)*dtsit
            1937     4                           snrfsit(ii,jj)=snrfsit(ii,jj)+snr(ii,jj)*dtsit
            1938     4                           zicefsit(ii,jj)=zicefsit(ii,jj)+zice(ii,jj)*dtsit
            1939     4                           xticefsit(ii,jj)=xticefsit(ii,jj)+xtice(ii,jj)*dtsit
            1940     4                           obswtbfsit(ii,jj)=obswtbfsit(ii,jj)+obswtbnow(ii,jj)*dtsit
            1941     4                           tgfsit(ii,jj)=tgfsit(ii,jj)+tg(ii,jj)*dtsit
            1942     4                         endif
            1943     3               
            1944     4                         if(lrun_sitvdiff)then
            1945     5                           if(ic_sit .eq. 1) then
            1946     5                             sstm(ii)=ssfsit(ii,jj)/dtfsit
            1947     5                             rstm(ii)=rsfsit(ii,jj)/dtfsit
            1948     5                             hfluxtm(ii)=hfluxfsit(ii,jj)/dtfsit
            1949     5                             qfluxtm(ii)=qfluxfsit(ii,jj)/dtfsit
            1950     5                             u10tm(ii)=u10fsit(ii,jj)/dtfsit
            1951     5                             v10tm(ii)=v10fsit(ii,jj)/dtfsit
            1952     5                             rlsptm(ii)=rlspfsit(ii,jj)/dtfsit
            1953     5                             rcuptm(ii)=rcupfsit(ii,jj)/dtfsit
            1954     5                             ustartm(ii)=ustarfsit(ii,jj)/dtfsit
            1955     5                             t2tm(ii)=t2fsit(ii,jj)/dtfsit
            1956     5                             rh2tm(ii)=rh2fsit(ii,jj)/dtfsit
            1957     5                             psttm(ii)=pstfsit(ii,jj)/dtfsit
            1958     5                             cicetm(ii)=cicefsit(ii,jj)/dtfsit
            1959     5                             snrtm(ii)=snrfsit(ii,jj)/dtfsit
            1960     5                             zicetm(ii)=zicefsit(ii,jj)/dtfsit
            1961     5                             xticetm(ii)=xticefsit(ii,jj)/dtfsit
            1962     5                             obswtbtm(ii)=obswtbfsit(ii,jj)/dtfsit
            1963     5                             tgtm(ii)=tgfsit(ii,jj)/dtfsit
            1964     5               
            1965     5               
            1966     5                             ssfsit(ii,jj)=0.
            1967     5                             rsfsit(ii,jj)=0.
            1968     5                             hfluxfsit(ii,jj)=0.
            1969     5                             qfluxfsit(ii,jj)=0.
            1970     5                             u10fsit(ii,jj)=0.
            1971     5                             v10fsit(ii,jj)=0.
            1972     5                             rlspfsit(ii,jj)=0.
            1973     5                             rcupfsit(ii,jj)=0.
            1974     5                             ustarfsit(ii,jj)=0.
            1975     5                             t2fsit(ii,jj)=0.
            1976     5                             rh2fsit(ii,jj)=0.
            1977     5                             pstfsit(ii,jj)=0.
            1978     5                             cicefsit(ii,jj)=0.
            1979     5                             snrfsit(ii,jj)=0.
            1980     5                             zicefsit(ii,jj)=0.
            1981     5                             xticefsit(ii,jj)=0.
            1982     5                             obswtbfsit(ii,jj)=0.
            1983     5                             tgfsit(ii,jj)=0.
            1984     5                           else
            1985     5                             sstm(ii)=ss_adj(ii)
            1986     5                             rstm(ii)=rs_adj(ii)
            1987     5                             hfluxtm(ii)=hflux(ii,jj)
            1988     5                             qfluxtm(ii)=qflux(ii,jj)
            1989     5                             u10tm(ii)=u10(ii,jj)
            1990     5                             v10tm(ii)=v10(ii,jj)
            1991     5                             rlsptm(ii)=rlsp(ii,jj)
            1992     5                             rcuptm(ii)=rcup(ii,jj)
            1993     5                             ustartm(ii)=ustar(ii,jj)
            1994     5                             t2tm(ii)=t2(ii,jj)
            1995     5                             rh2tm(ii)=rh2(ii,jj)
            1996     5                             psttm(ii)=pst(ii,jj)
            1997     5                             cicetm(ii)=cice(ii,jj)
            1998     5                             snrtm(ii)=snr(ii,jj)
            1999     5                             zicetm(ii)=zice(ii,jj)
            2000     5                             xticetm(ii)=xtice(ii,jj)
            2001     5                             obswtbtm(ii)=obswtbnow(ii,jj)
            2002     5                             tgtm(ii)=tg(ii,jj)
            2003     5                             dtfsit=dtsit
            2004     5                           endif
            2005     4               
            2006     4                           fluxw(ii,jj)=-(1.-cicetm(ii))*(sstm(ii)-rstm(ii)-hfluxtm(ii)-qfluxtm(ii))
            2007     4                           fluxi(ii,jj)=-cicetm(ii)*(sstm(ii)-rstm(ii)-hfluxtm(ii)-qfluxtm(ii))
            2008     4                           soflw(ii,jj)=(1.-cicetm(ii))*sstm(ii)
            2009     4                           sofli(ii,jj)=cicetm(ii)*sstm(ii)
            2010     4                           wind10w(ii,jj)=sqrt(u10tm(ii)**2+v10tm(ii)**2)
            2011     4                           obsseaice(ii,jj)=cicetm(ii)
            2012     4                           evapw(ii,jj)=-qfluxtm(ii)/hltm
            2013     4                           rsf(ii,jj)=(rlsptm(ii)+rcuptm(ii))/dta
            2014     4               
            2015     4                           !ustrw, vstrw
            2016     4                           rnuw = 1.14E-6
            2017     4                           z0w = 0.11*rnuw/ustartm(ii)+0.1*SQRT(rnuw*ustartm(ii)/grav) &
            2018     4                                  +0.015*ustartm(ii)**2/grav  ! Kraus & Businger(1994, page 146)
            2019     4                           d0w = 0.
            2020     4               
            2021     4                           Pairvapor= AirVaporPressure(t2tm(ii),rh2tm(ii))
            2022     4                           rhoa = 100.*psttm(ii)/(287.04*t2tm(ii))*(1.0-0.378*Pairvapor/psttm(ii))
            2023     4                                ! 287.04 [k.g-1.K-1]  Gas constant of dry air
            2024     4                           liw = -(0.4*grav*((hfluxtm(ii)/(t2tm(ii)*cp)+0.61*(qfluxtm(ii)/hltm)))/(ustartm(ii)**3.)*rhoa)
            2025     4                           ps1w = log((10.0-d0w)/z0w)-CalcSm((10.0-d0w)*liw,z0w,liw)+CalcSm(z0w*liw,z0w,liw)
            2026     4                           ustra = u10tm(ii)*0.4/ps1w
            2027     4                           vstra = v10tm(ii)*0.4/ps1w
            2028     4                           ustrw(ii,jj) = rhoa*ustra**2
            2029     4                           vstrw(ii,jj) = rhoa*vstra**2
            2030     4               
            2031     4                           !in&out
            2032     4                           seaice(ii,jj)=cicetm(ii)
            2033     4                           thickness(ii,jj)=zicetm(ii)
            2034     4                           sni(ii,jj)=snrtm(ii)/1000.   !mm->m
            2035     4                           t_surf   =obswtbtm(ii)
            2036     4                           t_surf = MAX( t_surf, ctfreez )
            2037     4                           tsi(ii,jj)= MIN( t_surf, ctfreez )
            2038     4                           obswtb(ii,jj)=obswtbtm(ii)
            2039     4                           tsw(ii,jj)=tg(ii,jj)
            2040     4                           dtswdt(ii,jj)=0.
            2041     4               
            2042     4                         endif    !end (lrun_sitvdiff)
            2043     3                       enddo    !end i=1,nxj
            2044     2               
            2045     3                       if(lrun_sitvdiff) then
                                   <<< Loop-information Start >>>
                                   <<<  [PARALLELIZATION]
                                   <<<    Standard iteration count: 6
                                   <<<  [OPTIMIZATION]
                                   <<<    SIMD(VL: 8)
                                   <<<    SOFTWARE PIPELINING(IPC: 3.00, ITR: 144, MVE: 5, POL: S)
                                   <<<    PREFETCH(HARD) Expected by compiler :
                                   <<<      zsi, silw, tsnic, obswt, obsws, obswu
                                   <<<      obswv, sitwt, sitwu, sitwv, sitww, sitws
                                   <<<      sitwtke, wlmx, wldisp, wkm, wkh
                                   <<<      wrho1000, wtfn, wsfn, wtfn0, wsfn0
                                   <<<      awufl, awvfl, awtfl, awsfl, awtfl0
                                   <<<      awsfl0, awtkefl, oldsitwt, oldsitwu
                                   <<<      oldsitwv, oldsitww, oldsitws, oldsitwtke
                                   <<<      sftobswt, (unknown)
                                   <<< Loop-information  End >>>
            2046     3  pp   2v               call sit_vdiff ( nxjp(j), nxp, jj, istep, dtfsit,             &
            2047     3                             sitlat, sitlon(:,jj), tau, tauhr,                        &
            2048     3                             sitcor(:,jj), slm(:,jj), sitlclass(:,jj),                &
            2049     3                             sitmask(:,jj), bathy(:,jj), wlvl(:,jj),   &
            2050     3                             ocnmask(:,jj), obox_mask(:,jj),                          &
            2051     3               !            ! - same as lake and ml_ocean
            2052     3                             fluxw(:,jj), dfluxs(:,jj), soflw(:,jj),                  &
            2053     3                             fluxi(:,jj), sofli(:,jj),                                &
            2054     3               !            ! - 1D from mo_memory_g3b (wind stress)
            2055     3                             ustrw(:,jj), vstrw(:,jj),                                &
            2056     3               !            ! -    water mass variables(rain, snow, evap and runoff):
            2057     3                             rsf(:,jj), ssf(:,jj), evapw(:,jj), disch(:,jj),          &
            2058     3               !            ! - 1D from mo_memory_g3b
            2059     3               !              t2(:,j), wind10w(:,jj),                                 &
            2060     3                             t2tm(:), wind10w(:,jj),                               &
            2061     3               !            ! - 1D from mo_memory_g3b (sit variables)
            2062     3               !              obsseaice(:,jj), obswtbtm(:,jj), obswsb(:,jj),           &
            2063     3                             obsseaice(:,jj), obswtb(:,jj), obswsb(:,jj),           &
            2064     3                             sitwtb(:,jj), sitwub(:,jj), sitwvb(:,jj),                &
            2065     3                             sitwsb(:,jj), fluxiw(:,jj), pme2(:,jj),                  &
            2066     3                             subfluxw(:,jj), wsubsal(:,jj),                           &
            2067     3                             sitcc(:,jj), sithc(:,jj), engwac(:,jj),                  &
            2068     3                             sc(:,jj), saltwac(:,jj), wtfns(:,jj), wsfns(:,jj),       &
            2069     3               !            ! 3-d SIT vars: snow/ice
            2070     3                             zsi(:,jj,0:1), silw(:,jj,0:1), tsnic(:,jj,0:3),          &
            2071     3               !            ! 3-d SIT vars: water column
            2072     3                             obswt(:,jj,0:lkvl+1),obsws(:,jj,0:lkvl+1),               &
            2073     3                             obswu(:,jj,0:lkvl+1),obswv(:,jj,0:lkvl+1),               &
            2074     3                             sitwt(:,jj,0:lkvl+1),sitwu(:,jj,0:lkvl+1),               &
            2075     3                             sitwv(:,jj,0:lkvl+1),sitww(:,jj,0:lkvl+1),               &
            2076     3                             sitws(:,jj,0:lkvl+1),sitwtke(:,jj,0:lkvl+1),             &
            2077     3                             wlmx(:,jj,0:lkvl+1),wldisp(:,jj,0:lkvl+1),               &
            2078     3                             wkm(:,jj,0:lkvl+1),wkh(:,jj,0:lkvl+1),                   &
            2079     3                             wrho1000(:,jj,0:lkvl+1),wtfn(:,jj,0:lkvl+1),             &
            2080     3                             wsfn(:,jj,0:lkvl+1), wtfn0(:,jj,0:lkvl+1),               &
            2081     3                             wsfn0(:,jj,0:lkvl+1),awufl(:,jj,0:lkvl+1),               &
            2082     3                             awvfl(:,jj,0:lkvl+1),awtfl(:,jj,0:lkvl+1),               &
            2083     3                             awsfl(:,jj,0:lkvl+1),awtfl0(:,jj,0:lkvl+1),              &
            2084     3                             awsfl0(:,jj,0:lkvl+1),awtkefl(:,jj,0:lkvl+1),            &
            2085     3               !             ! final output only
            2086     3               !              cice(:,j), snr(:,j), zice(:,j), xtice(:,j), tg(:,j),    &
            2087     3                             seaice(:,jj),sni(:,jj),thickness(:,jj),xticetm(:),    &
            2088     3                             tsw(:,jj), tsl(:,jj), tslm(:,jj), tslm1(:,jj),           &
            2089     3                             ocu(:,jj), ocv(:,jj),  ctfreez2(:,jj),                   &
            2090     3               !            ! implicit with vdiff
            2091     3                             grndcapc(:,jj), grndhflx(:,jj), grndflux(:,jj),          &
            2092     3                             oldsitwt(:,jj,0:lkvl+1,0:1),oldsitwu(:,jj,0:lkvl+1,0:1), &
            2093     3                             oldsitwv(:,jj,0:lkvl+1,0:1),oldsitww(:,jj,0:lkvl+1,0:1), &
            2094     3                            oldsitws(:,jj,0:lkvl+1,0:1),oldsitwtke(:,jj,0:lkvl+1,0:1),&
            2095     3                             dtswdt(:,jj), sftobswt(:,jj,0:lkvl+1) )
            2096     3               
            2097     4                         if(jj .eq. 1) then
            2098     4                           dtsittau=dtsittau+dtfsit
            2099     4                           dtsitmon=dtsitmon+dtfsit
            2100     4                           dtsit24=dtsit24+dtfsit
            2101     4                         endif
            2102     3                         call storesittau(nxjp(j),jj,nxp,my_max,lkvl,sitwt,sitws,sitwu,sitwv,dtfsit)
            2103     3                         call storesit24(nxjp(j),jj,nxp,my_max,lkvl,sitwt,sitws,sitwu,sitwv,dtfsit)
            2104     3               
            2105     3                       endif  !end lrun_sitvdiff
            2106     2               
            2107     2                       deallocate(sstm)
            2108     2                       deallocate(rstm)
            2109     2                       deallocate(hfluxtm)
            2110     2                       deallocate(qfluxtm)
            2111     2                       deallocate(u10tm)
            2112     2                       deallocate(v10tm)
            2113     2                       deallocate(rlsptm)
            2114     2                       deallocate(rcuptm)
            2115     2                       deallocate(ustartm)
            2116     2                       deallocate(t2tm)
            2117     2                       deallocate(rh2tm)
            2118     2                       deallocate(psttm)
            2119     2                       deallocate(cicetm)
            2120     2                       deallocate(snrtm)
            2121     2                       deallocate(zicetm)
            2122     2                       deallocate(xticetm)
            2123     2                       deallocate(obswtbtm)
            2124     2                       deallocate(tgtm)
            2125     3                       if(jj .eq. jlistnum) then
            2126     3                         if (lrun_sitvdiff) dtfsit=0.
            2127     3                       endif
            2128     2               
            2129     2                     endif  !end do_sit
            2130     1               
            2131     1               
            2132     1               !=======================================================================
            2133     1               ! Cal. SST tendency (dtsea/dt)
            2134     1               !=======================================================================
            2135     1                     dtx_tau=dt/3600.
            2136     2                     if(ldailyFCTsst .OR. ldailyFCTicesndpt .OR. dailyClm_option.ge.1) then
            2137     3                       if(itimestep .le. 1) then
                                   <<< Loop-information Start >>>
                                   <<<  [PARALLELIZATION]
                                   <<<    Standard iteration count: 297
                                   <<<  [OPTIMIZATION]
                                   <<<    SIMD(VL: 8)
                                   <<<    SOFTWARE PIPELINING(IPC: 3.12, ITR: 56, MVE: 3, POL: S)
                                   <<<    PREFETCH(HARD) Expected by compiler :
                                   <<<      ocean, tseaold, obswtbold, tseadiffFCT
                                   <<<      tseanow, obswtbnow, dFCTsstdt, dtseadt
                                   <<< Loop-information  End >>>
            2138     4  pp    v                do ii = 1,nxj
            2139     4   p    v                  i=nxjstart(j)+ii-1
            2140     4   p    v                  dtseadt(ii,jj)=0.
            2141     4   p    v                  dFCTsstdt(ii,jj)=0.
            2142     4   p    v                  obswtbnow(ii,jj)=dta*dFCTsstdt(ii,jj)+obswtbold(ii,jj)
            2143     5   p    v                  if(ocean(ii,jj))then
            2144     5   p    v                    tseadiffFCT(ii,jj)=dta*dFCTsstdt(ii,jj)
            2145     5   p    v                    tseanow(ii,jj)=dta*dFCTsstdt(ii,jj)+ tseaold(ii,jj)
            2146     5   p    v                  endif
            2147     4   p    v                end do
            2148     3                       endif
            2149     3                       if((tau .ge. 24.)) then
                                   <<< Loop-information Start >>>
                                   <<<  [PARALLELIZATION]
                                   <<<    Standard iteration count: 69
                                   <<<  [OPTIMIZATION]
                                   <<<    SIMD(VL: 8)
                                   <<<    UNSWITCHING
                                   <<<    PREFETCH(HARD) Expected by compiler :
                                   <<<      ocean, dFCTsstdt, obswtbold, obswtbnew
                                   <<<      obswtbnow, sitmask, countdSITdt, dtswdt
                                   <<<      sumdSITdt, ratioSIT, tseadiffSIT24
                                   <<<      tseadiffSIT, tseadiffFCT, dtseadt
                                   <<<      tseadiffFCT24, ssst3d
                                   <<<    SPILLS :
                                   <<<      GENERAL   : SPILL 0  FILL 6
                                   <<<      SIMD&FP   : SPILL 0  FILL 0
                                   <<<      SCALABLE  : SPILL 0  FILL 0
                                   <<<      PREDICATE : SPILL 0  FILL 0
                                   <<< Loop-information  End >>>
            2150     4  pp    v                do ii = 1,nxj
            2151     4   p    v                  i=nxjstart(j)+ii-1
            2152     4   p    v                  dtseadt(ii,jj)=0.
            2153     4   p    v                  tseadiffFCT(ii,jj)=0.
            2154     5   p    v                  if(ocean(ii,jj))then
            2155     5   p    v                    obswtbnew(ii,jj)=dta*dFCTsstdt(ii,jj)+obswtbold(ii,jj)
            2156     5   p    v                    obswtbold(ii,jj)=obswtbnow(ii,jj)
            2157     5   p    v                    obswtbnow(ii,jj)=obswtbnew(ii,jj)
            2158     5                             ! sea surface temperature tendency
            2159     5   p    v                    dtseadt(ii,jj)=dFCTsstdt(ii,jj)
            2160     5   p    v                    tseadiffFCT(ii,jj)=dta*dFCTsstdt(ii,jj)
            2161     6   p    v                    if(do_sit) then
            2162     7   p    v                      if(sitmask(ii,jj) .EQ. 1.) then
            2163     8   p    v                        if(lrun_sitvdiff .AND. ltrigsit )then
            2164     8   p    v                          tseadiffSIT(ii,jj)=0.
            2165     8   p    v                          sumdSITdt(ii,jj)=sumdSITdt(ii,jj)+dtswdt(ii,jj)
            2166     8   p    v                          countdSITdt(ii,jj)=countdSITdt(ii,jj)+1.
            2167     8   p    v                        endif
            2168     7               
            2169     7   p    v                        dtaup = mod(tau+0.001, dSITdt_intv)
            2170     8   p    v                        if( (dSITdt_intv .lt. 0.) .OR. (dtaup .lt. dtx_tau) )then
            2171     9   p    v                          if(countdSITdt(ii,jj) .ge. 1.) then
            2172     9   p    v                            tseadiffFCT(ii,jj)=dta * (1.-weightSIT*ratioSIT(ii,jj)) * dFCTsstdt(ii,jj)
            2173     9   p    v                            tseadiffSIT(ii,jj)=dta * weightSIT*ratioSIT(ii,jj) * (sumdSITdt(ii,jj)/countdSITdt(ii,jj))
            2174     9   p    v                            tseadiffSIT24(ii,jj)=tseadiffSIT24(ii,jj)+tseadiffSIT(ii,jj)/dta*dt
            2175     9                                     ! sea surface temperature tendency
            2176     9   p    v                            dtseadt(ii,jj)=(1.-weightSIT*ratioSIT(ii,jj)) * dFCTsstdt(ii,jj) &
            2177     9                                                 + weightSIT * ratioSIT(ii,jj) * (sumdSITdt(ii,jj)/countdSITdt(ii,jj))
            2178     9   p    v                            sumdSITdt(ii,jj)=0.
            2179     9   p    v                            countdSITdt(ii,jj)=0.
            2180     9   p    v                          endif
            2181     8   p    v                        endif
            2182     7   p    v                      endif ! end if sitmask(ii,jj) .EQ. 1
            2183     6   p    v                    endif ! end if do_sit
            2184     5               
            2185     6   p    v                    if (dossst) then
            2186     6   p    v                      dtseadt(ii,jj) = dtseadt(ii,jj) * (ssst3d(ii,1,jj) + 1.)
            2187     6   p    v                    endif
            2188     5   p    v                    tseadiffFCT24(ii,jj)=tseadiffFCT24(ii,jj)+tseadiffFCT(ii,jj)/dta*dt
            2189     5   p    v                  endif !end if(ocean)
            2190     4   p    v                end do  !end ii
            2191     3                       endif  !end if(tau .ge. 24.)
            2192     2                     endif !end if(ldailyFCTsst....)
            2193     1               
            2194     1               
            2195     1               !=======================================================================
            2196     1               ! Add SPPT pertubation
            2197     1               !=======================================================================
            2198     1               #ifdef VERBOSE
            2199     1                     ! Save u, v, t, and q for SPPT
            2200     1                     ut_update(1:nxj,1:lev,jj)      = ut(1:nxj,1:lev,jj)
            2201     1                     vt_update(1:nxj,1:lev,jj)      = vt(1:nxj,1:lev,jj)
            2202     1                     tt_update(1:nxj,1:lev,jj)      = tt(1:nxj,1:lev,jj)
            2203     1                     qt_update(1:nxj,1:lev*ncld,jj) = qt(1:nxj,1:lev*ncld,jj)
            2204     1               #endif
            2205     1                     ! sppt tendencies
            2206     2                     if (dosppt) then
                                   <<< Loop-information Start >>>
                                   <<<  [PARALLELIZATION]
                                   <<<    Standard iteration count: 2
                                   <<<  [OPTIMIZATION]
                                   <<<    UNSWITCHING
                                   <<< Loop-information  End >>>
            2207     3  pp                   do k=1,lev
            2208     3   p                     kc=lev-k+1
                                   <<< Loop-information Start >>>
                                   <<<  [OPTIMIZATION]
                                   <<<    SIMD(VL: 8)
                                   <<<    PREFETCH(HARD) Expected by compiler :
                                   <<<      dtradc, tt, sppt3d, tt_save_sppt, qt
                                   <<<      qt_save_sppt, ut, ut_save_sppt, vt
                                   <<<      vt_save_sppt, zmtnblck
                                   <<< Loop-information  End >>>
            2209     4   p    v                do i=1,nxj
            2210     4   p    v                  vru=1.
            2211     5   p    v                  if (kc.gt.zmtnblck(i)+2) then
            2212     5   p    v                     vru=1.0
            2213     5   p    v                  endif
            2214     5   p    v                  if (kc.le.zmtnblck(i)) then
            2215     5   p    v                     vru=0.0
            2216     5   p    v                  endif
            2217     5   p    v                  if (kc.eq.zmtnblck(i)+1) then
            2218     5   p    v                     vru=0.333333
            2219     5   p    v                  endif
            2220     5   p    v                  if (kc.eq.zmtnblck(i)+2) then
            2221     5   p    v                     vru=0.666667
            2222     5   p    v                  endif
            2223     4               
            2224     4   p    v                  ru = sppt3d(i,k,jj) + 1.
            2225     4   p    v                  if (use_zmtnblck) ru = (ru - 1.) * vru + 1.
            2226     4               
            2227     4   p    v                  dtdtr = dtradc(i,k,jj) * dta / 86400.
            2228     4   p    v                  upert = ( ut(i,k,jj) - ut_save_sppt(i,k,jj) ) * ru
            2229     4   p    v                  vpert = ( vt(i,k,jj) - vt_save_sppt(i,k,jj) ) * ru
            2230     4   p    v                  tpert = ( tt(i,k,jj) - tt_save_sppt(i,k,jj) - dtdtr ) * ru
            2231     4   p    v                  qpert = ( qt(i,k,jj) - qt_save_sppt(i,k,jj) ) * ru
            2232     4               
            2233     4   p    v                  ut(i,k,jj) = ut_save_sppt(i,k,jj) + upert
            2234     4   p    v                  vt(i,k,jj) = vt_save_sppt(i,k,jj) + vpert
            2235     4               
            2236     4                           !negative humidity check
            2237     4   p    v                  qnew = qt_save_sppt(i,k,jj) + qpert
            2238     5   p    v                  if ( qnew .ge. qmin ) then
            2239     5   p    v                     qt(i,k,jj) = qnew
            2240     5   p    v                     tt(i,k,jj) = tt_save_sppt(i,k,jj) + tpert + dtdtr
            2241     5   p    v                  endif
            2242     4   p    v                enddo
            2243     3   p                   enddo
            2244     2                     endif
            2245     1               
            2246     1                     ! SHUM process
            2247     2                     if (doshum) then
                                   <<< Loop-information Start >>>
                                   <<<  [PARALLELIZATION]
                                   <<<    Standard iteration count: 2
                                   <<<  [OPTIMIZATION]
                                   <<<    PREFETCH(HARD) Expected by compiler :
                                   <<<      shum3d, qt
                                   <<< Loop-information  End >>>
            2248     3  pp                     do k=1,lev
                                   <<< Loop-information Start >>>
                                   <<<  [OPTIMIZATION]
                                   <<<    SIMD(VL: 8)
                                   <<<    SOFTWARE PIPELINING(IPC: 3.75, ITR: 240, MVE: 7, POL: S)
                                   <<<    PREFETCH(HARD) Expected by compiler :
                                   <<<      qt, shum3d
                                   <<< Loop-information  End >>>
            2249     4   p   2v                  do i=1,nxj
            2250     4   p   2v                    ru=shum3d(i,k,jj)
            2251     4   p   2v                    qt(i,k,jj) = qt(i,k,jj)*(1.+ru)
            2252     4   p   2v                  enddo
            2253     3   p                     enddo
            2254     2                     endif
            2255     1               
            2256     1               #ifdef VERBOSE
            2257     1                     ! Save u, v, t, and q for SPPT
            2258     1                     ut_sppt(1:nxj,1:lev     ,jj) = ut(1:nxj,1:lev     ,jj)
            2259     1                     vt_sppt(1:nxj,1:lev     ,jj) = vt(1:nxj,1:lev     ,jj)
            2260     1                     tt_sppt(1:nxj,1:lev     ,jj) = tt(1:nxj,1:lev     ,jj)
            2261     1                     qt_sppt(1:nxj,1:lev*ncld,jj) = qt(1:nxj,1:lev*ncld,jj)
            2262     1               #endif
            2263     1               
            2264     1                   !--------------------------------------------------------------------------------
            2265     1                   !     weight back u and v by cosl/radus and
            2266     1                   !     change real temp back to virtual potential temperature
            2267     1                   !--------------------------------------------------------------------------------
            2268     1                     yy = cosl(j) / radus
                                   <<< Loop-information Start >>>
                                   <<<  [PARALLELIZATION]
                                   <<<    Standard iteration count: 2
                                   <<< Loop-information  End >>>
            2269     2  pp                 do  k = 1, lev
                                   <<< Loop-information Start >>>
                                   <<<  [OPTIMIZATION]
                                   <<<    SIMD(VL: 8)
                                   <<<    PREFETCH(HARD) Expected by compiler :
                                   <<<      qt, pk, tt, vt, ut
                                   <<< Loop-information  End >>>
            2270     3   p    v              do  i = 1, nxj
            2271     3   p    v                ut(i,k,jj) = ut(i,k,jj)*yy
            2272     3   p    v                vt(i,k,jj) = vt(i,k,jj)*yy
            2273     3   p    v                tt(i,k,jj) = tt(i,k,jj)*(1.0+0.608*qt(i,k,jj))/pk(i,k,jj)
            2274     3   p    v              enddo
            2275     2   p                 enddo
            2276     1               
            2277     1                 290 continue  ! end of big j-loop for diabatic calculation
            2278                     
            2279                     #ifdef VERBOSE
            2280                           if (myrank == 0) write(6,'(a18,a3,3(1x,a15))')'u wind','k','mean','variance','std. dev.'
            2281                           do k=1,lev
            2282                             call check_global_values(ut_save_sppt(:,k,:),k,'diabat before phys')
            2283                             call check_global_values(ut_pbl      (:,k,:),k,'diabat after   pbl')
            2284                             call check_global_values(ut_cmls     (:,k,:),k,'diabat after  cmls')
            2285                             call check_global_values(ut_update   (:,k,:),k,'diabat after  phys')
            2286                             call check_global_values(ut_sppt     (:,k,:),k,'diabat after  sppt')
            2287                           enddo
            2288                           if (myrank == 0) write(6,'(a18,a3,3(1x,a15))')'v wind','k','mean','variance','std. dev.'
            2289                           do k=1,lev
            2290                             call check_global_values(vt_save_sppt(:,k,:),k,'diabat before phys')
            2291                             call check_global_values(vt_pbl      (:,k,:),k,'diabat after   pbl')
            2292                             call check_global_values(vt_cmls     (:,k,:),k,'diabat after  cmls')
            2293                             call check_global_values(vt_update   (:,k,:),k,'diabat after  phys')
            2294                             call check_global_values(vt_sppt     (:,k,:),k,'diabat after  sppt')
            2295                           enddo
            2296                           if (myrank == 0) write(6,'(a18,a3,3(1x,a15))')'temperature','k','mean','variance','std. dev.'
            2297                           do k=1,lev
            2298                             call check_global_values(tt_save_sppt(:,k,:),k,'diabat before phys')
            2299                             call check_global_values(tt_pbl      (:,k,:),k,'diabat after   pbl')
            2300                             call check_global_values(tt_cmls     (:,k,:),k,'diabat after  cmls')
            2301                             call check_global_values(tt_update   (:,k,:),k,'diabat after  phys')
            2302                             call check_global_values(tt_sppt     (:,k,:),k,'diabat after  sppt')
            2303                           enddo
            2304                           if (myrank == 0) write(6,'(a18,a3,3(1x,a15))')'specific humidity','k','mean','variance','std. dev.'
            2305                           do k=1,lev
            2306                             call check_global_values(qt_save_sppt(:,k,:),k,'diabat before phys')
            2307                             call check_global_values(qt_pbl      (:,k,:),k,'diabat after   pbl')
            2308                             call check_global_values(qt_cmls     (:,k,:),k,'diabat after  cmls')
            2309                             call check_global_values(qt_update   (:,k,:),k,'diabat after  phys')
            2310                             call check_global_values(qt_sppt     (:,k,:),k,'diabat after  sppt')
            2311                           enddo
            2312                     #endif
            2313                     
            2314                     !--------------------------------------------------------------------------------
            2315                     !     update o3l to qt
            2316                     !--------------------------------------------------------------------------------
            2317     1                     if(ntoz.gt.0)then
                                   <<< Loop-information Start >>>
                                   <<<  [PARALLELIZATION]
                                   <<<    Standard iteration count: 2
                                   <<< Loop-information  End >>>
            2318     2  pp                   do jj=1, jlistnum
            2319     2   p                      j=jlist1(jj)
            2320     2   p                      nxj=nxdef_2d(j)
                                   <<< Loop-information Start >>>
                                   <<<  [OPTIMIZATION]
                                   <<<    PREFETCH(HARD) Expected by compiler :
                                   <<<      o3l, qt
                                   <<< Loop-information  End >>>
            2321     3   p                      do k = 1, lev
            2322     3   p                        kk = (ntoz-1)*lev+k
                                   <<< Loop-information Start >>>
                                   <<<  [OPTIMIZATION]
                                   <<<    SIMD(VL: 8)
                                   <<<    SOFTWARE PIPELINING(IPC: 3.00, ITR: 144, MVE: 5, POL: S)
                                   <<<    PREFETCH(HARD) Expected by compiler :
                                   <<<      o3l, qt
                                   <<< Loop-information  End >>>
            2323     4   p   2v                   do i = 1, nxj
            2324     4   p   2v                     qt(i,kk,jj) = o3l(i,k,jj)
            2325     4   p   2v                   enddo
            2326     3   p                      enddo
            2327     2   p                    enddo
            2328     1                     endif
            2329                     !
            2330                     !      call mpe_global_sum(xkmd  ,lev,mpe_double)
            2331                     !      call mpe_global_sum(dtcupd,lev,mpe_double)
            2332                     !      call mpe_global_sum(dqcupd,lev,mpe_double)
            2333                     
            2334                           !  compute accumulated rain (mm)
                                   <<< Loop-information Start >>>
                                   <<<  [PARALLELIZATION]
                                   <<<    Standard iteration count: 2
                                   <<<  [OPTIMIZATION]
                                   <<<    PREFETCH(HARD) Expected by compiler :
                                   <<<      rlsp, rainlp, rainlp3, rcup, raincu
                                   <<<      raincu6, raincu3, rainlp1, raincu1
                                   <<<      raintot, rainlp6, totalp
                                   <<< Loop-information  End >>>
            2335     1  pp                 do jj =1, jlistnum
            2336     1   p                   j=jlist1(jj)
            2337     1   p                   nxj=nxdef_2d(j)
                                   <<< Loop-information Start >>>
                                   <<<  [OPTIMIZATION]
                                   <<<    SIMD(VL: 8)
                                   <<<    SOFTWARE PIPELINING(IPC: 2.75, ITR: 40, MVE: 3, POL: S)
                                   <<<    PREFETCH(HARD) Expected by compiler :
                                   <<<      rainlp, rlsp, raincu, raincu6, raincu3
                                   <<<      raincu1, rainlp3, raintot, rcup, rainlp1
                                   <<<      rainlp6, totalp
                                   <<< Loop-information  End >>>
            2338     2   p    v              do i = 1,nxj
            2339     2   p    v                totalp(i,jj) = (rcup(i,jj)  + rlsp(i,jj))*rainfc
            2340     2   p    v                raincu(i,jj) = raincu(i,jj) + rcup(i,jj)*rainfc
            2341     2   p    v                rainlp(i,jj) = rainlp(i,jj) + rlsp(i,jj)*rainfc
            2342     2   p    v                raincu1(i,jj)= raincu1(i,jj)+ rcup(i,jj)*rainfc
            2343     2   p    v                rainlp1(i,jj)= rainlp1(i,jj)+ rlsp(i,jj)*rainfc
            2344     2   p    v                raincu3(i,jj)= raincu3(i,jj)+ rcup(i,jj)*rainfc
            2345     2   p    v                rainlp3(i,jj)= rainlp3(i,jj)+ rlsp(i,jj)*rainfc
            2346     2   p    v                raincu6(i,jj)= raincu6(i,jj)+ rcup(i,jj)*rainfc
            2347     2   p    v                rainlp6(i,jj)= rainlp6(i,jj)+ rlsp(i,jj)*rainfc
            2348     2   p    v                raintot(i,jj)= raintot(i,jj)+ totalp(i,jj)
            2349     2   p    v              enddo
            2350     1   p                 enddo
            2351                     
            2352                           !  reduce totalp in first hour forecast to avoid apin-up problem
            2353     1                     if ( tau .le. 1.001)  then
            2354     1                       dtau = dt/3600.0
                                   <<< Loop-information Start >>>
                                   <<<  [PARALLELIZATION]
                                   <<<    Standard iteration count: 4
                                   <<<  [OPTIMIZATION]
                                   <<<    PREFETCH(HARD) Expected by compiler :
                                   <<<      totalp
                                   <<< Loop-information  End >>>
            2355     2  pp                   do jj = 1, jlistnum
            2356     2   p                     j=jlist1(jj)
            2357     2   p                     nxj=nxdef_2d(j)
                                   <<< Loop-information Start >>>
                                   <<<  [OPTIMIZATION]
                                   <<<    SIMD(VL: 8)
                                   <<<    SOFTWARE PIPELINING(IPC: 3.00, ITR: 256, MVE: 9, POL: S)
                                   <<<    PREFETCH(HARD) Expected by compiler :
                                   <<<      totalp
                                   <<< Loop-information  End >>>
            2358     3   p   2v                do i = 1,nxj
            2359     3   p   2v                  totalp(i,jj) = (tau-dtau)* totalp(i,jj)
            2360     3   p   2v                enddo
            2361     2   p                  enddo
            2362     1                     endif
            2363                     !
            2364                     !      call mpe_unify(totalp,nx,my,2,mpe_double)
            2365                     !
            2366     1                     if(ldiag.ge.1) then
            2367     1               !     print level-1 diagnostics
            2368     1               !                   (aps,psx,psn,nncup,nnshl,nndry,nnlsp,itlsp,arcup
            2369     1               !                   arlsp,xkmx,dtcupx and layer mean dtcup and dqcup )
            2370     1                       call mpe_global_sum(xkmd  ,lev,mpe_double)
            2371     1                       call mpe_global_sum(dtcupd,lev,mpe_double)
            2372     1                       call mpe_global_sum(dqcupd,lev,mpe_double)
            2373     1               
            2374     1               !     call glbmean ( nx,my,my_max,cosl,pst ,aps   )
            2375     1                       call glbmean_2d ( cosl,pst ,aps   )
            2376     1               !
            2377     1               !     compute mean rain rate and change them from mm/call to mm/day
            2378     1               !
            2379     1               !     call glbmean ( nx,my,my_max,cosl,rcup,arcup   )
            2380     1               !     call glbmean ( nx,my,my_max,cosl,rlsp,arlsp   )
            2381     1                       call glbmean_2d ( cosl,rcup,arcup   )
            2382     1                       call glbmean_2d ( cosl,rlsp,arlsp   )
            2383     1               !
            2384     1                       arcup = arcup * 86400.0 / dta
            2385     1                       arlsp = arlsp * 86400.0 / dta
            2386     1               !
            2387     1               !     compute mean evaporation rate rate in mm/day
            2388     1               !
                                   <<< Loop-information Start >>>
                                   <<<  [PARALLELIZATION]
                                   <<<    Standard iteration count: 3
                                   <<<  [OPTIMIZATION]
                                   <<<    PREFETCH(HARD) Expected by compiler :
                                   <<<      qflux, albx
                                   <<< Loop-information  End >>>
            2389     2  pp                   do 310 jj =1, jlistnum
            2390     2   p                     j=jlist1(jj)
            2391     2   p                     nxj=nxdef_2d(j)
                                   <<< Loop-information Start >>>
                                   <<<  [OPTIMIZATION]
                                   <<<    SIMD(VL: 8)
                                   <<<    SOFTWARE PIPELINING(IPC: 3.00, ITR: 192, MVE: 4, POL: S)
                                   <<<    PREFETCH(HARD) Expected by compiler :
                                   <<<      albx, qflux
                                   <<< Loop-information  End >>>
            2392     3   p   2v                do 310 i = 1,nxj
            2393     3   p   2v                  albx(i,jj) = qflux(i,jj)/hltm*86400.0
            2394     2   p   2v        310 continue
            2395     1               !
            2396     1               !     call glbmean ( nx,my,my_max,cosl,albx,evapor )
            2397     1                       call glbmean_2d ( cosl,albx,evapor )
            2398     1               !
            2399     1               !     compute global moisture budget
            2400     1               !
            2401     1                     qglb = 0.0
            2402     1                     thda = 0.0
            2403     1                     tke=0.0
            2404     1                     tpe=0.0
            2405     1               !
                                   <<< Loop-information Start >>>
                                   <<<  [PARALLELIZATION]
                                   <<<    Standard iteration count: 2000
                                   <<<  [OPTIMIZATION]
                                   <<<    SIMD(VL: 8)
                                   <<<    PREFETCH(HARD) Expected by compiler :
                                   <<<      wkj
                                   <<< Loop-information  End >>>
            2406     2   s    v            do j = 1, my*4
            2407     2   p    v            wkj(j,1) = 0.
            2408     2   p    v            enddo
            2409     1               !
            2410     1                     cosq=0.
            2411     2                     do 315 jj =1, jlistnum
            2412     2                     j=jlist1(jj)
            2413     2                     nxj=nxdef_2d(j)
            2414     3                     do 315 k = 1, lev
                                   <<< Loop-information Start >>>
                                   <<<  [PARALLELIZATION]
                                   <<<    Standard iteration count: 217
                                   <<<  [OPTIMIZATION]
                                   <<<    SIMD(VL: 8)
                                   <<< Loop-information  End >>>
            2415     4  pp    v            do 315 i = 1, nxj
            2416     4   p    v            dsigp = dsigma(k,1)*pst(i,jj) + dsigma(k,2)
            2417     4   p    v            wkj(1,j) = wkj(1,j) + qt(i,k,jj)*dsigp*cosl(j)
            2418     4   p    v            wkj(2,j) = wkj(2,j) + tt(i,k,jj)*dsigp*cosl(j) &
            2419     4                                /(1.+0.608*qt(i,k,jj))
            2420     4   p    v            wkj(3,j) = wkj(3,j) + (ut(i,k,jj)**2+vt(i,k,jj)**2)*dsigp &
            2421     4                                *radsq/(2.*cosl(j))
            2422     4   p    v            wkj(4,j) = wkj(4,j) + cp*tt(i,k,jj)*pk(i,k,jj)*dsigp &
            2423     4                                *cosl(j)
            2424     4   p    v            cosq = cosq + cosl(j)
            2425     2   p    v        315 continue
            2426     1               !
            2427     1                     call mpe_unify(wkj,4,my,4,mpe_double)
            2428     1               !
            2429     1                     cosw=0.
                                   <<< Loop-information Start >>>
                                   <<<  [PARALLELIZATION]
                                   <<<    Standard iteration count: 616
                                   <<<  [OPTIMIZATION]
                                   <<<    SIMD(VL: 8)
                                   <<< Loop-information  End >>>
            2430     2  pp    v            do 316 j = 1, my
            2431     2   p    v            cosw = cosw + cosl(j)
            2432     2   p    v            qglb = qglb + wkj(1,j)
            2433     2   p    v            thda = thda + wkj(2,j)
            2434     2   p    v            tke  = tke  + wkj(3,j)
            2435     2   p    v            tpe  = tpe  + wkj(4,j)
            2436     2   p    v       316  continue
            2437     1                     teng = tke+tpe
            2438     1               !     teng = teng/cosq
            2439     1               !     thda = thda/cosq
            2440     1                     teng = teng/cosw
            2441     1                     thda = thda/cosw
            2442     1               !
            2443     1               !      qbrw = 0.0
            2444     1               !
            2445     1               !     call mpe_unify(qbrrow,ncld,my,2,mpe_double)
            2446     1               !      call mpe_unify(qbrrow,ncld,my,4,mpe_double)
            2447     1               !
            2448     1               !      do 320 j = 1, my
            2449     1               !      qbrw = qbrw + qbrrow(1,j)
            2450     1               !  320 continue
            2451     1               !
            2452     1                     cosq = cosw*nx
            2453     1               !
            2454     1                     qglb  = qglb * 100.0/grav/cosq
            2455     1               !      qbrw  = qbrw * 100.0/grav/cosq
            2456     1                     rainbl= ( arcup + arlsp - evapor ) * dta / 86400.0
            2457     1               !      qdiff = qgini - (qglb - rainbl - qbrw)
            2458     1                     engdiff=tengi-teng
            2459     1                     thdadif=thdai-thda
            2460     1               !
            2461     1                     nncup = 0
            2462     1                     nnshl = 0
            2463     1                     nndry = 0
            2464     1               !
                                   <<< Loop-information Start >>>
                                   <<<  [PARALLELIZATION]
                                   <<<    Standard iteration count: 696
                                   <<<  [OPTIMIZATION]
                                   <<<    SIMD(VL: 16)
                                   <<< Loop-information  End >>>
            2465     2  pp    v            do 330 jj =1, jlistnum
            2466     2   p    v            j=jlist1(jj)
            2467     2   p    v            nncup = nncup + ncup(j)
            2468     2   p    v            nnshl = nnshl + nshl(j)
            2469     2   p    v            nndry = nndry + ndry(j)
            2470     2   p    v        330 continue
            2471     1               !
            2472     1                     call mpe_global_sum(nncup,1,mpe_integer)
            2473     1                     call mpe_global_sum(nnshl,1,mpe_integer)
            2474     1                     call mpe_global_sum(nndry,1,mpe_integer)
            2475     1               !
            2476     2                     if ( uprad ) then
            2477     2                        call glbmean_2d ( cosl,asol,  topsd )
            2478     2                        call glbmean_2d ( cosl,olr,   toplu )
            2479     2                        call glbmean_2d ( cosl,ss,sfcsd )
            2480     2                        call glbmean_2d ( cosl,rs,sfclu )
            2481     2                     endif
            2482     1               !
            2483     1                     xoj = 1.0/cosw
            2484     1               !
            2485     2                     do 340 jj =1, jlistnum
            2486     2                     j=jlist1(jj)
                                   <<< Loop-information Start >>>
                                   <<<  [PARALLELIZATION]
                                   <<<    Standard iteration count: 276
                                   <<<  [OPTIMIZATION]
                                   <<<    SIMD(VL: 8)
                                   <<<    PREFETCH(HARD) Expected by compiler :
                                   <<<      dqcupz, dqcupl, dtcupz, dtcupl, ilsp
                                   <<<      itlsp, nlsp, nnlsp
                                   <<< Loop-information  End >>>
            2487     3  pp    v            do 340 k = 1, lev
            2488     3   p    v            nnlsp(k) = nnlsp(k) + nlsp(k,j)
            2489     3   p    v            itlsp(k) = max (itlsp(k), ilsp(k,j))
            2490     3   p    v            dtcupl(k) = dtcupl(k) + dtcupz(k,j)*cosl(j)
            2491     3   p    v            dqcupl(k) = dqcupl(k) + dqcupz(k,j)*cosl(j)
            2492     2   p    v        340 continue
            2493     1               !
            2494     1                     call mpe_global_sum(nnlsp ,lev,mpe_integer)
            2495     1                     call mpe_global_sum(dtcupl,lev,mpe_double)
            2496     1                     call mpe_global_sum(dqcupl,lev,mpe_double)
            2497     1                     call mpe_global_max(itlsp ,lev,mpe_integer)
            2498     1               !
                                   <<< Loop-information Start >>>
                                   <<<  [PARALLELIZATION]
                                   <<<    Standard iteration count: 843
                                   <<<  [OPTIMIZATION]
                                   <<<    SIMD(VL: 8)
                                   <<<    PREFETCH(HARD) Expected by compiler :
                                   <<<      dqcupl, dtcupl
                                   <<< Loop-information  End >>>
            2499     2  pp   2v            do 345 k = 1, lev
            2500     2   p   2v            dtcupl(k) = dtcupl(k) * xoj
            2501     2   p   2v            dqcupl(k) = dqcupl(k) * xoj * 1000.0
            2502     2   p   2v        345 continue
            2503     1               !
            2504     1                       xkmkk = -1.797693134862316d+308
            2505     1                       xkmk1 = -1.797693134862316d+308
            2506     1                       ixkmkk = 0
            2507     1                       ixkmk1 = 0
            2508     1                       jxkmkk = 0
            2509     1                       jxkmk1 = 0
            2510     1                       dtcupg = -1.797693134862316d+308
            2511     1                       idcupx = 0
            2512     1                       jdcupx = 0
            2513     1                       utx    = 0.0
            2514     1                       ikutx  = 0
            2515     1                       jutx   = 0
            2516     1               !
            2517     2                     do 360 jj =1, jlistnum
            2518     2                     j=jlist1(jj)
            2519     2                     nxj=nxdef_2d(j)
            2520     3                     if ( xkmkk .lt. xkmx(1,j) )  then
            2521     3                        xkmkk  = xkmx(1,j)
            2522     3                        ixkmkk = ipblmx(1,j)
            2523     3                        jxkmkk = j
            2524     3                     endif
            2525     3                     if ( xkmk1 .lt. xkmx(2,j) )  then
            2526     3                        xkmk1  = xkmx(2,j)
            2527     3                        ixkmk1 = ipblmx(2,j)
            2528     3                        jxkmk1 = j
            2529     3                     endif
            2530     3                     if ( dtcupg .lt. dtcupx(j) )  then
            2531     3                        dtcupg = dtcupx(j)
            2532     3                        idcupx = icupmx(j)
            2533     3                        jdcupx = j
            2534     3                     endif
                                   <<< Loop-information Start >>>
                                   <<<  [OPTIMIZATION]
                                   <<<    PREFETCH(HARD) Expected by compiler :
                                   <<<      ut, vt, dphi
                                   <<< Loop-information  End >>>
            2535     3                        do 370 k = 1, lev
                                   <<< Loop-information Start >>>
                                   <<<  [PARALLELIZATION]
                                   <<<    Standard iteration count: 696
                                   <<<  [OPTIMIZATION]
                                   <<<    SIMD(VL: 8)
                                   <<<    SOFTWARE PIPELINING(IPC: 0.48, ITR: 48, MVE: 2, POL: S)
                                   <<<    PREFETCH(HARD) Expected by compiler :
                                   <<<      ut, vt, dphi
                                   <<< Loop-information  End >>>
            2536     4  pp   2v               do 380 i = 1,nxj
            2537     4   p   2v               speed     = sqrt(ut(i,k,jj)*ut(i,k,jj)+vt(i,k,jj)*vt(i,k,jj))
            2538     4   p   2v               dphi(i,k) = speed*radus/cosl(j)
            2539     4   p   2v        380    continue
            2540     3                        ikut = isamax ( nxjp(j), dphi(1,k), 1 )
            2541     3                        ikut=row_rank*nxp+ikut
            2542     4                        if ( dphi(ikut,k) .gt. utx )  then
            2543     4                          utx   = dphi(ikut,k)
            2544     4                          ikutx = ikut + nxp*(k-1)
            2545     4                          jutx  = j
            2546     4                        endif
            2547     3                 370    continue
            2548     2                 360 continue
            2549     1               !
            2550     1                     call mpe_global_maxloc(xkmkk, 2,ixkmkk,jxkmkk,idummy,idummy,mpe_double)
            2551     1                     call mpe_global_maxloc(xkmk1, 2,ixkmk1,jxkmk1,idummy,idummy,mpe_double)
            2552     1                     call mpe_global_maxloc(dtcupg,2,idcupx,jdcupx,idummy,idummy,mpe_double)
            2553     1                     call mpe_global_maxloc(utx,   2,ikutx, jutx  ,idummy,idummy,mpe_double)
            2554     1               !
            2555     1                     call maxpp2_2d( pst,pstx,ipstx,jpstx )
            2556     1                     call minpp2_2d( pst,pstn,ipstn,jpstn )
            2557     1                     call maxpp2_2d( hflux,hflmx,ihflx,jhflx )
            2558     1                     call maxpp2_2d( qflux,qflmx,iqflx,jqflx )
            2559     1                     call maxpp2_2d( tg,tgx,itgx,jtgx )
            2560     1               
            2561     1                     dtradg = 0.0
            2562     1                     idradx = 0 ; jdradx = 0 ; kdradx = 0
            2563     1                     isign = 1
            2564     1               !
            2565     2                     do jj = 1, jlistnum
            2566     2                     j=jlist1(jj)
            2567     2                     nxj=nxdef_2d(j)
            2568     2               
                                   <<< Loop-information Start >>>
                                   <<<  [PARALLELIZATION]
                                   <<<    Standard iteration count: 5
                                   <<<  [OPTIMIZATION]
                                   <<<    PREFETCH(HARD) Expected by compiler :
                                   <<<      dtrad, adtrad
                                   <<< Loop-information  End >>>
            2569     3  pp                 do k = 1, lev
                                   <<< Loop-information Start >>>
                                   <<<  [OPTIMIZATION]
                                   <<<    SIMD(VL: 8)
                                   <<<    SOFTWARE PIPELINING(IPC: 1.62, ITR: 64, MVE: 2, POL: S)
                                   <<<    PREFETCH(HARD) Expected by compiler :
                                   <<<      dtrad, adtrad
                                   <<< Loop-information  End >>>
            2570     4   p   2v            do i = 1,nxj
            2571     4   p   2v             adtrad(i,k)=abs(dtrad(i,k,jj))
            2572     4   p   2v             dtradg= max(dtradg,adtrad(i,k))
            2573     4   p   2v            end do
            2574     3   p                 end do
            2575     2               
            2576     3                     do k = 1, lev
                                   <<< Loop-information Start >>>
                                   <<<  [PARALLELIZATION]
                                   <<<    Standard iteration count: 373
                                   <<<  [OPTIMIZATION]
                                   <<<    SIMD(VL: 8)
                                   <<< Loop-information  End >>>
            2577     4  pp    v            do i = 1,nxj
            2578     5   p    v            if( dtradg.eq.adtrad(i,k) )then
            2579     6   p    v              if ( dtrad(i,k,jj).lt.0 ) then
            2580     6   p    v                isign =-1
            2581     6   p                   else
            2582     6   p    v                isign = 1
            2583     6   p                   endif
            2584     5               !ch     idradx = nx*(k-1)+i
            2585     5   p    v              idradx = nx*(k-1)+map2to1(i,j)
            2586     5   p    v              jdradx = j
            2587     5   p    v              kdradx = k
            2588     5   p    v            endif
            2589     4   p    v            end do
            2590     3                     end do
            2591     2               
            2592     2                     end do
            2593     1               !
            2594     1                     call mpe_global_maxloc(dtradg,4,isign,idradx,jdradx,kdradx,mpe_double)
            2595     1               !
            2596     1                     dtradg = dtradg*isign
            2597     1               !
            2598     1               !      if(docgrav)then
            2599     1               !        call mpe_unify(avgdrag_u,my,lev,1,mpe_double)
            2600     1               !        call maxpp2l( lev,my,avgdrag_u,dragmax,kmax,jmax )
            2601     1               !        call minpp2l( lev,my,avgdrag_u,dragmin,kmin,jmin )
            2602     1               !        if(myrank .eq. 0) then
            2603     1               !          print *,'norographic gravity wave drag u_max,kmax,jmax,u_min,kmin,jmin'
            2604     1               !          print *, dragmax,kmax,jmax,dragmin,kmin,jmin
            2605     1               !        endif
            2606     1               !        call mpe_unify(avgdrag_v,my,lev,1,mpe_double)
            2607     1               !        call maxpp2l( lev,my,avgdrag_v,dragmax,kmax,jmax )
            2608     1               !        call minpp2l( lev,my,avgdrag_v,dragmin,kmin,jmin )
            2609     1               !        if(myrank .eq. 0) then
            2610     1               !          print *,'norographic gravity wave drag v_max,kmax,jmax,v_min,kmin,jmin'
            2611     1               !          print *, dragmax,kmax,jmax,dragmin,kmin,jmin
            2612     1               !        endif
            2613     1               !      endif
            2614     1               !fj
            2615     1               !
            2616     1               !      diagnoctics
            2617     1               !
            2618     2                     if(myrank .eq. 0) then
            2619     2                     print 8011, iter,aps,pstx,ipstx,jpstx,pstn,ipstn,jpstn
            2620     2                     print 8012, dtcupg,idcupx,jdcupx,dtradg,idradx,jdradx &
            2621     2                               , tgx,itgx,jtgx,utx,ikutx,jutx              &
            2622     2                               , xkmkk,ixkmkk,jxkmkk,xkmk1,ixkmk1,jxkmk1   &
            2623     2                               , hflmx,ihflx,jhflx,qflmx,iqflx,jqflx
            2624     2                     print 8013, nndry,nnshl,nncup,arcup,arlsp,evapor
            2625     2                     print 8014, nnlsp
            2626     2                     print 8015, itlsp
            2627     2                     print 8016, dtcupl
            2628     2                     print 8017, dqcupl
            2629     2                     if ( uprad ) print 8018, topsd,toplu,sfcsd,sfclu
            2630     2                     print *,' global moisture budget: qgini, qglb ='
            2631     2                     print *, qgini,qglb
            2632     2               !
            2633     2                8888 format('global average thdai,thda,thdadif=',e15.9,2(2x,e15.9))
            2634     2                     print *,'global average thdai,thda,thdadif='
            2635     2                     print *, thdai,thda,thdadif
            2636     2               !
            2637     2                8889 format('global average tengi,teng,engdiff=',e15.9,2(2x,e15.9))
            2638     2                     print *,'global average tengi,teng,engdiff='
            2639     2                     print *, tengi,teng,engdiff
            2640     2                     endif
            2641     1               !
            2642     2                     if ( mod(tau+0.001,12.) .lt. dt/3600.)then
            2643     3                       if(myrank .eq. 0) then
            2644     3                        print 6001
            2645     3                       endif
            2646     2                6001   format(4x,' qflux  ',' hflux  ',' dtcup18',' qtcup17', &
            2647     2                      ' dtcup16',' dtcup15',' dtcup14',' dtcup13',' dtcup12', &
            2648     2                      ' dtcup11')
            2649     2               !
            2650     2               !        call mpe_unify(hflux,nx,my,2,mpe_double)
            2651     2               !        call mpe_unify(qflux,nx,my,2,mpe_double)
            2652     2               !        call mpe_unify(dtcupz,lev,my,2,mpe_double)
            2653     2               !
            2654     3                       do 601 jj = 1, jlistnum
            2655     3                         j=jlist1(jj)
            2656     3                         nxj=nxdef_2d(j)
            2657     3                         xkmx(1,j)=0.
            2658     3                         xkmx(2,j)=0.
                                   <<< Loop-information Start >>>
                                   <<<  [PARALLELIZATION]
                                   <<<    Standard iteration count: 640
                                   <<<  [OPTIMIZATION]
                                   <<<    SIMD(VL: 8)
                                   <<< Loop-information  End >>>
            2659     4  pp    v              do 600 i = 1, nxj
            2660     4   p    v                xkmx(1,j)=xkmx(1,j)+qflux(i,jj)
            2661     4   p    v                xkmx(2,j)=xkmx(2,j)+hflux(i,jj)
            2662     4   p    v       600    continue
            2663     3                       xkmx(1,j)=xkmx(1,j)/nxjp(j)
            2664     3                       xkmx(2,j)=xkmx(2,j)/nxjp(j)
            2665     3                       if( myrank .eq. 0 ) &
            2666     3                        print 6000,j,xkmx(1,j),xkmx(2,j),(dtcupz(k,j),k=18,12,-1)
            2667     3                6000   format('j=',i3,10f8.3)
            2668     3                601    continue
            2669     2                     endif
            2670     1               !
            2671     1                     endif   !(end of ldiag.ge.1)
            2672                     !
            2673                     !     print level-2 diagnostics
            2674                     !                   (1) cupcwb diag, (2) radiation diag, (3) profile
            2675                     !
            2676                     !ldiag2 (start) ---
            2677     1                     if ( ldiag .ge. 2 )  then
            2678     1               !
            2679     1                      if(myrank .eq. 0) print *,'            cumulus diagnostics '
            2680     1               !
                                   <<< Loop-information Start >>>
                                   <<<  [PARALLELIZATION]
                                   <<<    Standard iteration count: 728
                                   <<<  [OPTIMIZATION]
                                   <<<    SIMD(VL: 16)
                                   <<<    PREFETCH(HARD) Expected by compiler :
                                   <<<      nflx_tmp, ntcup_tmp, nwork_tmp
                                   <<<      nosat_tmp, nnegl_tmp, nlcl_tmp
                                   <<< Loop-information  End >>>
            2681     1  pp   2v             nlcl_tmp(1:lev)  = 0.
            2682     1   p   2v             nnegl_tmp(1:lev) = 0.
            2683     1   p   2v             nosat_tmp(1:lev) = 0.
            2684     1   p   2v             nwork_tmp(1:lev) = 0.
            2685     1   p   2v             ntcup_tmp(1:lev) = 0.
            2686     1   p   2v             nflx_tmp(1:lev)  = 0.
            2687     1               !
                                   <<< Loop-information Start >>>
                                   <<<  [OPTIMIZATION]
                                   <<<    PREFETCH(HARD) Expected by compiler :
                                   <<<      nflx, nflx_tmp, ntcup_tmp, ntcup, nnegl
                                   <<<      nwork, nosat_tmp, nnegl_tmp, nlcl_tmp
                                   <<<      nwork_tmp, nosat, nlcl
                                   <<< Loop-information  End >>>
            2688     2                      do 400 jj =1, jlistnum
            2689     2                       j=jlist1(jj)
                                   <<< Loop-information Start >>>
                                   <<<  [PARALLELIZATION]
                                   <<<    Standard iteration count: 239
                                   <<<  [OPTIMIZATION]
                                   <<<    SIMD(VL: 16)
                                   <<<    SOFTWARE PIPELINING(IPC: 3.08, ITR: 96, MVE: 3, POL: S)
                                   <<<    PREFETCH(HARD) Expected by compiler :
                                   <<<      nwork_tmp, nwork, nflx_tmp, ntcup_tmp
                                   <<<      nosat, nosat_tmp, nlcl, nnegl, nnegl_tmp
                                   <<<      nlcl_tmp, ntcup, nflx
                                   <<< Loop-information  End >>>
            2690     3  pp    v             do 400 k = 1, lev
            2691     3   p    v             nlcl_tmp(k)  = nlcl_tmp(k)  + nlcl(k,j)
            2692     3   p    v             nnegl_tmp(k) = nnegl_tmp(k) + nnegl(k,j)
            2693     3   p    v             nosat_tmp(k) = nosat_tmp(k) + nosat(k,j)
            2694     3   p    v             nwork_tmp(k) = nwork_tmp(k) + nwork(k,j)
            2695     3   p    v             ntcup_tmp(k) = ntcup_tmp(k) + ntcup(k,j)
            2696     3   p    v             nflx_tmp(k)  = nflx_tmp(k)  + nflx(k,j)
            2697     2   p    v        400  continue
            2698     1               !
            2699     1                      call mpe_global_sum(nlcl_tmp ,lev,mpe_integer)
            2700     1                      call mpe_global_sum(nnegl_tmp,lev,mpe_integer)
            2701     1                      call mpe_global_sum(nosat_tmp,lev,mpe_integer)
            2702     1                      call mpe_global_sum(nwork_tmp,lev,mpe_integer)
            2703     1                      call mpe_global_sum(ntcup_tmp,lev,mpe_integer)
            2704     1                      call mpe_global_sum(nflx_tmp ,lev,mpe_integer)
            2705     1               !
            2706     1               !
            2707     2                      if(myrank .eq. 0) then
            2708     2                       print 8020
                                   <<< Loop-information Start >>>
                                   <<<  [OPTIMIZATION]
                                   <<<    SIMD(VL: 16)
                                   <<<    SOFTWARE PIPELINING(IPC: 2.75, ITR: 192, MVE: 3, POL: S)
                                   <<<    PREFETCH(HARD) Expected by compiler :
                                   <<<      nflx_tmp, ntcup_tmp, nwork_tmp
                                   <<<      nosat_tmp, nnegl_tmp, nlcl_tmp
                                   <<<      (unknown)
                                   <<<    SPILLS :
                                   <<<      GENERAL   : SPILL 0  FILL 1
                                   <<<      SIMD&FP   : SPILL 0  FILL 0
                                   <<<      SCALABLE  : SPILL 0  FILL 0
                                   <<<      PREDICATE : SPILL 0  FILL 0
                                   <<< Loop-information  End >>>
            2709     2       2m              print 8022, ( k,nlcl_tmp(k),nnegl_tmp(k),nosat_tmp(k) &
            2710     2                                 ,   nwork_tmp(k),ntcup_tmp(k),nflx_tmp(k), k=1,lev )
            2711     2                      endif
            2712     1               !
            2713     1                      if ( uprad )                                                    &
            2714     1                       call diagrd ( ozon,nx,lev,my,my_max,njump,julian,stbo,s0,cosl &
            2715     1                                   , tt,qt,asol,olr,ss,rs,asr,alr,xsr,xlr            &
            2716     1                                   , acld,aflxd,aflxu,ncld )
            2717     1               !
            2718     1               !     print vertical profile at selected point (idg,jdg)
            2719     1               !
            2720     1               !      call mpe_unify(rcup,nx,my,2,mpe_double)
            2721     1               !      call mpe_unify(rlsp,nx,my,2,mpe_double)
            2722     1               !      call mpe_unify(pst,nx,my,2,mpe_double)
            2723     1               !      call mpe_unify(tg,nx,my,2,mpe_double)
            2724     1               !
            2725     1               !      rcuprr = rcup(idg,jdg)*86400.0/dta
            2726     1               !      rlsprr = rlsp(idg,jdg)*86400.0/dta
            2727     1               !      if(myrank .eq. 0) print 8024, idg,jdg,pst(idg,jdg),tg(idg,jdg),rcuprr,rlsprr
            2728     1               !
            2729     2                      do 425 jj = 1, jlistnum
            2730     2                       j=jlist1(jj)
            2731     3                       if(j .eq. jdg) then
            2732     3                        jjdg=jj
                                   <<< Loop-information Start >>>
                                   <<<  [PARALLELIZATION]
                                   <<<    Standard iteration count: 236
                                   <<<  [OPTIMIZATION]
                                   <<<    SIMD(VL: 8)
                                   <<<    PREFETCH(HARD) Expected by compiler :
                                   <<<      work_pr2, dtcupd, xkmd, dqcupd
                                   <<<    SPILLS :
                                   <<<      GENERAL   : SPILL 0  FILL 2
                                   <<<      SIMD&FP   : SPILL 0  FILL 0
                                   <<<      SCALABLE  : SPILL 0  FILL 0
                                   <<<      PREDICATE : SPILL 0  FILL 0
                                   <<< Loop-information  End >>>
            2733     4  pp    v               do 420 k = 1, lev
            2734     4   p    v                ud = ut(idg,k,jjdg)*radus/cosl(jdg)
            2735     4   p    v                vd = vt(idg,k,jjdg)*radus/cosl(jdg)
            2736     4   p    v                ttd= tt(idg,k,jjdg)
            2737     4   p    v                qqd= qt(idg,k,jjdg)*1000.0
            2738     4   p    v                dqcu= dqcupd(k)*1000.0
            2739     4   p    v                work_pr2(k,1)=plt(idg,k,jjdg)
            2740     4   p    v                work_pr2(k,2)=ud
            2741     4   p    v                work_pr2(k,3)=vd
            2742     4   p    v                work_pr2(k,4)=ttd
            2743     4   p    v                work_pr2(k,5)=qt(idg,k,jjdg)
            2744     4   p    v                work_pr2(k,6)=xkmd(k)
            2745     4   p    v                work_pr2(k,7)=dtcupd(k)
            2746     4   p    v                work_pr2(k,8)=dqcu
            2747     4   p    v                work_pr2(k,9)=dtrad(idg,k,jjdg)
            2748     4   p    v        420    continue
            2749     3                        call mpe_send_print(work_pr2, lev*9, jjdg, mpe_double)
            2750     3                       endif
            2751     2                 425  continue
            2752     1               !
            2753     2                      if(myrank .eq. 0) then
            2754     2                        call mpe_recv_print(work_pr2, lev*9, jjdg, mpe_double)
            2755     2                        print 8026, work_pr2
            2756     2                      endif
            2757     1               !
            2758     1                     endif
            2759                     !ldiag2 (end) ---
            2760                     
            2761                      8011 format( 1x,'+iter =',i5,1x,' surf pres:  mean =', f8.2      &
            2762                                 , ';  max = ', f8.2, 1x,'at (i,j)=', 2i5              &
            2763                                 ,  ', min = ', f8.2, 1x,'at (i,j)=', 2i5 )
            2764                      8012 format( 1x,' max dtcup = ', f9.2, 1x, 'at (ik,j)= ',2i5     &
            2765                                 , ';   max dtrad = ', f9.2, 1x, 'at (ik,j)= ',2i5,/   &
            2766                                 , 1x,' max tg    = ', f9.2, 1x, 'at (i,j) = ',2i5     &
            2767                                 , ';   max u-spd = ', f9.2, 1x, 'at (ik,j)= ',2i5,/   &
            2768                                 , 1x,' max xkmkk = ', f9.2, 1x, 'at (i,j) = ',2i5     &
            2769                                 , ';   max xkmk1 = ', f9.2, 1x, 'at (i,j) = ',2i5,/   &
            2770                                 , 1x,' max hflux = ', f9.2, 1x, 'at (i,j) = ',2i5     &
            2771                                 , ';   max qflux = ', f9.2, 1x, 'at (i,j) = ',2i5 )
            2772                      8013 format( 1x,' # of n-dry, n-shl, n-cup:', 3i6   &
            2773                                 ,    ';      cup, lsp rain and evap (mm/day)= ', 3f9.4)
            2774                      8014 format( 1x,' # of n-lsp (saturated points), and max # of' &
            2775                                 ,    ' iterations to converge:',/,1x, 30i6 )
            2776                      8015 format( 1x, 30i5 )
            2777                      8016 format( 1x, ' layer mean  dtcup and  dqcup  (k/day, g/kg/day):' &
            2778                                 , /,1x, 30f5.1 )
            2779                      8017 format( 1x, 30f5.1)
            2780                      8018 format( 1x,' topsd, toplu, sfcsd, sfclu= ', 4f9.2 )
            2781                      8019 format( 1x,' global moisture budget: qgini, qglb =' &
            2782                                 , 2e14.6 )
            2783                     !
            2784                      8020 format('  lev  nlcl nnegl nosat nwork ntcup  nflx')
            2785                      8022 format( i4, 6i6)
            2786                      8024 format( 1x,'   point profile at (i,j)= (',i3,',',i3,') :  '      &
            2787                                 ,' ps, tg, rcup, rlsp= ',f8.2,f8.2,2f8.3,/,2x              &
            2788                                 ,'    pp      ut      vt      tt      qt    xkmd   dtcup'  &
            2789                                 ,'   dqcup   dtrad')
            2790                      8026 format( 1x,f8.2,2f8.2,f8.2,f8.4,f8.2,3f8.3)
            2791                     !
            2792                     !     print level-3 dianostics:
            2793                     !                   qprint rcup,rlsp,hflux,qflux,tg,tt(lev)
            2794                     !
            2795     1                     if ( ldiag .ge. 3 )  then
            2796     2                       if ( myrank .eq.0 )  then
            2797     2                         print *,'2Dmpi version with array(partial_nx,partial_my) not supported for ldiag=3 !'
            2798     2                       endif
            2799     1               !       call qprnt3 (rcup,'rcup  ','mm/call',1,1,1,nx,my,my_max,1,1.0,0.0)
            2800     1               !       call qprnt3 (rlsp,'rlsp  ','mm/call',1,1,1,nx,my,my_max,1,1.0,0.0)
            2801     1               !       call qprnt3 (qflux,'qflux  ','w/m2',1,1,1,nx,my,my_max,1,1.0,0.0)
            2802     1               !       call qprnt3 (hflux,'hflux  ','w/m2',1,1,1,nx,my,my_max,1,1.0,0.0)
            2803     1               !       call qprnt3 (tg,'tg   ','(c) ',1,1,1,nx,my,my_max,1,1.0,-273.16)
            2804     1               !       call qprnt3 (tt,'tt   ','(c) ',1,1,lev,nx,my,my_max,lev,1.0,-273.16)
            2805     1                     endif
            2806                     !
            2807                       end subroutine diabat

 Procedure information
   Lines      : 2807
   Statements : 1525
   Stack(byte): 416752
   Prefetch num: 104

 Scoping unit of external sub-program : diabat
   Attribute and Cross reference of name
     AirVaporPressure
      |(Class and Type) : module function name, REAL(8)
      |(Attributes)     : use-associated
      |(Declaration)    : 
      |(Definition)     : 
      |(Reference)      : 178  2021
     abs
      |(Class and Type) : intrinsic function name, REAL(8)
      |(Attributes)     : PURE, ELEMENTAL
      |(Declaration)    : 
      |(Definition)     : 
      |(Reference)      : 816  921  2571
     abxlat
      |(Class and Type) : variable name, REAL(8)
      |(Attributes)     : 
      |(Declaration)    : 463
      |(Definition)     : 816
      |(Reference)      : 830  834  838
     acld
      |(Class and Type) : variable name, REAL(8)
      |(Attributes)     : DIMENSION, dummy-argument
      |(Declaration)    : 1  220
      |(Definition)     : 1010  2713
      |(Reference)      : 
     adtrad
      |(Class and Type) : variable name, REAL(8)
      |(Attributes)     : DIMENSION
      |(Declaration)    : 398
      |(Definition)     : 2571
      |(Reference)      : 2572  2578
     aflxd
      |(Class and Type) : variable name, REAL(8)
      |(Attributes)     : DIMENSION
      |(Declaration)    : 384
      |(Definition)     : 753  1010  2713
      |(Reference)      : 
     aflxu
      |(Class and Type) : variable name, REAL(8)
      |(Attributes)     : DIMENSION
      |(Declaration)    : 384
      |(Definition)     : 754  1010  2713
      |(Reference)      : 
     alb
      |(Class and Type) : variable name, REAL(8)
      |(Attributes)     : DIMENSION, dummy-argument
      |(Declaration)    : 1  220
      |(Definition)     : 624
      |(Reference)      : 889  890
     albedo2
      |(Class and Type) : variable name, REAL(8)
      |(Attributes)     : DIMENSION
      |(Declaration)    : 265
      |(Definition)     : 890  1010  1181
      |(Reference)      : 
     albx
      |(Class and Type) : variable name, REAL(8)
      |(Attributes)     : DIMENSION
      |(Declaration)    : 384
      |(Definition)     : 889  2393  2397
      |(Reference)      : 
     alnsf
      |(Class and Type) : variable name, REAL(8)
      |(Attributes)     : DIMENSION, dummy-argument
      |(Declaration)    : 1  277
      |(Definition)     : 631  640  1077
      |(Reference)      : 640
     alnwf
      |(Class and Type) : variable name, REAL(8)
      |(Attributes)     : DIMENSION, dummy-argument
      |(Declaration)    : 1  277
      |(Definition)     : 631  641  1077
      |(Reference)      : 641
     alr
      |(Class and Type) : variable name, REAL(8)
      |(Attributes)     : DIMENSION
      |(Declaration)    : 384
      |(Definition)     : 737  1010  2713
      |(Reference)      : 
     alr_clr
      |(Class and Type) : variable name, REAL(8)
      |(Attributes)     : DIMENSION
      |(Declaration)    : 322
      |(Definition)     : 1010
      |(Reference)      : 
     alvsf
      |(Class and Type) : variable name, REAL(8)
      |(Attributes)     : DIMENSION, dummy-argument
      |(Declaration)    : 1  277
      |(Definition)     : 631  638  1077
      |(Reference)      : 638
     alvwf
      |(Class and Type) : variable name, REAL(8)
      |(Attributes)     : DIMENSION, dummy-argument
      |(Declaration)    : 1  277
      |(Definition)     : 631  639  1077
      |(Reference)      : 639
     aps
      |(Class and Type) : variable name, REAL(8)
      |(Attributes)     : 
      |(Declaration)    : 463
      |(Definition)     : 2375
      |(Reference)      : 2619
     arcup
      |(Class and Type) : variable name, REAL(8)
      |(Attributes)     : 
      |(Declaration)    : 463
      |(Definition)     : 2381  2384
      |(Reference)      : 2384  2456  2624
     area
      |(Class and Type) : variable name, REAL(8)
      |(Attributes)     : DIMENSION
      |(Declaration)    : 371
      |(Definition)     : 1842  1845
      |(Reference)      : 
     arg
      |(Class and Type) : variable name, REAL(8)
      |(Attributes)     : 
      |(Declaration)    : 463
      |(Definition)     : 1734  1736  1738
      |(Reference)      : 1735  1737
     arlsp
      |(Class and Type) : variable name, REAL(8)
      |(Attributes)     : 
      |(Declaration)    : 463
      |(Definition)     : 2382  2385
      |(Reference)      : 2385  2456  2624
     asl
      |(Class and Type) : variable name, REAL(8)
      |(Attributes)     : DIMENSION, dummy-argument
      |(Declaration)    : 1  265
      |(Definition)     : 1010  1077  1111  1181
      |(Reference)      : 1105
     asl_clr
      |(Class and Type) : variable name, REAL(8)
      |(Attributes)     : DIMENSION, dummy-argument
      |(Declaration)    : 1  315
      |(Definition)     : 1010  1077  1111
      |(Reference)      : 
     asol
      |(Class and Type) : variable name, REAL(8)
      |(Attributes)     : DIMENSION, dummy-argument
      |(Declaration)    : 1  220
      |(Definition)     : 1032  1077  2477  2713
      |(Reference)      : 
     asol_clr
      |(Class and Type) : variable name, REAL(8)
      |(Attributes)     : DIMENSION, dummy-argument
      |(Declaration)    : 1  322
      |(Definition)     : 1010  1077
      |(Reference)      : 
     asr
      |(Class and Type) : variable name, REAL(8)
      |(Attributes)     : DIMENSION
      |(Declaration)    : 384
      |(Definition)     : 736  1010  2713
      |(Reference)      : 
     asr_clr
      |(Class and Type) : variable name, REAL(8)
      |(Attributes)     : DIMENSION
      |(Declaration)    : 322
      |(Definition)     : 1010
      |(Reference)      : 
     atan
      |(Class and Type) : intrinsic function name, REAL(8)
      |(Attributes)     : PURE, ELEMENTAL
      |(Declaration)    : 
      |(Definition)     : 
      |(Reference)      : 561
     atl
      |(Class and Type) : variable name, REAL(8)
      |(Attributes)     : DIMENSION, dummy-argument
      |(Declaration)    : 1  265
      |(Definition)     : 1010  1077  1111  1181
      |(Reference)      : 1105
     atl_clr
      |(Class and Type) : variable name, REAL(8)
      |(Attributes)     : DIMENSION, dummy-argument
      |(Declaration)    : 1  315
      |(Definition)     : 1010  1077  1111
      |(Reference)      : 
     awsfl
      |(Class and Type) : variable name, REAL(8)
      |(Attributes)     : ALLOCATABLE, DIMENSION, SAVE, use-associated
      |(Declaration)    : 
      |(Definition)     : 2046
      |(Reference)      : 
     awsfl0
      |(Class and Type) : variable name, REAL(8)
      |(Attributes)     : ALLOCATABLE, DIMENSION, SAVE, use-associated
      |(Declaration)    : 
      |(Definition)     : 2046
      |(Reference)      : 
     awtfl
      |(Class and Type) : variable name, REAL(8)
      |(Attributes)     : ALLOCATABLE, DIMENSION, SAVE, use-associated
      |(Declaration)    : 
      |(Definition)     : 2046
      |(Reference)      : 
     awtfl0
      |(Class and Type) : variable name, REAL(8)
      |(Attributes)     : ALLOCATABLE, DIMENSION, SAVE, use-associated
      |(Declaration)    : 
      |(Definition)     : 2046
      |(Reference)      : 
     awtkefl
      |(Class and Type) : variable name, REAL(8)
      |(Attributes)     : ALLOCATABLE, DIMENSION, SAVE, use-associated
      |(Declaration)    : 
      |(Definition)     : 2046
      |(Reference)      : 
     awufl
      |(Class and Type) : variable name, REAL(8)
      |(Attributes)     : ALLOCATABLE, DIMENSION, SAVE, use-associated
      |(Declaration)    : 
      |(Definition)     : 2046
      |(Reference)      : 
     awvfl
      |(Class and Type) : variable name, REAL(8)
      |(Attributes)     : ALLOCATABLE, DIMENSION, SAVE, use-associated
      |(Declaration)    : 
      |(Definition)     : 2046
      |(Reference)      : 
     bathy
      |(Class and Type) : variable name, REAL(8)
      |(Attributes)     : ALLOCATABLE, DIMENSION, SAVE, use-associated
      |(Declaration)    : 
      |(Definition)     : 2046
      |(Reference)      : 
     bckfile
      |(Class and Type) : variable name, CHARACTER(80,1)
      |(Attributes)     : common-block-object, use-associated
      |(Declaration)    : 
      |(Definition)     : 624  631
      |(Reference)      : 168
     CalcSm
      |(Class and Type) : module function name, REAL(8)
      |(Attributes)     : use-associated
      |(Declaration)    : 
      |(Definition)     : 
      |(Reference)      : 178  2025  2025
     canopy
      |(Class and Type) : variable name, REAL(8)
      |(Attributes)     : DIMENSION, dummy-argument
      |(Declaration)    : 1  255
      |(Definition)     : 1146  1164  1181
      |(Reference)      : 
     cdec
      |(Class and Type) : variable name, REAL(8)
      |(Attributes)     : SAVE, use-associated
      |(Declaration)    : 
      |(Definition)     : 799  808  1111
      |(Reference)      : 
     cdmbgwd
      |(Class and Type) : variable name, REAL(8)
      |(Attributes)     : DIMENSION
      |(Declaration)    : 290
      |(Definition)     : 1253  1254  1294
      |(Reference)      : 
     cdtg
      |(Class and Type) : variable name, CHARACTER(12,1)
      |(Attributes)     : 
      |(Declaration)    : 503
      |(Definition)     : 1886
      |(Reference)      : 1887
     cgw
      |(Class and Type) : variable name, REAL(8)
      |(Attributes)     : dummy-argument
      |(Declaration)    : 1  214
      |(Definition)     : 1241
      |(Reference)      : 
     cgwd
      |(Class and Type) : variable name, REAL(8)
      |(Attributes)     : use-associated
      |(Declaration)    : 
      |(Definition)     : 
      |(Reference)      : 168  1254
     cgwf
      |(Class and Type) : variable name, REAL(8)
      |(Attributes)     : DIMENSION
      |(Declaration)    : 290
      |(Definition)     : 1574  1575
      |(Reference)      : 1611  1611
     chig
      |(Class and Type) : variable name, REAL(8)
      |(Attributes)     : DIMENSION, dummy-argument
      |(Declaration)    : 1  322
      |(Definition)     : 1010  1077
      |(Reference)      : 
     cice
      |(Class and Type) : variable name, REAL(8)
      |(Attributes)     : DIMENSION, dummy-argument
      |(Declaration)    : 1  265
      |(Definition)     : 666  673  1077  1181
      |(Reference)      : 1936  1997
     cicefsit
      |(Class and Type) : variable name, REAL(8)
      |(Attributes)     : ALLOCATABLE, DIMENSION, SAVE, use-associated
      |(Declaration)    : 
      |(Definition)     : 1936  1978
      |(Reference)      : 1936  1958
     cicetm
      |(Class and Type) : variable name, REAL(8)
      |(Attributes)     : ALLOCATABLE, DIMENSION
      |(Declaration)    : 498
      |(Definition)     : 1904  1958  1997  2119
      |(Reference)      : 2006  2007  2008  2009  2011  2032
     cldf
      |(Class and Type) : variable name, REAL(8)
      |(Attributes)     : DIMENSION
      |(Declaration)    : 287
      |(Definition)     : 1611  1613
      |(Reference)      : 
     clds
      |(Class and Type) : variable name, REAL(8)
      |(Attributes)     : DIMENSION, dummy-argument
      |(Declaration)    : 1  315
      |(Definition)     : 1010  1077  1845
      |(Reference)      : 
     cldwrk
      |(Class and Type) : variable name, REAL(8)
      |(Attributes)     : DIMENSION
      |(Declaration)    : 431
      |(Definition)     : 726  1475  1483  1491
      |(Reference)      : 
     clow
      |(Class and Type) : variable name, REAL(8)
      |(Attributes)     : DIMENSION, dummy-argument
      |(Declaration)    : 1  322
      |(Definition)     : 1010  1077
      |(Reference)      : 
     clx
      |(Class and Type) : variable name, REAL(8)
      |(Attributes)     : DIMENSION
      |(Declaration)    : 290
      |(Definition)     : 1268  1294
      |(Reference)      : 
     cmbk
      |(Class and Type) : variable name, REAL(8)
      |(Attributes)     : use-associated
      |(Declaration)    : 
      |(Definition)     : 
      |(Reference)      : 168  1253
     cmid
      |(Class and Type) : variable name, REAL(8)
      |(Attributes)     : DIMENSION, dummy-argument
      |(Declaration)    : 1  322
      |(Definition)     : 1010  1077
      |(Reference)      : 
     cnvc
      |(Class and Type) : variable name, REAL(8)
      |(Attributes)     : DIMENSION
      |(Declaration)    : 415
      |(Definition)     : 707  1491  1537  1680
      |(Reference)      : 1535  1712
     cnvcr
      |(Class and Type) : variable name, REAL(8)
      |(Attributes)     : DIMENSION, dummy-argument
      |(Declaration)    : 1  416
      |(Definition)     : 1077  1535  1712
      |(Reference)      : 1712
     cnvw
      |(Class and Type) : variable name, REAL(8)
      |(Attributes)     : DIMENSION
      |(Declaration)    : 415
      |(Definition)     : 706  1491  1536  1680
      |(Reference)      : 1534  1711
     cnvwn
      |(Class and Type) : variable name, REAL(8)
      |(Attributes)     : DIMENSION
      |(Declaration)    : 481
      |(Definition)     : 515  1542  1551
      |(Reference)      : 
     cnvwr
      |(Class and Type) : variable name, REAL(8)
      |(Attributes)     : DIMENSION, dummy-argument
      |(Declaration)    : 1  416
      |(Definition)     : 1077  1534  1711
      |(Reference)      : 1542  1711
     cof
      |(Class and Type) : variable name, REAL(8)
      |(Attributes)     : DIMENSION, dummy-argument
      |(Declaration)    : 1  220
      |(Definition)     : 
      |(Reference)      : 857
     cofx
      |(Class and Type) : variable name, REAL(8)
      |(Attributes)     : DIMENSION
      |(Declaration)    : 384
      |(Definition)     : 849  857  1010
      |(Reference)      : 
     con_fvirt
      |(Class and Type) : named constant, REAL(8)
      |(Attributes)     : use-associated
      |(Declaration)    : 
      |(Definition)     : 
      |(Reference)      : 190  1613
     con_rd
      |(Class and Type) : named constant, REAL(8)
      |(Attributes)     : use-associated
      |(Declaration)    : 
      |(Definition)     : 
      |(Reference)      : 190  1294  1470  1613
     con_rerth
      |(Class and Type) : named constant, REAL(8)
      |(Attributes)     : use-associated
      |(Declaration)    : 
      |(Definition)     : 
      |(Reference)      : 190
     con_rv
      |(Class and Type) : named constant, REAL(8)
      |(Attributes)     : use-associated
      |(Declaration)    : 
      |(Definition)     : 
      |(Reference)      : 190  1294
     const
      |(Class and Type) : module name
      |(Attributes)     : 
      |(Declaration)    : 
      |(Definition)     : 
      |(Reference)      : 168
     cos
      |(Class and Type) : intrinsic function name, REAL(8)
      |(Attributes)     : PURE, ELEMENTAL
      |(Declaration)    : 
      |(Definition)     : 
      |(Reference)      : 792  1755
     cosl
      |(Class and Type) : variable name, REAL(8)
      |(Attributes)     : DIMENSION
      |(Declaration)    : 384
      |(Definition)     : 792  808  1077  1111  1567  2375  2381  2382  2397  2477  2478  2479  2480  2713
      |(Reference)      : 918  923  960  2268  2417  2418  2420  2422  2424  2431  2490  2491  2538  2734  2735
     cosq
      |(Class and Type) : variable name, REAL(8)
      |(Attributes)     : 
      |(Declaration)    : 463
      |(Definition)     : 2410  2424  2452
      |(Reference)      : 2424  2454
     cosw
      |(Class and Type) : variable name, REAL(8)
      |(Attributes)     : 
      |(Declaration)    : 463
      |(Definition)     : 2429  2431
      |(Reference)      : 2431  2440  2441  2452  2483
     cosz
      |(Class and Type) : variable name, REAL(8)
      |(Attributes)     : DIMENSION, dummy-argument
      |(Declaration)    : 1  384
      |(Definition)     : 808  1010  1077  1111
      |(Reference)      : 
     coszenpm
      |(Class and Type) : external subroutine name
      |(Attributes)     : 
      |(Declaration)    : 
      |(Definition)     : 
      |(Reference)      : 808
     countdSITdt
      |(Class and Type) : variable name, REAL(8)
      |(Attributes)     : ALLOCATABLE, DIMENSION, SAVE, use-associated
      |(Declaration)    : 
      |(Definition)     : 2166  2179
      |(Reference)      : 2166  2171  2173  2176
     cp
      |(Class and Type) : variable name, REAL(8)
      |(Attributes)     : dummy-argument
      |(Declaration)    : 1  214
      |(Definition)     : 1010  1146  1164  1181  1214  1241  1294  1336  1348  1365  1400  1475  1483  1567  1613  1671  1717  1727
      |(Reference)      : 565  945  950  1624  2024  2422
     ctfreez
      |(Class and Type) : variable name, REAL(8)
      |(Attributes)     : use-associated
      |(Declaration)    : 
      |(Definition)     : 
      |(Reference)      : 175  2036  2037
     ctfreez2
      |(Class and Type) : variable name, REAL(8)
      |(Attributes)     : ALLOCATABLE, DIMENSION, SAVE, use-associated
      |(Declaration)    : 
      |(Definition)     : 2046
      |(Reference)      : 
     ctot
      |(Class and Type) : variable name, REAL(8)
      |(Attributes)     : DIMENSION, dummy-argument
      |(Declaration)    : 1  322
      |(Definition)     : 1010  1077
      |(Reference)      : 
     cumabs
      |(Class and Type) : variable name, REAL(8)
      |(Attributes)     : DIMENSION
      |(Declaration)    : 287
      |(Definition)     : 1591  1598  1605  1613
      |(Reference)      : 1598  1605
     cumastr_driv
      |(Class and Type) : external subroutine name
      |(Attributes)     : 
      |(Declaration)    : 
      |(Definition)     : 
      |(Reference)      : 1365
     cumastr_driv_n
      |(Class and Type) : external subroutine name
      |(Attributes)     : 
      |(Declaration)    : 
      |(Definition)     : 
      |(Reference)      : 1400
     cumtop
      |(Class and Type) : variable name, REAL(8)
      |(Attributes)     : DIMENSION, dummy-argument
      |(Declaration)    : 1  220
      |(Definition)     : 1010  1348  1379  1382  1413  1416  1502  1505
      |(Reference)      : 1033
     cupcwb
      |(Class and Type) : external subroutine name
      |(Attributes)     : 
      |(Declaration)    : 
      |(Definition)     : 
      |(Reference)      : 1348
     curate
      |(Class and Type) : variable name, REAL(8)
      |(Attributes)     : DIMENSION, dummy-argument
      |(Declaration)    : 1  220
      |(Definition)     : 1010  1077  1873
      |(Reference)      : 
     d0w
      |(Class and Type) : variable name, REAL(8)
      |(Attributes)     : 
      |(Declaration)    : 495
      |(Definition)     : 2019
      |(Reference)      : 2025  2025
     d2r
      |(Class and Type) : variable name, REAL(8)
      |(Attributes)     : 
      |(Declaration)    : 463
      |(Definition)     : 562  799  1077
      |(Reference)      : 792  793  921  1733  1755
     dFCTsstdt
      |(Class and Type) : variable name, REAL(8)
      |(Attributes)     : ALLOCATABLE, DIMENSION, use-associated
      |(Declaration)    : 
      |(Definition)     : 2141
      |(Reference)      : 179  2142  2144  2145  2155  2159  2160  2172  2176
     dSITdt_intv
      |(Class and Type) : variable name, REAL(8)
      |(Attributes)     : common-block-object, use-associated
      |(Declaration)    : 
      |(Definition)     : 
      |(Reference)      : 168  2169  2170
     dailyClm_option
      |(Class and Type) : variable name, INTEGER(4)
      |(Attributes)     : common-block-object, use-associated
      |(Declaration)    : 
      |(Definition)     : 
      |(Reference)      : 168  168  2136
     dcyc2t3
      |(Class and Type) : external subroutine name
      |(Attributes)     : 
      |(Declaration)    : 
      |(Definition)     : 
      |(Reference)      : 1111
     deg_ju
      |(Class and Type) : variable name, REAL(8)
      |(Attributes)     : 
      |(Declaration)    : 463
      |(Definition)     : 1733
      |(Reference)      : 1734
     del
      |(Class and Type) : variable name, REAL(8)
      |(Attributes)     : DIMENSION
      |(Declaration)    : 407
      |(Definition)     : 1277  1294  1455  1475  1483  1491  1586  1613  1650  1671  1680  1781  1795  1805
      |(Reference)      : 1598  1599
     delcup
      |(Class and Type) : variable name, REAL(8)
      |(Attributes)     : DIMENSION
      |(Declaration)    : 427
      |(Definition)     : 
      |(Reference)      : 
     deltaq
      |(Class and Type) : variable name, REAL(8)
      |(Attributes)     : DIMENSION, dummy-argument
      |(Declaration)    : 1  415
      |(Definition)     : 1077  1789  1795
      |(Reference)      : 
     dfk
      |(Class and Type) : variable name, REAL(8)
      |(Attributes)     : DIMENSION, dummy-argument
      |(Declaration)    : 1  255
      |(Definition)     : 1146  1164
      |(Reference)      : 
     dfkt
      |(Class and Type) : variable name, REAL(8)
      |(Attributes)     : DIMENSION, dummy-argument
      |(Declaration)    : 1  255
      |(Definition)     : 1146  1164
      |(Reference)      : 
     dfluxs
      |(Class and Type) : variable name, REAL(8)
      |(Attributes)     : ALLOCATABLE, DIMENSION, SAVE, use-associated
      |(Declaration)    : 
      |(Definition)     : 
      |(Reference)      : 2046
     diabat
      |(Class and Type) : external subroutine name
      |(Attributes)     : 
      |(Declaration)    : 
      |(Definition)     : 1
      |(Reference)      : 2807
     diagrd
      |(Class and Type) : external subroutine name
      |(Attributes)     : 
      |(Declaration)    : 
      |(Definition)     : 
      |(Reference)      : 2713
     disch
      |(Class and Type) : variable name, REAL(8)
      |(Attributes)     : ALLOCATABLE, DIMENSION, SAVE, use-associated
      |(Declaration)    : 
      |(Definition)     : 
      |(Reference)      : 2046
     dlength
      |(Class and Type) : variable name, REAL(8)
      |(Attributes)     : DIMENSION
      |(Declaration)    : 287
      |(Definition)     : 1610  1613
      |(Reference)      : 
     do_sit
      |(Class and Type) : variable name, LOGICAL(4)
      |(Attributes)     : common-block-object, use-associated
      |(Declaration)    : 
      |(Definition)     : 
      |(Reference)      : 168  1878  2161
     docgrav
      |(Class and Type) : variable name, LOGICAL(4)
      |(Attributes)     : dummy-argument
      |(Declaration)    : 1  210
      |(Definition)     : 
      |(Reference)      : 1566  1573
     doclx
      |(Class and Type) : variable name, LOGICAL(4)
      |(Attributes)     : use-associated
      |(Declaration)    : 
      |(Definition)     : 
      |(Reference)      : 168  618
     doclxu
      |(Class and Type) : variable name, LOGICAL(4)
      |(Attributes)     : 
      |(Declaration)    : 446
      |(Definition)     : 526  603
      |(Reference)      : 618
     docup
      |(Class and Type) : variable name, LOGICAL(4)
      |(Attributes)     : dummy-argument
      |(Declaration)    : 1  210
      |(Definition)     : 
      |(Reference)      : 1348  1359  1393  1427
     dodry
      |(Class and Type) : variable name, LOGICAL(4)
      |(Attributes)     : dummy-argument
      |(Declaration)    : 1  210
      |(Definition)     : 
      |(Reference)      : 1863
     dograv
      |(Class and Type) : variable name, LOGICAL(4)
      |(Attributes)     : dummy-argument
      |(Declaration)    : 1  210
      |(Definition)     : 
      |(Reference)      : 1230  1247
     dolsp
      |(Class and Type) : variable name, LOGICAL(4)
      |(Attributes)     : dummy-argument
      |(Declaration)    : 1  210
      |(Definition)     : 
      |(Reference)      : 1726  1732  1838
     donor
      |(Class and Type) : variable name, LOGICAL(4)
      |(Attributes)     : initialized
      |(Declaration)    : 367  368
      |(Definition)     : 
      |(Reference)      : 688
     doo3l
      |(Class and Type) : variable name, LOGICAL(4)
      |(Attributes)     : dummy-argument
      |(Declaration)    : 1  310
      |(Definition)     : 
      |(Reference)      : 996
     doozon
      |(Class and Type) : variable name, LOGICAL(4)
      |(Attributes)     : 
      |(Declaration)    : 377
      |(Definition)     : 586  589  602  613
      |(Reference)      : 613  998
     dopbl
      |(Class and Type) : variable name, LOGICAL(4)
      |(Attributes)     : dummy-argument
      |(Declaration)    : 1  210
      |(Definition)     : 
      |(Reference)      : 690  1146  1164  1181
     dorad
      |(Class and Type) : variable name, LOGICAL(4)
      |(Attributes)     : dummy-argument
      |(Declaration)    : 1  210
      |(Definition)     : 
      |(Reference)      : 613  614  1110
     doshl
      |(Class and Type) : variable name, LOGICAL(4)
      |(Attributes)     : dummy-argument
      |(Declaration)    : 1  210
      |(Definition)     : 
      |(Reference)      : 1632  1717
     doshum
      |(Class and Type) : variable name, LOGICAL(4)
      |(Attributes)     : use-associated
      |(Declaration)    : 
      |(Definition)     : 
      |(Reference)      : 168  2247
     doslavepp
      |(Class and Type) : variable name, LOGICAL(4)
      |(Attributes)     : use-associated
      |(Declaration)    : 
      |(Definition)     : 
      |(Reference)      : 168  1319  1522  1699  1828
     dosppt
      |(Class and Type) : variable name, LOGICAL(4)
      |(Attributes)     : use-associated
      |(Declaration)    : 
      |(Definition)     : 
      |(Reference)      : 168  975  2206
     dossst
      |(Class and Type) : variable name, LOGICAL(4)
      |(Attributes)     : use-associated
      |(Declaration)    : 
      |(Definition)     : 
      |(Reference)      : 168  2185
     dotc
      |(Class and Type) : variable name, REAL(8)
      |(Attributes)     : DIMENSION
      |(Declaration)    : 428
      |(Definition)     : 1065  1077  1362  1365  1396  1400  1447  1475  1483  1491  1641  1671  1680
      |(Reference)      : 
     dphi
      |(Class and Type) : variable name, REAL(8)
      |(Attributes)     : DIMENSION
      |(Declaration)    : 384
      |(Definition)     : 2538  2540
      |(Reference)      : 2542  2543
     dqcu
      |(Class and Type) : variable name, REAL(8)
      |(Attributes)     : 
      |(Declaration)    : 463
      |(Definition)     : 2738
      |(Reference)      : 2746
     dqcupd
      |(Class and Type) : variable name, REAL(8)
      |(Attributes)     : DIMENSION
      |(Declaration)    : 384
      |(Definition)     : 776  1348  2372
      |(Reference)      : 2738
     dqcupl
      |(Class and Type) : variable name, REAL(8)
      |(Attributes)     : DIMENSION
      |(Declaration)    : 384
      |(Definition)     : 778  2491  2496  2501
      |(Reference)      : 2491  2501  2628
     dqcupz
      |(Class and Type) : variable name, REAL(8)
      |(Attributes)     : DIMENSION
      |(Declaration)    : 384
      |(Definition)     : 741  1348
      |(Reference)      : 2491
     dqdtc
      |(Class and Type) : variable name, REAL(8)
      |(Attributes)     : DIMENSION
      |(Declaration)    : 284
      |(Definition)     : 715  1181
      |(Reference)      : 1237  1311
     drag
      |(Class and Type) : variable name, REAL(8)
      |(Attributes)     : DIMENSION, dummy-argument
      |(Declaration)    : 1  220
      |(Definition)     : 1241
      |(Reference)      : 
     drag_u
      |(Class and Type) : variable name, REAL(8)
      |(Attributes)     : DIMENSION
      |(Declaration)    : 365
      |(Definition)     : 1567
      |(Reference)      : 
     drag_v
      |(Class and Type) : variable name, REAL(8)
      |(Attributes)     : DIMENSION
      |(Declaration)    : 365
      |(Definition)     : 1567
      |(Reference)      : 
     dragmax
      |(Class and Type) : variable name, REAL(8)
      |(Attributes)     : 
      |(Declaration)    : 463
      |(Definition)     : 
      |(Reference)      : 
     dragmin
      |(Class and Type) : variable name, REAL(8)
      |(Attributes)     : 
      |(Declaration)    : 463
      |(Definition)     : 
      |(Reference)      : 
     drychk
      |(Class and Type) : external subroutine name
      |(Attributes)     : 
      |(Declaration)    : 
      |(Definition)     : 
      |(Reference)      : 1867
     dsigma
      |(Class and Type) : variable name, REAL(8)
      |(Attributes)     : DIMENSION, dummy-argument
      |(Declaration)    : 1  243
      |(Definition)     : 1010  1164  1181  1348  1717  1727  1845
      |(Reference)      : 1277  1277  1455  1455  1586  1586  1650  1650  1781  1781  1865  1865  2416  2416
     dsigp
      |(Class and Type) : variable name, REAL(8)
      |(Attributes)     : 
      |(Declaration)    : 463
      |(Definition)     : 2416
      |(Reference)      : 2417  2418  2420  2422
     dsigpp
      |(Class and Type) : variable name, REAL(8)
      |(Attributes)     : DIMENSION
      |(Declaration)    : 393
      |(Definition)     : 1865  1867
      |(Reference)      : 
     dt
      |(Class and Type) : variable name, REAL(8)
      |(Attributes)     : dummy-argument
      |(Declaration)    : 1  214
      |(Definition)     : 799  1365
      |(Reference)      : 583  597  609  610  685  1879  1881  1882  1882  2135  2174  2188  2354  2642
     dta
      |(Class and Type) : variable name, REAL(8)
      |(Attributes)     : 
      |(Declaration)    : 463
      |(Definition)     : 583  1002  1146  1164  1181  1241  1294  1348  1400  1475  1483  1491  1567  1613  1671  1680  1717  1789  1795  1799  1805  1845
      |(Reference)      : 1234  1235  1236  1237  1308  1309  1310  1311  1322  1329  1605  1621  1622  1624  1873  2013  2142  2144  2145  2155  2160  2172  2173  2174  2188  2227  2384  2385  2456
     dtau
      |(Class and Type) : variable name, REAL(8)
      |(Attributes)     : 
      |(Declaration)    : 463
      |(Definition)     : 2354
      |(Reference)      : 2359
     dtaup
      |(Class and Type) : variable name, REAL(8)
      |(Attributes)     : 
      |(Declaration)    : 506
      |(Definition)     : 2169
      |(Reference)      : 2170
     dtcup
      |(Class and Type) : variable name, REAL(8)
      |(Attributes)     : ALLOCATABLE, DIMENSION, SAVE, use-associated
      |(Declaration)    : 
      |(Definition)     : 1531
      |(Reference)      : 192  1527
     dtcupd
      |(Class and Type) : variable name, REAL(8)
      |(Attributes)     : DIMENSION
      |(Declaration)    : 384
      |(Definition)     : 775  1348  2371
      |(Reference)      : 2745
     dtcupg
      |(Class and Type) : variable name, REAL(8)
      |(Attributes)     : 
      |(Declaration)    : 463
      |(Definition)     : 2510  2531  2552
      |(Reference)      : 2530  2620
     dtcupl
      |(Class and Type) : variable name, REAL(8)
      |(Attributes)     : DIMENSION
      |(Declaration)    : 384
      |(Definition)     : 777  2490  2495  2500
      |(Reference)      : 2490  2500  2627
     dtcupx
      |(Class and Type) : variable name, REAL(8)
      |(Attributes)     : DIMENSION
      |(Declaration)    : 384
      |(Definition)     : 769  1348  1475
      |(Reference)      : 2530  2531
     dtcupz
      |(Class and Type) : variable name, REAL(8)
      |(Attributes)     : DIMENSION
      |(Declaration)    : 384
      |(Definition)     : 740  1348
      |(Reference)      : 2490  2665
     dtdtc
      |(Class and Type) : variable name, REAL(8)
      |(Attributes)     : DIMENSION
      |(Declaration)    : 284
      |(Definition)     : 714  1181  1294
      |(Reference)      : 1234  1308
     dtdtr
      |(Class and Type) : variable name, REAL(8)
      |(Attributes)     : 
      |(Declaration)    : 357
      |(Definition)     : 2227
      |(Reference)      : 2230  2240
     dtfsit
      |(Class and Type) : variable name, REAL(8)
      |(Attributes)     : use-associated
      |(Declaration)    : 
      |(Definition)     : 1912  2003  2102  2103  2126
      |(Reference)      : 1912  1946  1947  1948  1949  1950  1951  1952  1953  1954  1955  1956  1957  1958  1959  1960  1961  1962  1963  2046  2098  2099  2100
     dtgfix12
      |(Class and Type) : external subroutine name
      |(Attributes)     : 
      |(Declaration)    : 
      |(Definition)     : 
      |(Reference)      : 1884
     dtlsp
      |(Class and Type) : variable name, REAL(8)
      |(Attributes)     : ALLOCATABLE, DIMENSION, SAVE, use-associated
      |(Declaration)    : 
      |(Definition)     : 1833
      |(Reference)      : 192  1831
     dtlw
      |(Class and Type) : variable name, REAL(8)
      |(Attributes)     : 
      |(Declaration)    : 200
      |(Definition)     : 799  1077
      |(Reference)      : 
     dtrad
      |(Class and Type) : variable name, REAL(8)
      |(Attributes)     : DIMENSION, dummy-argument
      |(Declaration)    : 1  220
      |(Definition)     : 1105  1323
      |(Reference)      : 1322  2571  2579  2747
     dtradc
      |(Class and Type) : variable name, REAL(8)
      |(Attributes)     : DIMENSION
      |(Declaration)    : 354
      |(Definition)     : 1111
      |(Reference)      : 2227
     dtradg
      |(Class and Type) : variable name, REAL(8)
      |(Attributes)     : 
      |(Declaration)    : 463
      |(Definition)     : 2561  2572  2594  2596
      |(Reference)      : 2572  2578  2596  2620
     dtradn
      |(Class and Type) : variable name, REAL(8)
      |(Attributes)     : DIMENSION
      |(Declaration)    : 355
      |(Definition)     : 1010  1111
      |(Reference)      : 1322  1323  1329
     dtseadt
      |(Class and Type) : variable name, REAL(8)
      |(Attributes)     : ALLOCATABLE, DIMENSION, use-associated
      |(Declaration)    : 
      |(Definition)     : 2140  2152  2159  2176  2186
      |(Reference)      : 179  2186
     dtshl
      |(Class and Type) : variable name, REAL(8)
      |(Attributes)     : ALLOCATABLE, DIMENSION, SAVE, use-associated
      |(Declaration)    : 
      |(Definition)     : 1708
      |(Reference)      : 192  1704
     dtsit
      |(Class and Type) : variable name, REAL(8)
      |(Attributes)     : 
      |(Declaration)    : 497
      |(Definition)     : 1879
      |(Reference)      : 1912  1924  1925  1926  1927  1928  1929  1930  1931  1932  1933  1934  1935  1936  1937  1938  1939  1940  1941  2003
     dtsit24
      |(Class and Type) : variable name, REAL(8)
      |(Attributes)     : use-associated
      |(Declaration)    : 
      |(Definition)     : 2100
      |(Reference)      : 2100
     dtsitmon
      |(Class and Type) : variable name, REAL(8)
      |(Attributes)     : use-associated
      |(Declaration)    : 
      |(Definition)     : 2099
      |(Reference)      : 2099
     dtsittau
      |(Class and Type) : variable name, REAL(8)
      |(Attributes)     : use-associated
      |(Declaration)    : 
      |(Definition)     : 2098
      |(Reference)      : 2098
     dtsw
      |(Class and Type) : variable name, REAL(8)
      |(Attributes)     : 
      |(Declaration)    : 200
      |(Definition)     : 799  1077
      |(Reference)      : 
     dtswdt
      |(Class and Type) : variable name, REAL(8)
      |(Attributes)     : ALLOCATABLE, DIMENSION, SAVE, use-associated
      |(Declaration)    : 
      |(Definition)     : 2040  2046
      |(Reference)      : 2165
     dttmp
      |(Class and Type) : variable name, REAL(8)
      |(Attributes)     : 
      |(Declaration)    : 306
      |(Definition)     : 1519  1696  1827
      |(Reference)      : 1527  1531  1704  1708  1831  1833
     dtx_tau
      |(Class and Type) : variable name, REAL(8)
      |(Attributes)     : 
      |(Declaration)    : 506
      |(Definition)     : 2135
      |(Reference)      : 2170
     ducup
      |(Class and Type) : variable name, REAL(8)
      |(Attributes)     : ALLOCATABLE, DIMENSION, SAVE, use-associated
      |(Declaration)    : 
      |(Definition)     : 1532
      |(Reference)      : 192  1528
     dudtc
      |(Class and Type) : variable name, REAL(8)
      |(Attributes)     : DIMENSION
      |(Declaration)    : 284
      |(Definition)     : 712  1181  1294
      |(Reference)      : 1235  1309
     dushl
      |(Class and Type) : variable name, REAL(8)
      |(Attributes)     : ALLOCATABLE, DIMENSION, SAVE, use-associated
      |(Declaration)    : 
      |(Definition)     : 1709
      |(Reference)      : 192  1705
     dutmp
      |(Class and Type) : variable name, REAL(8)
      |(Attributes)     : 
      |(Declaration)    : 306
      |(Definition)     : 1520  1697
      |(Reference)      : 1528  1532  1705  1709
     dvcup
      |(Class and Type) : variable name, REAL(8)
      |(Attributes)     : ALLOCATABLE, DIMENSION, SAVE, use-associated
      |(Declaration)    : 
      |(Definition)     : 1533
      |(Reference)      : 192  1529
     dvdtc
      |(Class and Type) : variable name, REAL(8)
      |(Attributes)     : DIMENSION
      |(Declaration)    : 284
      |(Definition)     : 713  1181  1294
      |(Reference)      : 1236  1310
     dvshl
      |(Class and Type) : variable name, REAL(8)
      |(Attributes)     : ALLOCATABLE, DIMENSION, SAVE, use-associated
      |(Declaration)    : 
      |(Definition)     : 1710
      |(Reference)      : 192  1706
     dvtmp
      |(Class and Type) : variable name, REAL(8)
      |(Attributes)     : 
      |(Declaration)    : 306
      |(Definition)     : 1521  1698
      |(Reference)      : 1529  1533  1706  1710
     dxinv
      |(Class and Type) : named constant, REAL(8)
      |(Attributes)     : 
      |(Declaration)    : 401
      |(Definition)     : 
      |(Reference)      : 923
     dxmax
      |(Class and Type) : named constant, REAL(8)
      |(Attributes)     : 
      |(Declaration)    : 401
      |(Definition)     : 
      |(Reference)      : 401
     dxmin
      |(Class and Type) : named constant, REAL(8)
      |(Attributes)     : 
      |(Declaration)    : 401
      |(Definition)     : 
      |(Reference)      : 401  923
     dy
      |(Class and Type) : variable name, INTEGER(4)
      |(Attributes)     : 
      |(Declaration)    : 504
      |(Definition)     : 1887
      |(Reference)      : 
     e
      |(Class and Type) : variable name, REAL(8)
      |(Attributes)     : DIMENSION, dummy-argument
      |(Declaration)    : 1  220
      |(Definition)     : 1146  1164  1181
      |(Reference)      : 
     elvmax
      |(Class and Type) : variable name, REAL(8)
      |(Attributes)     : DIMENSION
      |(Declaration)    : 287
      |(Definition)     : 1262  1294
      |(Reference)      : 
     eng0
      |(Class and Type) : variable name, REAL(8)
      |(Attributes)     : 
      |(Declaration)    : 294
      |(Definition)     : 1620
      |(Reference)      : 1624
     eng1
      |(Class and Type) : variable name, REAL(8)
      |(Attributes)     : 
      |(Declaration)    : 294
      |(Definition)     : 1623
      |(Reference)      : 1624
     engdiff
      |(Class and Type) : variable name, REAL(8)
      |(Attributes)     : 
      |(Declaration)    : 463
      |(Definition)     : 2458
      |(Reference)      : 2639
     engwac
      |(Class and Type) : variable name, REAL(8)
      |(Attributes)     : ALLOCATABLE, DIMENSION, SAVE, use-associated
      |(Declaration)    : 
      |(Definition)     : 2046
      |(Reference)      : 
     eps
      |(Class and Type) : variable name, REAL(8)
      |(Attributes)     : DIMENSION, dummy-argument
      |(Declaration)    : 1  220
      |(Definition)     : 1146  1164  1181
      |(Reference)      : 
     etop
      |(Class and Type) : variable name, REAL(8)
      |(Attributes)     : 
      |(Declaration)    : 463
      |(Definition)     : 554  1348
      |(Reference)      : 
     evap
      |(Class and Type) : variable name, REAL(8)
      |(Attributes)     : DIMENSION
      |(Declaration)    : 265
      |(Definition)     : 1663  1671
      |(Reference)      : 
     evapor
      |(Class and Type) : variable name, REAL(8)
      |(Attributes)     : 
      |(Declaration)    : 463
      |(Definition)     : 2397
      |(Reference)      : 2456  2624
     evaprh
      |(Class and Type) : variable name, REAL(8)
      |(Attributes)     : dummy-argument
      |(Declaration)    : 1  214
      |(Definition)     : 1727
      |(Reference)      : 
     evapw
      |(Class and Type) : variable name, REAL(8)
      |(Attributes)     : ALLOCATABLE, DIMENSION, SAVE, use-associated
      |(Declaration)    : 
      |(Definition)     : 2012
      |(Reference)      : 2046
     facg
      |(Class and Type) : variable name, REAL(8)
      |(Attributes)     : DIMENSION
      |(Declaration)    : 287
      |(Definition)     : 
      |(Reference)      : 
     facsf
      |(Class and Type) : variable name, REAL(8)
      |(Attributes)     : DIMENSION, dummy-argument
      |(Declaration)    : 1  277
      |(Definition)     : 631  642  1077
      |(Reference)      : 642
     facwf
      |(Class and Type) : variable name, REAL(8)
      |(Attributes)     : DIMENSION, dummy-argument
      |(Declaration)    : 1  277
      |(Definition)     : 631  643  1077
      |(Reference)      : 643
     fdir
      |(Class and Type) : variable name, REAL(8)
      |(Attributes)     : DIMENSION, dummy-argument
      |(Declaration)    : 1  315
      |(Definition)     : 1010  1077
      |(Reference)      : 
     fdirr
      |(Class and Type) : variable name, REAL(8)
      |(Attributes)     : DIMENSION, dummy-argument
      |(Declaration)    : 1  315
      |(Definition)     : 1010  1077
      |(Reference)      : 
     fdsl
      |(Class and Type) : variable name, REAL(8)
      |(Attributes)     : DIMENSION, dummy-argument
      |(Declaration)    : 1  315
      |(Definition)     : 1010  1077
      |(Reference)      : 
     fdslr
      |(Class and Type) : variable name, REAL(8)
      |(Attributes)     : DIMENSION, dummy-argument
      |(Declaration)    : 1  315
      |(Definition)     : 1010  1077
      |(Reference)      : 
     fh
      |(Class and Type) : variable name, REAL(8)
      |(Attributes)     : DIMENSION, dummy-argument
      |(Declaration)    : 1  220
      |(Definition)     : 1181
      |(Reference)      : 
     fh2
      |(Class and Type) : variable name, REAL(8)
      |(Attributes)     : DIMENSION, dummy-argument
      |(Declaration)    : 1  220
      |(Definition)     : 1181
      |(Reference)      : 
     flash
      |(Class and Type) : variable name, REAL(8)
      |(Attributes)     : DIMENSION, dummy-argument
      |(Declaration)    : 1  480
      |(Definition)     : 1400  1551
      |(Reference)      : 
     float
      |(Class and Type) : intrinsic function name, REAL(8)
      |(Attributes)     : PURE, ELEMENTAL
      |(Declaration)    : 
      |(Definition)     : 
      |(Reference)      : 918  1882  1889
     fluxcl
      |(Class and Type) : variable name, LOGICAL(4)
      |(Attributes)     : 
      |(Declaration)    : 377
      |(Definition)     : 582  1010
      |(Reference)      : 
     fluxi
      |(Class and Type) : variable name, REAL(8)
      |(Attributes)     : ALLOCATABLE, DIMENSION, SAVE, use-associated
      |(Declaration)    : 
      |(Definition)     : 2007
      |(Reference)      : 2046
     fluxiw
      |(Class and Type) : variable name, REAL(8)
      |(Attributes)     : ALLOCATABLE, DIMENSION, SAVE, use-associated
      |(Declaration)    : 
      |(Definition)     : 2046
      |(Reference)      : 
     fluxw
      |(Class and Type) : variable name, REAL(8)
      |(Attributes)     : ALLOCATABLE, DIMENSION, SAVE, use-associated
      |(Declaration)    : 
      |(Definition)     : 2006
      |(Reference)      : 2046
     fm
      |(Class and Type) : variable name, REAL(8)
      |(Attributes)     : DIMENSION, dummy-argument
      |(Declaration)    : 1  220
      |(Definition)     : 1181
      |(Reference)      : 
     fm10
      |(Class and Type) : variable name, REAL(8)
      |(Attributes)     : DIMENSION, dummy-argument
      |(Declaration)    : 1  220
      |(Definition)     : 1181
      |(Reference)      : 
     fnor
      |(Class and Type) : variable name, REAL(8)
      |(Attributes)     : initialized
      |(Declaration)    : 366  368
      |(Definition)     : 
      |(Reference)      : 685
     fpsp
      |(Class and Type) : variable name, REAL(8)
      |(Attributes)     : DIMENSION, dummy-argument
      |(Declaration)    : 1  409
      |(Definition)     : 1789  1799
      |(Reference)      : 
     fpsp1
      |(Class and Type) : variable name, REAL(8)
      |(Attributes)     : DIMENSION, dummy-argument
      |(Declaration)    : 1  410
      |(Definition)     : 1789  1799
      |(Reference)      : 
     fqp
      |(Class and Type) : variable name, REAL(8)
      |(Attributes)     : DIMENSION, dummy-argument
      |(Declaration)    : 1  409
      |(Definition)     : 1077  1789  1799  1845
      |(Reference)      : 
     fqp1
      |(Class and Type) : variable name, REAL(8)
      |(Attributes)     : DIMENSION, dummy-argument
      |(Declaration)    : 1  410
      |(Definition)     : 1077  1789  1799  1845
      |(Reference)      : 
     frad
      |(Class and Type) : variable name, REAL(8)
      |(Attributes)     : dummy-argument
      |(Declaration)    : 1  214
      |(Definition)     : 799  808
      |(Reference)      : 609
     fsit
      |(Class and Type) : variable name, REAL(8)
      |(Attributes)     : common-block-object, use-associated
      |(Declaration)    : 
      |(Definition)     : 
      |(Reference)      : 168
     ftp
      |(Class and Type) : variable name, REAL(8)
      |(Attributes)     : DIMENSION, dummy-argument
      |(Declaration)    : 1  409
      |(Definition)     : 1077  1789  1799  1845
      |(Reference)      : 
     ftp1
      |(Class and Type) : variable name, REAL(8)
      |(Attributes)     : DIMENSION, dummy-argument
      |(Declaration)    : 1  410
      |(Definition)     : 1077  1789  1799  1845
      |(Reference)      : 
     ftrigsit
      |(Class and Type) : variable name, REAL(8)
      |(Attributes)     : namelist-group-object, use-associated
      |(Declaration)    : 
      |(Definition)     : 
      |(Reference)      : 176
     fuir
      |(Class and Type) : variable name, REAL(8)
      |(Attributes)     : DIMENSION, dummy-argument
      |(Declaration)    : 1  315
      |(Definition)     : 1010  1077
      |(Reference)      : 
     fuirr
      |(Class and Type) : variable name, REAL(8)
      |(Attributes)     : DIMENSION, dummy-argument
      |(Declaration)    : 1  315
      |(Definition)     : 1010  1077
      |(Reference)      : 
     fusl
      |(Class and Type) : variable name, REAL(8)
      |(Attributes)     : DIMENSION, dummy-argument
      |(Declaration)    : 1  315
      |(Definition)     : 1010  1077
      |(Reference)      : 
     fuslr
      |(Class and Type) : variable name, REAL(8)
      |(Attributes)     : DIMENSION, dummy-argument
      |(Declaration)    : 1  315
      |(Definition)     : 1010  1077
      |(Reference)      : 
     gamma
      |(Class and Type) : variable name, REAL(8)
      |(Attributes)     : DIMENSION
      |(Declaration)    : 287
      |(Definition)     : 1260  1294
      |(Reference)      : 
     garea
      |(Class and Type) : variable name, REAL(8)
      |(Attributes)     : DIMENSION
      |(Declaration)    : 437
      |(Definition)     : 926  1294  1400  1491  1680
      |(Reference)      : 
     get_phi
      |(Class and Type) : external subroutine name
      |(Attributes)     : 
      |(Declaration)    : 
      |(Definition)     : 
      |(Reference)      : 1214  1336
     gfx
      |(Class and Type) : variable name, REAL(8)
      |(Attributes)     : DIMENSION, dummy-argument
      |(Declaration)    : 1  265
      |(Definition)     : 1181
      |(Reference)      : 
     ggdef
      |(Class and Type) : variable name, CHARACTER(4,1)
      |(Attributes)     : common-block-object, use-associated
      |(Declaration)    : 
      |(Definition)     : 624  631
      |(Reference)      : 168
     glbmean_2d
      |(Class and Type) : external subroutine name
      |(Attributes)     : 
      |(Declaration)    : 
      |(Definition)     : 
      |(Reference)      : 2375  2381  2382  2397  2477  2478  2479  2480
     grav
      |(Class and Type) : variable name, REAL(8)
      |(Attributes)     : dummy-argument
      |(Declaration)    : 1  214
      |(Definition)     : 1010  1146  1164  1181  1214  1241  1294  1336  1348  1365  1400  1475  1483  1567  1613  1671  1717  1727
      |(Reference)      : 668  2017  2017  2024  2454
     grndcapc
      |(Class and Type) : variable name, REAL(8)
      |(Attributes)     : ALLOCATABLE, DIMENSION, SAVE, use-associated
      |(Declaration)    : 
      |(Definition)     : 2046
      |(Reference)      : 
     grndflux
      |(Class and Type) : variable name, REAL(8)
      |(Attributes)     : ALLOCATABLE, DIMENSION, SAVE, use-associated
      |(Declaration)    : 
      |(Definition)     : 2046
      |(Reference)      : 
     grndhflx
      |(Class and Type) : variable name, REAL(8)
      |(Attributes)     : ALLOCATABLE, DIMENSION, SAVE, use-associated
      |(Declaration)    : 
      |(Definition)     : 2046
      |(Reference)      : 
     gscond
      |(Class and Type) : external subroutine name
      |(Attributes)     : 
      |(Declaration)    : 
      |(Definition)     : 
      |(Reference)      : 1799
     gscondp
      |(Class and Type) : external subroutine name
      |(Attributes)     : 
      |(Declaration)    : 
      |(Definition)     : 
      |(Reference)      : 1789
     gwclim
      |(Class and Type) : variable name, REAL(8)
      |(Attributes)     : DIMENSION, dummy-argument
      |(Declaration)    : 1  220
      |(Definition)     : 624  1146  1164  1181
      |(Reference)      : 
     gwdc
      |(Class and Type) : external subroutine name
      |(Attributes)     : 
      |(Declaration)    : 
      |(Definition)     : 
      |(Reference)      : 1613
     gwdp
      |(Class and Type) : external subroutine name
      |(Attributes)     : 
      |(Declaration)    : 
      |(Definition)     : 
      |(Reference)      : 1241
     gwdps
      |(Class and Type) : external subroutine name
      |(Attributes)     : 
      |(Declaration)    : 
      |(Definition)     : 
      |(Reference)      : 1294
     heat
      |(Class and Type) : variable name, REAL(8)
      |(Attributes)     : DIMENSION
      |(Declaration)    : 265
      |(Definition)     : 1662  1671
      |(Reference)      : 
     hflmx
      |(Class and Type) : variable name, REAL(8)
      |(Attributes)     : 
      |(Declaration)    : 463
      |(Definition)     : 2557
      |(Reference)      : 2620
     hflux
      |(Class and Type) : variable name, REAL(8)
      |(Attributes)     : DIMENSION, dummy-argument
      |(Declaration)    : 1  220
      |(Definition)     : 696  1146  1164  1181  1400  2557
      |(Reference)      : 1926  1987  2661
     hfluxfsit
      |(Class and Type) : variable name, REAL(8)
      |(Attributes)     : ALLOCATABLE, DIMENSION, SAVE, use-associated
      |(Declaration)    : 
      |(Definition)     : 1926  1968
      |(Reference)      : 1926  1948
     hfluxtm
      |(Class and Type) : variable name, REAL(8)
      |(Attributes)     : ALLOCATABLE, DIMENSION
      |(Declaration)    : 498
      |(Definition)     : 1894  1948  1987  2109
      |(Reference)      : 2006  2007  2024
     hice
      |(Class and Type) : variable name, REAL(8)
      |(Attributes)     : dummy-argument
      |(Declaration)    : 1  214
      |(Definition)     : 1146  1164  1181
      |(Reference)      : 
     hltm
      |(Class and Type) : variable name, REAL(8)
      |(Attributes)     : dummy-argument
      |(Declaration)    : 1  214
      |(Definition)     : 1146  1164  1181  1348  1365  1400  1475  1483  1671  1717  1727
      |(Reference)      : 2012  2024  2393
     hours
      |(Class and Type) : variable name, REAL(8)
      |(Attributes)     : dummy-argument
      |(Declaration)    : 1  214
      |(Definition)     : 597  599  799
      |(Reference)      : 596  597  598  599
     hpbl
      |(Class and Type) : variable name, REAL(8)
      |(Attributes)     : DIMENSION, dummy-argument
      |(Declaration)    : 1  220
      |(Definition)     : 1181  1294  1671  1680
      |(Reference)      : 
     hprime
      |(Class and Type) : variable name, REAL(8)
      |(Attributes)     : DIMENSION
      |(Declaration)    : 287
      |(Definition)     : 1257  1294
      |(Reference)      : 
     hprime_b
      |(Class and Type) : variable name, REAL(8)
      |(Attributes)     : DIMENSION, dummy-argument
      |(Declaration)    : 1  281
      |(Definition)     : 
      |(Reference)      : 1057  1257  1258  1259  1260  1261  1262  1267  1268
     hr
      |(Class and Type) : variable name, INTEGER(4)
      |(Attributes)     : 
      |(Declaration)    : 504
      |(Definition)     : 1887
      |(Reference)      : 1889
     i
      |(Class and Type) : variable name, INTEGER(4)
      |(Attributes)     : 
      |(Declaration)    : 455
      |(Definition)     : 637  651  694  702  722  852  856  888  901  922  944  949  962  978  1031  1045  1052  1056  1064  1104  1121  1129  1137  1233  1256  1266  1274  1289  1307  1321  1328  1341  1361  1376  1386  1395  1410  1420  1441  1446  1453  1467  1499  1509  1515  1547  1578  1584  1590  1596  1604  1619  1633  1640  1648  1661  1685  1692  1748  1778  1824  1841  1915  2139  2151  2209  2249  2270  2323  2338  2358  2392  2415  2536  2570  2577  2659
      |(Reference)      : 638  638  639  639  640  640  641  641  642  642  643  643  652  656  656  660  660  660  664  664  665  666  667  668  668  668  670  670  671  671  672  673  674  675  695  696  703  704  706  707  709  710  711  712  713  714  715  723  724  726  728  730  853  853  854  854  857  857  889  889  890  890  902  902  923  924  924  925  925  926  927  927  928  928  929  929  930  930  931  931  932  932  945  945  945  945  945  950  950  950  950  950  950  950  950  963  963  964  964  965  965  966  966  967  967  967  967  968  968  968  968  969  969  969  979  979  980  980  981  981  982  982  1032  1032  1033  1033  1046  1047  1053  1053  1057  1057  1065  1065  1105  1105  1105  1122  1122  1122  1123  1123  1123  1130  1130  1131  1131  1132  1132  1138  1138  1234  1234  1234  1235  1235  1235  1236  1236  1236  1237  1237  1237  1257  1257  1258  1258  1259  1259  1260  1260  1261  1261  1262  1262  1267  1267  1268  1268  1275  1275  1276  1276  1277  1277  1278  1278  1278  1279  1279  1280  1280  1281  1281  1282  1282  1290  1290  1308  1308  1308  1309  1309  1309  1310  1310  1310  1311  1311  1311  1322  1322  1322  1322  1323  1323  1329  1329  1329  1342  1342  1362  1362  1377  1377  1378  1379  1381  1381  1381  1382  1382  1382  1387  1387  1388  1388  1389  1389  1396  1396  1411  1411  1412  1413  1415  1415  1415  1416  1416  1416  1421  1421  1422  1422  1423  1423  1442  1442  1447  1447  1454  1454  1455  1455  1456  1456  1456  1457  1457  1458  1458  1459  1459  1460  1460  1461  1461  1462  1462  1468  1468  1469  1469  1470  1470  1470  1500  1500  1501  1502  1504  1504  1504  1505  1505  1505  1510  1510  1516  1516  1517  1517  1518  1518  1519  1519  1520  1520  1521  1521  1523  1523  1524  1524  1525  1525  1527  1527  1527  1528  1528  1528  1529  1529  1529  1531  1532  1533  1534  1534  1535  1535  1536  1537  1539  1539  1540  1540  1541  1541  1542  1542  1548  1548  1549  1549  1579  1579  1585  1585  1586  1586  1591  1592  1597  1597  1598  1598  1598  1598  1598  1599  1599  1599  1605  1605  1605  1605  1620  1620  1620  1620  1621  1621  1621  1622  1622  1622  1623  1623  1623  1623  1624  1624  1634  1634  1641  1641  1649  1649  1650  1650  1651  1651  1651  1652  1652  1653  1653  1654  1654  1655  1655  1656  1656  1657  1657  1662  1662  1662  1663  1663  1663  1686  1686  1686  1693  1693  1694  1694  1695  1695  1696  1696  1697  1697  1698  1698  1700  1700  1701  1701  1702  1702  1704  1704  1704  1705  1705  1705  1706  1706  1706  1708  1709  1710  1711  1711  1711  1712  1712  1712  1755  1779  1779  1781  1781  1782  1782  1783  1783  1784  1784  1825  1825  1826  1826  1827  1827  1829  1829  1831  1831  1831  1833  1842  1917  1918  1920  2211  2214  2217  2220  2224  2227  2228  2228  2229  2229  2230  2230  2231  2231  2233  2233  2234  2234  2237  2239  2240  2240  2250  2251  2251  2271  2271  2272  2272  2273  2273  2273  2273  2324  2324  2339  2339  2339  2340  2340  2340  2341  2341  2341  2342  2342  2342  2343  2343  2343  2344  2344  2344  2345  2345  2345  2346  2346  2346  2347  2347  2347  2348  2348  2348  2359  2359  2393  2393  2416  2417  2418  2418  2420  2420  2422  2422  2537  2537  2537  2537  2538  2571  2571  2572  2578  2579  2585  2660  2661
     ib
      |(Class and Type) : variable name, INTEGER(4)
      |(Attributes)     : DIMENSION, dummy-argument
      |(Declaration)    : 1  218
      |(Definition)     : 
      |(Reference)      : 854
     ibx
      |(Class and Type) : variable name, INTEGER(4)
      |(Attributes)     : DIMENSION
      |(Declaration)    : 378
      |(Definition)     : 849  854  1010
      |(Reference)      : 
     ic_sit
      |(Class and Type) : variable name, INTEGER(4)
      |(Attributes)     : dummy-argument
      |(Declaration)    : 1  490
      |(Definition)     : 
      |(Reference)      : 1923  1945
     ice
      |(Class and Type) : variable name, LOGICAL(4)
      |(Attributes)     : DIMENSION, dummy-argument
      |(Declaration)    : 1  210
      |(Definition)     : 624  1146  1164  1181
      |(Reference)      : 621  664  670  929  932
     icem
      |(Class and Type) : variable name, REAL(8)
      |(Attributes)     : 
      |(Declaration)    : 442
      |(Definition)     : 
      |(Reference)      : 
     iceold
      |(Class and Type) : variable name, LOGICAL(4)
      |(Attributes)     : DIMENSION
      |(Declaration)    : 446
      |(Definition)     : 621
      |(Reference)      : 664  670
     icnor
      |(Class and Type) : variable name, INTEGER(4)
      |(Attributes)     : 
      |(Declaration)    : 455
      |(Definition)     : 685
      |(Reference)      : 687
     icrad
      |(Class and Type) : variable name, INTEGER(4)
      |(Attributes)     : 
      |(Declaration)    : 455
      |(Definition)     : 609
      |(Reference)      : 612
     icsdlw
      |(Class and Type) : variable name, INTEGER(4)
      |(Attributes)     : DIMENSION
      |(Declaration)    : 298
      |(Definition)     : 528  1047  1077
      |(Reference)      : 
     icsdsw
      |(Class and Type) : variable name, INTEGER(4)
      |(Attributes)     : DIMENSION
      |(Declaration)    : 298
      |(Definition)     : 527  1046  1077
      |(Reference)      : 
     icupmx
      |(Class and Type) : variable name, INTEGER(4)
      |(Attributes)     : DIMENSION
      |(Declaration)    : 378
      |(Definition)     : 764  1348  1475
      |(Reference)      : 2532
     icurrenttau
      |(Class and Type) : variable name, INTEGER(4)
      |(Attributes)     : 
      |(Declaration)    : 494
      |(Definition)     : 1883  1884
      |(Reference)      : 
     idat
      |(Class and Type) : variable name, INTEGER(4)
      |(Attributes)     : DIMENSION
      |(Declaration)    : 274
      |(Definition)     : 799
      |(Reference)      : 
     idcupx
      |(Class and Type) : variable name, INTEGER(4)
      |(Attributes)     : 
      |(Declaration)    : 455
      |(Definition)     : 2511  2532  2552
      |(Reference)      : 2620
     idg
      |(Class and Type) : variable name, INTEGER(4)
      |(Attributes)     : dummy-argument
      |(Declaration)    : 1  206
      |(Definition)     : 
      |(Reference)      : 785  2734  2735  2736  2737  2739  2743  2747
     idradx
      |(Class and Type) : variable name, INTEGER(4)
      |(Attributes)     : 
      |(Declaration)    : 455
      |(Definition)     : 2562  2585  2594
      |(Reference)      : 2620
     idtg
      |(Class and Type) : variable name, INTEGER(8)
      |(Attributes)     : dummy-argument
      |(Declaration)    : 1  309
      |(Definition)     : 799  1884
      |(Reference)      : 
     idtg_sitvdiff
      |(Class and Type) : variable name, INTEGER(8)
      |(Attributes)     : 
      |(Declaration)    : 496
      |(Definition)     : 1884  1885
      |(Reference)      : 1886
     idummy
      |(Class and Type) : variable name, INTEGER(4)
      |(Attributes)     : 
      |(Declaration)    : 455
      |(Definition)     : 2550  2550  2551  2551  2552  2552  2553  2553
      |(Reference)      : 
     ihflx
      |(Class and Type) : variable name, INTEGER(4)
      |(Attributes)     : 
      |(Declaration)    : 455
      |(Definition)     : 2557
      |(Reference)      : 2620
     ii
      |(Class and Type) : variable name, INTEGER(4)
      |(Attributes)     : 
      |(Declaration)    : 359
      |(Definition)     : 1044  1048  1914  2138  2150
      |(Reference)      : 1046  1047  1048  1915  1916  1918  1920  1924  1924  1924  1925  1925  1925  1926  1926  1926  1927  1927  1927  1928  1928  1928  1929  1929  1929  1930  1930  1930  1931  1931  1931  1932  1932  1932  1933  1933  1933  1934  1934  1934  1935  1935  1935  1936  1936  1936  1937  1937  1937  1938  1938  1938  1939  1939  1939  1940  1940  1940  1941  1941  1941  1946  1946  1947  1947  1948  1948  1949  1949  1950  1950  1951  1951  1952  1952  1953  1953  1954  1954  1955  1955  1956  1956  1957  1957  1958  1958  1959  1959  1960  1960  1961  1961  1962  1962  1963  1963  1966  1967  1968  1969  1970  1971  1972  1973  1974  1975  1976  1977  1978  1979  1980  1981  1982  1983  1985  1985  1986  1986  1987  1987  1988  1988  1989  1989  1990  1990  1991  1991  1992  1992  1993  1993  1994  1994  1995  1995  1996  1996  1997  1997  1998  1998  1999  1999  2000  2000  2001  2001  2002  2002  2006  2006  2006  2006  2006  2006  2007  2007  2007  2007  2007  2007  2008  2008  2008  2009  2009  2009  2010  2010  2010  2011  2011  2012  2012  2013  2013  2013  2017  2017  2017  2021  2021  2022  2022  2022  2024  2024  2024  2024  2026  2027  2028  2029  2032  2032  2033  2033  2034  2034  2035  2037  2038  2038  2039  2039  2040  2139  2140  2141  2142  2142  2142  2143  2144  2144  2145  2145  2145  2151  2152  2153  2154  2155  2155  2155  2156  2156  2157  2157  2159  2159  2160  2160  2162  2164  2165  2165  2165  2166  2166  2171  2172  2172  2172  2173  2173  2173  2173  2174  2174  2174  2176  2176  2176  2176  2176  2176  2178  2179  2186  2186  2186  2188  2188  2188
     ijdg
      |(Class and Type) : variable name, INTEGER(4)
      |(Attributes)     : DIMENSION
      |(Declaration)    : 378
      |(Definition)     : 757  785  1146  1164  1181  1348
      |(Reference)      : 
     ikut
      |(Class and Type) : variable name, INTEGER(4)
      |(Attributes)     : 
      |(Declaration)    : 455
      |(Definition)     : 2540  2541
      |(Reference)      : 2541  2542  2543  2544
     ikutx
      |(Class and Type) : variable name, INTEGER(4)
      |(Attributes)     : 
      |(Declaration)    : 455
      |(Definition)     : 2514  2544  2553
      |(Reference)      : 2620
     il
      |(Class and Type) : variable name, INTEGER(4)
      |(Attributes)     : DIMENSION, dummy-argument
      |(Declaration)    : 1  218
      |(Definition)     : 
      |(Reference)      : 853
     ilsp
      |(Class and Type) : variable name, INTEGER(4)
      |(Attributes)     : DIMENSION
      |(Declaration)    : 378
      |(Definition)     : 748  1727
      |(Reference)      : 2489
     ilx
      |(Class and Type) : variable name, INTEGER(4)
      |(Attributes)     : DIMENSION
      |(Declaration)    : 378
      |(Definition)     : 849  853  1010
      |(Reference)      : 
     index
      |(Class and Type) : module name
      |(Attributes)     : 
      |(Declaration)    : 
      |(Definition)     : 
      |(Reference)      : 167
     int
      |(Class and Type) : intrinsic function name, INTEGER(4)
      |(Attributes)     : PURE, ELEMENTAL
      |(Declaration)    : 
      |(Definition)     : 
      |(Reference)      : 1881  1882  1882  1883
     ipblmx
      |(Class and Type) : variable name, INTEGER(4)
      |(Attributes)     : DIMENSION
      |(Declaration)    : 378
      |(Definition)     : 765  766  1146  1164  1181
      |(Reference)      : 2522  2527
     ipstn
      |(Class and Type) : variable name, INTEGER(4)
      |(Attributes)     : 
      |(Declaration)    : 455
      |(Definition)     : 2556
      |(Reference)      : 2619
     ipstx
      |(Class and Type) : variable name, INTEGER(4)
      |(Attributes)     : 
      |(Declaration)    : 455
      |(Definition)     : 2555
      |(Reference)      : 2619
     ipt
      |(Class and Type) : variable name, INTEGER(4)
      |(Attributes)     : 
      |(Declaration)    : 311
      |(Definition)     : 575  1077
      |(Reference)      : 
     iqflx
      |(Class and Type) : variable name, INTEGER(4)
      |(Attributes)     : 
      |(Declaration)    : 455
      |(Definition)     : 2558
      |(Reference)      : 2620
     irad
      |(Class and Type) : variable name, INTEGER(4)
      |(Attributes)     : SAVE, use-associated
      |(Declaration)    : 
      |(Definition)     : 
      |(Reference)      : 630  807  1009  1041
     isamax
      |(Class and Type) : external function name, INTEGER(4)
      |(Attributes)     : 
      |(Declaration)    : 
      |(Definition)     : 
      |(Reference)      : 2540
     isamax
      |(Class and Type) : variable name, INTEGER(4)
      |(Attributes)     : 
      |(Declaration)    : 455
      |(Definition)     : 
      |(Reference)      : 
     isign
      |(Class and Type) : variable name, INTEGER(4)
      |(Attributes)     : 
      |(Declaration)    : 455
      |(Definition)     : 2563  2580  2582  2594
      |(Reference)      : 2596
     isize
      |(Class and Type) : variable name, INTEGER(4)
      |(Attributes)     : DIMENSION
      |(Declaration)    : 451
      |(Definition)     : 1434  1435
      |(Reference)      : 1435  1436
     islimsk
      |(Class and Type) : variable name, INTEGER(4)
      |(Attributes)     : DIMENSION
      |(Declaration)    : 425
      |(Definition)     : 521  930  931  932  1400  1491  1551  1680  1845
      |(Reference)      : 
     isot
      |(Class and Type) : variable name, INTEGER(4)
      |(Attributes)     : dummy-argument
      |(Declaration)    : 1  204
      |(Definition)     : 624  1181
      |(Reference)      : 
     istep
      |(Class and Type) : variable name, INTEGER(4)
      |(Attributes)     : 
      |(Declaration)    : 494
      |(Definition)     : 1881
      |(Reference)      : 2046
     istyp
      |(Class and Type) : variable name, INTEGER(4)
      |(Attributes)     : DIMENSION, dummy-argument
      |(Declaration)    : 1  253
      |(Definition)     : 624  1146  1164  1181
      |(Reference)      : 
     isubc_lw
      |(Class and Type) : variable name, INTEGER(4)
      |(Attributes)     : SAVE, use-associated
      |(Declaration)    : 
      |(Definition)     : 799
      |(Reference)      : 1043
     isubc_sw
      |(Class and Type) : variable name, INTEGER(4)
      |(Attributes)     : SAVE, use-associated
      |(Declaration)    : 
      |(Definition)     : 799
      |(Reference)      : 1043
     iter
      |(Class and Type) : variable name, INTEGER(4)
      |(Attributes)     : 
      |(Declaration)    : 455
      |(Definition)     : 610  1002
      |(Reference)      : 612  687  687  2619
     itgx
      |(Class and Type) : variable name, INTEGER(4)
      |(Attributes)     : 
      |(Declaration)    : 455
      |(Definition)     : 2559
      |(Reference)      : 2620
     itimestep
      |(Class and Type) : variable name, INTEGER(4)
      |(Attributes)     : dummy-argument
      |(Declaration)    : 1  359
      |(Definition)     : 1181
      |(Reference)      : 585  2137
     itlsp
      |(Class and Type) : variable name, INTEGER(4)
      |(Attributes)     : DIMENSION
      |(Declaration)    : 378
      |(Definition)     : 773  2489  2497
      |(Reference)      : 2489  2626
     itypbl
      |(Class and Type) : variable name, INTEGER(4)
      |(Attributes)     : dummy-argument
      |(Declaration)    : 1  206
      |(Definition)     : 1146  1164  1181
      |(Reference)      : 
     ivegsrc
      |(Class and Type) : variable name, INTEGER(4)
      |(Attributes)     : dummy-argument
      |(Declaration)    : 1  204
      |(Definition)     : 624  1181
      |(Reference)      : 
     ivegtyp
      |(Class and Type) : variable name, INTEGER(4)
      |(Attributes)     : DIMENSION, dummy-argument
      |(Declaration)    : 1  253
      |(Definition)     : 624  1146  1164  1181
      |(Reference)      : 
     ixkmk1
      |(Class and Type) : variable name, INTEGER(4)
      |(Attributes)     : 
      |(Declaration)    : 455
      |(Definition)     : 2507  2527  2551
      |(Reference)      : 2620
     ixkmkk
      |(Class and Type) : variable name, INTEGER(4)
      |(Attributes)     : 
      |(Declaration)    : 455
      |(Definition)     : 2506  2522  2550
      |(Reference)      : 2620
     ixseed
      |(Class and Type) : variable name, INTEGER(4)
      |(Attributes)     : DIMENSION
      |(Declaration)    : 297
      |(Definition)     : 799
      |(Reference)      : 1046  1047
     j
      |(Class and Type) : variable name, INTEGER(4)
      |(Attributes)     : 
      |(Declaration)    : 455
      |(Definition)     : 635  649  692  720  734  784  791  813  886  897  914  1077  1164  1181  1241  1348  1365  1400  1567  1613  1867  2319  2336  2356  2390  2406  2412  2430  2466  2486  2518  2566  2655  2689  2730
      |(Reference)      : 636  650  693  721  736  737  738  739  740  741  742  743  744  745  746  747  748  749  753  754  757  761  762  763  764  765  766  767  768  769  785  785  792  792  793  793  814  816  887  898  915  918  918  919  920  923  923  938  940  960  999  999  1002  1002  1010  1010  1010  1010  1010  1010  1010  1010  1010  1010  1010  1044  1046  1047  1077  1077  1077  1077  1111  1111  1111  1146  1146  1146  1146  1164  1164  1164  1164  1181  1181  1181  1181  1214  1241  1294  1336  1348  1348  1348  1348  1348  1348  1348  1348  1348  1348  1348  1348  1348  1365  1400  1475  1475  1475  1483  1491  1551  1567  1567  1567  1613  1671  1680  1717  1717  1727  1727  1727  1734  1755  1789  1795  1799  1805  1845  1867  1867  1915  1916  2046  2102  2103  2139  2151  2268  2320  2337  2357  2391  2407  2413  2417  2417  2417  2418  2418  2418  2420  2420  2420  2422  2422  2422  2424  2431  2432  2433  2434  2435  2467  2468  2469  2488  2489  2490  2490  2491  2491  2519  2520  2521  2522  2523  2525  2526  2527  2528  2530  2531  2532  2533  2538  2540  2545  2567  2585  2586  2656  2657  2658  2660  2660  2661  2661  2663  2663  2663  2664  2664  2664  2665  2665  2665  2665  2691  2692  2693  2694  2695  2696  2731
     jcap
      |(Class and Type) : variable name, INTEGER(4)
      |(Attributes)     : 
      |(Declaration)    : 455
      |(Definition)     : 1440  1475  1483  1671
      |(Reference)      : 
     jdat
      |(Class and Type) : variable name, INTEGER(4)
      |(Attributes)     : DIMENSION
      |(Declaration)    : 274
      |(Definition)     : 799  1077
      |(Reference)      : 804
     jdcupx
      |(Class and Type) : variable name, INTEGER(4)
      |(Attributes)     : 
      |(Declaration)    : 455
      |(Definition)     : 2512  2533  2552
      |(Reference)      : 2620
     jdg
      |(Class and Type) : variable name, INTEGER(4)
      |(Attributes)     : dummy-argument
      |(Declaration)    : 1  206
      |(Definition)     : 
      |(Reference)      : 785  2731  2734  2735
     jdn
      |(Class and Type) : variable name, REAL(8)
      |(Attributes)     : 
      |(Declaration)    : 437
      |(Definition)     : 920
      |(Reference)      : 921
     jdradx
      |(Class and Type) : variable name, INTEGER(4)
      |(Attributes)     : 
      |(Declaration)    : 455
      |(Definition)     : 2562  2586  2594
      |(Reference)      : 2620
     jhflx
      |(Class and Type) : variable name, INTEGER(4)
      |(Attributes)     : 
      |(Declaration)    : 455
      |(Definition)     : 2557
      |(Reference)      : 2620
     jj
      |(Class and Type) : variable name, INTEGER(4)
      |(Attributes)     : 
      |(Declaration)    : 455
      |(Definition)     : 634  648  691  719  783  812  885  896  913  1845  2102  2103  2318  2335  2355  2389  2411  2465  2485  2517  2565  2654  2688  2729
      |(Reference)      : 635  638  638  639  639  640  640  641  641  642  642  643  643  649  652  656  656  660  660  660  664  664  665  666  667  668  668  668  670  670  671  671  672  673  674  675  692  695  696  720  723  724  726  728  730  784  813  832  836  840  844  849  849  849  849  853  854  856  857  886  889  889  890  890  897  902  902  914  927  928  929  930  931  932  938  938  938  938  940  945  945  945  945  950  950  950  950  950  950  963  963  964  964  965  966  967  967  967  967  968  968  969  969  979  979  980  980  981  981  982  982  999  999  1002  1002  1002  1002  1010  1010  1010  1010  1010  1010  1010  1010  1010  1010  1010  1010  1010  1010  1010  1010  1010  1010  1010  1010  1010  1010  1010  1010  1010  1010  1010  1010  1010  1010  1010  1010  1010  1010  1010  1010  1010  1010  1010  1010  1010  1010  1010  1032  1032  1033  1033  1053  1057  1065  1077  1077  1077  1077  1077  1077  1077  1077  1077  1077  1077  1077  1077  1077  1077  1077  1077  1077  1077  1077  1077  1077  1077  1077  1077  1077  1077  1077  1077  1077  1077  1077  1077  1077  1077  1077  1077  1077  1077  1077  1077  1077  1077  1077  1077  1077  1077  1077  1077  1077  1077  1077  1077  1077  1077  1077  1077  1077  1105  1105  1105  1111  1111  1111  1111  1111  1111  1111  1111  1111  1111  1111  1111  1111  1122  1123  1130  1131  1132  1138  1146  1146  1146  1146  1146  1146  1146  1146  1146  1146  1146  1146  1146  1146  1146  1146  1146  1146  1146  1146  1146  1146  1146  1146  1146  1146  1146  1146  1146  1146  1146  1146  1146  1146  1146  1146  1146  1146  1164  1164  1164  1164  1164  1164  1164  1164  1164  1164  1164  1164  1164  1164  1164  1164  1164  1164  1164  1164  1164  1164  1164  1164  1164  1164  1164  1164  1164  1164  1164  1164  1164  1164  1164  1164  1164  1164  1181  1181  1181  1181  1181  1181  1181  1181  1181  1181  1181  1181  1181  1181  1181  1181  1181  1181  1181  1181  1181  1181  1181  1181  1181  1181  1181  1181  1181  1181  1181  1181  1181  1181  1181  1181  1181  1181  1181  1181  1181  1181  1181  1181  1181  1181  1181  1181  1181  1181  1181  1181  1181  1181  1181  1181  1181  1181  1181  1181  1181  1181  1181  1181  1181  1181  1181  1214  1214  1214  1214  1214  1234  1234  1235  1235  1236  1236  1237  1237  1241  1241  1241  1241  1241  1241  1241  1241  1241  1241  1241  1257  1258  1259  1260  1261  1262  1267  1268  1275  1276  1277  1278  1279  1280  1281  1282  1290  1294  1294  1294  1294  1308  1309  1310  1311  1322  1322  1322  1323  1329  1329  1336  1336  1336  1336  1336  1342  1348  1348  1348  1348  1348  1348  1348  1348  1348  1348  1362  1365  1365  1365  1365  1365  1365  1365  1365  1365  1365  1365  1365  1365  1365  1365  1365  1377  1377  1378  1379  1381  1381  1381  1382  1382  1382  1387  1387  1388  1388  1389  1389  1396  1400  1400  1400  1400  1400  1400  1400  1400  1400  1400  1400  1400  1400  1400  1400  1400  1400  1411  1411  1412  1413  1415  1415  1415  1416  1416  1416  1421  1421  1422  1422  1423  1423  1442  1447  1454  1456  1457  1458  1459  1460  1461  1462  1468  1469  1470  1470  1475  1475  1475  1475  1475  1483  1483  1483  1483  1483  1491  1491  1491  1491  1491  1500  1500  1501  1502  1504  1504  1505  1505  1510  1510  1516  1517  1518  1519  1520  1521  1523  1524  1525  1527  1527  1527  1528  1528  1528  1529  1529  1529  1531  1532  1533  1534  1535  1542  1548  1548  1549  1549  1551  1551  1551  1551  1551  1567  1567  1567  1567  1567  1567  1567  1579  1585  1586  1597  1597  1598  1613  1613  1613  1620  1620  1620  1620  1621  1621  1622  1622  1623  1623  1623  1623  1624  1624  1634  1641  1649  1651  1652  1653  1654  1655  1656  1657  1662  1662  1663  1663  1671  1671  1671  1671  1680  1680  1680  1680  1686  1686  1693  1694  1695  1696  1697  1698  1700  1701  1702  1704  1704  1704  1705  1705  1705  1706  1706  1706  1708  1709  1710  1711  1711  1712  1712  1717  1717  1717  1717  1717  1717  1717  1717  1727  1727  1727  1727  1727  1742  1779  1781  1782  1783  1784  1789  1789  1789  1789  1789  1789  1789  1795  1795  1799  1799  1799  1799  1799  1799  1805  1820  1820  1825  1826  1827  1829  1831  1831  1831  1833  1845  1845  1845  1845  1845  1845  1845  1845  1845  1845  1845  1845  1845  1845  1867  1867  1873  1873  1911  1917  1918  1918  1920  1920  1924  1924  1925  1925  1926  1926  1926  1927  1927  1927  1928  1928  1928  1929  1929  1929  1930  1930  1930  1931  1931  1931  1932  1932  1932  1933  1933  1933  1934  1934  1934  1935  1935  1935  1936  1936  1936  1937  1937  1937  1938  1938  1938  1939  1939  1939  1940  1940  1940  1941  1941  1941  1946  1947  1948  1949  1950  1951  1952  1953  1954  1955  1956  1957  1958  1959  1960  1961  1962  1963  1966  1967  1968  1969  1970  1971  1972  1973  1974  1975  1976  1977  1978  1979  1980  1981  1982  1983  1987  1988  1989  1990  1991  1992  1993  1994  1995  1996  1997  1998  1999  2000  2001  2002  2006  2007  2008  2009  2010  2011  2012  2013  2028  2029  2032  2033  2034  2037  2038  2039  2039  2040  2046  2046  2046  2046  2046  2046  2046  2046  2046  2046  2046  2046  2046  2046  2046  2046  2046  2046  2046  2046  2046  2046  2046  2046  2046  2046  2046  2046  2046  2046  2046  2046  2046  2046  2046  2046  2046  2046  2046  2046  2046  2046  2046  2046  2046  2046  2046  2046  2046  2046  2046  2046  2046  2046  2046  2046  2046  2046  2046  2046  2046  2046  2046  2046  2046  2046  2046  2046  2046  2046  2046  2046  2046  2046  2046  2046  2046  2046  2046  2046  2046  2046  2046  2046  2046  2046  2046  2046  2046  2046  2097  2125  2140  2141  2142  2142  2142  2143  2144  2144  2145  2145  2145  2152  2153  2154  2155  2155  2155  2156  2156  2157  2157  2159  2159  2160  2160  2162  2164  2165  2165  2165  2166  2166  2171  2172  2172  2172  2173  2173  2173  2173  2174  2174  2174  2176  2176  2176  2176  2176  2176  2178  2179  2186  2186  2186  2188  2188  2188  2224  2227  2228  2228  2229  2229  2230  2230  2231  2231  2233  2233  2234  2234  2237  2239  2240  2240  2250  2251  2251  2271  2271  2272  2272  2273  2273  2273  2273  2319  2324  2324  2336  2339  2339  2339  2340  2340  2340  2341  2341  2341  2342  2342  2342  2343  2343  2343  2344  2344  2344  2345  2345  2345  2346  2346  2346  2347  2347  2347  2348  2348  2348  2356  2359  2359  2390  2393  2393  2412  2416  2417  2418  2418  2420  2420  2422  2422  2466  2486  2518  2537  2537  2537  2537  2566  2571  2579  2655  2660  2661  2689  2730  2732
     jjdg
      |(Class and Type) : variable name, INTEGER(4)
      |(Attributes)     : 
      |(Declaration)    : 455
      |(Definition)     : 2732  2749  2754
      |(Reference)      : 2734  2735  2736  2737  2739  2743  2747
     jlist1
      |(Class and Type) : variable name, INTEGER(4)
      |(Attributes)     : ALLOCATABLE, DIMENSION, SAVE, use-associated
      |(Declaration)    : 
      |(Definition)     : 
      |(Reference)      : 635  649  692  720  784  813  886  897  914  2319  2336  2356  2390  2412  2466  2486  2518  2566  2655  2689  2730
     jlistnum
      |(Class and Type) : variable name, INTEGER(4)
      |(Attributes)     : common-block-object, use-associated
      |(Declaration)    : 
      |(Definition)     : 
      |(Reference)      : 634  648  691  719  783  812  885  896  913  2125  2318  2335  2355  2389  2411  2465  2485  2517  2565  2654  2688  2729
     jmax
      |(Class and Type) : variable name, INTEGER(4)
      |(Attributes)     : 
      |(Declaration)    : 455
      |(Definition)     : 
      |(Reference)      : 
     jmin
      |(Class and Type) : variable name, INTEGER(4)
      |(Attributes)     : 
      |(Declaration)    : 455
      |(Definition)     : 
      |(Reference)      : 
     jpstn
      |(Class and Type) : variable name, INTEGER(4)
      |(Attributes)     : 
      |(Declaration)    : 455
      |(Definition)     : 2556
      |(Reference)      : 2619
     jpstx
      |(Class and Type) : variable name, INTEGER(4)
      |(Attributes)     : 
      |(Declaration)    : 455
      |(Definition)     : 2555
      |(Reference)      : 2619
     jpt
      |(Class and Type) : variable name, INTEGER(4)
      |(Attributes)     : 
      |(Declaration)    : 311
      |(Definition)     : 576
      |(Reference)      : 
     jqflx
      |(Class and Type) : variable name, INTEGER(4)
      |(Attributes)     : 
      |(Declaration)    : 455
      |(Definition)     : 2558
      |(Reference)      : 2620
     jtgx
      |(Class and Type) : variable name, INTEGER(4)
      |(Attributes)     : 
      |(Declaration)    : 455
      |(Definition)     : 2559
      |(Reference)      : 2620
     julian
      |(Class and Type) : variable name, INTEGER(4)
      |(Attributes)     : dummy-argument
      |(Declaration)    : 1  206
      |(Definition)     : 600  601  624  631  808  999  1002  1010  2713
      |(Reference)      : 600  601  601  1733
     jup
      |(Class and Type) : variable name, REAL(8)
      |(Attributes)     : 
      |(Declaration)    : 437
      |(Definition)     : 919
      |(Reference)      : 921
     jutx
      |(Class and Type) : variable name, INTEGER(4)
      |(Attributes)     : 
      |(Declaration)    : 455
      |(Definition)     : 2515  2545  2553
      |(Reference)      : 2620
     jxkmk1
      |(Class and Type) : variable name, INTEGER(4)
      |(Attributes)     : 
      |(Declaration)    : 455
      |(Definition)     : 2509  2528  2551
      |(Reference)      : 2620
     jxkmkk
      |(Class and Type) : variable name, INTEGER(4)
      |(Attributes)     : 
      |(Declaration)    : 455
      |(Definition)     : 2508  2523  2550
      |(Reference)      : 2620
     k
      |(Class and Type) : variable name, INTEGER(4)
      |(Attributes)     : 
      |(Declaration)    : 455
      |(Definition)     : 701  735  752  772  899  948  961  977  1062  1103  1128  1136  1231  1265  1272  1287  1305  1320  1327  1340  1360  1394  1444  1450  1466  1513  1577  1583  1595  1618  1638  1645  1690  1746  1776  1822  1864  2207  2248  2269  2321  2414  2487  2499  2535  2569  2576  2665  2690  2709  2733
      |(Reference)      : 703  704  706  707  709  710  711  712  713  714  715  736  737  738  739  740  741  742  743  744  745  746  747  748  749  753  754  773  774  775  776  777  778  779  900  902  950  950  950  950  950  950  950  950  963  963  964  964  965  965  966  966  967  967  967  967  968  968  968  968  969  969  969  979  979  980  980  981  981  982  982  1063  1065  1105  1105  1105  1130  1130  1131  1131  1132  1132  1138  1138  1232  1234  1234  1235  1235  1236  1236  1237  1237  1267  1267  1268  1268  1273  1275  1276  1277  1277  1278  1279  1280  1281  1282  1288  1290  1290  1306  1308  1309  1310  1311  1322  1322  1322  1322  1323  1323  1329  1329  1329  1342  1342  1362  1362  1396  1396  1445  1447  1451  1452  1452  1454  1455  1455  1456  1457  1458  1459  1460  1461  1462  1468  1468  1469  1469  1470  1470  1470  1514  1516  1517  1518  1519  1520  1521  1523  1524  1525  1527  1527  1527  1528  1528  1528  1529  1529  1529  1531  1532  1533  1539  1540  1541  1542  1579  1579  1579  1585  1585  1586  1586  1586  1597  1597  1598  1598  1598  1599  1620  1620  1620  1620  1621  1621  1621  1622  1622  1622  1623  1623  1623  1623  1624  1624  1639  1641  1646  1647  1647  1649  1650  1650  1651  1652  1653  1654  1655  1656  1657  1691  1693  1694  1695  1696  1697  1698  1700  1701  1702  1704  1704  1704  1705  1705  1705  1706  1706  1706  1708  1709  1710  1747  1777  1779  1781  1781  1782  1783  1784  1823  1825  1826  1827  1829  1831  1831  1831  1833  1865  1865  1865  2208  2224  2227  2228  2228  2229  2229  2230  2230  2231  2231  2233  2233  2234  2234  2237  2239  2240  2240  2250  2251  2251  2271  2271  2272  2272  2273  2273  2273  2273  2322  2324  2416  2416  2417  2418  2418  2420  2420  2422  2422  2488  2488  2488  2489  2489  2489  2490  2490  2490  2491  2491  2491  2500  2500  2501  2501  2537  2537  2537  2537  2538  2540  2542  2543  2544  2571  2571  2572  2578  2579  2585  2587  2665  2691  2691  2691  2692  2692  2692  2693  2693  2693  2694  2694  2694  2695  2695  2695  2696  2696  2696  2709  2709  2709  2709  2709  2709  2709  2734  2735  2736  2737  2738  2739  2739  2740  2741  2742  2743  2743  2744  2744  2745  2745  2746  2747  2747
     kbot
      |(Class and Type) : variable name, INTEGER(4)
      |(Attributes)     : DIMENSION
      |(Declaration)    : 425
      |(Definition)     : 1365  1388  1400  1422  1475  1483  1491  1613  1671  1680
      |(Reference)      : 1377  1381  1388  1411  1415  1422  1500  1504  1548  1597
     kbotc
      |(Class and Type) : variable name, INTEGER(4)
      |(Attributes)     : DIMENSION
      |(Declaration)    : 486
      |(Definition)     : 1548  1551
      |(Reference)      : 
     kc
      |(Class and Type) : variable name, INTEGER(4)
      |(Attributes)     : 
      |(Declaration)    : 455
      |(Definition)     : 1063  1232  1273  1288  1306  1445  1451  1514  1639  1646  1691  1747  1777  1823  2208
      |(Reference)      : 1065  1234  1235  1236  1237  1275  1276  1277  1278  1279  1280  1281  1282  1290  1308  1308  1309  1309  1310  1310  1311  1311  1447  1452  1454  1455  1456  1457  1458  1459  1460  1461  1462  1516  1517  1518  1519  1520  1521  1523  1524  1525  1534  1534  1535  1535  1536  1537  1539  1540  1541  1542  1641  1647  1649  1650  1651  1652  1653  1654  1655  1656  1657  1693  1694  1695  1696  1697  1698  1700  1701  1702  1711  1711  1711  1712  1712  1712  1755  1779  1781  1782  1783  1784  1825  1826  1827  1829  2211  2214  2217  2220
     kdradx
      |(Class and Type) : variable name, INTEGER(4)
      |(Attributes)     : 
      |(Declaration)    : 455
      |(Definition)     : 2562  2587  2594
      |(Reference)      : 
     kdt
      |(Class and Type) : variable name, INTEGER(4)
      |(Attributes)     : 
      |(Declaration)    : 413
      |(Definition)     : 587  590  1077  1294  1789  1845
      |(Reference)      : 1522  1699  1828
     kk
      |(Class and Type) : variable name, INTEGER(4)
      |(Attributes)     : 
      |(Declaration)    : 199
      |(Definition)     : 900  2322
      |(Reference)      : 902  2324
     km_soil
      |(Class and Type) : variable name, INTEGER(4)
      |(Attributes)     : dummy-argument
      |(Declaration)    : 1  206
      |(Definition)     : 1146  1164  1181
      |(Reference)      : 255  255  265
     kmax
      |(Class and Type) : variable name, INTEGER(4)
      |(Attributes)     : 
      |(Declaration)    : 455
      |(Definition)     : 
      |(Reference)      : 
     kmin
      |(Class and Type) : variable name, INTEGER(4)
      |(Attributes)     : 
      |(Declaration)    : 455
      |(Definition)     : 
      |(Reference)      : 
     kpbl
      |(Class and Type) : variable name, INTEGER(4)
      |(Attributes)     : DIMENSION
      |(Declaration)    : 292
      |(Definition)     : 522  1181  1294
      |(Reference)      : 
     ktcup
      |(Class and Type) : variable name, INTEGER(4)
      |(Attributes)     : dummy-argument
      |(Declaration)    : 1  206
      |(Definition)     : 1348
      |(Reference)      : 
     ktop
      |(Class and Type) : variable name, INTEGER(4)
      |(Attributes)     : DIMENSION
      |(Declaration)    : 425
      |(Definition)     : 1365  1389  1400  1423  1475  1483  1491  1613  1671  1680
      |(Reference)      : 1377  1382  1389  1411  1416  1423  1500  1505  1549  1597
     ktopc
      |(Class and Type) : variable name, INTEGER(4)
      |(Attributes)     : DIMENSION
      |(Declaration)    : 486
      |(Definition)     : 1549  1551
      |(Reference)      : 
     ktpbl
      |(Class and Type) : variable name, INTEGER(4)
      |(Attributes)     : dummy-argument
      |(Declaration)    : 1  206
      |(Definition)     : 1146  1164  1181
      |(Reference)      : 
     ktshl
      |(Class and Type) : variable name, INTEGER(4)
      |(Attributes)     : dummy-argument
      |(Declaration)    : 1  206
      |(Definition)     : 1717
      |(Reference)      : 
     kuo
      |(Class and Type) : variable name, INTEGER(4)
      |(Attributes)     : DIMENSION
      |(Declaration)    : 425
      |(Definition)     : 519  1365  1400  1475  1483  1491  1551  1613  1671  1680
      |(Reference)      : 
     land
      |(Class and Type) : variable name, LOGICAL(4)
      |(Attributes)     : DIMENSION, dummy-argument
      |(Declaration)    : 1  210
      |(Definition)     : 624  1146  1164  1181  1365  1400
      |(Reference)      : 927  930
     latg
      |(Class and Type) : variable name, INTEGER(4)
      |(Attributes)     : 
      |(Declaration)    : 293
      |(Definition)     : 
      |(Reference)      : 
     ldailyFCTicesndpt
      |(Class and Type) : variable name, LOGICAL(4)
      |(Attributes)     : common-block-object, use-associated
      |(Declaration)    : 
      |(Definition)     : 
      |(Reference)      : 168  168  2136
     ldailyFCTsst
      |(Class and Type) : variable name, LOGICAL(4)
      |(Attributes)     : common-block-object, use-associated
      |(Declaration)    : 
      |(Definition)     : 
      |(Reference)      : 168  168  168  2136
     ldiag
      |(Class and Type) : variable name, INTEGER(4)
      |(Attributes)     : dummy-argument
      |(Declaration)    : 1  206
      |(Definition)     : 
      |(Reference)      : 782  2366  2677  2795
     leap
      |(Class and Type) : variable name, INTEGER(4)
      |(Attributes)     : 
      |(Declaration)    : 504
      |(Definition)     : 605
      |(Reference)      : 607
     lev
      |(Class and Type) : variable name, INTEGER(4)
      |(Attributes)     : dummy-argument
      |(Declaration)    : 1  206
      |(Definition)     : 938  940  999  1002  1010  1077  1111  1146  1164  1181  1214  1241  1294  1336  1348  1365  1400  1475  1483  1491  1551  1567  1613  1671  1680  1717  1727  1789  1795  1799  1805  1845  1867  2370  2371  2372  2494  2495  2496  2497  2699  2700  2701  2702  2703  2704  2713
      |(Reference)      : 220  220  220  220  220  220  243  243  243  243  243  243  243  243  243  243  243  243  243  265  265  282  283  284  284  284  284  284  284  284  287  315  315  315  315  315  315  315  315  315  315  315  322  322  327  328  329  330  354  355  365  365  378  378  378  378  378  378  378  378  378  378  384  384  384  384  384  384  384  384  384  384  384  384  384  384  391  393  395  395  395  395  395  395  398  398  406  407  407  408  408  408  409  409  410  410  415  415  415  416  416  427  427  428  428  428  428  432  432  440  441  441  441  441  442  474  474  474  475  476  476  476  476  477  478  478  481  481  481  481  481  481  481  484  484  484  557  558  701  735  752  772  899  900  945  945  945  945  948  961  977  1062  1063  1103  1111  1128  1136  1231  1232  1272  1273  1287  1288  1305  1306  1320  1327  1340  1360  1377  1377  1388  1389  1394  1422  1423  1444  1445  1450  1451  1458  1459  1466  1500  1513  1514  1517  1518  1548  1549  1577  1583  1595  1597  1597  1618  1638  1639  1645  1646  1653  1654  1690  1691  1694  1695  1746  1747  1776  1777  1783  1822  1823  1826  1864  2207  2208  2248  2269  2321  2322  2414  2487  2499  2535  2569  2576  2681  2682  2683  2684  2685  2686  2690  2709  2733  2749  2754
     levmy
      |(Class and Type) : variable name, INTEGER(4)
      |(Attributes)     : 
      |(Declaration)    : 455
      |(Definition)     : 558
      |(Reference)      : 
     lightning_ec
      |(Class and Type) : external subroutine name
      |(Attributes)     : 
      |(Declaration)    : 
      |(Definition)     : 
      |(Reference)      : 1551
     liw
      |(Class and Type) : variable name, REAL(8)
      |(Attributes)     : 
      |(Declaration)    : 491
      |(Definition)     : 2024  2025  2025
      |(Reference)      : 2025  2025
     lkvl
      |(Class and Type) : variable name, INTEGER(4)
      |(Attributes)     : use-associated
      |(Declaration)    : 
      |(Definition)     : 2102  2103
      |(Reference)      : 185  2046  2046  2046  2046  2046  2046  2046  2046  2046  2046  2046  2046  2046  2046  2046  2046  2046  2046  2046  2046  2046  2046  2046  2046  2046  2046  2046  2046  2046  2046  2046  2046  2046
     lmfdeep2
      |(Class and Type) : variable name, LOGICAL(4)
      |(Attributes)     : 
      |(Declaration)    : 362
      |(Definition)     : 535  1077
      |(Reference)      : 
     lmfshal
      |(Class and Type) : variable name, LOGICAL(4)
      |(Attributes)     : 
      |(Declaration)    : 362
      |(Definition)     : 534  1077
      |(Reference)      : 
     log
      |(Class and Type) : intrinsic function name, REAL(8)
      |(Attributes)     : PURE, ELEMENTAL
      |(Declaration)    : 
      |(Definition)     : 
      |(Reference)      : 923  2025
     lprnt
      |(Class and Type) : variable name, LOGICAL(4)
      |(Attributes)     : 
      |(Declaration)    : 421
      |(Definition)     : 1077  1248  1439  1741  1789  1795  1799  1805
      |(Reference)      : 
     lreduce
      |(Class and Type) : variable name, INTEGER(4)
      |(Attributes)     : common-block-object, use-associated
      |(Declaration)    : 
      |(Definition)     : 
      |(Reference)      : 824  848
     lrun_sitvdiff
      |(Class and Type) : variable name, LOGICAL(4)
      |(Attributes)     : dummy-argument
      |(Declaration)    : 1  489
      |(Definition)     : 
      |(Reference)      : 1923  1944  2045  2126  2163
     ls
      |(Class and Type) : variable name, INTEGER(4)
      |(Attributes)     : DIMENSION
      |(Declaration)    : 444
      |(Definition)     : 624
      |(Reference)      : 652
     lsftobswt
      |(Class and Type) : variable name, LOGICAL(4)
      |(Attributes)     : SAVE, namelist-group-object, use-associated
      |(Declaration)    : 
      |(Definition)     : 
      |(Reference)      : 176
     lsitstart
      |(Class and Type) : variable name, LOGICAL(4)
      |(Attributes)     : use-associated
      |(Declaration)    : 
      |(Definition)     : 
      |(Reference)      : 176
     lslwr
      |(Class and Type) : variable name, LOGICAL(4)
      |(Attributes)     : 
      |(Declaration)    : 302
      |(Definition)     : 799  1077
      |(Reference)      : 
     lsp
      |(Class and Type) : external subroutine name
      |(Attributes)     : 
      |(Declaration)    : 
      |(Definition)     : 
      |(Reference)      : 1727
     lssav
      |(Class and Type) : variable name, LOGICAL(4)
      |(Attributes)     : 
      |(Declaration)    : 302
      |(Definition)     : 525  1077
      |(Reference)      : 
     lsswr
      |(Class and Type) : variable name, LOGICAL(4)
      |(Attributes)     : 
      |(Declaration)    : 302
      |(Definition)     : 799  1077
      |(Reference)      : 
     ltrigsit
      |(Class and Type) : variable name, LOGICAL(4)
      |(Attributes)     : namelist-group-object, use-associated
      |(Declaration)    : 
      |(Definition)     : 
      |(Reference)      : 176  2163
     lvlwx
      |(Class and Type) : variable name, INTEGER(4)
      |(Attributes)     : DIMENSION
      |(Declaration)    : 378
      |(Definition)     : 832  836  840  844  849  1010
      |(Reference)      : 856
     MAX_SLOPETYP
      |(Class and Type) : named constant, INTEGER(4)
      |(Attributes)     : use-associated
      |(Declaration)    : 
      |(Definition)     : 
      |(Reference)      : 194
     MAX_SOILTYP
      |(Class and Type) : named constant, INTEGER(4)
      |(Attributes)     : use-associated
      |(Declaration)    : 
      |(Definition)     : 
      |(Reference)      : 194  255  255  255
     MAX_VEGTYP
      |(Class and Type) : named constant, INTEGER(4)
      |(Attributes)     : use-associated
      |(Declaration)    : 
      |(Definition)     : 
      |(Reference)      : 194
     map2to1
      |(Class and Type) : variable name, INTEGER(4)
      |(Attributes)     : ALLOCATABLE, DIMENSION, SAVE, use-associated
      |(Declaration)    : 
      |(Definition)     : 
      |(Reference)      : 2585
     max
      |(Class and Type) : intrinsic function name, REAL(8)
      |(Attributes)     : PURE, ELEMENTAL
      |(Declaration)    : 
      |(Definition)     : 
      |(Reference)      : 564  920  924  1516  1517  1693  1694  1825  1826  2036  2489  2572
     maxpp2_2d
      |(Class and Type) : external subroutine name
      |(Attributes)     : 
      |(Declaration)    : 
      |(Definition)     : 
      |(Reference)      : 2555  2557  2558  2559
     me
      |(Class and Type) : variable name, INTEGER(4)
      |(Attributes)     : SAVE, use-associated
      |(Declaration)    : 
      |(Definition)     : 799  1294  1845
      |(Reference)      : 
     min
      |(Class and Type) : intrinsic function name, REAL(8)
      |(Attributes)     : PURE, ELEMENTAL
      |(Declaration)    : 
      |(Definition)     : 
      |(Reference)      : 919  924  2037
     minpp2_2d
      |(Class and Type) : external subroutine name
      |(Attributes)     : 
      |(Declaration)    : 
      |(Definition)     : 
      |(Reference)      : 2556
     mn
      |(Class and Type) : variable name, INTEGER(4)
      |(Attributes)     : 
      |(Declaration)    : 504
      |(Definition)     : 1887
      |(Reference)      : 
     mo
      |(Class and Type) : variable name, INTEGER(4)
      |(Attributes)     : 
      |(Declaration)    : 504
      |(Definition)     : 1887
      |(Reference)      : 
     mo_netcdf
      |(Class and Type) : module name
      |(Attributes)     : 
      |(Declaration)    : 
      |(Definition)     : 
      |(Reference)      : 185
     mod
      |(Class and Type) : intrinsic function name, REAL(8)
      |(Attributes)     : PURE, ELEMENTAL
      |(Declaration)    : 
      |(Definition)     : 
      |(Reference)      : 599  605  612  687  818  820  822  2169  2642
     mod_eos_ocean
      |(Class and Type) : module name
      |(Attributes)     : 
      |(Declaration)    : 
      |(Definition)     : 
      |(Reference)      : 178
     mod_sit_control
      |(Class and Type) : module name
      |(Attributes)     : 
      |(Declaration)    : 
      |(Definition)     : 
      |(Reference)      : 176
     mod_sit_vdiff
      |(Class and Type) : module name
      |(Attributes)     : 
      |(Declaration)    : 
      |(Definition)     : 
      |(Reference)      : 175
     mod_sitgrid
      |(Class and Type) : module name
      |(Attributes)     : 
      |(Declaration)    : 
      |(Definition)     : 
      |(Reference)      : 174
     mod_sst
      |(Class and Type) : module name
      |(Attributes)     : 
      |(Declaration)    : 
      |(Definition)     : 
      |(Reference)      : 179
     mod_stochastic_physics
      |(Class and Type) : module name
      |(Attributes)     : 
      |(Declaration)    : 
      |(Definition)     : 
      |(Reference)      : 195
     mp_scheme
      |(Class and Type) : external subroutine name
      |(Attributes)     : 
      |(Declaration)    : 
      |(Definition)     : 
      |(Reference)      : 1845
     mpe
      |(Class and Type) : module name
      |(Attributes)     : 
      |(Declaration)    : 
      |(Definition)     : 
      |(Reference)      : 165
     mpe_double
      |(Class and Type) : named constant, INTEGER(4)
      |(Attributes)     : use-associated
      |(Declaration)    : 
      |(Definition)     : 
      |(Reference)      : 2370  2371  2372  2427  2495  2496  2550  2551  2552  2553  2594  2749  2754
     mpe_global_max
      |(Class and Type) : generic name
      |(Attributes)     : use-associated
      |(Declaration)    : 
      |(Definition)     : 
      |(Reference)      : 2497
     mpe_global_maxloc
      |(Class and Type) : generic name
      |(Attributes)     : use-associated
      |(Declaration)    : 
      |(Definition)     : 
      |(Reference)      : 2550  2551  2552  2553  2594
     mpe_global_sum
      |(Class and Type) : generic name
      |(Attributes)     : use-associated
      |(Declaration)    : 
      |(Definition)     : 
      |(Reference)      : 2370  2371  2372  2472  2473  2474  2494  2495  2496  2699  2700  2701  2702  2703  2704
     mpe_integer
      |(Class and Type) : named constant, INTEGER(4)
      |(Attributes)     : use-associated
      |(Declaration)    : 
      |(Definition)     : 
      |(Reference)      : 2472  2473  2474  2494  2497  2699  2700  2701  2702  2703  2704
     mpe_recv_print
      |(Class and Type) : generic name
      |(Attributes)     : use-associated
      |(Declaration)    : 
      |(Definition)     : 
      |(Reference)      : 2754
     mpe_send_print
      |(Class and Type) : generic name
      |(Attributes)     : use-associated
      |(Declaration)    : 
      |(Definition)     : 
      |(Reference)      : 2749
     mpe_unify
      |(Class and Type) : external subroutine name
      |(Attributes)     : 
      |(Declaration)    : 
      |(Definition)     : 
      |(Reference)      : 2427
     mtnvar
      |(Class and Type) : variable name, INTEGER(4)
      |(Attributes)     : dummy-argument
      |(Declaration)    : 1  280
      |(Definition)     : 1294
      |(Reference)      : 281
     my
      |(Class and Type) : variable name, INTEGER(4)
      |(Attributes)     : dummy-argument
      |(Declaration)    : 1  206
      |(Definition)     : 624  631  799  808  1348  2427  2713
      |(Reference)      : 220  220  297  322  322  378  378  378  378  378  378  378  378  378  378  378  378  378  378  384  384  384  384  384  384  384  384  384  384  384  384  393  556  558  734  791  919  923  2406  2430
     my_max
      |(Class and Type) : variable name, INTEGER(4)
      |(Attributes)     : dummy-argument
      |(Declaration)    : 1  206
      |(Definition)     : 624  631  799  808  2102  2103  2713
      |(Reference)      : 203  203  210  210  210  220  220  220  220  220  220  220  220  220  220  220  220  220  220  220  220  220  220  220  220  220  220  220  220  220  220  220  220  220  220  220  220  220  220  220  220  220  220  220  220  220  220  220  220  220  220  220  220  220  220  220  220  220  243  243  243  243  243  243  243  243  243  243  243  243  243  243  243  253  253  255  255  255  255  255  255  263  265  265  265  265  265  265  265  265  265  265  265  265  265  265  265  277  277  277  277  277  277  281  292  303  303  315  315  315  315  315  315  315  315  315  315  315  321  321  322  322  322  322  322  322  322  322  327  328  329  330  332  354  363  378  378  378  384  384  384  384  384  409  409  409  410  410  410  415  416  416  425  425  425  431  432  432  444  445  445  446  480  486  486  493
     myrank
      |(Class and Type) : variable name, INTEGER(4)
      |(Attributes)     : common-block-object, use-associated
      |(Declaration)    : 
      |(Definition)     : 799  1002
      |(Reference)      : 619  2618  2643  2665  2679  2707  2753  2796
     n
      |(Class and Type) : variable name, INTEGER(4)
      |(Attributes)     : 
      |(Declaration)    : 199
      |(Definition)     : 
      |(Reference)      : 
     namelist_soilveg
      |(Class and Type) : module name
      |(Attributes)     : 
      |(Declaration)    : 
      |(Definition)     : 
      |(Reference)      : 194
     ncld
      |(Class and Type) : variable name, INTEGER(4)
      |(Attributes)     : dummy-argument
      |(Declaration)    : 1  206
      |(Definition)     : 1010  1077  1164  1181  1365  1400  1475  1483  1491  1671  1680  1717  1845  2713
      |(Reference)      : 243  243  330  393  475  1136  1359  1393
     ncup
      |(Class and Type) : variable name, INTEGER(4)
      |(Attributes)     : DIMENSION
      |(Declaration)    : 378
      |(Definition)     : 761  1348
      |(Reference)      : 2467
     ndry
      |(Class and Type) : variable name, INTEGER(4)
      |(Attributes)     : DIMENSION
      |(Declaration)    : 378
      |(Definition)     : 762  1867
      |(Reference)      : 2469
     nerr
      |(Class and Type) : named constant, INTEGER(4)
      |(Attributes)     : 
      |(Declaration)    : 507
      |(Definition)     : 
      |(Reference)      : 
     nflx
      |(Class and Type) : variable name, INTEGER(4)
      |(Attributes)     : DIMENSION
      |(Declaration)    : 378
      |(Definition)     : 747  1348
      |(Reference)      : 2696
     nflx_tmp
      |(Class and Type) : variable name, INTEGER(4)
      |(Attributes)     : DIMENSION
      |(Declaration)    : 395
      |(Definition)     : 2686  2696  2704
      |(Reference)      : 2696  2709
     nfxr
      |(Class and Type) : variable name, INTEGER(4)
      |(Attributes)     : dummy-argument
      |(Declaration)    : 1  199
      |(Definition)     : 1077
      |(Reference)      : 
     ngrid
      |(Class and Type) : named constant, INTEGER(4)
      |(Attributes)     : 
      |(Declaration)    : 252
      |(Definition)     : 
      |(Reference)      : 255  255  255
     njump
      |(Class and Type) : variable name, INTEGER(4)
      |(Attributes)     : dummy-argument
      |(Declaration)    : 1  206
      |(Definition)     : 2713
      |(Reference)      : 817  818  819  821  825  826  827  832
     njump1
      |(Class and Type) : variable name, INTEGER(4)
      |(Attributes)     : 
      |(Declaration)    : 455
      |(Definition)     : 817  818  825
      |(Reference)      : 818  820  836
     njump2
      |(Class and Type) : variable name, INTEGER(4)
      |(Attributes)     : 
      |(Declaration)    : 455
      |(Definition)     : 819  820  826
      |(Reference)      : 820  822  840
     njump3
      |(Class and Type) : variable name, INTEGER(4)
      |(Attributes)     : 
      |(Declaration)    : 455
      |(Definition)     : 821  822  827
      |(Reference)      : 822  844
     nk
      |(Class and Type) : variable name, INTEGER(4)
      |(Attributes)     : 
      |(Declaration)    : 199
      |(Definition)     : 
      |(Reference)      : 
     nlcl
      |(Class and Type) : variable name, INTEGER(4)
      |(Attributes)     : DIMENSION
      |(Declaration)    : 378
      |(Definition)     : 742  1348
      |(Reference)      : 2691
     nlcl_tmp
      |(Class and Type) : variable name, INTEGER(4)
      |(Attributes)     : DIMENSION
      |(Declaration)    : 395
      |(Definition)     : 2681  2691  2699
      |(Reference)      : 2691  2709
     nlsp
      |(Class and Type) : variable name, INTEGER(4)
      |(Attributes)     : DIMENSION
      |(Declaration)    : 378
      |(Definition)     : 749  1727
      |(Reference)      : 2488
     nmcup
      |(Class and Type) : variable name, INTEGER(4)
      |(Attributes)     : dummy-argument
      |(Declaration)    : 1  206
      |(Definition)     : 
      |(Reference)      : 535  1348  1359  1393  1427  1427  1427  1475  1483  1491
     nmgwcv
      |(Class and Type) : variable name, INTEGER(4)
      |(Attributes)     : dummy-argument
      |(Declaration)    : 1  280
      |(Definition)     : 
      |(Reference)      : 1566  1573
     nmgwor
      |(Class and Type) : variable name, INTEGER(4)
      |(Attributes)     : dummy-argument
      |(Declaration)    : 1  280
      |(Definition)     : 
      |(Reference)      : 1051  1055  1230  1247
     nmland
      |(Class and Type) : variable name, INTEGER(4)
      |(Attributes)     : dummy-argument
      |(Declaration)    : 1  206
      |(Definition)     : 
      |(Reference)      : 1146  1164  1181
     nmmiph
      |(Class and Type) : variable name, INTEGER(4)
      |(Attributes)     : dummy-argument
      |(Declaration)    : 1  439
      |(Definition)     : 1077  1181  1845
      |(Reference)      : 1459  1518  1654  1695  1732  1838  1838  1838
     nmpbl
      |(Class and Type) : variable name, INTEGER(4)
      |(Attributes)     : dummy-argument
      |(Declaration)    : 1  206
      |(Definition)     : 1181
      |(Reference)      : 1146  1164
     nmshl
      |(Class and Type) : variable name, INTEGER(4)
      |(Attributes)     : dummy-argument
      |(Declaration)    : 1  206
      |(Definition)     : 
      |(Reference)      : 534  534  1632  1632  1670  1679  1717
     nncup
      |(Class and Type) : variable name, INTEGER(4)
      |(Attributes)     : 
      |(Declaration)    : 455
      |(Definition)     : 2461  2467  2472
      |(Reference)      : 2467  2624
     nndry
      |(Class and Type) : variable name, INTEGER(4)
      |(Attributes)     : 
      |(Declaration)    : 455
      |(Definition)     : 2463  2469  2474
      |(Reference)      : 2469  2624
     nnegl
      |(Class and Type) : variable name, INTEGER(4)
      |(Attributes)     : DIMENSION
      |(Declaration)    : 378
      |(Definition)     : 743  1348
      |(Reference)      : 2692
     nnegl_tmp
      |(Class and Type) : variable name, INTEGER(4)
      |(Attributes)     : DIMENSION
      |(Declaration)    : 395
      |(Definition)     : 2682  2692  2700
      |(Reference)      : 2692  2709
     nnlsp
      |(Class and Type) : variable name, INTEGER(4)
      |(Attributes)     : DIMENSION
      |(Declaration)    : 378
      |(Definition)     : 774  2488  2494
      |(Reference)      : 2488  2625
     nnshl
      |(Class and Type) : variable name, INTEGER(4)
      |(Attributes)     : 
      |(Declaration)    : 455
      |(Definition)     : 2462  2468  2473
      |(Reference)      : 2468  2624
     nny
      |(Class and Type) : variable name, INTEGER(4)
      |(Attributes)     : 
      |(Declaration)    : 455
      |(Definition)     : 833  837  841  845
      |(Reference)      : 853  854  857
     nor_gwdp
      |(Class and Type) : external subroutine name
      |(Attributes)     : 
      |(Declaration)    : 
      |(Definition)     : 
      |(Reference)      : 1567
     nosat
      |(Class and Type) : variable name, INTEGER(4)
      |(Attributes)     : DIMENSION
      |(Declaration)    : 378
      |(Definition)     : 744  1348
      |(Reference)      : 2693
     nosat_tmp
      |(Class and Type) : variable name, INTEGER(4)
      |(Attributes)     : DIMENSION
      |(Declaration)    : 395
      |(Definition)     : 2683  2693  2701
      |(Reference)      : 2693  2709
     now1
      |(Class and Type) : variable name, INTEGER(4)
      |(Attributes)     : use-associated
      |(Declaration)    : 
      |(Definition)     : 
      |(Reference)      : 179
     now2
      |(Class and Type) : variable name, INTEGER(4)
      |(Attributes)     : use-associated
      |(Declaration)    : 
      |(Definition)     : 
      |(Reference)      : 179
     nshl
      |(Class and Type) : variable name, INTEGER(4)
      |(Attributes)     : DIMENSION
      |(Declaration)    : 378
      |(Definition)     : 763  1717
      |(Reference)      : 2468
     ntcup
      |(Class and Type) : variable name, INTEGER(4)
      |(Attributes)     : DIMENSION
      |(Declaration)    : 378
      |(Definition)     : 746  1348
      |(Reference)      : 2695
     ntcup_tmp
      |(Class and Type) : variable name, INTEGER(4)
      |(Attributes)     : DIMENSION
      |(Declaration)    : 395
      |(Definition)     : 2685  2695  2703
      |(Reference)      : 2695  2709
     ntcw
      |(Class and Type) : variable name, INTEGER(4)
      |(Attributes)     : SAVE, use-associated
      |(Declaration)    : 
      |(Definition)     : 1845
      |(Reference)      : 1726
     ntgl
      |(Class and Type) : variable name, INTEGER(4)
      |(Attributes)     : SAVE, use-associated
      |(Declaration)    : 
      |(Definition)     : 1845
      |(Reference)      : 
     ntinc
      |(Class and Type) : variable name, INTEGER(4)
      |(Attributes)     : SAVE, use-associated
      |(Declaration)    : 
      |(Definition)     : 1845
      |(Reference)      : 
     ntiw
      |(Class and Type) : variable name, INTEGER(4)
      |(Attributes)     : SAVE, use-associated
      |(Declaration)    : 
      |(Definition)     : 1845
      |(Reference)      : 1459  1518  1654  1695
     ntnc
      |(Class and Type) : variable name, REAL(8)
      |(Attributes)     : DIMENSION
      |(Declaration)    : 442
      |(Definition)     : 
      |(Reference)      : 
     ntoz
      |(Class and Type) : variable name, INTEGER(4)
      |(Attributes)     : SAVE, use-associated
      |(Declaration)    : 
      |(Definition)     : 
      |(Reference)      : 895  900  997  2317  2322
     ntrac
      |(Class and Type) : variable name, INTEGER(4)
      |(Attributes)     : 
      |(Declaration)    : 199
      |(Definition)     : 
      |(Reference)      : 
     ntrnc
      |(Class and Type) : variable name, INTEGER(4)
      |(Attributes)     : SAVE, use-associated
      |(Declaration)    : 
      |(Definition)     : 1845
      |(Reference)      : 
     ntrw
      |(Class and Type) : variable name, INTEGER(4)
      |(Attributes)     : SAVE, use-associated
      |(Declaration)    : 
      |(Definition)     : 1845
      |(Reference)      : 
     ntsw
      |(Class and Type) : variable name, INTEGER(4)
      |(Attributes)     : SAVE, use-associated
      |(Declaration)    : 
      |(Definition)     : 1845
      |(Reference)      : 
     ntype
      |(Class and Type) : named constant, INTEGER(4)
      |(Attributes)     : 
      |(Declaration)    : 252
      |(Definition)     : 
      |(Reference)      : 255  255  255
     nwork
      |(Class and Type) : variable name, INTEGER(4)
      |(Attributes)     : DIMENSION
      |(Declaration)    : 378
      |(Definition)     : 745  1348
      |(Reference)      : 2694
     nwork_tmp
      |(Class and Type) : variable name, INTEGER(4)
      |(Attributes)     : DIMENSION
      |(Declaration)    : 395
      |(Definition)     : 2684  2694  2702
      |(Reference)      : 2694  2709
     nx
      |(Class and Type) : variable name, INTEGER(4)
      |(Attributes)     : dummy-argument
      |(Declaration)    : 1  206
      |(Definition)     : 624  631  799  808  1294  2713
      |(Reference)      : 220  297  431  556  557  2452  2585
     nxdef
      |(Class and Type) : variable name, INTEGER(4)
      |(Attributes)     : ALLOCATABLE, DIMENSION, SAVE, use-associated
      |(Declaration)    : 
      |(Definition)     : 
      |(Reference)      : 918  923
     nxdef_2d
      |(Class and Type) : variable name, INTEGER(4)
      |(Attributes)     : ALLOCATABLE, DIMENSION, SAVE, use-associated
      |(Declaration)    : 
      |(Definition)     : 
      |(Reference)      : 636  650  693  721  814  887  898  915  2320  2337  2357  2391  2413  2519  2567  2656
     nxj
      |(Class and Type) : variable name, INTEGER(4)
      |(Attributes)     : 
      |(Declaration)    : 455
      |(Definition)     : 636  650  693  721  814  887  898  915  2320  2337  2357  2391  2413  2519  2567  2656
      |(Reference)      : 637  651  694  888  901  922  944  949  962  978  1031  1045  1052  1056  1064  1104  1121  1129  1137  1233  1256  1266  1274  1289  1307  1321  1328  1341  1361  1376  1386  1395  1410  1420  1441  1446  1453  1467  1499  1509  1515  1547  1578  1584  1590  1596  1604  1610  1611  1611  1611  1619  1633  1640  1648  1661  1685  1692  1748  1778  1820  1820  1824  1841  1873  1873  1914  2138  2150  2209  2249  2270  2323  2338  2358  2392  2415  2536  2570  2577  2659
     nxjp
      |(Class and Type) : variable name, INTEGER(4)
      |(Attributes)     : ALLOCATABLE, DIMENSION, SAVE, use-associated
      |(Declaration)    : 
      |(Definition)     : 938  940  999  1002  1010  1077  1111  1146  1164  1181  1214  1241  1294  1336  1348  1365  1400  1475  1483  1491  1551  1567  1613  1671  1680  1717  1727  1789  1795  1799  1805  1845  1867  2102  2103  2540
      |(Reference)      : 2046  2663  2664
     nxjstart
      |(Class and Type) : variable name, INTEGER(4)
      |(Attributes)     : ALLOCATABLE, DIMENSION, SAVE, use-associated
      |(Declaration)    : 
      |(Definition)     : 
      |(Reference)      : 1044  1915  2139  2151
     nxlev
      |(Class and Type) : variable name, INTEGER(4)
      |(Attributes)     : 
      |(Declaration)    : 455
      |(Definition)     : 557
      |(Reference)      : 
     nxmy
      |(Class and Type) : variable name, INTEGER(4)
      |(Attributes)     : 
      |(Declaration)    : 455
      |(Definition)     : 556
      |(Reference)      : 
     nxp
      |(Class and Type) : variable name, INTEGER(4)
      |(Attributes)     : common-block-object, use-associated
      |(Declaration)    : 
      |(Definition)     : 849  938  940  999  1002  1010  1077  1111  1146  1164  1181  1214  1241  1294  1294  1336  1348  1365  1400  1475  1483  1491  1551  1567  1613  1613  1671  1680  1717  1727  1789  1795  1799  1805  1845  1867  2102  2103
      |(Reference)      : 203  203  210  210  210  218  218  220  220  220  220  220  220  220  220  220  220  220  220  220  220  220  220  220  220  220  220  220  220  220  220  220  220  220  220  220  220  220  220  220  220  220  220  220  220  220  220  220  220  220  220  220  220  220  220  220  220  220  220  220  243  243  243  243  243  243  243  243  243  243  243  243  243  243  243  253  253  255  255  255  255  255  255  263  265  265  265  265  265  265  265  265  265  265  265  265  265  265  265  265  265  277  277  277  277  277  277  281  282  283  284  284  284  284  284  284  284  287  287  287  287  287  287  287  287  287  287  287  287  290  290  292  298  298  303  303  303  303  303  303  303  315  315  315  315  315  315  315  315  315  315  315  321  321  322  322  322  322  322  322  322  322  327  328  329  330  332  354  355  356  363  371  378  378  384  384  384  384  384  384  391  398  406  406  406  406  407  407  407  408  408  408  409  409  409  410  410  410  415  415  415  416  416  425  425  425  425  427  428  428  428  428  431  432  432  435  437  440  441  441  441  441  442  444  445  445  446  474  474  474  475  476  476  476  476  477  478  478  480  481  481  481  481  481  481  481  484  484  484  486  486  492  493  702  722  818  820  822  832  836  840  844  852  1892  1893  1894  1895  1896  1897  1898  1899  1900  1901  1902  1903  1904  1905  1906  1907  1908  1909  2046  2541  2544
     o3l
      |(Class and Type) : variable name, REAL(8)
      |(Attributes)     : DIMENSION, dummy-argument
      |(Declaration)    : 1  243
      |(Definition)     : 902  999  1002  1010  1077
      |(Reference)      : 2324
     oa4
      |(Class and Type) : variable name, REAL(8)
      |(Attributes)     : DIMENSION
      |(Declaration)    : 290
      |(Definition)     : 1267  1294
      |(Reference)      : 
     obox_mask
      |(Class and Type) : variable name, REAL(8)
      |(Attributes)     : ALLOCATABLE, DIMENSION, SAVE, use-associated
      |(Declaration)    : 
      |(Definition)     : 
      |(Reference)      : 2046
     obsseaice
      |(Class and Type) : variable name, REAL(8)
      |(Attributes)     : ALLOCATABLE, DIMENSION, SAVE, use-associated
      |(Declaration)    : 
      |(Definition)     : 2011
      |(Reference)      : 2046
     obsws
      |(Class and Type) : variable name, REAL(8)
      |(Attributes)     : ALLOCATABLE, DIMENSION, SAVE, use-associated
      |(Declaration)    : 
      |(Definition)     : 2046
      |(Reference)      : 
     obswsb
      |(Class and Type) : variable name, REAL(8)
      |(Attributes)     : ALLOCATABLE, DIMENSION, SAVE, use-associated
      |(Declaration)    : 
      |(Definition)     : 2046
      |(Reference)      : 
     obswt
      |(Class and Type) : variable name, REAL(8)
      |(Attributes)     : ALLOCATABLE, DIMENSION, SAVE, use-associated
      |(Declaration)    : 
      |(Definition)     : 2046
      |(Reference)      : 
     obswtb
      |(Class and Type) : variable name, REAL(8)
      |(Attributes)     : ALLOCATABLE, DIMENSION, SAVE, use-associated
      |(Declaration)    : 
      |(Definition)     : 2038  2046
      |(Reference)      : 
     obswtbfsit
      |(Class and Type) : variable name, REAL(8)
      |(Attributes)     : ALLOCATABLE, DIMENSION, SAVE, use-associated
      |(Declaration)    : 
      |(Definition)     : 1940  1982
      |(Reference)      : 1940  1962
     obswtbnew
      |(Class and Type) : variable name, REAL(8)
      |(Attributes)     : ALLOCATABLE, DIMENSION, use-associated
      |(Declaration)    : 
      |(Definition)     : 2155
      |(Reference)      : 179  2157
     obswtbnmw1
      |(Class and Type) : variable name, INTEGER(4)
      |(Attributes)     : use-associated
      |(Declaration)    : 
      |(Definition)     : 
      |(Reference)      : 179
     obswtbnmw2
      |(Class and Type) : variable name, INTEGER(4)
      |(Attributes)     : use-associated
      |(Declaration)    : 
      |(Definition)     : 
      |(Reference)      : 179
     obswtbnow
      |(Class and Type) : variable name, REAL(8)
      |(Attributes)     : ALLOCATABLE, DIMENSION, use-associated
      |(Declaration)    : 
      |(Definition)     : 2142  2157
      |(Reference)      : 179  1940  2001  2156
     obswtbold
      |(Class and Type) : variable name, REAL(8)
      |(Attributes)     : ALLOCATABLE, DIMENSION, use-associated
      |(Declaration)    : 
      |(Definition)     : 2156
      |(Reference)      : 179  2142  2155
     obswtbtm
      |(Class and Type) : variable name, REAL(8)
      |(Attributes)     : ALLOCATABLE, DIMENSION
      |(Declaration)    : 498
      |(Definition)     : 1908  1962  2001  2123
      |(Reference)      : 2035  2038
     obswtbwgt1
      |(Class and Type) : variable name, REAL(8)
      |(Attributes)     : use-associated
      |(Declaration)    : 
      |(Definition)     : 
      |(Reference)      : 179
     obswtbwgt2
      |(Class and Type) : variable name, REAL(8)
      |(Attributes)     : use-associated
      |(Declaration)    : 
      |(Definition)     : 
      |(Reference)      : 179
     obswu
      |(Class and Type) : variable name, REAL(8)
      |(Attributes)     : ALLOCATABLE, DIMENSION, SAVE, use-associated
      |(Declaration)    : 
      |(Definition)     : 2046
      |(Reference)      : 
     obswv
      |(Class and Type) : variable name, REAL(8)
      |(Attributes)     : ALLOCATABLE, DIMENSION, SAVE, use-associated
      |(Declaration)    : 
      |(Definition)     : 2046
      |(Reference)      : 
     oc
      |(Class and Type) : variable name, REAL(8)
      |(Attributes)     : DIMENSION
      |(Declaration)    : 287
      |(Definition)     : 1258  1294
      |(Reference)      : 
     ocean
      |(Class and Type) : variable name, LOGICAL(4)
      |(Attributes)     : DIMENSION, dummy-argument
      |(Declaration)    : 1  210
      |(Definition)     : 624  1146  1164  1181
      |(Reference)      : 660  928  931  2143  2154
     ocnmask
      |(Class and Type) : variable name, REAL(8)
      |(Attributes)     : ALLOCATABLE, DIMENSION, SAVE, use-associated
      |(Declaration)    : 
      |(Definition)     : 
      |(Reference)      : 2046
     ocu
      |(Class and Type) : variable name, REAL(8)
      |(Attributes)     : ALLOCATABLE, DIMENSION, SAVE, use-associated
      |(Declaration)    : 
      |(Definition)     : 2046
      |(Reference)      : 
     ocv
      |(Class and Type) : variable name, REAL(8)
      |(Attributes)     : ALLOCATABLE, DIMENSION, SAVE, use-associated
      |(Declaration)    : 
      |(Definition)     : 2046
      |(Reference)      : 
     ograv
      |(Class and Type) : variable name, REAL(8)
      |(Attributes)     : 
      |(Declaration)    : 291
      |(Definition)     : 
      |(Reference)      : 
     okapa
      |(Class and Type) : variable name, REAL(8)
      |(Attributes)     : 
      |(Declaration)    : 463
      |(Definition)     : 567
      |(Reference)      : 
     oldsitws
      |(Class and Type) : variable name, REAL(8)
      |(Attributes)     : ALLOCATABLE, DIMENSION, SAVE, use-associated
      |(Declaration)    : 
      |(Definition)     : 2046
      |(Reference)      : 
     oldsitwt
      |(Class and Type) : variable name, REAL(8)
      |(Attributes)     : ALLOCATABLE, DIMENSION, SAVE, use-associated
      |(Declaration)    : 
      |(Definition)     : 2046
      |(Reference)      : 
     oldsitwtke
      |(Class and Type) : variable name, REAL(8)
      |(Attributes)     : ALLOCATABLE, DIMENSION, SAVE, use-associated
      |(Declaration)    : 
      |(Definition)     : 2046
      |(Reference)      : 
     oldsitwu
      |(Class and Type) : variable name, REAL(8)
      |(Attributes)     : ALLOCATABLE, DIMENSION, SAVE, use-associated
      |(Declaration)    : 
      |(Definition)     : 2046
      |(Reference)      : 
     oldsitwv
      |(Class and Type) : variable name, REAL(8)
      |(Attributes)     : ALLOCATABLE, DIMENSION, SAVE, use-associated
      |(Declaration)    : 
      |(Definition)     : 2046
      |(Reference)      : 
     oldsitww
      |(Class and Type) : variable name, REAL(8)
      |(Attributes)     : ALLOCATABLE, DIMENSION, SAVE, use-associated
      |(Declaration)    : 
      |(Definition)     : 2046
      |(Reference)      : 
     olr
      |(Class and Type) : variable name, REAL(8)
      |(Attributes)     : DIMENSION, dummy-argument
      |(Declaration)    : 1  220
      |(Definition)     : 1033  1077  2478  2713
      |(Reference)      : 
     olr_clr
      |(Class and Type) : variable name, REAL(8)
      |(Attributes)     : DIMENSION, dummy-argument
      |(Declaration)    : 1  322
      |(Definition)     : 1010  1077
      |(Reference)      : 
     op0k
      |(Class and Type) : variable name, REAL(8)
      |(Attributes)     : 
      |(Declaration)    : 463
      |(Definition)     : 569
      |(Reference)      : 
     ozon
      |(Class and Type) : variable name, LOGICAL(4)
      |(Attributes)     : dummy-argument
      |(Declaration)    : 1  210
      |(Definition)     : 1010  2713
      |(Reference)      : 
     Pairvapor
      |(Class and Type) : variable name, REAL(8)
      |(Attributes)     : 
      |(Declaration)    : 495
      |(Definition)     : 2021
      |(Reference)      : 2022
     p0k
      |(Class and Type) : variable name, REAL(8)
      |(Attributes)     : 
      |(Declaration)    : 463
      |(Definition)     : 568
      |(Reference)      : 569
     pbl_noah
      |(Class and Type) : external subroutine name
      |(Attributes)     : 
      |(Declaration)    : 
      |(Definition)     : 
      |(Reference)      : 1181
     pbltke
      |(Class and Type) : external subroutine name
      |(Attributes)     : 
      |(Declaration)    : 
      |(Definition)     : 
      |(Reference)      : 1146
     pbltke_n
      |(Class and Type) : external subroutine name
      |(Attributes)     : 
      |(Declaration)    : 
      |(Definition)     : 
      |(Reference)      : 1164
     pdfcloud
      |(Class and Type) : variable name, LOGICAL(4)
      |(Attributes)     : use-associated
      |(Declaration)    : 
      |(Definition)     : 
      |(Reference)      : 168  1788
     phi
      |(Class and Type) : variable name, REAL(8)
      |(Attributes)     : DIMENSION
      |(Declaration)    : 391
      |(Definition)     : 945  950  1146  1164  1181  1214  1241  1336  1348  1365  1400  1551  1567  1717
      |(Reference)      : 950  1278  1456  1651
     phii
      |(Class and Type) : variable name, REAL(8)
      |(Attributes)     : DIMENSION
      |(Declaration)    : 440
      |(Definition)     : 1214  1294  1336  1845
      |(Reference)      : 
     phil
      |(Class and Type) : variable name, REAL(8)
      |(Attributes)     : DIMENSION
      |(Declaration)    : 428
      |(Definition)     : 1278  1294  1456  1475  1483  1491  1651  1671  1680
      |(Reference)      : 
     phygrid
      |(Class and Type) : module name
      |(Attributes)     : 
      |(Declaration)    : 
      |(Definition)     : 
      |(Reference)      : 192
     physcons
      |(Class and Type) : module name
      |(Attributes)     : 
      |(Declaration)    : 
      |(Definition)     : 
      |(Reference)      : 190
     physpara
      |(Class and Type) : module name
      |(Attributes)     : 
      |(Declaration)    : 
      |(Definition)     : 
      |(Reference)      : 188
     pk
      |(Class and Type) : variable name, REAL(8)
      |(Attributes)     : DIMENSION, dummy-argument
      |(Declaration)    : 1  243
      |(Definition)     : 938  1146  1164  1181  1214  1241  1336  1348  1365  1400  1567  1717  1867
      |(Reference)      : 945  950  950  967  2273  2422
     pk2
      |(Class and Type) : variable name, REAL(8)
      |(Attributes)     : DIMENSION, dummy-argument
      |(Declaration)    : 1  243
      |(Definition)     : 938  1146  1164  1181  1214  1241  1336  1348  1365  1400  1567
      |(Reference)      : 945  950  950
     pk2p
      |(Class and Type) : variable name, REAL(8)
      |(Attributes)     : DIMENSION
      |(Declaration)    : 478
      |(Definition)     : 940
      |(Reference)      : 
     pkp
      |(Class and Type) : variable name, REAL(8)
      |(Attributes)     : DIMENSION
      |(Declaration)    : 478
      |(Definition)     : 940
      |(Reference)      : 968
     plcl
      |(Class and Type) : variable name, REAL(8)
      |(Attributes)     : DIMENSION, dummy-argument
      |(Declaration)    : 1  220
      |(Definition)     : 1010  1348  1378  1381  1412  1415  1501  1504
      |(Reference)      : 1032
     plt
      |(Class and Type) : variable name, REAL(8)
      |(Attributes)     : DIMENSION, dummy-argument
      |(Declaration)    : 1  220
      |(Definition)     : 938  999  1002  1010  1241  1348  1365  1400  1551  1567  1717  1727  1845
      |(Reference)      : 1275  1276  1381  1382  1415  1416  1454  1470  1585  1649  1779  2739
     pltp
      |(Class and Type) : variable name, REAL(8)
      |(Attributes)     : DIMENSION
      |(Declaration)    : 477
      |(Definition)     : 940  1077
      |(Reference)      : 
     pme2
      |(Class and Type) : variable name, REAL(8)
      |(Attributes)     : ALLOCATABLE, DIMENSION, SAVE, use-associated
      |(Declaration)    : 
      |(Definition)     : 2046
      |(Reference)      : 
     pqu
      |(Class and Type) : variable name, REAL(8)
      |(Attributes)     : DIMENSION
      |(Declaration)    : 484
      |(Definition)     : 514  1541  1551
      |(Reference)      : 
     pqun
      |(Class and Type) : variable name, REAL(8)
      |(Attributes)     : DIMENSION
      |(Declaration)    : 481
      |(Definition)     : 1491
      |(Reference)      : 1541
     precpd
      |(Class and Type) : external subroutine name
      |(Attributes)     : 
      |(Declaration)    : 
      |(Definition)     : 
      |(Reference)      : 1805
     precpdp
      |(Class and Type) : external subroutine name
      |(Attributes)     : 
      |(Declaration)    : 
      |(Definition)     : 
      |(Reference)      : 1795
     prerrtmg
      |(Class and Type) : external subroutine name
      |(Attributes)     : 
      |(Declaration)    : 
      |(Definition)     : 
      |(Reference)      : 799
     prevap
      |(Class and Type) : variable name, REAL(8)
      |(Attributes)     : 
      |(Declaration)    : 463
      |(Definition)     : 553  1348
      |(Reference)      : 
     prexp_hybrid_cwb
      |(Class and Type) : external subroutine name
      |(Attributes)     : 
      |(Declaration)    : 
      |(Definition)     : 
      |(Reference)      : 938  940
     prsi
      |(Class and Type) : variable name, REAL(8)
      |(Attributes)     : DIMENSION
      |(Declaration)    : 283
      |(Definition)     : 1290  1294  1579  1613
      |(Reference)      : 
     prsl
      |(Class and Type) : variable name, REAL(8)
      |(Attributes)     : DIMENSION
      |(Declaration)    : 407
      |(Definition)     : 1275  1294  1454  1475  1483  1491  1585  1613  1649  1671  1680  1779  1789  1795  1799  1805
      |(Reference)      : 1504  1505
     prslk
      |(Class and Type) : variable name, REAL(8)
      |(Attributes)     : DIMENSION
      |(Declaration)    : 284
      |(Definition)     : 1276  1294
      |(Reference)      : 
     ps
      |(Class and Type) : variable name, REAL(8)
      |(Attributes)     : DIMENSION, dummy-argument
      |(Declaration)    : 1  243
      |(Definition)     : 940  1002  1077
      |(Reference)      : 
     ps1w
      |(Class and Type) : variable name, REAL(8)
      |(Attributes)     : 
      |(Declaration)    : 495
      |(Definition)     : 2025
      |(Reference)      : 2026  2027
     psautco
      |(Class and Type) : variable name, REAL(8)
      |(Attributes)     : DIMENSION
      |(Declaration)    : 406
      |(Definition)     : 1743  1795  1805
      |(Reference)      : 
     psfc
      |(Class and Type) : variable name, REAL(8)
      |(Attributes)     : DIMENSION
      |(Declaration)    : 407
      |(Definition)     : 1442  1475  1483  1491  1634  1671  1680  1742  1789  1795  1799  1805
      |(Reference)      : 1455  1650
     pst
      |(Class and Type) : variable name, REAL(8)
      |(Attributes)     : DIMENSION, dummy-argument
      |(Declaration)    : 1  243
      |(Definition)     : 938  1010  1146  1164  1181  1348  1365  1400  1717  1727  1845  2375  2555  2556
      |(Reference)      : 1277  1290  1442  1579  1586  1634  1742  1781  1935  1996  2416
     pstfsit
      |(Class and Type) : variable name, REAL(8)
      |(Attributes)     : ALLOCATABLE, DIMENSION, SAVE, use-associated
      |(Declaration)    : 
      |(Definition)     : 1935  1977
      |(Reference)      : 1935  1957
     pstn
      |(Class and Type) : variable name, REAL(8)
      |(Attributes)     : 
      |(Declaration)    : 463
      |(Definition)     : 2556
      |(Reference)      : 2619
     psttm
      |(Class and Type) : variable name, REAL(8)
      |(Attributes)     : ALLOCATABLE, DIMENSION
      |(Declaration)    : 498
      |(Definition)     : 1903  1957  1996  2118
      |(Reference)      : 2022  2022
     pstx
      |(Class and Type) : variable name, REAL(8)
      |(Attributes)     : 
      |(Declaration)    : 463
      |(Definition)     : 2555
      |(Reference)      : 2619
     ptop
      |(Class and Type) : variable name, REAL(8)
      |(Attributes)     : dummy-argument
      |(Declaration)    : 1  214
      |(Definition)     : 938  940  1146  1164  1181  1214  1336  1348  1365  1400  1567  1717
      |(Reference)      : 564  570  1290  1579
     ptopk
      |(Class and Type) : variable name, REAL(8)
      |(Attributes)     : 
      |(Declaration)    : 463
      |(Definition)     : 570
      |(Reference)      : 
     ptrad
      |(Class and Type) : variable name, REAL(8)
      |(Attributes)     : 
      |(Declaration)    : 463
      |(Definition)     : 564  1010  1077
      |(Reference)      : 
     ptu
      |(Class and Type) : variable name, REAL(8)
      |(Attributes)     : DIMENSION
      |(Declaration)    : 484
      |(Definition)     : 513  1540  1551
      |(Reference)      : 
     ptun
      |(Class and Type) : variable name, REAL(8)
      |(Attributes)     : DIMENSION
      |(Declaration)    : 481
      |(Definition)     : 1491
      |(Reference)      : 1540
     put
      |(Class and Type) : keyword argument name
      |(Attributes)     : 
      |(Declaration)    : 
      |(Definition)     : 
      |(Reference)      : 1436
     q0
      |(Class and Type) : variable name, REAL(8)
      |(Attributes)     : DIMENSION
      |(Declaration)    : 475
      |(Definition)     : 1138  1400  1613  1845
      |(Reference)      : 
     q2
      |(Class and Type) : variable name, REAL(8)
      |(Attributes)     : DIMENSION, dummy-argument
      |(Declaration)    : 1  220
      |(Definition)     : 1181
      |(Reference)      : 
     qflmx
      |(Class and Type) : variable name, REAL(8)
      |(Attributes)     : 
      |(Declaration)    : 463
      |(Definition)     : 2558
      |(Reference)      : 2620
     qflux
      |(Class and Type) : variable name, REAL(8)
      |(Attributes)     : DIMENSION, dummy-argument
      |(Declaration)    : 1  220
      |(Definition)     : 695  1146  1164  1181  1365  1400  2558
      |(Reference)      : 1927  1988  2393  2660
     qfluxfsit
      |(Class and Type) : variable name, REAL(8)
      |(Attributes)     : ALLOCATABLE, DIMENSION, SAVE, use-associated
      |(Declaration)    : 
      |(Definition)     : 1927  1969
      |(Reference)      : 1927  1949
     qfluxtm
      |(Class and Type) : variable name, REAL(8)
      |(Attributes)     : ALLOCATABLE, DIMENSION
      |(Declaration)    : 498
      |(Definition)     : 1895  1949  1988  2110
      |(Reference)      : 2006  2007  2012  2024
     qgini
      |(Class and Type) : variable name, REAL(8)
      |(Attributes)     : dummy-argument
      |(Declaration)    : 1  214
      |(Definition)     : 
      |(Reference)      : 2631
     qglb
      |(Class and Type) : variable name, REAL(8)
      |(Attributes)     : 
      |(Declaration)    : 463
      |(Definition)     : 2401  2432  2454
      |(Reference)      : 2432  2454  2631
     qmin
      |(Class and Type) : variable name, REAL(8)
      |(Attributes)     : use-associated
      |(Declaration)    : 
      |(Definition)     : 
      |(Reference)      : 168  1516  1517  1693  1694  1825  1826  2238
     qnew
      |(Class and Type) : variable name, REAL(8)
      |(Attributes)     : 
      |(Declaration)    : 357
      |(Definition)     : 2237
      |(Reference)      : 2238  2239
     qp
      |(Class and Type) : variable name, REAL(8)
      |(Attributes)     : DIMENSION, dummy-argument
      |(Declaration)    : 1  243
      |(Definition)     : 1077  1146  1164  1181  1365
      |(Reference)      : 968  969
     qpert
      |(Class and Type) : variable name, REAL(8)
      |(Attributes)     : 
      |(Declaration)    : 357
      |(Definition)     : 2231
      |(Reference)      : 2237
     qqd
      |(Class and Type) : variable name, REAL(8)
      |(Attributes)     : 
      |(Declaration)    : 463
      |(Definition)     : 2737
      |(Reference)      : 
     qstar
      |(Class and Type) : variable name, REAL(8)
      |(Attributes)     : DIMENSION, dummy-argument
      |(Declaration)    : 1  220
      |(Definition)     : 1146  1164  1181
      |(Reference)      : 1663
     qt
      |(Class and Type) : variable name, REAL(8)
      |(Attributes)     : DIMENSION, dummy-argument
      |(Declaration)    : 1  243
      |(Definition)     : 1010  1146  1164  1181  1214  1237  1241  1311  1336  1348  1365  1400  1516  1517  1518  1567  1693  1694  1695  1717  1727  1825  1826  1845  2239  2251  2324  2713
      |(Reference)      : 902  967  982  1138  1237  1279  1457  1458  1459  1469  1652  1653  1654  1782  1783  2231  2251  2273  2417  2418  2737  2743
     qt_diff
      |(Class and Type) : variable name, REAL(8)
      |(Attributes)     : DIMENSION
      |(Declaration)    : 393
      |(Definition)     : 
      |(Reference)      : 
     qt_save_sppt
      |(Class and Type) : variable name, REAL(8)
      |(Attributes)     : DIMENSION
      |(Declaration)    : 330
      |(Definition)     : 982
      |(Reference)      : 2231  2237
     qtc
      |(Class and Type) : variable name, REAL(8)
      |(Attributes)     : DIMENSION
      |(Declaration)    : 408
      |(Definition)     : 710  1279  1294  1457  1475  1483  1491  1652  1671  1680  1782  1789  1795  1799  1805
      |(Reference)      : 1311  1516  1693  1825
     qtgl
      |(Class and Type) : variable name, REAL(8)
      |(Attributes)     : DIMENSION
      |(Declaration)    : 441
      |(Definition)     : 
      |(Reference)      : 
     qti
      |(Class and Type) : variable name, REAL(8)
      |(Attributes)     : DIMENSION
      |(Declaration)    : 441
      |(Definition)     : 711  1459  1491  1654  1680
      |(Reference)      : 1518  1695
     qtr
      |(Class and Type) : variable name, REAL(8)
      |(Attributes)     : DIMENSION
      |(Declaration)    : 408
      |(Definition)     : 709  1458  1475  1483  1491  1653  1671  1680  1783  1789  1795  1799  1805
      |(Reference)      : 1517  1694  1826
     qtrw
      |(Class and Type) : variable name, REAL(8)
      |(Attributes)     : DIMENSION
      |(Declaration)    : 441
      |(Definition)     : 
      |(Reference)      : 
     qtsw
      |(Class and Type) : variable name, REAL(8)
      |(Attributes)     : DIMENSION
      |(Declaration)    : 441
      |(Definition)     : 
      |(Reference)      : 
     RTYPE
      |(Class and Type) : named constant, INTEGER(4)
      |(Attributes)     : use-associated
      |(Declaration)    : 
      |(Definition)     : 
      |(Reference)      : 168  243  327  328  329  330  332  391  432  475  478
     radn
      |(Class and Type) : module name
      |(Attributes)     : 
      |(Declaration)    : 
      |(Definition)     : 
      |(Reference)      : 187
     radsq
      |(Class and Type) : variable name, REAL(8)
      |(Attributes)     : 
      |(Declaration)    : 463
      |(Definition)     : 560
      |(Reference)      : 2420
     radtn99
      |(Class and Type) : external subroutine name
      |(Attributes)     : 
      |(Declaration)    : 
      |(Definition)     : 
      |(Reference)      : 1010
     radus
      |(Class and Type) : variable name, REAL(8)
      |(Attributes)     : 
      |(Declaration)    : 463
      |(Definition)     : 559
      |(Reference)      : 560  563  921  960  2268  2538  2734  2735
     rainbl
      |(Class and Type) : variable name, REAL(8)
      |(Attributes)     : 
      |(Declaration)    : 463
      |(Definition)     : 2456
      |(Reference)      : 
     raincu
      |(Class and Type) : variable name, REAL(8)
      |(Attributes)     : DIMENSION, dummy-argument
      |(Declaration)    : 1  220
      |(Definition)     : 2340
      |(Reference)      : 2340
     raincu1
      |(Class and Type) : variable name, REAL(8)
      |(Attributes)     : DIMENSION, dummy-argument
      |(Declaration)    : 1  220
      |(Definition)     : 2342
      |(Reference)      : 2342
     raincu3
      |(Class and Type) : variable name, REAL(8)
      |(Attributes)     : DIMENSION, dummy-argument
      |(Declaration)    : 1  220
      |(Definition)     : 2344
      |(Reference)      : 2344
     raincu6
      |(Class and Type) : variable name, REAL(8)
      |(Attributes)     : DIMENSION, dummy-argument
      |(Declaration)    : 1  220
      |(Definition)     : 2346
      |(Reference)      : 2346
     rainfc
      |(Class and Type) : variable name, REAL(8)
      |(Attributes)     : 
      |(Declaration)    : 463
      |(Definition)     : 584
      |(Reference)      : 2339  2340  2341  2342  2343  2344  2345  2346  2347
     rainlp
      |(Class and Type) : variable name, REAL(8)
      |(Attributes)     : DIMENSION, dummy-argument
      |(Declaration)    : 1  220
      |(Definition)     : 2341
      |(Reference)      : 2341
     rainlp1
      |(Class and Type) : variable name, REAL(8)
      |(Attributes)     : DIMENSION, dummy-argument
      |(Declaration)    : 1  220
      |(Definition)     : 2343
      |(Reference)      : 2343
     rainlp3
      |(Class and Type) : variable name, REAL(8)
      |(Attributes)     : DIMENSION, dummy-argument
      |(Declaration)    : 1  220
      |(Definition)     : 2345
      |(Reference)      : 2345
     rainlp6
      |(Class and Type) : variable name, REAL(8)
      |(Attributes)     : DIMENSION, dummy-argument
      |(Declaration)    : 1  220
      |(Definition)     : 2347
      |(Reference)      : 2347
     raintot
      |(Class and Type) : variable name, REAL(8)
      |(Attributes)     : DIMENSION, dummy-argument
      |(Declaration)    : 1  220
      |(Definition)     : 2348
      |(Reference)      : 2348
     random_number
      |(Class and Type) : intrinsic subroutine name
      |(Attributes)     : PURE
      |(Declaration)    : 
      |(Definition)     : 
      |(Reference)      : 1437
     random_seed
      |(Class and Type) : intrinsic subroutine name
      |(Attributes)     : PURE
      |(Declaration)    : 
      |(Definition)     : 
      |(Reference)      : 1436
     rank
      |(Class and Type) : module name
      |(Attributes)     : 
      |(Declaration)    : 
      |(Definition)     : 
      |(Reference)      : 166
     ratioSIT
      |(Class and Type) : variable name, REAL(8)
      |(Attributes)     : ALLOCATABLE, DIMENSION, SAVE, use-associated
      |(Declaration)    : 
      |(Definition)     : 
      |(Reference)      : 2172  2173  2176  2176
     rcup
      |(Class and Type) : variable name, REAL(8)
      |(Attributes)     : DIMENSION
      |(Declaration)    : 384
      |(Definition)     : 723  1348  1365  1387  1400  1421  1475  1483  1491  1510  1686  1717  2381
      |(Reference)      : 1387  1421  1510  1686  1873  1931  1992  2339  2340  2342  2344  2346
     rcup2
      |(Class and Type) : variable name, REAL(8)
      |(Attributes)     : DIMENSION
      |(Declaration)    : 435
      |(Definition)     : 520  1671  1680
      |(Reference)      : 1686
     rcupfsit
      |(Class and Type) : variable name, REAL(8)
      |(Attributes)     : ALLOCATABLE, DIMENSION, SAVE, use-associated
      |(Declaration)    : 
      |(Definition)     : 1931  1973
      |(Reference)      : 1931  1953
     rcuprr
      |(Class and Type) : variable name, REAL(8)
      |(Attributes)     : 
      |(Declaration)    : 463
      |(Definition)     : 
      |(Reference)      : 
     rcuptm
      |(Class and Type) : variable name, REAL(8)
      |(Attributes)     : ALLOCATABLE, DIMENSION
      |(Declaration)    : 498
      |(Definition)     : 1899  1953  1992  2114
      |(Reference)      : 2013
     readalb
      |(Class and Type) : external subroutine name
      |(Attributes)     : 
      |(Declaration)    : 
      |(Definition)     : 
      |(Reference)      : 631
     readclx
      |(Class and Type) : external subroutine name
      |(Attributes)     : 
      |(Declaration)    : 
      |(Definition)     : 
      |(Reference)      : 624
     ref
      |(Class and Type) : variable name, REAL(8)
      |(Attributes)     : DIMENSION, dummy-argument
      |(Declaration)    : 1  255
      |(Definition)     : 1146  1164
      |(Reference)      : 
     rgas
      |(Class and Type) : variable name, REAL(8)
      |(Attributes)     : dummy-argument
      |(Declaration)    : 1  214
      |(Definition)     : 1146  1164  1181  1214  1241  1336  1348  1365  1400  1475  1483  1567  1671  1717
      |(Reference)      : 565
     rh10
      |(Class and Type) : variable name, REAL(8)
      |(Attributes)     : DIMENSION, dummy-argument
      |(Declaration)    : 1  220
      |(Definition)     : 1181
      |(Reference)      : 
     rh2
      |(Class and Type) : variable name, REAL(8)
      |(Attributes)     : DIMENSION, dummy-argument
      |(Declaration)    : 1  220
      |(Definition)     : 1146  1164  1181
      |(Reference)      : 1934  1995
     rh2fsit
      |(Class and Type) : variable name, REAL(8)
      |(Attributes)     : ALLOCATABLE, DIMENSION, SAVE, use-associated
      |(Declaration)    : 
      |(Definition)     : 1934  1976
      |(Reference)      : 1934  1956
     rh2tm
      |(Class and Type) : variable name, REAL(8)
      |(Attributes)     : ALLOCATABLE, DIMENSION
      |(Declaration)    : 498
      |(Definition)     : 1902  1956  1995  2021  2117
      |(Reference)      : 
     rhc
      |(Class and Type) : variable name, REAL(8)
      |(Attributes)     : DIMENSION
      |(Declaration)    : 406
      |(Definition)     : 1755  1789  1795  1799  1805
      |(Reference)      : 
     rhckt
      |(Class and Type) : variable name, REAL(8)
      |(Attributes)     : 
      |(Declaration)    : 406
      |(Definition)     : 
      |(Reference)      : 
     rho
      |(Class and Type) : variable name, REAL(8)
      |(Attributes)     : DIMENSION
      |(Declaration)    : 481
      |(Definition)     : 511  1470  1551
      |(Reference)      : 
     rhoa
      |(Class and Type) : variable name, REAL(8)
      |(Attributes)     : 
      |(Declaration)    : 495
      |(Definition)     : 2022
      |(Reference)      : 2024  2028  2029
     rld
      |(Class and Type) : variable name, REAL(8)
      |(Attributes)     : DIMENSION, dummy-argument
      |(Declaration)    : 1  255
      |(Definition)     : 1010  1077  1111
      |(Reference)      : 
     rld_adj
      |(Class and Type) : variable name, REAL(8)
      |(Attributes)     : DIMENSION
      |(Declaration)    : 303
      |(Definition)     : 529  1111  1122  1146  1164  1181
      |(Reference)      : 1122
     rld_clr
      |(Class and Type) : variable name, REAL(8)
      |(Attributes)     : DIMENSION, dummy-argument
      |(Declaration)    : 1  321
      |(Definition)     : 1010  1077
      |(Reference)      : 
     rlsp
      |(Class and Type) : variable name, REAL(8)
      |(Attributes)     : DIMENSION
      |(Declaration)    : 384
      |(Definition)     : 724  1727  1795  1805  1820  1845  2382
      |(Reference)      : 1820  1930  1991  2339  2341  2343  2345  2347
     rlspfsit
      |(Class and Type) : variable name, REAL(8)
      |(Attributes)     : ALLOCATABLE, DIMENSION, SAVE, use-associated
      |(Declaration)    : 
      |(Definition)     : 1930  1972
      |(Reference)      : 1930  1952
     rlsprr
      |(Class and Type) : variable name, REAL(8)
      |(Attributes)     : 
      |(Declaration)    : 463
      |(Definition)     : 
      |(Reference)      : 
     rlsptm
      |(Class and Type) : variable name, REAL(8)
      |(Attributes)     : ALLOCATABLE, DIMENSION
      |(Declaration)    : 498
      |(Definition)     : 1898  1952  1991  2113
      |(Reference)      : 2013
     rnuw
      |(Class and Type) : variable name, REAL(8)
      |(Attributes)     : 
      |(Declaration)    : 495
      |(Definition)     : 2016
      |(Reference)      : 2017  2017
     row_rank
      |(Class and Type) : variable name, INTEGER(4)
      |(Attributes)     : common-block-object, use-associated
      |(Declaration)    : 
      |(Definition)     : 
      |(Reference)      : 2541
     rozone
      |(Class and Type) : external subroutine name
      |(Attributes)     : 
      |(Declaration)    : 
      |(Definition)     : 
      |(Reference)      : 999
     rozphys
      |(Class and Type) : external subroutine name
      |(Attributes)     : 
      |(Declaration)    : 
      |(Definition)     : 
      |(Reference)      : 1002
     rrtmg
      |(Class and Type) : external subroutine name
      |(Attributes)     : 
      |(Declaration)    : 
      |(Definition)     : 
      |(Reference)      : 1077
     rs
      |(Class and Type) : variable name, REAL(8)
      |(Attributes)     : DIMENSION, dummy-argument
      |(Declaration)    : 1  220
      |(Definition)     : 1010  1077  1146  1164  1181  2480  2713
      |(Reference)      : 
     rs_adj
      |(Class and Type) : variable name, REAL(8)
      |(Attributes)     : DIMENSION
      |(Declaration)    : 303
      |(Definition)     : 1111  1123
      |(Reference)      : 1123  1925  1986
     rs_clr
      |(Class and Type) : variable name, REAL(8)
      |(Attributes)     : DIMENSION, dummy-argument
      |(Declaration)    : 1  322
      |(Definition)     : 1010  1077
      |(Reference)      : 
     rsecond
      |(Class and Type) : variable name, REAL(8)
      |(Attributes)     : 
      |(Declaration)    : 450
      |(Definition)     : 1433
      |(Reference)      : 1434  1435
     rsf
      |(Class and Type) : variable name, REAL(8)
      |(Attributes)     : ALLOCATABLE, DIMENSION, SAVE, use-associated
      |(Declaration)    : 
      |(Definition)     : 2013
      |(Reference)      : 2046
     rsfsit
      |(Class and Type) : variable name, REAL(8)
      |(Attributes)     : ALLOCATABLE, DIMENSION, SAVE, use-associated
      |(Declaration)    : 
      |(Definition)     : 1925  1967
      |(Reference)      : 1925  1947
     rsolhr
      |(Class and Type) : variable name, REAL(8)
      |(Attributes)     : 
      |(Declaration)    : 200
      |(Definition)     : 596  1077
      |(Reference)      : 
     rstd
      |(Class and Type) : variable name, REAL(8)
      |(Attributes)     : DIMENSION
      |(Declaration)    : 303
      |(Definition)     : 1053  1057  1077
      |(Reference)      : 
     rstm
      |(Class and Type) : variable name, REAL(8)
      |(Attributes)     : ALLOCATABLE, DIMENSION
      |(Declaration)    : 498
      |(Definition)     : 1893  1947  1986  2108
      |(Reference)      : 2006  2007
     rtc
      |(Class and Type) : external function name, REAL(8)
      |(Attributes)     : 
      |(Declaration)    : 
      |(Definition)     : 
      |(Reference)      : 1433
     rtc
      |(Class and Type) : variable name, REAL(8)
      |(Attributes)     : 
      |(Declaration)    : 450
      |(Definition)     : 
      |(Reference)      : 
     ru
      |(Class and Type) : variable name, REAL(8)
      |(Attributes)     : 
      |(Declaration)    : 357
      |(Definition)     : 2224  2225  2250
      |(Reference)      : 2225  2228  2229  2230  2231  2251
     runoff
      |(Class and Type) : variable name, REAL(8)
      |(Attributes)     : DIMENSION, dummy-argument
      |(Declaration)    : 1  255
      |(Definition)     : 1146  1164  1181
      |(Reference)      : 
     s0
      |(Class and Type) : variable name, REAL(8)
      |(Attributes)     : dummy-argument
      |(Declaration)    : 1  214
      |(Definition)     : 1010  2713
      |(Reference)      : 
     saltwac
      |(Class and Type) : variable name, REAL(8)
      |(Attributes)     : ALLOCATABLE, DIMENSION, SAVE, use-associated
      |(Declaration)    : 
      |(Definition)     : 2046
      |(Reference)      : 
     samfdeepcnv
      |(Class and Type) : external subroutine name
      |(Attributes)     : 
      |(Declaration)    : 
      |(Definition)     : 
      |(Reference)      : 1491
     samfshalcnv
      |(Class and Type) : external subroutine name
      |(Attributes)     : 
      |(Declaration)    : 
      |(Definition)     : 
      |(Reference)      : 1680
     sascnv
      |(Class and Type) : external subroutine name
      |(Attributes)     : 
      |(Declaration)    : 
      |(Definition)     : 
      |(Reference)      : 1475
     sascnv_n
      |(Class and Type) : external subroutine name
      |(Attributes)     : 
      |(Declaration)    : 
      |(Definition)     : 
      |(Reference)      : 1483
     sc
      |(Class and Type) : variable name, REAL(8)
      |(Attributes)     : ALLOCATABLE, DIMENSION, SAVE, use-associated
      |(Declaration)    : 
      |(Definition)     : 2046
      |(Reference)      : 
     sd
      |(Class and Type) : variable name, REAL(8)
      |(Attributes)     : DIMENSION, dummy-argument
      |(Declaration)    : 1  432
      |(Definition)     : 1845
      |(Reference)      : 
     sdec
      |(Class and Type) : variable name, REAL(8)
      |(Attributes)     : SAVE, use-associated
      |(Declaration)    : 
      |(Definition)     : 799  808  1111
      |(Reference)      : 
     sdpbl
      |(Class and Type) : variable name, REAL(8)
      |(Attributes)     : DIMENSION, dummy-argument
      |(Declaration)    : 1  243
      |(Definition)     : 1010
      |(Reference)      : 
     seaice
      |(Class and Type) : variable name, REAL(8)
      |(Attributes)     : ALLOCATABLE, DIMENSION, SAVE, use-associated
      |(Declaration)    : 
      |(Definition)     : 2032  2046
      |(Reference)      : 
     sfalb
      |(Class and Type) : variable name, REAL(8)
      |(Attributes)     : DIMENSION, dummy-argument
      |(Declaration)    : 1  203
      |(Definition)     : 1077  1146  1164  1181
      |(Reference)      : 
     sfclu
      |(Class and Type) : variable name, REAL(8)
      |(Attributes)     : 
      |(Declaration)    : 463
      |(Definition)     : 2480
      |(Reference)      : 2629
     sfcsd
      |(Class and Type) : variable name, REAL(8)
      |(Attributes)     : 
      |(Declaration)    : 463
      |(Definition)     : 2479
      |(Reference)      : 2629
     sfemis
      |(Class and Type) : variable name, REAL(8)
      |(Attributes)     : DIMENSION, dummy-argument
      |(Declaration)    : 1  203
      |(Definition)     : 1077  1181
      |(Reference)      : 1122  1123
     sftobswt
      |(Class and Type) : variable name, REAL(8)
      |(Attributes)     : ALLOCATABLE, DIMENSION, SAVE, use-associated
      |(Declaration)    : 
      |(Definition)     : 2046
      |(Reference)      : 
     sgeo
      |(Class and Type) : variable name, REAL(8)
      |(Attributes)     : DIMENSION, dummy-argument
      |(Declaration)    : 1  243
      |(Definition)     : 1146  1164  1181  1214  1336  1348  1365  1400  1717
      |(Reference)      : 945  1278  1456  1651
     shalcnv_new
      |(Class and Type) : external subroutine name
      |(Attributes)     : 
      |(Declaration)    : 
      |(Definition)     : 
      |(Reference)      : 1671
     shdmax
      |(Class and Type) : variable name, REAL(8)
      |(Attributes)     : DIMENSION, dummy-argument
      |(Declaration)    : 1  265
      |(Definition)     : 624  1181
      |(Reference)      : 
     shdmin
      |(Class and Type) : variable name, REAL(8)
      |(Attributes)     : DIMENSION, dummy-argument
      |(Declaration)    : 1  265
      |(Definition)     : 624  1181
      |(Reference)      : 
     shlcon
      |(Class and Type) : external subroutine name
      |(Attributes)     : 
      |(Declaration)    : 
      |(Definition)     : 
      |(Reference)      : 1717
     shum3d
      |(Class and Type) : variable name, REAL(8)
      |(Attributes)     : ALLOCATABLE, DIMENSION, SAVE, use-associated
      |(Declaration)    : 
      |(Definition)     : 
      |(Reference)      : 195  2250
     sigma
      |(Class and Type) : variable name, REAL(8)
      |(Attributes)     : DIMENSION, dummy-argument
      |(Declaration)    : 1  243
      |(Definition)     : 938  940  1077  1365  1400
      |(Reference)      : 1290  1290  1452  1452  1579  1579  1647  1647
     sigmaf
      |(Class and Type) : variable name, REAL(8)
      |(Attributes)     : DIMENSION, dummy-argument
      |(Declaration)    : 1  255
      |(Definition)     : 624  1146  1164  1181
      |(Reference)      : 
     sigmaog
      |(Class and Type) : variable name, REAL(8)
      |(Attributes)     : DIMENSION
      |(Declaration)    : 287
      |(Definition)     : 1261  1294
      |(Reference)      : 
     silw
      |(Class and Type) : variable name, REAL(8)
      |(Attributes)     : ALLOCATABLE, DIMENSION, SAVE, use-associated
      |(Declaration)    : 
      |(Definition)     : 2046
      |(Reference)      : 
     sin
      |(Class and Type) : intrinsic function name, REAL(8)
      |(Attributes)     : PURE, ELEMENTAL
      |(Declaration)    : 
      |(Definition)     : 
      |(Reference)      : 793  1733
     sinl
      |(Class and Type) : variable name, REAL(8)
      |(Attributes)     : DIMENSION
      |(Declaration)    : 384
      |(Definition)     : 793  808  999  1010  1077  1111  1567
      |(Reference)      : 
     sit_vdiff
      |(Class and Type) : module subroutine name
      |(Attributes)     : use-associated
      |(Declaration)    : 
      |(Definition)     : 
      |(Reference)      : 175  2046
     sitcc
      |(Class and Type) : variable name, REAL(8)
      |(Attributes)     : ALLOCATABLE, DIMENSION, SAVE, use-associated
      |(Declaration)    : 
      |(Definition)     : 2046
      |(Reference)      : 
     sitcor
      |(Class and Type) : variable name, REAL(8)
      |(Attributes)     : ALLOCATABLE, DIMENSION, SAVE, use-associated
      |(Declaration)    : 
      |(Definition)     : 
      |(Reference)      : 2046
     sithc
      |(Class and Type) : variable name, REAL(8)
      |(Attributes)     : ALLOCATABLE, DIMENSION, SAVE, use-associated
      |(Declaration)    : 
      |(Definition)     : 2046
      |(Reference)      : 
     sitlat
      |(Class and Type) : variable name, REAL(8)
      |(Attributes)     : DIMENSION
      |(Declaration)    : 492
      |(Definition)     : 1916
      |(Reference)      : 2046
     sitlclass
      |(Class and Type) : variable name, REAL(8)
      |(Attributes)     : ALLOCATABLE, DIMENSION, SAVE, use-associated
      |(Declaration)    : 
      |(Definition)     : 
      |(Reference)      : 2046
     sitlon
      |(Class and Type) : variable name, REAL(8)
      |(Attributes)     : DIMENSION
      |(Declaration)    : 493
      |(Definition)     : 1918  1920
      |(Reference)      : 2046
     sitmask
      |(Class and Type) : variable name, REAL(8)
      |(Attributes)     : ALLOCATABLE, DIMENSION, SAVE, use-associated
      |(Declaration)    : 
      |(Definition)     : 2046
      |(Reference)      : 2162
     sitws
      |(Class and Type) : variable name, REAL(8)
      |(Attributes)     : ALLOCATABLE, DIMENSION, SAVE, use-associated
      |(Declaration)    : 
      |(Definition)     : 2046  2102  2103
      |(Reference)      : 
     sitwsb
      |(Class and Type) : variable name, REAL(8)
      |(Attributes)     : ALLOCATABLE, DIMENSION, SAVE, use-associated
      |(Declaration)    : 
      |(Definition)     : 2046
      |(Reference)      : 
     sitwt
      |(Class and Type) : variable name, REAL(8)
      |(Attributes)     : ALLOCATABLE, DIMENSION, SAVE, use-associated
      |(Declaration)    : 
      |(Definition)     : 2046  2102  2103
      |(Reference)      : 
     sitwtb
      |(Class and Type) : variable name, REAL(8)
      |(Attributes)     : ALLOCATABLE, DIMENSION, SAVE, use-associated
      |(Declaration)    : 
      |(Definition)     : 2046
      |(Reference)      : 
     sitwtke
      |(Class and Type) : variable name, REAL(8)
      |(Attributes)     : ALLOCATABLE, DIMENSION, SAVE, use-associated
      |(Declaration)    : 
      |(Definition)     : 2046
      |(Reference)      : 
     sitwu
      |(Class and Type) : variable name, REAL(8)
      |(Attributes)     : ALLOCATABLE, DIMENSION, SAVE, use-associated
      |(Declaration)    : 
      |(Definition)     : 2046  2102  2103
      |(Reference)      : 
     sitwub
      |(Class and Type) : variable name, REAL(8)
      |(Attributes)     : ALLOCATABLE, DIMENSION, SAVE, use-associated
      |(Declaration)    : 
      |(Definition)     : 2046
      |(Reference)      : 
     sitwv
      |(Class and Type) : variable name, REAL(8)
      |(Attributes)     : ALLOCATABLE, DIMENSION, SAVE, use-associated
      |(Declaration)    : 
      |(Definition)     : 2046  2102  2103
      |(Reference)      : 
     sitwvb
      |(Class and Type) : variable name, REAL(8)
      |(Attributes)     : ALLOCATABLE, DIMENSION, SAVE, use-associated
      |(Declaration)    : 
      |(Definition)     : 2046
      |(Reference)      : 
     sitww
      |(Class and Type) : variable name, REAL(8)
      |(Attributes)     : ALLOCATABLE, DIMENSION, SAVE, use-associated
      |(Declaration)    : 
      |(Definition)     : 2046
      |(Reference)      : 
     sl
      |(Class and Type) : variable name, REAL(8)
      |(Attributes)     : DIMENSION
      |(Declaration)    : 427
      |(Definition)     : 1452  1475  1647
      |(Reference)      : 
     slag
      |(Class and Type) : variable name, REAL(8)
      |(Attributes)     : SAVE, use-associated
      |(Declaration)    : 
      |(Definition)     : 799  808  1111
      |(Reference)      : 
     slc
      |(Class and Type) : variable name, REAL(8)
      |(Attributes)     : DIMENSION, dummy-argument
      |(Declaration)    : 1  265
      |(Definition)     : 1181
      |(Reference)      : 
     sld
      |(Class and Type) : variable name, REAL(8)
      |(Attributes)     : DIMENSION, dummy-argument
      |(Declaration)    : 1  265
      |(Definition)     : 1010  1077  1111
      |(Reference)      : 
     sld_adj
      |(Class and Type) : variable name, REAL(8)
      |(Attributes)     : DIMENSION
      |(Declaration)    : 303
      |(Definition)     : 530  1111  1181
      |(Reference)      : 
     sld_clr
      |(Class and Type) : variable name, REAL(8)
      |(Attributes)     : DIMENSION, dummy-argument
      |(Declaration)    : 1  321
      |(Definition)     : 1010  1077
      |(Reference)      : 
     slimsk
      |(Class and Type) : variable name, REAL(8)
      |(Attributes)     : DIMENSION
      |(Declaration)    : 427
      |(Definition)     : 927  928  929  1077  1475  1483  1671
      |(Reference)      : 
     slm
      |(Class and Type) : variable name, REAL(8)
      |(Attributes)     : ALLOCATABLE, DIMENSION, SAVE, use-associated
      |(Declaration)    : 
      |(Definition)     : 
      |(Reference)      : 2046
     slopetyp
      |(Class and Type) : variable name, INTEGER(4)
      |(Attributes)     : DIMENSION, dummy-argument
      |(Declaration)    : 1  263
      |(Definition)     : 624  1181
      |(Reference)      : 
     smc
      |(Class and Type) : variable name, REAL(8)
      |(Attributes)     : DIMENSION, dummy-argument
      |(Declaration)    : 1  255
      |(Definition)     : 1146  1164  1181
      |(Reference)      : 
     sncover
      |(Class and Type) : variable name, REAL(8)
      |(Attributes)     : DIMENSION, dummy-argument
      |(Declaration)    : 1  265
      |(Definition)     : 1077  1181
      |(Reference)      : 
     sndepth
      |(Class and Type) : variable name, REAL(8)
      |(Attributes)     : DIMENSION, dummy-argument
      |(Declaration)    : 1  265
      |(Definition)     : 1181
      |(Reference)      : 
     sni
      |(Class and Type) : variable name, REAL(8)
      |(Attributes)     : ALLOCATABLE, DIMENSION, SAVE, use-associated
      |(Declaration)    : 
      |(Definition)     : 2034  2046
      |(Reference)      : 
     snoalb
      |(Class and Type) : variable name, REAL(8)
      |(Attributes)     : DIMENSION, dummy-argument
      |(Declaration)    : 1  265
      |(Definition)     : 624  1077  1181
      |(Reference)      : 
     snow_flx
      |(Class and Type) : variable name, REAL(8)
      |(Attributes)     : DIMENSION
      |(Declaration)    : 484
      |(Definition)     : 512  1539  1551
      |(Reference)      : 
     snow_flxn
      |(Class and Type) : variable name, REAL(8)
      |(Attributes)     : DIMENSION
      |(Declaration)    : 481
      |(Definition)     : 1491
      |(Reference)      : 1539
     snr
      |(Class and Type) : variable name, REAL(8)
      |(Attributes)     : DIMENSION, dummy-argument
      |(Declaration)    : 1  220
      |(Definition)     : 667  674  1077  1146  1164  1181
      |(Reference)      : 1937  1998
     snrfsit
      |(Class and Type) : variable name, REAL(8)
      |(Attributes)     : ALLOCATABLE, DIMENSION, SAVE, use-associated
      |(Declaration)    : 
      |(Definition)     : 1937  1979
      |(Reference)      : 1937  1959
     snrtm
      |(Class and Type) : variable name, REAL(8)
      |(Attributes)     : ALLOCATABLE, DIMENSION
      |(Declaration)    : 498
      |(Definition)     : 1905  1959  1998  2120
      |(Reference)      : 2034
     sofli
      |(Class and Type) : variable name, REAL(8)
      |(Attributes)     : ALLOCATABLE, DIMENSION, SAVE, use-associated
      |(Declaration)    : 
      |(Definition)     : 2009
      |(Reference)      : 2046
     soflw
      |(Class and Type) : variable name, REAL(8)
      |(Attributes)     : ALLOCATABLE, DIMENSION, SAVE, use-associated
      |(Declaration)    : 
      |(Definition)     : 2008
      |(Reference)      : 2046
     solcon
      |(Class and Type) : variable name, REAL(8)
      |(Attributes)     : SAVE, use-associated
      |(Declaration)    : 
      |(Definition)     : 799
      |(Reference)      : 
     solhr
      |(Class and Type) : variable name, REAL(8)
      |(Attributes)     : 
      |(Declaration)    : 200
      |(Definition)     : 799  808  1111
      |(Reference)      : 
     speed
      |(Class and Type) : variable name, REAL(8)
      |(Attributes)     : 
      |(Declaration)    : 463
      |(Definition)     : 2537
      |(Reference)      : 2538
     splinc
      |(Class and Type) : external subroutine name
      |(Attributes)     : 
      |(Declaration)    : 
      |(Definition)     : 
      |(Reference)      : 849
     sppt3d
      |(Class and Type) : variable name, REAL(8)
      |(Attributes)     : ALLOCATABLE, DIMENSION, SAVE, use-associated
      |(Declaration)    : 
      |(Definition)     : 
      |(Reference)      : 195  2224
     sqrt
      |(Class and Type) : intrinsic function name, REAL(8)
      |(Attributes)     : PURE, ELEMENTAL
      |(Declaration)    : 
      |(Definition)     : 
      |(Reference)      : 1610  2010  2017  2537
     sr
      |(Class and Type) : variable name, REAL(8)
      |(Attributes)     : DIMENSION
      |(Declaration)    : 363
      |(Definition)     : 730  1845
      |(Reference)      : 
     srflag
      |(Class and Type) : variable name, REAL(8)
      |(Attributes)     : DIMENSION, dummy-argument
      |(Declaration)    : 1  220
      |(Definition)     : 1181
      |(Reference)      : 
     ss
      |(Class and Type) : variable name, REAL(8)
      |(Attributes)     : DIMENSION, dummy-argument
      |(Declaration)    : 1  220
      |(Definition)     : 1010  1077  1111  2479  2713
      |(Reference)      : 
     ss_adj
      |(Class and Type) : variable name, REAL(8)
      |(Attributes)     : DIMENSION
      |(Declaration)    : 303
      |(Definition)     : 531  1111  1146  1164  1181
      |(Reference)      : 1924  1985
     ss_clr
      |(Class and Type) : variable name, REAL(8)
      |(Attributes)     : DIMENSION, dummy-argument
      |(Declaration)    : 1  322
      |(Definition)     : 1010  1077
      |(Reference)      : 
     ssf
      |(Class and Type) : variable name, REAL(8)
      |(Attributes)     : ALLOCATABLE, DIMENSION, SAVE, use-associated
      |(Declaration)    : 
      |(Definition)     : 
      |(Reference)      : 2046
     ssfsit
      |(Class and Type) : variable name, REAL(8)
      |(Attributes)     : ALLOCATABLE, DIMENSION, SAVE, use-associated
      |(Declaration)    : 
      |(Definition)     : 1924  1966
      |(Reference)      : 1924  1946
     ssst3d
      |(Class and Type) : variable name, REAL(8)
      |(Attributes)     : ALLOCATABLE, DIMENSION, SAVE, use-associated
      |(Declaration)    : 
      |(Definition)     : 
      |(Reference)      : 195  2186
     sstc
      |(Class and Type) : variable name, REAL(8)
      |(Attributes)     : DIMENSION
      |(Declaration)    : 445
      |(Definition)     : 624
      |(Reference)      : 660
     sstm
      |(Class and Type) : variable name, REAL(8)
      |(Attributes)     : ALLOCATABLE, DIMENSION
      |(Declaration)    : 498
      |(Definition)     : 1892  1946  1985  2107
      |(Reference)      : 2006  2007  2008  2009
     ssu
      |(Class and Type) : variable name, REAL(8)
      |(Attributes)     : DIMENSION, dummy-argument
      |(Declaration)    : 1  220
      |(Definition)     : 1181
      |(Reference)      : 
     ssv
      |(Class and Type) : variable name, REAL(8)
      |(Attributes)     : DIMENSION, dummy-argument
      |(Declaration)    : 1  220
      |(Definition)     : 1181
      |(Reference)      : 
     stbo
      |(Class and Type) : variable name, REAL(8)
      |(Attributes)     : dummy-argument
      |(Declaration)    : 1  214
      |(Definition)     : 1010  1146  1164  1181  2713
      |(Reference)      : 
     stc
      |(Class and Type) : variable name, REAL(8)
      |(Attributes)     : DIMENSION, dummy-argument
      |(Declaration)    : 1  255
      |(Definition)     : 1146  1164  1181
      |(Reference)      : 
     std
      |(Class and Type) : variable name, REAL(8)
      |(Attributes)     : DIMENSION, dummy-argument
      |(Declaration)    : 1  220
      |(Definition)     : 1241
      |(Reference)      : 1053
     storesit24
      |(Class and Type) : external subroutine name
      |(Attributes)     : 
      |(Declaration)    : 
      |(Definition)     : 
      |(Reference)      : 2103
     storesittau
      |(Class and Type) : external subroutine name
      |(Attributes)     : 
      |(Declaration)    : 
      |(Definition)     : 
      |(Reference)      : 2102
     subfluxw
      |(Class and Type) : variable name, REAL(8)
      |(Attributes)     : ALLOCATABLE, DIMENSION, SAVE, use-associated
      |(Declaration)    : 
      |(Definition)     : 2046
      |(Reference)      : 
     sumdSITdt
      |(Class and Type) : variable name, REAL(8)
      |(Attributes)     : ALLOCATABLE, DIMENSION, SAVE, use-associated
      |(Declaration)    : 
      |(Definition)     : 2165  2178
      |(Reference)      : 2165  2173  2176
     sup
      |(Class and Type) : variable name, REAL(8)
      |(Attributes)     : 
      |(Declaration)    : 414
      |(Definition)     : 555  1077  1789
      |(Reference)      : 
     t0
      |(Class and Type) : variable name, REAL(8)
      |(Attributes)     : DIMENSION
      |(Declaration)    : 474
      |(Definition)     : 1132  1400  1613
      |(Reference)      : 
     t2
      |(Class and Type) : variable name, REAL(8)
      |(Attributes)     : DIMENSION, dummy-argument
      |(Declaration)    : 1  220
      |(Definition)     : 1146  1164  1181
      |(Reference)      : 1933  1994
     t2fsit
      |(Class and Type) : variable name, REAL(8)
      |(Attributes)     : ALLOCATABLE, DIMENSION, SAVE, use-associated
      |(Declaration)    : 
      |(Definition)     : 1933  1975
      |(Reference)      : 1933  1955
     t2tm
      |(Class and Type) : variable name, REAL(8)
      |(Attributes)     : ALLOCATABLE, DIMENSION
      |(Declaration)    : 498
      |(Definition)     : 1901  1955  1994  2021  2116
      |(Reference)      : 2022  2024  2046
     t_surf
      |(Class and Type) : variable name, REAL(8)
      |(Attributes)     : 
      |(Declaration)    : 491
      |(Definition)     : 2035  2036
      |(Reference)      : 2036  2037
     tau
      |(Class and Type) : variable name, REAL(8)
      |(Attributes)     : dummy-argument
      |(Declaration)    : 1  214
      |(Definition)     : 799
      |(Reference)      : 610  619  1881  1882  1882  1883  2046  2149  2169  2353  2359  2642
     tauctx
      |(Class and Type) : variable name, REAL(8)
      |(Attributes)     : DIMENSION
      |(Declaration)    : 287
      |(Definition)     : 1613
      |(Reference)      : 
     taucty
      |(Class and Type) : variable name, REAL(8)
      |(Attributes)     : DIMENSION
      |(Declaration)    : 287
      |(Definition)     : 1613
      |(Reference)      : 
     tauhr
      |(Class and Type) : variable name, REAL(8)
      |(Attributes)     : 
      |(Declaration)    : 505
      |(Definition)     : 1889
      |(Reference)      : 2046
     tauleft
      |(Class and Type) : variable name, REAL(8)
      |(Attributes)     : 
      |(Declaration)    : 497
      |(Definition)     : 1882  1885
      |(Reference)      : 1889
     tem
      |(Class and Type) : variable name, REAL(8)
      |(Attributes)     : 
      |(Declaration)    : 463
      |(Definition)     : 
      |(Reference)      : 
     tem1
      |(Class and Type) : variable name, REAL(8)
      |(Attributes)     : 
      |(Declaration)    : 437
      |(Definition)     : 918
      |(Reference)      : 926  1610  1610  1842
     tem2
      |(Class and Type) : variable name, REAL(8)
      |(Attributes)     : 
      |(Declaration)    : 437
      |(Definition)     : 921
      |(Reference)      : 926  1610  1610  1842
     teng
      |(Class and Type) : variable name, REAL(8)
      |(Attributes)     : 
      |(Declaration)    : 463
      |(Definition)     : 2437  2440
      |(Reference)      : 2440  2458  2639
     tengi
      |(Class and Type) : variable name, REAL(8)
      |(Attributes)     : dummy-argument
      |(Declaration)    : 1  214
      |(Definition)     : 
      |(Reference)      : 2458  2639
     tg
      |(Class and Type) : variable name, REAL(8)
      |(Attributes)     : DIMENSION, dummy-argument
      |(Declaration)    : 1  220
      |(Definition)     : 660  1010  1077  1111  1146  1164  1181  1717  2559
      |(Reference)      : 671  1941  2002  2039
     tg_save_ssst
      |(Class and Type) : variable name, REAL(8)
      |(Attributes)     : DIMENSION
      |(Declaration)    : 332
      |(Definition)     : 
      |(Reference)      : 
     tgclim
      |(Class and Type) : variable name, REAL(8)
      |(Attributes)     : DIMENSION, dummy-argument
      |(Declaration)    : 1  220
      |(Definition)     : 624  1146  1164  1181
      |(Reference)      : 
     tgfsit
      |(Class and Type) : variable name, REAL(8)
      |(Attributes)     : ALLOCATABLE, DIMENSION, SAVE, use-associated
      |(Declaration)    : 
      |(Definition)     : 1941  1983
      |(Reference)      : 1941  1963
     tgtm
      |(Class and Type) : variable name, REAL(8)
      |(Attributes)     : ALLOCATABLE, DIMENSION
      |(Declaration)    : 498
      |(Definition)     : 1909  1963  2002  2124
      |(Reference)      : 
     tgx
      |(Class and Type) : variable name, REAL(8)
      |(Attributes)     : 
      |(Declaration)    : 463
      |(Definition)     : 2559
      |(Reference)      : 2620
     thda
      |(Class and Type) : variable name, REAL(8)
      |(Attributes)     : 
      |(Declaration)    : 463
      |(Definition)     : 2402  2433  2441
      |(Reference)      : 2433  2441  2459  2635
     thdadif
      |(Class and Type) : variable name, REAL(8)
      |(Attributes)     : 
      |(Declaration)    : 463
      |(Definition)     : 2459
      |(Reference)      : 2635
     thdai
      |(Class and Type) : variable name, REAL(8)
      |(Attributes)     : dummy-argument
      |(Declaration)    : 1  214
      |(Definition)     : 
      |(Reference)      : 2459  2635
     theta
      |(Class and Type) : variable name, REAL(8)
      |(Attributes)     : DIMENSION
      |(Declaration)    : 287
      |(Definition)     : 1259  1294
      |(Reference)      : 
     thickness
      |(Class and Type) : variable name, REAL(8)
      |(Attributes)     : ALLOCATABLE, DIMENSION, SAVE, use-associated
      |(Declaration)    : 
      |(Definition)     : 2033  2046
      |(Reference)      : 
     tice
      |(Class and Type) : variable name, REAL(8)
      |(Attributes)     : dummy-argument
      |(Declaration)    : 1  214
      |(Definition)     : 1146  1164  1181  1475  1483  1671
      |(Reference)      : 
     time_weights
      |(Class and Type) : module subroutine name
      |(Attributes)     : use-associated
      |(Declaration)    : 
      |(Definition)     : 
      |(Reference)      : 179  1885
     timebl_option
      |(Class and Type) : variable name, INTEGER(4)
      |(Attributes)     : SAVE, namelist-group-object, use-associated
      |(Declaration)    : 
      |(Definition)     : 
      |(Reference)      : 176
     timebl_start
      |(Class and Type) : variable name, REAL(8)
      |(Attributes)     : namelist-group-object, use-associated
      |(Declaration)    : 
      |(Definition)     : 
      |(Reference)      : 176
     tke
      |(Class and Type) : variable name, REAL(8)
      |(Attributes)     : 
      |(Declaration)    : 463
      |(Definition)     : 2403  2434
      |(Reference)      : 2434  2437
     tofd
      |(Class and Type) : variable name, LOGICAL(4)
      |(Attributes)     : dummy-argument
      |(Declaration)    : 1  210
      |(Definition)     : 1294
      |(Reference)      : 
     toplu
      |(Class and Type) : variable name, REAL(8)
      |(Attributes)     : 
      |(Declaration)    : 463
      |(Definition)     : 2478
      |(Reference)      : 2629
     topsd
      |(Class and Type) : variable name, REAL(8)
      |(Attributes)     : 
      |(Declaration)    : 463
      |(Definition)     : 2477
      |(Reference)      : 2629
     totalp
      |(Class and Type) : variable name, REAL(8)
      |(Attributes)     : DIMENSION, dummy-argument
      |(Declaration)    : 1  220
      |(Definition)     : 1146  1164  1181  2339  2359
      |(Reference)      : 2348  2359
     tpe
      |(Class and Type) : variable name, REAL(8)
      |(Attributes)     : 
      |(Declaration)    : 463
      |(Definition)     : 2404  2435
      |(Reference)      : 2435  2437
     tpert
      |(Class and Type) : variable name, REAL(8)
      |(Attributes)     : 
      |(Declaration)    : 357
      |(Definition)     : 2230
      |(Reference)      : 2240
     tpi
      |(Class and Type) : variable name, REAL(8)
      |(Attributes)     : 
      |(Declaration)    : 437
      |(Definition)     : 561  1845
      |(Reference)      : 562  563
     tpp
      |(Class and Type) : variable name, REAL(8)
      |(Attributes)     : DIMENSION
      |(Declaration)    : 476
      |(Definition)     : 968  1077  1111
      |(Reference)      : 
     tpr
      |(Class and Type) : variable name, REAL(8)
      |(Attributes)     : 
      |(Declaration)    : 437
      |(Definition)     : 563
      |(Reference)      : 918
     tsat
      |(Class and Type) : variable name, REAL(8)
      |(Attributes)     : DIMENSION, dummy-argument
      |(Declaration)    : 1  255
      |(Definition)     : 1146  1164
      |(Reference)      : 
     tseadiffFCT
      |(Class and Type) : variable name, REAL(8)
      |(Attributes)     : ALLOCATABLE, DIMENSION, use-associated
      |(Declaration)    : 
      |(Definition)     : 2144  2153  2160  2172
      |(Reference)      : 179  2188
     tseadiffFCT24
      |(Class and Type) : variable name, REAL(8)
      |(Attributes)     : ALLOCATABLE, DIMENSION, use-associated
      |(Declaration)    : 
      |(Definition)     : 2188
      |(Reference)      : 179  2188
     tseadiffSIT
      |(Class and Type) : variable name, REAL(8)
      |(Attributes)     : ALLOCATABLE, DIMENSION, SAVE, use-associated
      |(Declaration)    : 
      |(Definition)     : 2164  2173
      |(Reference)      : 2174
     tseadiffSIT24
      |(Class and Type) : variable name, REAL(8)
      |(Attributes)     : ALLOCATABLE, DIMENSION, SAVE, use-associated
      |(Declaration)    : 
      |(Definition)     : 2174
      |(Reference)      : 2174
     tseanow
      |(Class and Type) : variable name, REAL(8)
      |(Attributes)     : ALLOCATABLE, DIMENSION, use-associated
      |(Declaration)    : 
      |(Definition)     : 2145
      |(Reference)      : 179
     tseaold
      |(Class and Type) : variable name, REAL(8)
      |(Attributes)     : ALLOCATABLE, DIMENSION, use-associated
      |(Declaration)    : 
      |(Definition)     : 
      |(Reference)      : 179  2145
     tsflw
      |(Class and Type) : variable name, REAL(8)
      |(Attributes)     : DIMENSION, dummy-argument
      |(Declaration)    : 1  303
      |(Definition)     : 1077  1111
      |(Reference)      : 
     tsi
      |(Class and Type) : variable name, REAL(8)
      |(Attributes)     : ALLOCATABLE, DIMENSION, SAVE, use-associated
      |(Declaration)    : 
      |(Definition)     : 2037
      |(Reference)      : 
     tsl
      |(Class and Type) : variable name, REAL(8)
      |(Attributes)     : ALLOCATABLE, DIMENSION, SAVE, use-associated
      |(Declaration)    : 
      |(Definition)     : 2046
      |(Reference)      : 
     tslm
      |(Class and Type) : variable name, REAL(8)
      |(Attributes)     : ALLOCATABLE, DIMENSION, SAVE, use-associated
      |(Declaration)    : 
      |(Definition)     : 2046
      |(Reference)      : 
     tslm1
      |(Class and Type) : variable name, REAL(8)
      |(Attributes)     : ALLOCATABLE, DIMENSION, SAVE, use-associated
      |(Declaration)    : 
      |(Definition)     : 2046
      |(Reference)      : 
     tsnic
      |(Class and Type) : variable name, REAL(8)
      |(Attributes)     : ALLOCATABLE, DIMENSION, SAVE, use-associated
      |(Declaration)    : 
      |(Definition)     : 2046
      |(Reference)      : 
     tstar
      |(Class and Type) : variable name, REAL(8)
      |(Attributes)     : DIMENSION, dummy-argument
      |(Declaration)    : 1  220
      |(Definition)     : 1146  1164  1181
      |(Reference)      : 1662
     tsw
      |(Class and Type) : variable name, REAL(8)
      |(Attributes)     : ALLOCATABLE, DIMENSION, SAVE, use-associated
      |(Declaration)    : 
      |(Definition)     : 2039  2046
      |(Reference)      : 
     tt
      |(Class and Type) : variable name, REAL(8)
      |(Attributes)     : DIMENSION, dummy-argument
      |(Declaration)    : 1  243
      |(Definition)     : 967  1002  1010  1146  1164  1181  1214  1234  1241  1308  1322  1329  1336  1348  1365  1400  1523  1527  1567  1624  1700  1704  1717  1727  1829  1831  1845  1867  2240  2273  2713
      |(Reference)      : 945  950  950  967  981  1132  1234  1280  1322  1329  1342  1460  1468  1470  1519  1527  1598  1624  1655  1696  1704  1784  1827  1831  2230  2273  2418  2422  2736
     tt_bfcnv
      |(Class and Type) : variable name, REAL(8)
      |(Attributes)     : DIMENSION
      |(Declaration)    : 282
      |(Definition)     : 1342
      |(Reference)      : 1598
     tt_save_sppt
      |(Class and Type) : variable name, REAL(8)
      |(Attributes)     : DIMENSION
      |(Declaration)    : 329
      |(Definition)     : 981
      |(Reference)      : 2230  2240
     ttc
      |(Class and Type) : variable name, REAL(8)
      |(Attributes)     : DIMENSION
      |(Declaration)    : 408
      |(Definition)     : 1280  1294  1460  1475  1483  1491  1655  1671  1680  1784  1789  1795  1799  1805
      |(Reference)      : 1308  1519  1523  1696  1700  1827  1829
     ttd
      |(Class and Type) : variable name, REAL(8)
      |(Attributes)     : 
      |(Declaration)    : 463
      |(Definition)     : 2736
      |(Reference)      : 2742
     ttp
      |(Class and Type) : variable name, REAL(8)
      |(Attributes)     : DIMENSION, dummy-argument
      |(Declaration)    : 1  243
      |(Definition)     : 
      |(Reference)      : 968  969
     ttpp
      |(Class and Type) : variable name, REAL(8)
      |(Attributes)     : DIMENSION
      |(Declaration)    : 476
      |(Definition)     : 969  1146  1164  1181  1365
      |(Reference)      : 
     u0
      |(Class and Type) : variable name, REAL(8)
      |(Attributes)     : DIMENSION
      |(Declaration)    : 474
      |(Definition)     : 1130  1400  1613
      |(Reference)      : 
     u10
      |(Class and Type) : variable name, REAL(8)
      |(Attributes)     : DIMENSION, dummy-argument
      |(Declaration)    : 1  220
      |(Definition)     : 1146  1164  1181
      |(Reference)      : 1928  1989
     u10fsit
      |(Class and Type) : variable name, REAL(8)
      |(Attributes)     : ALLOCATABLE, DIMENSION, SAVE, use-associated
      |(Declaration)    : 
      |(Definition)     : 1928  1970
      |(Reference)      : 1928  1950
     u10tm
      |(Class and Type) : variable name, REAL(8)
      |(Attributes)     : ALLOCATABLE, DIMENSION
      |(Declaration)    : 498
      |(Definition)     : 1896  1950  1989  2111
      |(Reference)      : 2010  2026
     ud
      |(Class and Type) : variable name, REAL(8)
      |(Attributes)     : 
      |(Declaration)    : 463
      |(Definition)     : 2734
      |(Reference)      : 2740
     ugws
      |(Class and Type) : variable name, REAL(8)
      |(Attributes)     : DIMENSION, dummy-argument
      |(Declaration)    : 1  220
      |(Definition)     : 1241  1294
      |(Reference)      : 
     uni_cloud
      |(Class and Type) : variable name, LOGICAL(4)
      |(Attributes)     : 
      |(Declaration)    : 362
      |(Definition)     : 533  1077
      |(Reference)      : 
     up
      |(Class and Type) : variable name, REAL(8)
      |(Attributes)     : DIMENSION, dummy-argument
      |(Declaration)    : 1  243
      |(Definition)     : 
      |(Reference)      : 965
     upert
      |(Class and Type) : variable name, REAL(8)
      |(Attributes)     : 
      |(Declaration)    : 357
      |(Definition)     : 2228
      |(Reference)      : 2233
     upnor
      |(Class and Type) : variable name, LOGICAL(4)
      |(Attributes)     : 
      |(Declaration)    : 367
      |(Definition)     : 686  687  688
      |(Reference)      : 688  1566
     upp
      |(Class and Type) : variable name, REAL(8)
      |(Attributes)     : DIMENSION
      |(Declaration)    : 476
      |(Definition)     : 965  1146  1164  1181  1365
      |(Reference)      : 
     uprad
      |(Class and Type) : variable name, LOGICAL(4)
      |(Attributes)     : 
      |(Declaration)    : 377
      |(Definition)     : 611  612  614  799
      |(Reference)      : 614  807  1009  1041  2476  2629  2713
     use_zmtnblck
      |(Class and Type) : variable name, LOGICAL(4)
      |(Attributes)     : use-associated
      |(Declaration)    : 
      |(Definition)     : 
      |(Reference)      : 168  2225
     ustar
      |(Class and Type) : variable name, REAL(8)
      |(Attributes)     : DIMENSION, dummy-argument
      |(Declaration)    : 1  220
      |(Definition)     : 1146  1164  1181
      |(Reference)      : 668  668  1662  1663  1932  1993
     ustarfsit
      |(Class and Type) : variable name, REAL(8)
      |(Attributes)     : ALLOCATABLE, DIMENSION, SAVE, use-associated
      |(Declaration)    : 
      |(Definition)     : 1932  1974
      |(Reference)      : 1932  1954
     ustartm
      |(Class and Type) : variable name, REAL(8)
      |(Attributes)     : ALLOCATABLE, DIMENSION
      |(Declaration)    : 498
      |(Definition)     : 1900  1954  1993  2115
      |(Reference)      : 2017  2017  2017  2024
     ustra
      |(Class and Type) : variable name, REAL(8)
      |(Attributes)     : 
      |(Declaration)    : 495
      |(Definition)     : 2026
      |(Reference)      : 2028
     ustress
      |(Class and Type) : variable name, REAL(8)
      |(Attributes)     : DIMENSION, dummy-argument
      |(Declaration)    : 1  220
      |(Definition)     : 1181
      |(Reference)      : 
     ustrw
      |(Class and Type) : variable name, REAL(8)
      |(Attributes)     : ALLOCATABLE, DIMENSION, SAVE, use-associated
      |(Declaration)    : 
      |(Definition)     : 2028
      |(Reference)      : 2046
     ut
      |(Class and Type) : variable name, REAL(8)
      |(Attributes)     : DIMENSION, dummy-argument
      |(Declaration)    : 1  243
      |(Definition)     : 963  1146  1164  1181  1235  1241  1309  1365  1400  1524  1528  1567  1621  1701  1705  1845  2233  2271
      |(Reference)      : 963  979  1130  1235  1281  1461  1520  1528  1620  1620  1621  1623  1623  1656  1697  1705  2228  2271  2420  2537  2537  2734
     ut_save_sppt
      |(Class and Type) : variable name, REAL(8)
      |(Attributes)     : DIMENSION
      |(Declaration)    : 327
      |(Definition)     : 979
      |(Reference)      : 2228  2233
     utc
      |(Class and Type) : variable name, REAL(8)
      |(Attributes)     : DIMENSION
      |(Declaration)    : 428
      |(Definition)     : 1281  1294  1461  1475  1483  1491  1656  1671  1680
      |(Reference)      : 1309  1520  1524  1697  1701
     utgwc
      |(Class and Type) : variable name, REAL(8)
      |(Attributes)     : DIMENSION
      |(Declaration)    : 284
      |(Definition)     : 703  1613
      |(Reference)      : 1621
     utx
      |(Class and Type) : variable name, REAL(8)
      |(Attributes)     : 
      |(Declaration)    : 463
      |(Definition)     : 2513  2543  2553
      |(Reference)      : 2542  2620
     v0
      |(Class and Type) : variable name, REAL(8)
      |(Attributes)     : DIMENSION
      |(Declaration)    : 474
      |(Definition)     : 1131  1400  1613
      |(Reference)      : 
     v10
      |(Class and Type) : variable name, REAL(8)
      |(Attributes)     : DIMENSION, dummy-argument
      |(Declaration)    : 1  220
      |(Definition)     : 1146  1164  1181
      |(Reference)      : 1929  1990
     v10fsit
      |(Class and Type) : variable name, REAL(8)
      |(Attributes)     : ALLOCATABLE, DIMENSION, SAVE, use-associated
      |(Declaration)    : 
      |(Definition)     : 1929  1971
      |(Reference)      : 1929  1951
     v10tm
      |(Class and Type) : variable name, REAL(8)
      |(Attributes)     : ALLOCATABLE, DIMENSION
      |(Declaration)    : 498
      |(Definition)     : 1897  1951  1990  2112
      |(Reference)      : 2010  2027
     vd
      |(Class and Type) : variable name, REAL(8)
      |(Attributes)     : 
      |(Declaration)    : 463
      |(Definition)     : 2735
      |(Reference)      : 2741
     vgws
      |(Class and Type) : variable name, REAL(8)
      |(Attributes)     : DIMENSION, dummy-argument
      |(Declaration)    : 1  220
      |(Definition)     : 1241  1294
      |(Reference)      : 
     vp
      |(Class and Type) : variable name, REAL(8)
      |(Attributes)     : DIMENSION, dummy-argument
      |(Declaration)    : 1  243
      |(Definition)     : 
      |(Reference)      : 966
     vpert
      |(Class and Type) : variable name, REAL(8)
      |(Attributes)     : 
      |(Declaration)    : 357
      |(Definition)     : 2229
      |(Reference)      : 2234
     vpp
      |(Class and Type) : variable name, REAL(8)
      |(Attributes)     : DIMENSION
      |(Declaration)    : 476
      |(Definition)     : 966  1146  1164  1181  1365
      |(Reference)      : 
     vru
      |(Class and Type) : variable name, REAL(8)
      |(Attributes)     : 
      |(Declaration)    : 357
      |(Definition)     : 2210  2212  2215  2218  2221
      |(Reference)      : 2225
     vstra
      |(Class and Type) : variable name, REAL(8)
      |(Attributes)     : 
      |(Declaration)    : 495
      |(Definition)     : 2027
      |(Reference)      : 2029
     vstress
      |(Class and Type) : variable name, REAL(8)
      |(Attributes)     : DIMENSION, dummy-argument
      |(Declaration)    : 1  220
      |(Definition)     : 1181
      |(Reference)      : 
     vstrw
      |(Class and Type) : variable name, REAL(8)
      |(Attributes)     : ALLOCATABLE, DIMENSION, SAVE, use-associated
      |(Declaration)    : 
      |(Definition)     : 2029
      |(Reference)      : 2046
     vt
      |(Class and Type) : variable name, REAL(8)
      |(Attributes)     : DIMENSION, dummy-argument
      |(Declaration)    : 1  243
      |(Definition)     : 964  1146  1164  1181  1236  1241  1310  1365  1400  1525  1529  1567  1622  1702  1706  1845  2234  2272
      |(Reference)      : 964  980  1131  1236  1282  1462  1521  1529  1620  1620  1622  1623  1623  1657  1698  1706  2229  2272  2420  2537  2537  2735
     vt_save_sppt
      |(Class and Type) : variable name, REAL(8)
      |(Attributes)     : DIMENSION
      |(Declaration)    : 328
      |(Definition)     : 980
      |(Reference)      : 2229  2234
     vtc
      |(Class and Type) : variable name, REAL(8)
      |(Attributes)     : DIMENSION
      |(Declaration)    : 428
      |(Definition)     : 1282  1294  1462  1475  1483  1491  1657  1671  1680
      |(Reference)      : 1310  1521  1525  1698  1702
     vtgwc
      |(Class and Type) : variable name, REAL(8)
      |(Attributes)     : DIMENSION
      |(Declaration)    : 284
      |(Definition)     : 704  1613
      |(Reference)      : 1622
     vvel
      |(Class and Type) : variable name, REAL(8)
      |(Attributes)     : DIMENSION, dummy-argument
      |(Declaration)    : 1  432
      |(Definition)     : 
      |(Reference)      : 1065  1362  1396  1447  1641
     weightSIT
      |(Class and Type) : variable name, REAL(8)
      |(Attributes)     : common-block-object, use-associated
      |(Declaration)    : 
      |(Definition)     : 
      |(Reference)      : 168  2172  2173  2176  2176
     wgto1
      |(Class and Type) : variable name, REAL(8)
      |(Attributes)     : use-associated
      |(Declaration)    : 
      |(Definition)     : 
      |(Reference)      : 179
     wgto2
      |(Class and Type) : variable name, REAL(8)
      |(Attributes)     : use-associated
      |(Declaration)    : 
      |(Definition)     : 
      |(Reference)      : 179
     wind10w
      |(Class and Type) : variable name, REAL(8)
      |(Attributes)     : ALLOCATABLE, DIMENSION, SAVE, use-associated
      |(Declaration)    : 
      |(Definition)     : 2010
      |(Reference)      : 2046
     wkh
      |(Class and Type) : variable name, REAL(8)
      |(Attributes)     : ALLOCATABLE, DIMENSION, SAVE, use-associated
      |(Declaration)    : 
      |(Definition)     : 2046
      |(Reference)      : 
     wkj
      |(Class and Type) : variable name, REAL(8)
      |(Attributes)     : DIMENSION
      |(Declaration)    : 393
      |(Definition)     : 2407  2417  2418  2420  2422  2427
      |(Reference)      : 2417  2418  2420  2422  2432  2433  2434  2435
     wkm
      |(Class and Type) : variable name, REAL(8)
      |(Attributes)     : ALLOCATABLE, DIMENSION, SAVE, use-associated
      |(Declaration)    : 
      |(Definition)     : 2046
      |(Reference)      : 
     wldisp
      |(Class and Type) : variable name, REAL(8)
      |(Attributes)     : ALLOCATABLE, DIMENSION, SAVE, use-associated
      |(Declaration)    : 
      |(Definition)     : 2046
      |(Reference)      : 
     wlmx
      |(Class and Type) : variable name, REAL(8)
      |(Attributes)     : ALLOCATABLE, DIMENSION, SAVE, use-associated
      |(Declaration)    : 
      |(Definition)     : 2046
      |(Reference)      : 
     wlt
      |(Class and Type) : variable name, REAL(8)
      |(Attributes)     : DIMENSION, dummy-argument
      |(Declaration)    : 1  255
      |(Definition)     : 1146  1164
      |(Reference)      : 
     wlvl
      |(Class and Type) : variable name, REAL(8)
      |(Attributes)     : ALLOCATABLE, DIMENSION, SAVE, use-associated
      |(Declaration)    : 
      |(Definition)     : 2046
      |(Reference)      : 
     work1
      |(Class and Type) : variable name, REAL(8)
      |(Attributes)     : DIMENSION
      |(Declaration)    : 406
      |(Definition)     : 923  924
      |(Reference)      : 924  925  1611
     work2
      |(Class and Type) : variable name, REAL(8)
      |(Attributes)     : DIMENSION
      |(Declaration)    : 406
      |(Definition)     : 925
      |(Reference)      : 1611
     work3
      |(Class and Type) : variable name, REAL(8)
      |(Attributes)     : DIMENSION
      |(Declaration)    : 287
      |(Definition)     : 1592  1599
      |(Reference)      : 1599  1605  1605
     work_pr1
      |(Class and Type) : variable name, REAL(8)
      |(Attributes)     : DIMENSION
      |(Declaration)    : 398
      |(Definition)     : 
      |(Reference)      : 
     work_pr2
      |(Class and Type) : variable name, REAL(8)
      |(Attributes)     : DIMENSION
      |(Declaration)    : 398
      |(Definition)     : 2739  2740  2741  2742  2743  2744  2745  2746  2747  2749  2754
      |(Reference)      : 2755
     wrho1000
      |(Class and Type) : variable name, REAL(8)
      |(Attributes)     : ALLOCATABLE, DIMENSION, SAVE, use-associated
      |(Declaration)    : 
      |(Definition)     : 2046
      |(Reference)      : 
     wsfn
      |(Class and Type) : variable name, REAL(8)
      |(Attributes)     : ALLOCATABLE, DIMENSION, SAVE, use-associated
      |(Declaration)    : 
      |(Definition)     : 2046
      |(Reference)      : 
     wsfn0
      |(Class and Type) : variable name, REAL(8)
      |(Attributes)     : ALLOCATABLE, DIMENSION, SAVE, use-associated
      |(Declaration)    : 
      |(Definition)     : 2046
      |(Reference)      : 
     wsfns
      |(Class and Type) : variable name, REAL(8)
      |(Attributes)     : ALLOCATABLE, DIMENSION, SAVE, use-associated
      |(Declaration)    : 
      |(Definition)     : 2046
      |(Reference)      : 
     wsubsal
      |(Class and Type) : variable name, REAL(8)
      |(Attributes)     : ALLOCATABLE, DIMENSION, SAVE, use-associated
      |(Declaration)    : 
      |(Definition)     : 2046
      |(Reference)      : 
     wtfn
      |(Class and Type) : variable name, REAL(8)
      |(Attributes)     : ALLOCATABLE, DIMENSION, SAVE, use-associated
      |(Declaration)    : 
      |(Definition)     : 2046
      |(Reference)      : 
     wtfn0
      |(Class and Type) : variable name, REAL(8)
      |(Attributes)     : ALLOCATABLE, DIMENSION, SAVE, use-associated
      |(Declaration)    : 
      |(Definition)     : 2046
      |(Reference)      : 
     wtfns
      |(Class and Type) : variable name, REAL(8)
      |(Attributes)     : ALLOCATABLE, DIMENSION, SAVE, use-associated
      |(Declaration)    : 
      |(Definition)     : 2046
      |(Reference)      : 
     xkapa
      |(Class and Type) : variable name, REAL(8)
      |(Attributes)     : 
      |(Declaration)    : 463
      |(Definition)     : 565  1077  1146  1164  1181  1717
      |(Reference)      : 566  567  568  570  1276
     xkapa1
      |(Class and Type) : variable name, REAL(8)
      |(Attributes)     : 
      |(Declaration)    : 463
      |(Definition)     : 566
      |(Reference)      : 
     xkmd
      |(Class and Type) : variable name, REAL(8)
      |(Attributes)     : DIMENSION
      |(Declaration)    : 384
      |(Definition)     : 779  1146  1164  1181  2370
      |(Reference)      : 2744
     xkmk1
      |(Class and Type) : variable name, REAL(8)
      |(Attributes)     : 
      |(Declaration)    : 463
      |(Definition)     : 2505  2526  2551
      |(Reference)      : 2525  2620
     xkmkk
      |(Class and Type) : variable name, REAL(8)
      |(Attributes)     : 
      |(Declaration)    : 463
      |(Definition)     : 2504  2521  2550
      |(Reference)      : 2520  2620
     xkmx
      |(Class and Type) : variable name, REAL(8)
      |(Attributes)     : DIMENSION
      |(Declaration)    : 384
      |(Definition)     : 767  768  1146  1164  1181  2657  2658  2660  2661  2663  2664
      |(Reference)      : 2520  2521  2525  2526  2660  2661  2663  2664  2665  2665
     xkt2
      |(Class and Type) : variable name, REAL(8)
      |(Attributes)     : DIMENSION
      |(Declaration)    : 431
      |(Definition)     : 1437  1475
      |(Reference)      : 
     xktk
      |(Class and Type) : variable name, REAL(8)
      |(Attributes)     : DIMENSION, dummy-argument
      |(Declaration)    : 1  255
      |(Definition)     : 1146  1164
      |(Reference)      : 
     xlat
      |(Class and Type) : variable name, REAL(8)
      |(Attributes)     : DIMENSION, dummy-argument
      |(Declaration)    : 1  220
      |(Definition)     : 1002  1077
      |(Reference)      : 792  793  816  921  921  1734  1755  1916
     xlon
      |(Class and Type) : variable name, REAL(8)
      |(Attributes)     : DIMENSION, dummy-argument
      |(Declaration)    : 1  220
      |(Definition)     : 799
      |(Reference)      : 1917  1918  1920
     xlonr
      |(Class and Type) : variable name, REAL(8)
      |(Attributes)     : DIMENSION
      |(Declaration)    : 303
      |(Definition)     : 799  808  1077  1111
      |(Reference)      : 
     xlr
      |(Class and Type) : variable name, REAL(8)
      |(Attributes)     : DIMENSION
      |(Declaration)    : 384
      |(Definition)     : 739  1010  2713
      |(Reference)      : 
     xmu
      |(Class and Type) : variable name, REAL(8)
      |(Attributes)     : DIMENSION
      |(Declaration)    : 265
      |(Definition)     : 728  1111  1181
      |(Reference)      : 
     xoj
      |(Class and Type) : variable name, REAL(8)
      |(Attributes)     : 
      |(Declaration)    : 463
      |(Definition)     : 2483
      |(Reference)      : 2500  2501
     xsr
      |(Class and Type) : variable name, REAL(8)
      |(Attributes)     : DIMENSION
      |(Declaration)    : 384
      |(Definition)     : 738  1010  2713
      |(Reference)      : 
     xtice
      |(Class and Type) : variable name, REAL(8)
      |(Attributes)     : DIMENSION, dummy-argument
      |(Declaration)    : 1  265
      |(Definition)     : 671  1077  1181
      |(Reference)      : 1939  2000
     xticefsit
      |(Class and Type) : variable name, REAL(8)
      |(Attributes)     : ALLOCATABLE, DIMENSION, SAVE, use-associated
      |(Declaration)    : 
      |(Definition)     : 1939  1981
      |(Reference)      : 1939  1961
     xticetm
      |(Class and Type) : variable name, REAL(8)
      |(Attributes)     : ALLOCATABLE, DIMENSION
      |(Declaration)    : 498
      |(Definition)     : 1907  1961  2000  2046  2122
      |(Reference)      : 
     xx
      |(Class and Type) : variable name, REAL(8)
      |(Attributes)     : 
      |(Declaration)    : 463
      |(Definition)     : 960
      |(Reference)      : 963  964  965  966
     year
      |(Class and Type) : variable name, INTEGER(4)
      |(Attributes)     : dummy-argument
      |(Declaration)    : 1  504
      |(Definition)     : 804
      |(Reference)      : 605
     yr
      |(Class and Type) : variable name, INTEGER(4)
      |(Attributes)     : 
      |(Declaration)    : 504
      |(Definition)     : 1887
      |(Reference)      : 
     yrd
      |(Class and Type) : variable name, INTEGER(4)
      |(Attributes)     : dummy-argument
      |(Declaration)    : 1  504
      |(Definition)     : 606  607
      |(Reference)      : 601  601
     yy
      |(Class and Type) : variable name, REAL(8)
      |(Attributes)     : 
      |(Declaration)    : 463
      |(Definition)     : 2268
      |(Reference)      : 2271  2272
     z0
      |(Class and Type) : variable name, REAL(8)
      |(Attributes)     : DIMENSION, dummy-argument
      |(Declaration)    : 1  220
      |(Definition)     : 624  656  668  675  1077  1146  1164  1181
      |(Reference)      : 622
     z0ocn
      |(Class and Type) : variable name, REAL(8)
      |(Attributes)     : DIMENSION
      |(Declaration)    : 445
      |(Definition)     : 622
      |(Reference)      : 656
     z0w
      |(Class and Type) : variable name, REAL(8)
      |(Attributes)     : 
      |(Declaration)    : 495
      |(Definition)     : 2017  2025  2025
      |(Reference)      : 2025  2025
     zice
      |(Class and Type) : variable name, REAL(8)
      |(Attributes)     : DIMENSION, dummy-argument
      |(Declaration)    : 1  265
      |(Definition)     : 665  672  1181
      |(Reference)      : 1938  1999
     zicefsit
      |(Class and Type) : variable name, REAL(8)
      |(Attributes)     : ALLOCATABLE, DIMENSION, SAVE, use-associated
      |(Declaration)    : 
      |(Definition)     : 1938  1980
      |(Reference)      : 1938  1960
     zicetm
      |(Class and Type) : variable name, REAL(8)
      |(Attributes)     : ALLOCATABLE, DIMENSION
      |(Declaration)    : 498
      |(Definition)     : 1906  1960  1999  2121
      |(Reference)      : 2033
     zmtnblck
      |(Class and Type) : variable name, INTEGER(4)
      |(Attributes)     : DIMENSION
      |(Declaration)    : 356
      |(Definition)     : 1294
      |(Reference)      : 2211  2214  2217  2220
     zqenh
      |(Class and Type) : variable name, REAL(8)
      |(Attributes)     : DIMENSION
      |(Declaration)    : 481
      |(Definition)     : 510  1469  1551
      |(Reference)      : 
     zsi
      |(Class and Type) : variable name, REAL(8)
      |(Attributes)     : ALLOCATABLE, DIMENSION, SAVE, use-associated
      |(Declaration)    : 
      |(Definition)     : 2046
      |(Reference)      : 
     ztenh
      |(Class and Type) : variable name, REAL(8)
      |(Attributes)     : DIMENSION
      |(Declaration)    : 481
      |(Definition)     : 509  1468  1551
      |(Reference)      : 
   Cross reference of label
     (Label) (label-kind)               (line-no.)
     ------- ------------- ------------ ----------
        110  execution     (Definition) 786  
                           (Reference)  783
        140  execution     (Definition) 794  
                           (Reference)  791
        150  execution     (Definition) 855  
                           (Reference)  852
        155  execution     (Definition) 858  
                           (Reference)  856
        160  execution     (Definition) 860  
                           (Reference)  812
        290  execution     (Definition) 2277  
                           (Reference)  913
        310  execution     (Definition) 2394  
                           (Reference)  2389  2392
        315  execution     (Definition) 2425  
                           (Reference)  2411  2414  2415
        316  execution     (Definition) 2436  
                           (Reference)  2430
        330  execution     (Definition) 2470  
                           (Reference)  2465
        340  execution     (Definition) 2492  
                           (Reference)  2485  2487
        345  execution     (Definition) 2502  
                           (Reference)  2499
        360  execution     (Definition) 2548  
                           (Reference)  2517
        370  execution     (Definition) 2547  
                           (Reference)  2535
        380  execution     (Definition) 2539  
                           (Reference)  2536
        400  execution     (Definition) 2697  
                           (Reference)  2688  2690
        420  execution     (Definition) 2748  
                           (Reference)  2733
        425  execution     (Definition) 2751  
                           (Reference)  2729
        600  execution     (Definition) 2662  
                           (Reference)  2659
        601  execution     (Definition) 2668  
                           (Reference)  2654
       6000  format        (Definition) 2667  
                           (Reference)  2665
       6001  format        (Definition) 2646  
                           (Reference)  2644
       8011  format        (Definition) 2761  
                           (Reference)  2619
       8012  format        (Definition) 2764  
                           (Reference)  2620
       8013  format        (Definition) 2772  
                           (Reference)  2624
       8014  format        (Definition) 2774  
                           (Reference)  2625
       8015  format        (Definition) 2776  
                           (Reference)  2626
       8016  format        (Definition) 2777  
                           (Reference)  2627
       8017  format        (Definition) 2779  
                           (Reference)  2628
       8018  format        (Definition) 2780  
                           (Reference)  2629
       8019  format        (Definition) 2781
       8020  format        (Definition) 2784  
                           (Reference)  2708
       8022  format        (Definition) 2785  
                           (Reference)  2709
       8024  format        (Definition) 2786
       8026  format        (Definition) 2790  
                           (Reference)  2755
       8888  format        (Definition) 2633
       8889  format        (Definition) 2637

 Total information
   Procedures       : 1
   Total lines      : 2807
   Total statements : 1525
   Total stack(byte): 416752
   Total prefetch num: 104

