
 Fujitsu Fortran Version 4.6.1  Tue Mar 14 13:21:56 2023

 Compilation information
   Current directory : /IFS/nwpr/gfs/xb157/Git/tco639l72/src_helio
   Source file       : mod_outflds.f90

 Option information
   Command line options : -Kident_mpi -f2004 -c -X9 -Free -CcdRR8 -Cpp -Kfast,parallel,openmp,ocl,autoobjstack -x- -fw -Knofp_relaxed -SSL2BLAMP -Kopenmp,parallel -DTIMING -DUSE_FFTW -DRSM -DW3TAG -Ec -Nlst=a,lst=d,lst=i,lst=p,lst=t,lst=x -Koptmsg=2 -I. -I/users/xa09/pkg/fx1000/fftw-3.3.10/include -I/package/fx1000/netcdf-4.7.4/include -I/nwpr/gfs/xb157/CWBSUMc2/components/coupler -I/nwpr/gfs/xb124/package/fx1000/MCT/include -DTIMCOMCPL -L/package/fx1000/netcdf-4.7.4/lib -lnetcdff -lnetcdf -L/package/fx1000/hdf5-1.10.7/lib -lhdf5_hl -lhdf5 -L/package/fx1000/dms/lib -lrdms -lgdbm -L/package/fx1000/operlib/lib -lnwp -L/users/xa09/pkg/fx1000/fftw-3.3.10/lib -lfftw3f_threads -lfftw3f -lfftw3_threads -lfftw3 -SSL2BLAMP -L/nwpr/gfs/xb157/CWBSUMc2/components/coupler -lcpl -L/nwpr/gfs/xb124/package/fx1000/MCT/lib -lmct -lmpeu -I/opt/FJSVxtclanga/.common/MELI025/include/mpi/fujitsu -I/opt/FJSVxtclanga/.common/MELI025/lib64 -Knointentopt
   Cpp options          : -DTIMING -DUSE_FFTW -DRSM -DW3TAG -I. -I/users/xa09/pkg/fx1000/fftw-3.3.10/include -I/package/fx1000/netcdf-4.7.4/include -I/nwpr/gfs/xb157/CWBSUMc2/components/coupler -I/nwpr/gfs/xb124/package/fx1000/MCT/include -DTIMCOMCPL -I/opt/FJSVxtclanga/.common/MELI025/include/mpi/fujitsu -I/opt/FJSVxtclanga/.common/MELI025/lib64 -Dunix -Dlinux -D__FUJITSU -D__FRT_major__=4 -D__FRT_minor__=6 -D__FRT_patchlevel__=1 -D__FRT_version__="4.6.1" -D__aarch64__ -D__unix -D_OPENMP=201511 -D__frt_version=800 -D__ARM_ARCH=8 -D__ARM_FEATURE_SVE -D__ELF__ -D__unix__ -D__linux__ -D__linux -Asystem(unix) -otmp
   Effective options    : -fw -g0 -AE -Ec -Free -O3 -X9
                          -CcdRR8 -x- -xaccept=nomodule_allocatable
                          -KA64FX -KARMV8_3_A -KSVE -Kalign_commons
                          -Kalign_loops -Knoarray_declaration_opt
                          -Kassume=noshortloop -Kassume=nomemory_bandwidth
                          -Kassume=notime_saving_compilation -Kauto
                          -Kautoobjstack -Knocalleralloc -Kcmodel=small
                          -Keval -Keval_noconcurrent -Knoextract_stride_store
                          -Knofenv_access -Kfp_contract -Knofp_relaxed
                          -Kfsimple -Kfz -Khpctag -Kilfunc=procedure
                          -Knointentopt -Klargepage -Kloop_blocking
                          -Kloop_fission -Kloop_nofission_stripmining
                          -Kloop_fission_threshold=50 -Kloop_fusion
                          -Kloop_interchange -Kloop_part_parallel
                          -Kloop_part_simd -Kloop_perfect_nest
                          -Kloop_noversioning -Knolto -Kmfunc=1 -Kocl
                          -Komitfp -Knooptlib_string -Koptmsg=2
                          -Knopc_relative_literal_loads -Kplt -Knopreex
                          -Kprefetch_noconditional -Kprefetch_noindirect
                          -Kprefetch_sequential=auto -Kprefetch_nostride
                          -Kprefetch_cache_level=all -Kprefetch_noinfer
                          -Kprefetch_strong -Kprefetch_strong_L2 -Knopreload
                          -Ksch_post_ra -Ksch_pre_ra -Ksibling_calls
                          -Ksimd=auto -Ksimd_packed_promotion
                          -Ksimd_reduction_product -Ksimd_reg_size=512
                          -Ksimd_nouncounted_loop
                          -Ksimd_use_multiple_structures -Knostriping
                          -Knosubscript_opt -Kswp -Kswp_freg_rate=100
                          -Kswp_ireg_rate=100 -Kswp_preg_rate=100
                          -Kswp_policy=auto -Ktemparraystack -Kunroll
                          -Knounroll_and_jam -Knozfill
                          -Kopenmp -Kopenmp_noassume_norecurrence
                          -Kopenmp_nocollapse_except_innermost
                          -Kopenmp_noordered_reduction -Knoopenmp_simd
                          -Kthreadsafe -Kparallel -Kparallel_nofp_precision
                          -Knoarray_private -Knodynamic_iteration -Kreduction
                          -Kregion_extension
                          -Nallextput -Nnoalloc_assign
                          -Ncancel_overtime_compilation -Nnocheck_global
                          -Nnocoarray -Nnocompdisp -Nnocopyarg -Nnocoverage
                          -Nfjprof -Nfreealloc -Nf90move -Nnohook_func
                          -Nnohook_time -Nlibomp -Nline -Nlst -Nlst=a -Nlst=d
                          -Nlst=i -Nlst=p -Nlst=t -Nlst=x -Nnomallocfree
                          -Nnoobsfun -Nnoprivatealloc -Nquickdbg=noargchk
                          -Nquickdbg=nosubchk -Nquickdbg=noundef -NRnotrap
                          -Nnorecursive -Nnoreordered_variable_stack
                          -Nrt_notune -Nnosave -Nsetvalue=noheap
                          -Nsetvalue=nostack -Nsetvalue=noscalar
                          -Nsetvalue=noarray -Nsetvalue=nostruct -Nuse_rodata

 Module "mod_outflds"
  (inc)(line-no.)(nest)(optimize)
               1                     module mod_outflds
               2                      implicit none
               3                     
               4                     
               5                     contains
               6                       subroutine divgout(nx,my,my_max,lpout,lev,itau,ifilout,idtg, &
               7                             plev,num,whtlev,pkout,pk,pklp,rdiv,rdivb,div,ggdef,lwrite)
               8                     !
               9                           use index
              10                           use rank, only : myrank
              11                           use const, only : RTYPE,kflag
              12                     
              13                           implicit  none
              14                     
              15                           integer   nx,my,my_max,lpout,lev,itau,ncnt
              16                     
              17                           real      pkout(lpout),pklp(nxp,my_max),pk(nxp,lev,my_max),       &
              18                                     work3d(nxp,lev,my_max),rdivb(nxp,my_max),               &
              19                                     plev(lpout),whtlev(num)
              20                           real(kind=RTYPE) rdiv(nxp,lev,my_max),div(nxp,my_max,lpout)
              21                           real      tens(lev+1)
              22                           real(kind=RTYPE) wk1(nx,my),pout(nx,my)
              23                     
              24                     !
              25                           integer*8 idtg
              26                           character*80 ifilout
              27                           character*26 ihdg,ihdg2
              28                           character*6 lrec(lpout)
              29                           character*4 ggdef
              30                     !
              31                           integer    k,lpl,lenc,n,num,istat
              32                     
              33                           logical :: lwrite
              34                     
              35                     
                                   <<< Loop-information Start >>>
                                   <<<  [PARALLELIZATION]
                                   <<<    Standard iteration count: 2000
                                   <<<  [OPTIMIZATION]
                                   <<<    SIMD(VL: 8)
                                   <<<    PREFETCH(HARD) Expected by compiler :
                                   <<<      tens
                                   <<< Loop-information  End >>>
              36     1  pp   4v            do k = 1, lev+1
              37     1   p   4v             tens(k) = 1.0
              38     1   p   4v            end do
              39                           tens(lev)= 0.0
              40                           tens(lev+1)= 0.0
              41                     !
                                   <<< Loop-information Start >>>
                                   <<<  [PARALLELIZATION]
                                   <<<    Standard iteration count: 762
                                   <<<  [OPTIMIZATION]
                                   <<<    SIMD(VL: 8)
                                   <<<    SOFTWARE PIPELINING(IPC: 3.25, ITR: 160, MVE: 3, POL: S)
                                   <<<    PREFETCH(HARD) Expected by compiler :
                                   <<<      plev, (unknown)
                                   <<<    SPILLS :
                                   <<<      GENERAL   : SPILL 0  FILL 4
                                   <<<      SIMD&FP   : SPILL 0  FILL 0
                                   <<<      SCALABLE  : SPILL 0  FILL 0
                                   <<<      PREDICATE : SPILL 0  FILL 0
                                   <<< Loop-information  End >>>
              42     1   m   2v            do k = 1, lpout-1
              43     1   p   2v             lpl = int(plev(k)+0.001)
              44     1   s   2m             write( lrec(k), '(i3.3,a3)' ) lpl,'230'
              45     1   p   2v            end do
              46                           lrec(lpout) = 'h00230'
                                   <<< Loop-information Start >>>
                                   <<<  [PARALLELIZATION]
                                   <<<    Standard iteration count: 2
                                   <<<  [OPTIMIZATION]
                                   <<<    SIMD(VL: 8)
                                   <<<    SOFTWARE PIPELINING(IPC: 2.00, ITR: 160, MVE: 3, POL: S)
                                   <<<    PREFETCH(HARD) Expected by compiler :
                                   <<<      rdiv, work3d
                                   <<< Loop-information  End >>>
              47        pp   4v            work3d=rdiv
              48                     !
              49                           call voterp(nx,my,my_max,lev,lpout,pk,pklp,work3d,rdivb,pkout,div,tens)
              50                     !
              51                           lenc= nx*my
              52                           ncnt= -1
              53                     !
              54     1                     do 20 n=1,num
                                   <<< Loop-information Start >>>
                                   <<<  [OPTIMIZATION]
                                   <<<    PREFETCH(HARD) Expected by compiler :
                                   <<<      plev
                                   <<< Loop-information  End >>>
              55     2                     do 10 k=1,lpout
              56     3                     if(plev(k).eq.whtlev(n)) then
              57     3                     ncnt=ncnt+1
              58     3                     call unify_reduceintp(nx,my,my_max,div(1,1,k),wk1)
              59     3                     call syslbl(lrec(k),idtg,itau,ggdef,ihdg)
              60     3               !      if(lwrite) call dmswrit(nx,my,ihdg,lenc,kflag,ifilout,wk1,istat)
              61     3                     call qmaxn3(wk1,ihdg(1:14),ihdg(15:26),1,1,1,nx,my,1)
              62     4                     if ( myrank .eq. ncnt ) then
                                   <<< Loop-information Start >>>
                                   <<<  [PARALLELIZATION]
                                   <<<    Standard iteration count: 7
                                   <<<  [OPTIMIZATION]
                                   <<<    SIMD(VL: 8)
                                   <<<    SOFTWARE PIPELINING(IPC: 2.00, ITR: 160, MVE: 3, POL: S)
                                   <<<    PREFETCH(HARD) Expected by compiler :
                                   <<<      wk1, pout
                                   <<< Loop-information  End >>>
              63     4  pp   4v              pout=wk1
              64     4                       ihdg2=ihdg
              65     4                     endif
              66     3                     go to 20
              67     3                     endif
              68     2                  10 continue
              69     1                  20 continue
              70                           if(lwrite .and. myrank .le. ncnt) call dmswrit_split(nx,my,ihdg2,lenc,kflag,ifilout,pout,istat)
              71                     !
              72                           return
              73                       end subroutine divgout
              74                     
              75                       subroutine dragout(nx,my,my_max,lpout,lev,itau,ifilout,idtg, &
              76                             plev,num,whtlev,pkout,pk,pklp,rdrag,rdragb,drag,ggdef,lwrite)
              77                     !
              78                           use index
              79                           use rank, only : myrank
              80                           use mpe
              81                           use const, only : RTYPE,kflag
              82                     
              83                           implicit  none
              84                     
              85                           integer   nx,my,my_max,lpout,lev,itau,num,ncnt
              86                     
              87                           real      pkout(lpout),pklp(nxp,my_max),pk(nxp,lev,my_max),               &
              88                                     rdrag(nxp,lev,my_max),rdragb(nxp,my_max),                       &
              89                                     plev(lpout),whtlev(num)
              90                           real      tens(lev+1)
              91                           real(kind=RTYPE) wk1(nx,my),pout(nx,my),drag(nxp,my_max,lpout)
              92                     !
              93                           integer*8 idtg
              94                           character*80 ifilout
              95                           character*26 ihdg,ihdg2
              96                           character*6 lrec(lpout)
              97                           character*4 ggdef
              98                     !
              99                     !      real      pk_lev_m1(nx,my)
             100                     !
             101                     
             102                     !
             103                           integer   k,lpl,lenc,j,nxj,ij,jj,i,n,istat
             104                     
             105                           logical lwrite
             106                     
                                   <<< Loop-information Start >>>
                                   <<<  [PARALLELIZATION]
                                   <<<    Standard iteration count: 2000
                                   <<<  [OPTIMIZATION]
                                   <<<    SIMD(VL: 8)
                                   <<<    PREFETCH(HARD) Expected by compiler :
                                   <<<      tens
                                   <<< Loop-information  End >>>
             107     1  pp   4v            do k = 1, lev+1
             108     1   p   4v             tens(k) = 1.0
             109     1   p   4v            end do
             110                           tens(lev)= 0.0
             111                           tens(lev+1)= 0.0
             112                     !
                                   <<< Loop-information Start >>>
                                   <<<  [PARALLELIZATION]
                                   <<<    Standard iteration count: 762
                                   <<<  [OPTIMIZATION]
                                   <<<    SIMD(VL: 8)
                                   <<<    SOFTWARE PIPELINING(IPC: 3.25, ITR: 160, MVE: 3, POL: S)
                                   <<<    PREFETCH(HARD) Expected by compiler :
                                   <<<      plev, (unknown)
                                   <<<    SPILLS :
                                   <<<      GENERAL   : SPILL 0  FILL 1
                                   <<<      SIMD&FP   : SPILL 0  FILL 0
                                   <<<      SCALABLE  : SPILL 0  FILL 0
                                   <<<      PREDICATE : SPILL 0  FILL 0
                                   <<< Loop-information  End >>>
             113     1   m   2v            do k = 1, lpout-1
             114     1   p   2v             lpl = int(plev(k)+0.001)
             115     1   s   2m             write( lrec(k), '(i3.3,a3)' ) lpl,'290'
             116     1   p   2v            end do
             117                           lrec(lpout) = 'h00290'
             118                     !
             119                           call voterp(nx,my,my_max,lev,lpout,pk,pklp,rdrag,rdragb,pkout,drag,tens)
             120                     !
             121                           lenc= nx*my
             122                           ncnt= -1
             123                     !
             124                     !!      do jj =1, jlistnum
             125                     !!      j=jlist1(jj)
             126                     !!      nxj=nxdef_2d(j)
             127                     !!      do i=1,nxj
             128                     !!        pk_lev_m1(i,j)=pk(i,lev-1,jj)
             129                     !!      enddo
             130                     !!      enddo
             131                     !
             132                     !!      call mpe_unify(pk_lev_m1,nx,my,2,mpe_double)
             133                     !
             134     1                     do 20 n=1,num
                                   <<< Loop-information Start >>>
                                   <<<  [OPTIMIZATION]
                                   <<<    PREFETCH(HARD) Expected by compiler :
                                   <<<      plev
                                   <<< Loop-information  End >>>
             135     2                     do 10 k=1,lpout
             136     2               !
             137     3                     if(plev(k).eq.whtlev(n)) then
             138     3               !
             139     3                     ncnt=ncnt+1
                                   <<< Loop-information Start >>>
                                   <<<  [PARALLELIZATION]
                                   <<<    Standard iteration count: 2
                                   <<<  [OPTIMIZATION]
                                   <<<    PREFETCH(HARD) Expected by compiler :
                                   <<<      pk, drag
                                   <<< Loop-information  End >>>
             140     4  pp                 do 45 jj=1, jlistnum
             141     4   p                 j=jlist1(jj)
             142     4   p                 nxj=nxdef_2d(j)
                                   <<< Loop-information Start >>>
                                   <<<  [OPTIMIZATION]
                                   <<<    SIMD(VL: 8)
                                   <<<    SOFTWARE PIPELINING(IPC: 2.75, ITR: 128, MVE: 4, POL: S)
                                   <<<    PREFETCH(HARD) Expected by compiler :
                                   <<<      pk, drag
                                   <<< Loop-information  End >>>
             143     5   p   2v            do 45 i=1,nxj
             144     5               !      ij=(j-1)*nx+i
             145     5   p   2v            if(pkout(k).gt.pk(i,lev-1,jj)) drag(i,jj,k)= 0.
             146     4   p   2v         45 continue
             147     3               !
             148     3                     call unify_reduceintp(nx,my,my_max,drag(1,1,k),wk1)
             149     3                     call syslbl(lrec(k),idtg,itau,ggdef,ihdg)
             150     3               !      if(lwrite) call dmswrit(nx,my,ihdg,lenc,kflag,ifilout,wk1,istat)
             151     3                     call qmaxn3(wk1,ihdg(1:14),ihdg(15:26),1,1,1,nx,my,1)
             152     4                     if ( myrank .eq. ncnt ) then
                                   <<< Loop-information Start >>>
                                   <<<  [PARALLELIZATION]
                                   <<<    Standard iteration count: 7
                                   <<<  [OPTIMIZATION]
                                   <<<    SIMD(VL: 8)
                                   <<<    SOFTWARE PIPELINING(IPC: 2.00, ITR: 160, MVE: 3, POL: S)
                                   <<<    PREFETCH(HARD) Expected by compiler :
                                   <<<      wk1, pout
                                   <<< Loop-information  End >>>
             153     4  pp   4v              pout=wk1
             154     4                       ihdg2=ihdg
             155     4                     endif
             156     3                     go to 20
             157     3                     endif
             158     2                  10 continue
             159     1                  20 continue
             160                           if(lwrite .and. myrank .le. ncnt) call dmswrit_split(nx,my,ihdg2,lenc,kflag,ifilout,pout,istat)
             161                     !
             162                           return
             163                       end subroutine dragout
             164                     
             165                       subroutine geopout(nx,my,my_max,lpout,lev,itau,ifilout,idtg,plev, &
             166                             num,whtlev,pkout,pk,pklp,phi,phib,phips,glob,ggdef,phistd,      &
             167                             h850,h500,lwrite)
             168                     
             169                           use index
             170                           use rank
             171                           use const, only : RTYPE,kflag
             172                     
             173                           implicit  none
             174                     
             175                           integer   nx,my,my_max,lpout,lev,itau,num,ncnt
             176                     !
             177                           real      pkout(lpout),pklp(nxp,my_max),pk(nxp,lev,my_max),            &
             178                                     phi(nxp,lev,my_max),phib(nxp,my_max),plev(lpout),whtlev(num)
             179                     
             180                           real      tens(lev+1),phistd(lpout)
             181                           real(kind=RTYPE) pout(nx,my),glob(nx,my),slp(nx,my),phips(nxp,my_max,lpout)
             182                           real(kind=RTYPE) h850(nxp,my_max),h500(nxp,my_max),tmp(nxp,my_max)
             183                     !
             184                     
             185                           integer*8    idtg
             186                     
             187                           character*80 ifilout
             188                           character*26 ihdg,ihdg2
             189                           character*6  lrec(lpout)
             190                           character*4  ggdef
             191                     !
             192                           integer      i,k,n,lenc,istat,lpl,jj,j,nxj
             193                     
             194                           logical lwrite
             195                     
                                   <<< Loop-information Start >>>
                                   <<<  [PARALLELIZATION]
                                   <<<    Standard iteration count: 2000
                                   <<<  [OPTIMIZATION]
                                   <<<    SIMD(VL: 8)
                                   <<<    PREFETCH(HARD) Expected by compiler :
                                   <<<      tens
                                   <<< Loop-information  End >>>
             196     1  pp   4v            do k = 1, lev+1
             197     1   p   4v             tens(k) = 1.0
             198     1   p   4v            end do
             199                           tens(lev)= 0.0
             200                           tens(lev+1)= 0.0
             201                     !
                                   <<< Loop-information Start >>>
                                   <<<  [PARALLELIZATION]
                                   <<<    Standard iteration count: 762
                                   <<<  [OPTIMIZATION]
                                   <<<    SIMD(VL: 8)
                                   <<<    SOFTWARE PIPELINING(IPC: 3.25, ITR: 160, MVE: 3, POL: S)
                                   <<<    PREFETCH(HARD) Expected by compiler :
                                   <<<      plev, (unknown)
                                   <<<    SPILLS :
                                   <<<      GENERAL   : SPILL 0  FILL 3
                                   <<<      SIMD&FP   : SPILL 0  FILL 0
                                   <<<      SCALABLE  : SPILL 0  FILL 0
                                   <<<      PREDICATE : SPILL 0  FILL 0
                                   <<< Loop-information  End >>>
             202     1   m   2v            do k = 1, lpout-1
             203     1   p   2v             lpl = int(plev(k)+0.001)
             204     1   s   2m             write( lrec(k), '(i3.3,a3)' ) lpl,'000'
             205     1   p   2v            end do
             206                           lrec(lpout) = 'h00000'
             207                     !
             208                           call voterp(nx,my,my_max,lev,lpout,pk,pklp,phi,phib,pkout,phips,tens)
             209                     !
             210                           lenc= nx*my
             211                           ncnt= -1
             212                     !
             213     1                     do k=1,lpout
             214     2                       if(plev(k).eq.850.)then
                                   <<< Loop-information Start >>>
                                   <<<  [PARALLELIZATION]
                                   <<<    Standard iteration count: 3
                                   <<<  [OPTIMIZATION]
                                   <<<    PREFETCH(HARD) Expected by compiler :
                                   <<<      phips, h850
                                   <<< Loop-information  End >>>
             215     3  pp                   do jj=1, jlistnum
             216     3   p                     j=jlist1(jj)
             217     3   p                     nxj=nxdef_2d(j)
                                   <<< Loop-information Start >>>
                                   <<<  [OPTIMIZATION]
                                   <<<    SIMD(VL: 8)
                                   <<<    SOFTWARE PIPELINING(IPC: 3.00, ITR: 144, MVE: 5, POL: S)
                                   <<<    PREFETCH(HARD) Expected by compiler :
                                   <<<      phips, h850
                                   <<< Loop-information  End >>>
             218     4   p   2v                do i=1,nxj
             219     4   p   2v                  h850(i,jj)= phips(i,jj,k)
             220     4   p   2v                enddo
             221     3   p                   enddo
             222     2               !byl          call unify_reduceintp(nx,my,my_max,phips(1,1,k),h850)
             223     2               !!          do i=1,lenc
             224     2               !!            h850(i,1)=phips(i,k)
             225     2               !!          enddo
             226     2               !
             227     2               !          if(itau.le.72 .and. lreduce.eq.1)then
             228     2               !byl            call smth9(nx,my,h850,glob,1)
             229     2               !byl            h850=glob
             230     2               !byl            call smth9(nx,my,h850,glob,2)
             231     2               !byl            h850=glob
             232     2               !          endif
             233     2                       else if(plev(k).eq.500.)then
                                   <<< Loop-information Start >>>
                                   <<<  [PARALLELIZATION]
                                   <<<    Standard iteration count: 3
                                   <<<  [OPTIMIZATION]
                                   <<<    PREFETCH(HARD) Expected by compiler :
                                   <<<      phips, h500
                                   <<< Loop-information  End >>>
             234     3  pp                   do jj=1, jlistnum
             235     3   p                     j=jlist1(jj)
             236     3   p                     nxj=nxdef_2d(j)
                                   <<< Loop-information Start >>>
                                   <<<  [OPTIMIZATION]
                                   <<<    SIMD(VL: 8)
                                   <<<    SOFTWARE PIPELINING(IPC: 3.00, ITR: 144, MVE: 5, POL: S)
                                   <<<    PREFETCH(HARD) Expected by compiler :
                                   <<<      phips, h500
                                   <<< Loop-information  End >>>
             237     4   p   2v                do i=1,nxj
             238     4   p   2v                  h500(i,jj)= phips(i,jj,k)
             239     4   p   2v                enddo
             240     3   p                   enddo
             241     2               !byl          call unify_reduceintp(nx,my,my_max,phips(1,1,k),h500)
             242     2               !!          do i=1,lenc
             243     2               !!            h500(i,1)=phips(i,k)
             244     2               !!          enddo
             245     2               !          if(itau.le.72 .and. lreduce.eq.1)then
             246     2               !byl            call smth9(nx,my,h500,glob,1)
             247     2               !byl            h500=glob
             248     2               !byl            call smth9(nx,my,h500,glob,2)
             249     2               !byl            h500=glob
             250     2               !          endif
             251     2                       endif
             252     1                     enddo
             253                     !
             254     1                     do 20 n=1,num
                                   <<< Loop-information Start >>>
                                   <<<  [OPTIMIZATION]
                                   <<<    PREFETCH(HARD) Expected by compiler :
                                   <<<      plev
                                   <<< Loop-information  End >>>
             255     2                     do 10 k=1,lpout
             256     2               !
             257     3                     if(plev(k).eq.whtlev(n)) then
             258     3               !
             259     3                     ncnt=ncnt+1
                                   <<< Loop-information Start >>>
                                   <<<  [PARALLELIZATION]
                                   <<<    Standard iteration count: 3
                                   <<<  [OPTIMIZATION]
                                   <<<    PREFETCH(HARD) Expected by compiler :
                                   <<<      phips, tmp
                                   <<< Loop-information  End >>>
             260     4  pp                 do 11 jj=1, jlistnum
             261     4   p                 j=jlist1(jj)
             262     4   p                 nxj=nxdef_2d(j)
                                   <<< Loop-information Start >>>
                                   <<<  [OPTIMIZATION]
                                   <<<    SIMD(VL: 8)
                                   <<<    SOFTWARE PIPELINING(IPC: 3.66, ITR: 192, MVE: 5, POL: S)
                                   <<<    PREFETCH(HARD) Expected by compiler :
                                   <<<      phips, tmp
                                   <<< Loop-information  End >>>
             263     5   p   2v            do 11 i=1,nxj
             264     5   p   2v             tmp(i,jj)= phips(i,jj,k)+phistd(k)
             265     4   p   2v         11 continue
             266     3                     call unify_reduceintp(nx,my,my_max,tmp,glob)
             267     3               !
             268     3                     call syslbl(lrec(k),idtg,itau,ggdef,ihdg)
             269     3               !
             270     3               !      if(lreduce.eq.1 .and. itau.le.72)then
             271     3                       call smth9(nx,my,glob,slp,1)
                                   <<< Loop-information Start >>>
                                   <<<  [PARALLELIZATION]
                                   <<<    Standard iteration count: 7
                                   <<<  [OPTIMIZATION]
                                   <<<    SIMD(VL: 8)
                                   <<<    SOFTWARE PIPELINING(IPC: 2.00, ITR: 160, MVE: 3, POL: S)
                                   <<<    PREFETCH(HARD) Expected by compiler :
                                   <<<      slp, glob
                                   <<< Loop-information  End >>>
             272     3  pp   4v              glob=slp
             273     3                       call smth9(nx,my,glob,slp,2)
             274     3               !        glob=slp
             275     3               !      endif
             276     3               !
             277     3               !      if(lwrite) call dmswrit(nx,my,ihdg,lenc,kflag,ifilout,glob,istat)
             278     3                     call qmaxn3(slp,ihdg(1:14),ihdg(15:26),1,1,1,nx,my,1)
             279     4                     if ( myrank .eq. ncnt ) then
                                   <<< Loop-information Start >>>
                                   <<<  [PARALLELIZATION]
                                   <<<    Standard iteration count: 7
                                   <<<  [OPTIMIZATION]
                                   <<<    SIMD(VL: 8)
                                   <<<    SOFTWARE PIPELINING(IPC: 2.00, ITR: 160, MVE: 3, POL: S)
                                   <<<    PREFETCH(HARD) Expected by compiler :
                                   <<<      slp, pout
                                   <<< Loop-information  End >>>
             280     4  pp   4v              pout=slp
             281     4                       ihdg2=ihdg
             282     4                     endif
             283     3               !
             284     3                     go to 20
             285     3                     endif
             286     2                  10 continue
             287     1                  20 continue
             288                           if(lwrite .and. myrank .le. ncnt) call dmswrit_split(nx,my,ihdg2,lenc,kflag,ifilout,pout,istat)
             289                     !
             290                           return
             291                       end subroutine geopout
             292                     
             293                       subroutine shumout(nx,my,my_max,lpout,lev,itau,ifilout,idtg   &
             294                           , plev,num,whtlev,pkout,pk,pklp,dpd,dpdb,dew,glob,ggdef,lwrite)
             295                     !
             296                           use index
             297                           use rank, only : myrank
             298                           use const, only : RTYPE,kflag
             299                     
             300                           implicit  none
             301                           integer   nx,my,my_max,lpout,lev,itau,num,ncnt
             302                     
             303                           real      pkout(lpout),pklp(nxp,my_max)                            &
             304                           , pk(nxp,lev,my_max),dpd(nxp,lev,my_max),dpdb(nxp,my_max)          &
             305                           , plev(lpout),whtlev(num),tens(lev+1)
             306                           real(kind=RTYPE) pout(nx,my),glob(nx,my),tmp(nxp,my_max)           &
             307                           ,                dew(nxp,my_max,lpout),ffx(nx,my_max)
             308                     
             309                     
             310                           integer   i,k,lpl,n,lenc,istat,jj,j,nxj
             311                     !
             312                           integer*8 idtg
             313                           character*80 ifilout
             314                           character*26 ihdg,ihdg2
             315                           character*6 lrec(lpout)
             316                           character*4 ggdef
             317                     !
             318                           logical :: lwrite
             319                     
                                   <<< Loop-information Start >>>
                                   <<<  [PARALLELIZATION]
                                   <<<    Standard iteration count: 2000
                                   <<<  [OPTIMIZATION]
                                   <<<    SIMD(VL: 8)
                                   <<<    PREFETCH(HARD) Expected by compiler :
                                   <<<      tens
                                   <<< Loop-information  End >>>
             320     1  pp   4v            do k = 1, lev+1
             321     1   p   4v             tens(k) = 1.0
             322     1   p   4v            end do
             323                           tens(lev)= 0.0
             324                           tens(lev+1)= 0.0
             325                     !
                                   <<< Loop-information Start >>>
                                   <<<  [PARALLELIZATION]
                                   <<<    Standard iteration count: 762
                                   <<<  [OPTIMIZATION]
                                   <<<    SIMD(VL: 8)
                                   <<<    SOFTWARE PIPELINING(IPC: 3.25, ITR: 160, MVE: 3, POL: S)
                                   <<<    PREFETCH(HARD) Expected by compiler :
                                   <<<      plev, (unknown)
                                   <<<    SPILLS :
                                   <<<      GENERAL   : SPILL 0  FILL 2
                                   <<<      SIMD&FP   : SPILL 0  FILL 0
                                   <<<      SCALABLE  : SPILL 0  FILL 0
                                   <<<      PREDICATE : SPILL 0  FILL 0
                                   <<< Loop-information  End >>>
             326     1   m   2v            do k = 1, lpout-1
             327     1   p   2v             lpl = int(plev(k)+0.001)
             328     1   s   2m             write( lrec(k), '(i3.3,a3)' ) lpl,'510'
             329     1   p   2v            end do
             330                           lrec(lpout) = 'h00510'
             331                     !
             332                           call voterp(nx,my,my_max,lev,lpout,pk,pklp,dpd,dpdb,pkout,dew,tens)
             333                     !
             334                           lenc= nx*my
             335                           ncnt= -1
             336                     !
             337     1                     do 30 n=1,num
                                   <<< Loop-information Start >>>
                                   <<<  [OPTIMIZATION]
                                   <<<    PREFETCH(HARD) Expected by compiler :
                                   <<<      plev
                                   <<< Loop-information  End >>>
             338     2                     do 10 k=1,lpout
             339     2               !
             340     3                     if(plev(k).eq.whtlev(n)) then
             341     3               !
             342     3               ! relative humidity must be smaller or equal 1.0
             343     3               !
             344     3                     ncnt=ncnt+1
             345     3               !!      do 20 jj=1, jlistnum
             346     3               !!      j=jlist1(jj)
             347     3               !!      nxj=nxdef_2d(j)
             348     3               !!      do 20 i=1,nxj
             349     3               !!       tmp(i,jj)= min(100.,max(dew(i,jj,k)*100.,0.0))
             350     3               !!   20 continue
             351     3                     call mpe2d_unify_nx(ffx,dew(1,1,k))
             352     4                     if( lreduce.eq.1 ) then
                                   <<< Loop-information Start >>>
                                   <<<  [OPTIMIZATION]
                                   <<<    PREFETCH(HARD) Expected by compiler :
                                   <<<      ffx
                                   <<< Loop-information  End >>>
             353     5                       do jj =1, jlistnum
             354     5                         j=jlist1(jj)
             355     5                         call reduceintp(ffx(1,jj),nxdef(j),nx,1)
                                   <<< Loop-information Start >>>
                                   <<<  [PARALLELIZATION]
                                   <<<    Standard iteration count: 534
                                   <<<  [OPTIMIZATION]
                                   <<<    SIMD(VL: 8)
                                   <<<    SOFTWARE PIPELINING(IPC: 3.25, ITR: 304, MVE: 10, POL: S)
                                   <<<    PREFETCH(HARD) Expected by compiler :
                                   <<<      ffx
                                   <<< Loop-information  End >>>
             356     6  pp   2v                do i=1,nx
             357     6   p   2v                   ffx(i,jj)=min(100.,max(ffx(i,jj)*100.,0.0))
             358     6   p   2v                enddo
             359     5                       enddo
             360     4                     endif
             361     3                     call mpe2d_unify_my(glob,ffx)
             362     3               !      call unify_reduceintp(nx,my,my_max,dew(1,1,k),glob)
             363     3               !      do 20 i=1,lenc
             364     3               !      glob(i,1)= min(100.,max(glob(i,1)*100.,0.0))
             365     3               !   20 continue
             366     3               !
             367     3                     call syslbl(lrec(k),idtg,itau,ggdef,ihdg)
             368     3               !
             369     3               !  reduceintp has been done in voterp (2011/5)
             370     3               !
             371     3               !!      if(lwrite) call dmswrit(nx,my,ihdg,lenc,kflag,ifilout,glob,istat)
             372     3                     call qmaxn3(glob,ihdg(1:14),ihdg(15:26),1,1,1,nx,my,1)
             373     4                     if ( myrank .eq. ncnt ) then
                                   <<< Loop-information Start >>>
                                   <<<  [PARALLELIZATION]
                                   <<<    Standard iteration count: 7
                                   <<<  [OPTIMIZATION]
                                   <<<    SIMD(VL: 8)
                                   <<<    SOFTWARE PIPELINING(IPC: 2.00, ITR: 160, MVE: 3, POL: S)
                                   <<<    PREFETCH(HARD) Expected by compiler :
                                   <<<      glob, pout
                                   <<< Loop-information  End >>>
             374     4  pp   4v              pout=glob
             375     4                       ihdg2=ihdg
             376     4                     endif
             377     3                     go to 30
             378     3                     endif
             379     2                  10 continue
             380     1                  30 continue
             381                           if(lwrite .and. myrank .le. ncnt) call dmswrit_split(nx,my,ihdg2,lenc,kflag,ifilout,pout,istat)
             382                     !
             383                           return
             384                       end subroutine shumout
             385                     
             386                       subroutine shumout2(nx,my,my_max,lpout,lev,itau,ifilout,idtg   &
             387                           , plev,num,whtlev,pkout,pk,pklp,dpd,dpdb,dew,glob,ggdef,ntrac,lwrite)
             388                     !
             389                           use index
             390                           use rank, only : myrank
             391                           use radn, only : ntoz
             392                           use param, only : ncld
             393                           use const, only : RTYPE,kflag,qmin
             394                     
             395                           implicit  none
             396                     
             397                           integer   nx,my,my_max,lpout,lev,itau,num,ntrac,ncnt,ntrchk
             398                     
             399                           real      pkout(lpout),pklp(nxp,my_max)                        &
             400                           , pk(nxp,lev,my_max),dpd(nxp,lev,my_max),dpdb(nxp,my_max)      &
             401                           , plev(lpout),whtlev(num),tens(lev+1)
             402                           real(kind=RTYPE) pout(nx,my),glob(nx,my),tmp(nxp,my_max)       &
             403                           , dew(nxp,my_max,lpout),ffx(nx,my_max)
             404                     !
             405                     
             406                           integer   i,k,lpl,n,lenc,istat,jj,j,nxj
             407                     
             408                           integer*8 idtg
             409                           character*80 ifilout
             410                           character*26 ihdg,ihdg2
             411                           character*6 lrec(lpout)
             412                           character*4 ggdef
             413                           character*3 cspec(6)
             414                           logical :: lwrite
             415                     !
                                   <<< Loop-information Start >>>
                                   <<<  [PARALLELIZATION]
                                   <<<    Standard iteration count: 1455
                                   <<<  [OPTIMIZATION]
                                   <<<    FULL UNROLLING
                                   <<< Loop-information  End >>>
             416         s   f             cspec=(/'500','551','553','552','554','555'/)
             417                     !
             418                           ntrchk=ncld
             419                           if ( ntoz .gt. 0 ) ntrchk=ncld-1
             420                     !
                                   <<< Loop-information Start >>>
                                   <<<  [PARALLELIZATION]
                                   <<<    Standard iteration count: 2000
                                   <<<  [OPTIMIZATION]
                                   <<<    SIMD(VL: 8)
                                   <<<    PREFETCH(HARD) Expected by compiler :
                                   <<<      tens
                                   <<< Loop-information  End >>>
             421     1  pp   4v            do k = 1, lev+1
             422     1   p   4v             tens(k) = 1.0
             423     1   p   4v            end do
             424                           tens(lev)= 0.0
             425                           tens(lev+1)= 0.0
             426                     !
             427     1                     if(ntrac.le.ntrchk)then ! all hydrometeors
             428     1               
                                   <<< Loop-information Start >>>
                                   <<<  [PARALLELIZATION]
                                   <<<    Standard iteration count: 762
                                   <<<  [OPTIMIZATION]
                                   <<<    SIMD(VL: 8)
                                   <<<    SOFTWARE PIPELINING(IPC: 3.25, ITR: 160, MVE: 3, POL: S)
                                   <<<    PREFETCH(HARD) Expected by compiler :
                                   <<<      plev, (unknown)
                                   <<<    SPILLS :
                                   <<<      GENERAL   : SPILL 0  FILL 3
                                   <<<      SIMD&FP   : SPILL 0  FILL 0
                                   <<<      SCALABLE  : SPILL 0  FILL 0
                                   <<<      PREDICATE : SPILL 0  FILL 0
                                   <<< Loop-information  End >>>
             429     2   m   2v            do k = 1, lpout-1
             430     2   p   2v             lpl = int(plev(k)+0.001)
             431     2   s   2m             write( lrec(k), '(i3.3,a3)' ) lpl,cspec(ntrac)
             432     2   p   2v            end do
             433     1                     write( lrec(lpout), '(a3,a3)' ) 'h00',cspec(ntrac)
             434     1               !
             435     1                     else if(ntrac.eq.ntoz)then
             436     1               !
                                   <<< Loop-information Start >>>
                                   <<<  [PARALLELIZATION]
                                   <<<    Standard iteration count: 762
                                   <<<  [OPTIMIZATION]
                                   <<<    SIMD(VL: 8)
                                   <<<    SOFTWARE PIPELINING(IPC: 3.25, ITR: 160, MVE: 3, POL: S)
                                   <<<    PREFETCH(HARD) Expected by compiler :
                                   <<<      plev, (unknown)
                                   <<<    SPILLS :
                                   <<<      GENERAL   : SPILL 0  FILL 2
                                   <<<      SIMD&FP   : SPILL 0  FILL 0
                                   <<<      SCALABLE  : SPILL 0  FILL 0
                                   <<<      PREDICATE : SPILL 0  FILL 0
                                   <<< Loop-information  End >>>
             437     2   m   2v              do k = 1, lpout-1
             438     2   p   2v                lpl = int(plev(k)+0.001)
             439     2   s   2m                write( lrec(k), '(i3.3,a3)' ) lpl,'560'   ! ozone
             440     2   p   2v              end do
             441     1                       lrec(lpout) = 'h00560'
             442     1               !
             443     1                     else if(ntrac.eq.ncld+1)then
             444     1               !
                                   <<< Loop-information Start >>>
                                   <<<  [PARALLELIZATION]
                                   <<<    Standard iteration count: 762
                                   <<<  [OPTIMIZATION]
                                   <<<    SIMD(VL: 8)
                                   <<<    SOFTWARE PIPELINING(IPC: 3.25, ITR: 160, MVE: 3, POL: S)
                                   <<<    PREFETCH(HARD) Expected by compiler :
                                   <<<      plev, (unknown)
                                   <<<    SPILLS :
                                   <<<      GENERAL   : SPILL 0  FILL 2
                                   <<<      SIMD&FP   : SPILL 0  FILL 0
                                   <<<      SCALABLE  : SPILL 0  FILL 0
                                   <<<      PREDICATE : SPILL 0  FILL 0
                                   <<< Loop-information  End >>>
             445     2   m   2v              do k = 1, lpout-1
             446     2   p   2v                lpl = int(plev(k)+0.001)
             447     2   s   2m                write( lrec(k), '(i3.3,a3)' ) lpl,'550'   ! combine cloud water and cloud ice together
             448     2   p   2v              end do
             449     1                       lrec(lpout) = 'h00550'
             450     1                     else
             451     1                       goto 40
             452     1                     endif
             453                     !
             454                           call voterp(nx,my,my_max,lev,lpout,pk,pklp,dpd,dpdb,pkout,dew,tens)
             455                     !
             456                           lenc= nx*my
             457                           ncnt= -1
             458                     !
             459     1                     do 30 n=1,num
                                   <<< Loop-information Start >>>
                                   <<<  [OPTIMIZATION]
                                   <<<    PREFETCH(HARD) Expected by compiler :
                                   <<<      plev
                                   <<< Loop-information  End >>>
             460     2                     do 10 k=1,lpout
             461     2               !
             462     3                     if(plev(k).eq.whtlev(n)) then
             463     3               !
             464     3               !
             465     3               ! relative humidity must be smaller or equal 1.0
             466     3               !
             467     3                     ncnt=ncnt+1
             468     3               !      do 20 jj=1, jlistnum
             469     3               !      j=jlist1(jj)
             470     3               !      nxj=nxdef_2d(j)
             471     3               !      do 20 i=1,nxj
             472     3               !       tmp(i,jj)= max(dew(i,jj,k),0.0)
             473     3               !   20 continue
             474     3                     call mpe2d_unify_nx(ffx,dew(1,1,k))
             475     4                     if( lreduce.eq.1 ) then
                                   <<< Loop-information Start >>>
                                   <<<  [OPTIMIZATION]
                                   <<<    PREFETCH(HARD) Expected by compiler :
                                   <<<      ffx
                                   <<< Loop-information  End >>>
             476     5                       do jj =1, jlistnum
             477     5                         j=jlist1(jj)
             478     5                         call reduceintp(ffx(1,jj),nxdef(j),nx,1)
                                   <<< Loop-information Start >>>
                                   <<<  [PARALLELIZATION]
                                   <<<    Standard iteration count: 762
                                   <<<  [OPTIMIZATION]
                                   <<<    SIMD(VL: 8)
                                   <<<    SOFTWARE PIPELINING(IPC: 3.00, ITR: 208, MVE: 7, POL: S)
                                   <<<    PREFETCH(HARD) Expected by compiler :
                                   <<<      ffx
                                   <<< Loop-information  End >>>
             479     6  pp   2v                do i=1,nx
             480     6   p   2v                   ffx(i,jj)=max(ffx(i,jj),qmin)
             481     6   p   2v                enddo
             482     5                       enddo
             483     4                     endif
             484     3                     call mpe2d_unify_my(glob,ffx)
             485     3               !      do 20 i=1,lenc
             486     3               !        glob(i,1)= max(glob(i,1),0.0)
             487     3               !   20 continue
             488     3               !
             489     3                     call syslbl(lrec(k),idtg,itau,ggdef,ihdg)
             490     3               !!      if(lwrite) call dmswrit(nx,my,ihdg,lenc,kflag,ifilout,glob,istat)
             491     3                     call qmaxn3(glob,ihdg(1:14),ihdg(15:26),1,1,1,nx,my,1)
             492     4                     if ( myrank .eq. ncnt ) then
                                   <<< Loop-information Start >>>
                                   <<<  [PARALLELIZATION]
                                   <<<    Standard iteration count: 7
                                   <<<  [OPTIMIZATION]
                                   <<<    SIMD(VL: 8)
                                   <<<    SOFTWARE PIPELINING(IPC: 2.00, ITR: 160, MVE: 3, POL: S)
                                   <<<    PREFETCH(HARD) Expected by compiler :
                                   <<<      glob, pout
                                   <<< Loop-information  End >>>
             493     4  pp   4v              pout=glob
             494     4                       ihdg2=ihdg
             495     4                     endif
             496     3                     go to 30
             497     3                     endif
             498     2                  10 continue
             499     1                  30 continue
             500                           if(lwrite .and. myrank .le. ncnt) call dmswrit_split(nx,my,ihdg2,lenc,kflag,ifilout,pout,istat)
             501                     !
             502                        40 continue
             503                     
             504                           return
             505                       end subroutine shumout2
             506                     
             507                     
             508                       subroutine surfout(nx,my,my_max,ifilout,itau,idtg,taudir,ntau,pdiff  &
             509                            ,pt,ptop,slp,ptend,glob,ggdef,lwrite)
             510                     !
             511                           use index
             512                           use mpe
             513                           use rank
             514                           use const, only: RTYPE,kflag
             515                     !
             516                           implicit  none
             517                           integer   nx,my,my_max,i,j,jj,kk,n,lev,nxj,itau,ntau,num,lenc,istat
             518                     
             519                           real      pdiff(nxp,my_max)
             520                           real(kind=RTYPE) ptend(nxp,my_max),pt(nxp,my_max),glob(nx,my),   &
             521                                            slp(nxp,my_max),tmp(nxp,my_max)
             522                           character*16 taudir(ntau)
             523                           character*4 ggdef
             524                     !
             525                           real      ptop,tnshun
             526                     !
             527                           integer*8 idtg
             528                           character*80 ifilout
             529                           character*26 lrec
             530                           character*6 label(ntau),labx
             531                     
             532                           logical :: lwrite
             533                     !
                                   <<< Loop-information Start >>>
                                   <<<  [PARALLELIZATION]
                                   <<<    Standard iteration count: 3
                                   <<<  [OPTIMIZATION]
                                   <<<    PREFETCH(HARD) Expected by compiler :
                                   <<<      ptend, pt, pdiff, slp
                                   <<< Loop-information  End >>>
             534     1  pp                 do jj = 1, jlistnum
             535     1   p                   j=jlist1(jj)
             536     1   p                   nxj=nxdef_2d(j)
                                   <<< Loop-information Start >>>
                                   <<<  [OPTIMIZATION]
                                   <<<    SIMD(VL: 8)
                                   <<<    SOFTWARE PIPELINING(IPC: 2.85, ITR: 128, MVE: 4, POL: S)
                                   <<<    PREFETCH(HARD) Expected by compiler :
                                   <<<      slp, ptend, pdiff, pt
                                   <<< Loop-information  End >>>
             537     2   p   2v              do i=1,nxj
             538     2               !byl          slp(i,j)= pt(i,jj)+pdiff(i,jj)
             539     2   p   2v                slp(i,jj)= pt(i,jj)+pdiff(i,jj)
             540     2   p   2v                ptend(i,jj)= ptend(i,jj)*3600.0
             541     2   p   2v              enddo
             542     1   p                 enddo
             543                     !
             544                     !byl      call unify_reduceintp(nx,my,my_max,tmp,slp)
             545                     !byl      call mpe_unify(slp,nx,my,2,mpe_double)
             546                     !byl      if( lreduce.eq.1 ) call reduceintp (slp,nxdef,nx,my)
             547                     !byl      call smth9(nx,my,slp,glob,1)
             548                     !byl      slp=glob
             549                     !byl      call smth9(nx,my,slp,glob,2)
             550                     !byl      slp=glob
             551                     !
             552                           num= 0
                                   <<< Loop-information Start >>>
                                   <<<  [OPTIMIZATION]
                                   <<<    SPILLS :
                                   <<<      GENERAL   : SPILL 1  FILL 4
                                   <<<      SIMD&FP   : SPILL 0  FILL 0
                                   <<<      SCALABLE  : SPILL 0  FILL 0
                                   <<<      PREDICATE : SPILL 0  FILL 0
                                   <<< Loop-information  End >>>
             553     1                     do 20 n=1,ntau
             554     1                       read(taudir(n),'(a6,1x,i4)') labx,lev
             555     2                       if(lev.eq.0) then
             556     2                         num= num+1
             557     2                         label(num)= labx
             558     2                       endif
             559     1                  20 continue
             560                           if(num.eq.0) return
             561                     !
             562                           tnshun= 1.0
             563                           lenc= nx*my
             564                     !
             565     1                     do 100 kk=1,num
             566     1               !
             567     1               !  sea surface level pressure
             568     1               !
             569     1               
             570     2                     if(label(kk).eq.'SSL010' .or. label(kk).eq.'ssl010') then
             571     2                       call unify_reduceintp(nx,my,my_max,slp,glob)
             572     2                       call syslbl('ssl010',idtg,itau,ggdef,lrec)
             573     2                       if(lwrite) call dmswrit(nx,my,lrec,lenc,kflag,ifilout,glob,istat)
             574     2                       call qmaxn3(glob,lrec(1:14),lrec(15:26),1,1,1,nx,my,1)
             575     2               !
             576     2               !  terrain pressure
             577     2               !
             578     2                     else if(label(kk).eq.'B00010' .or. label(kk).eq.'b00010') then
                                   <<< Loop-information Start >>>
                                   <<<  [PARALLELIZATION]
                                   <<<    Standard iteration count: 4
                                   <<<  [OPTIMIZATION]
                                   <<<    PREFETCH(HARD) Expected by compiler :
                                   <<<      pt, tmp
                                   <<< Loop-information  End >>>
             579     3  pp                   do jj = 1, jlistnum
             580     3   p                     j=jlist1(jj)
             581     3   p                     nxj=nxdef_2d(j)
                                   <<< Loop-information Start >>>
                                   <<<  [OPTIMIZATION]
                                   <<<    SIMD(VL: 8)
                                   <<<    SOFTWARE PIPELINING(IPC: 3.33, ITR: 192, MVE: 5, POL: S)
                                   <<<    PREFETCH(HARD) Expected by compiler :
                                   <<<      pt, tmp
                                   <<< Loop-information  End >>>
             582     4   p   2v                do i=1,nxj
             583     4               !byl            glob(i,j) = pt(i,jj) + ptop
             584     4   p   2v                  tmp(i,jj) = pt(i,jj) + ptop
             585     4   p   2v                enddo
             586     3   p                   enddo
             587     2                       call unify_reduceintp(nx,my,my_max,tmp,glob)
             588     2               !     if(myrank.eq.0) then
             589     2               !       open(30,file='sfc_pres.bin',status='unknown', &
             590     2               !           form='unformatted',access='direct',recl=262656)
             591     2               !       write(30,rec=1) ((glob(i,j),i=432,647),j=410,561)
             592     2               !       close(30)
             593     2               !     endif
             594     2               !byl        call mpe_unify(glob,nx,my,2,mpe_double)
             595     2                       call syslbl('b00010',idtg,itau,ggdef,lrec)
             596     2               !byl        if( lreduce.eq.1 ) call reduceintp (glob,nxdef,nx,my)
             597     2                       if(lwrite) call dmswrit(nx,my,lrec,lenc,kflag,ifilout,glob,istat)
             598     2                       call qmaxn3(glob,lrec(1:14),lrec(15:26),1,1,1,nx,my,1)
             599     2               !
             600     2               !  terrain pressure tendency
             601     2               !
             602     2               !      else if(label(kk).eq.'B00011' .or. label(kk).eq.'b00011') then
             603     2               !        do i = 1, lenc
             604     2               !          glob(i,1) = ptend(i,1)
             605     2               !        end do
             606     2               !        call syslbl('b00011',idtg,itau,ggdef,lrec)
             607     2               !        if( lreduce.eq.1 ) call reduceintp (glob,nxdef,nx,my)
             608     2               !        if(lwrite) call dmswrit(nx,my,lrec,lenc,kflag,ifilout,glob,istat)
             609     2               !        call qmaxn3(glob,lrec(1:14),lrec(15:26),1,1,1,nx,my,1)
             610     2               !
             611     2                     endif
             612     1               !
             613     1                 100 continue
             614                           return
             615                       end subroutine surfout
             616                     
             617                       subroutine tempout(nx,my,my_max,lpout,lev,itau,ifilout,idtg  &
             618                           , plev,num,whtlev,pkout,pk,pklp,tt,ttbot,temp,ggdef,lwrite)
             619                     !
             620                           use index
             621                           use rank,   only : myrank
             622                           use const, only : RTYPE,kflag
             623                     
             624                           implicit  none
             625                     
             626                           integer   nx,my,my_max,lpout,lev,itau,k,i,n,istat
             627                           integer   num,lpl,lenc,ncnt
             628                           real      tnshun
             629                     
             630                           real      pkout(lpout),pklp(nxp,my_max),pk(nxp,lev,my_max)        &
             631                           , tt(nxp,lev,my_max),ttbot(nxp,my_max),plev(lpout),whtlev(num)
             632                           real      tens(lev+1)
             633                           real(kind=RTYPE) pout(nx,my),glob(nx,my),slp(nx,my),temp(nxp,my_max,lpout)
             634                     
             635                     !
             636                           integer*8 idtg
             637                           character*80 ifilout
             638                           character*26 ihdg
             639                           character*26 ihdg2
             640                           character*6 lrec(lpout)
             641                           character*4 ggdef
             642                     !
             643                          logical :: lwrite
             644                     
                                   <<< Loop-information Start >>>
                                   <<<  [PARALLELIZATION]
                                   <<<    Standard iteration count: 2000
                                   <<<  [OPTIMIZATION]
                                   <<<    SIMD(VL: 8)
                                   <<<    PREFETCH(HARD) Expected by compiler :
                                   <<<      tens
                                   <<< Loop-information  End >>>
             645     1  pp   4v            do k = 1, lev+1
             646     1   p   4v             tens(k) = 1.0
             647     1   p   4v            end do
             648                           tens(lev+1)= 0.0
             649                           tens(lev)= 0.0
             650                     !
                                   <<< Loop-information Start >>>
                                   <<<  [PARALLELIZATION]
                                   <<<    Standard iteration count: 762
                                   <<<  [OPTIMIZATION]
                                   <<<    SIMD(VL: 8)
                                   <<<    SOFTWARE PIPELINING(IPC: 3.25, ITR: 160, MVE: 3, POL: S)
                                   <<<    PREFETCH(HARD) Expected by compiler :
                                   <<<      plev, (unknown)
                                   <<<    SPILLS :
                                   <<<      GENERAL   : SPILL 0  FILL 3
                                   <<<      SIMD&FP   : SPILL 0  FILL 0
                                   <<<      SCALABLE  : SPILL 0  FILL 0
                                   <<<      PREDICATE : SPILL 0  FILL 0
                                   <<< Loop-information  End >>>
             651     1   m   2v            do k = 1, lpout-1
             652     1   p   2v             lpl = int(plev(k)+0.001)
             653     1   s   2m             write( lrec(k), '(i3.3,a3)' ) lpl,'100'
             654     1   p   2v            end do
             655                           lrec(lpout) = 'h00100'
             656                     !
             657                           call voterp(nx,my,my_max,lev,lpout,pk,pklp,tt,ttbot,pkout,temp,tens)
             658                     !
             659                           lenc= nx*my
             660                     !
             661                           tnshun= 1.0
             662                     !
             663                           ncnt=-1
             664                     !
             665     1                     do 30 n=1,num
                                   <<< Loop-information Start >>>
                                   <<<  [OPTIMIZATION]
                                   <<<    PREFETCH(HARD) Expected by compiler :
                                   <<<      plev
                                   <<< Loop-information  End >>>
             666     2                     do 10 k=1,lpout
             667     2               !
             668     3                     if(plev(k).eq.whtlev(n)) then
             669     3               !
             670     3                     ncnt=ncnt+1
             671     3               !
             672     3                     call unify_reduceintp(nx,my,my_max,temp(1,1,k),glob)
             673     3               !!      do 11 i=1,lenc
             674     3               !!      glob(i,1)= temp(i,k)
             675     3               !!   11 continue
             676     3               !
             677     3                     call syslbl(lrec(k),idtg,itau,ggdef,ihdg)
             678     3               !
             679     3               !  reduceintp has been done in voterp (2011/5)
             680     3               !
             681     3                       call smth9(nx,my,glob,slp,1)
                                   <<< Loop-information Start >>>
                                   <<<  [PARALLELIZATION]
                                   <<<    Standard iteration count: 7
                                   <<<  [OPTIMIZATION]
                                   <<<    SIMD(VL: 8)
                                   <<<    SOFTWARE PIPELINING(IPC: 2.00, ITR: 160, MVE: 3, POL: S)
                                   <<<    PREFETCH(HARD) Expected by compiler :
                                   <<<      slp, glob
                                   <<< Loop-information  End >>>
             682     3  pp   4v              glob=slp
             683     3                       call smth9(nx,my,glob,slp,2)
             684     3               !!        glob=slp
             685     3               !
             686     3               !!      if(lwrite) call dmswrit(nx,my,ihdg,lenc,kflag,ifilout,glob,istat)
             687     3                     call qmaxn3(slp,ihdg(1:14),ihdg(15:26),1,1,1,nx,my,1)
             688     4                     if ( myrank .eq. ncnt ) then
                                   <<< Loop-information Start >>>
                                   <<<  [PARALLELIZATION]
                                   <<<    Standard iteration count: 7
                                   <<<  [OPTIMIZATION]
                                   <<<    SIMD(VL: 8)
                                   <<<    SOFTWARE PIPELINING(IPC: 2.00, ITR: 160, MVE: 3, POL: S)
                                   <<<    PREFETCH(HARD) Expected by compiler :
                                   <<<      slp, pout
                                   <<< Loop-information  End >>>
             689     4  pp   4v              pout=slp
             690     4                       ihdg2=ihdg
             691     4                     endif
             692     3                     go to 30
             693     3                     endif
             694     2                  10 continue
             695     1                  30 continue
             696                           if(lwrite .and. myrank .le. ncnt) call dmswrit_split(nx,my,ihdg2,lenc,kflag,ifilout,pout,istat)
             697                     !
             698                           return
             699                       end subroutine tempout
             700                     
             701                       subroutine vortout(nx,my,my_max,lpout,lev,itau,ifilout,idtg     &
             702                           , plev,num,whtlev,pkout,pk,pklp,rvor,rvorb,vor,ggdef,v850,v700,lwrite)
             703                     !
             704                           use index
             705                           use rank, only : myrank
             706                           use const, only : RTYPE,kflag
             707                     
             708                           implicit  none
             709                     
             710                           integer   nx,my,my_max,lpout,lev,itau,num,ncnt
             711                     
             712                           real      pkout(lpout),pklp(nxp,my_max)                        &
             713                           , pk(nxp,lev,my_max),work3d(nxp,lev,my_max),rvorb(nxp,my_max)  &
             714                           , plev(lpout),whtlev(num)
             715                           real(kind=RTYPE) rvor(nxp,lev,my_max),vor(nxp,my_max,lpout)
             716                           real      tens(lev+1)
             717                           real(kind=RTYPE) v850(nxp,my_max),v700(nxp,my_max)
             718                           real(kind=RTYPE) wk1(nx,my),pout(nx,my)
             719                     
             720                     !
             721                           integer*8 idtg
             722                           character*80 ifilout
             723                           character*26 ihdg,ihdg2
             724                           character*6 lrec(lpout)
             725                           character*4 ggdef
             726                     
             727                           integer   k,lpl,lenc,i,n,istat,jj,j,nxj
             728                     !
             729                           logical :: lwrite
             730                     
                                   <<< Loop-information Start >>>
                                   <<<  [PARALLELIZATION]
                                   <<<    Standard iteration count: 2000
                                   <<<  [OPTIMIZATION]
                                   <<<    SIMD(VL: 8)
                                   <<<    PREFETCH(HARD) Expected by compiler :
                                   <<<      tens
                                   <<< Loop-information  End >>>
             731     1  pp   4v            do k = 1, lev+1
             732     1   p   4v             tens(k) = 1.0
             733     1   p   4v            end do
             734                           tens(lev)= 0.0
             735                           tens(lev+1)= 0.0
             736                     !
                                   <<< Loop-information Start >>>
                                   <<<  [PARALLELIZATION]
                                   <<<    Standard iteration count: 762
                                   <<<  [OPTIMIZATION]
                                   <<<    SIMD(VL: 8)
                                   <<<    SOFTWARE PIPELINING(IPC: 3.25, ITR: 160, MVE: 3, POL: S)
                                   <<<    PREFETCH(HARD) Expected by compiler :
                                   <<<      plev, (unknown)
                                   <<<    SPILLS :
                                   <<<      GENERAL   : SPILL 0  FILL 4
                                   <<<      SIMD&FP   : SPILL 0  FILL 0
                                   <<<      SCALABLE  : SPILL 0  FILL 0
                                   <<<      PREDICATE : SPILL 0  FILL 0
                                   <<< Loop-information  End >>>
             737     1   m   2v            do k = 1, lpout-1
             738     1   p   2v             lpl = int(plev(k)+0.001)
             739     1   s   2m             write( lrec(k), '(i3.3,a3)' ) lpl,'240'
             740     1   p   2v            end do
             741                           lrec(lpout) = 'h00240'
                                   <<< Loop-information Start >>>
                                   <<<  [PARALLELIZATION]
                                   <<<    Standard iteration count: 2
                                   <<<  [OPTIMIZATION]
                                   <<<    SIMD(VL: 8)
                                   <<<    SOFTWARE PIPELINING(IPC: 2.00, ITR: 160, MVE: 3, POL: S)
                                   <<<    PREFETCH(HARD) Expected by compiler :
                                   <<<      rvor, work3d
                                   <<< Loop-information  End >>>
             742        pp   4v            work3d=rvor
             743                     !
             744                           call voterp(nx,my,my_max,lev,lpout,pk,pklp,work3d,rvorb,pkout,vor,tens)
             745                     !
             746                           lenc= nx*my
             747                           ncnt= -1
             748                     !
             749     1                     do k=1,lpout
             750     2                       if(plev(k).eq.850.)then
                                   <<< Loop-information Start >>>
                                   <<<  [PARALLELIZATION]
                                   <<<    Standard iteration count: 3
                                   <<<  [OPTIMIZATION]
                                   <<<    PREFETCH(HARD) Expected by compiler :
                                   <<<      vor, v850
                                   <<< Loop-information  End >>>
             751     3  pp                   do jj=1, jlistnum
             752     3   p                     j=jlist1(jj)
             753     3   p                     nxj=nxdef_2d(j)
                                   <<< Loop-information Start >>>
                                   <<<  [OPTIMIZATION]
                                   <<<    SIMD(VL: 8)
                                   <<<    SOFTWARE PIPELINING(IPC: 3.00, ITR: 144, MVE: 5, POL: S)
                                   <<<    PREFETCH(HARD) Expected by compiler :
                                   <<<      vor, v850
                                   <<< Loop-information  End >>>
             754     4   p   2v                do i=1,nxj
             755     4   p   2v                  v850(i,jj)= vor(i,jj,k)
             756     4   p   2v                enddo
             757     3   p                   enddo
             758     2               !byl        call unify_reduceintp(nx,my,my_max,vor(1,1,k),v850)
             759     2               !!          do i=1,lenc
             760     2               !!            v850(i,1)=vor(i,k)
             761     2               !!          enddo
             762     2               !
             763     2               !  reduceintp has been done in voterp (2011/5)
             764     2               !
             765     2                       else if(plev(k).eq.700.)then
                                   <<< Loop-information Start >>>
                                   <<<  [PARALLELIZATION]
                                   <<<    Standard iteration count: 3
                                   <<<  [OPTIMIZATION]
                                   <<<    PREFETCH(HARD) Expected by compiler :
                                   <<<      vor, v700
                                   <<< Loop-information  End >>>
             766     3  pp                   do jj=1, jlistnum
             767     3   p                     j=jlist1(jj)
             768     3   p                     nxj=nxdef_2d(j)
                                   <<< Loop-information Start >>>
                                   <<<  [OPTIMIZATION]
                                   <<<    SIMD(VL: 8)
                                   <<<    SOFTWARE PIPELINING(IPC: 3.00, ITR: 144, MVE: 5, POL: S)
                                   <<<    PREFETCH(HARD) Expected by compiler :
                                   <<<      vor, v700
                                   <<< Loop-information  End >>>
             769     4   p   2v                do i=1,nxj
             770     4   p   2v                  v700(i,jj)= vor(i,jj,k)
             771     4   p   2v                enddo
             772     3   p                   enddo
             773     2               !byl        call unify_reduceintp(nx,my,my_max,vor(1,1,k),v700)
             774     2               !!          do i=1,lenc
             775     2               !!            v700(i,1)=vor(i,k)
             776     2               !!          enddo
             777     2               !
             778     2               !  reduceintp has been done in voterp (2011/5)
             779     2               !
             780     2                       endif
             781     1                     enddo
             782                     !
             783     1                     do 20 n=1,num
                                   <<< Loop-information Start >>>
                                   <<<  [OPTIMIZATION]
                                   <<<    PREFETCH(HARD) Expected by compiler :
                                   <<<      plev
                                   <<< Loop-information  End >>>
             784     2                     do 10 k=1,lpout
             785     3                     if(plev(k).eq.whtlev(n)) then
             786     3                     ncnt=ncnt+1
             787     3                     call unify_reduceintp(nx,my,my_max,vor(1,1,k),wk1)
             788     3                     call syslbl(lrec(k),idtg,itau,ggdef,ihdg)
             789     3               !
             790     3               !  reduceintp has been done in voterp (2011/5)
             791     3               !
             792     3               !      if(lwrite) call dmswrit(nx,my,ihdg,lenc,kflag,ifilout,wk1,istat)
             793     3                     call qmaxn3(wk1,ihdg(1:14),ihdg(15:26),1,1,1,nx,my,1)
             794     4                     if ( myrank .eq. ncnt ) then
                                   <<< Loop-information Start >>>
                                   <<<  [PARALLELIZATION]
                                   <<<    Standard iteration count: 7
                                   <<<  [OPTIMIZATION]
                                   <<<    SIMD(VL: 8)
                                   <<<    SOFTWARE PIPELINING(IPC: 2.00, ITR: 160, MVE: 3, POL: S)
                                   <<<    PREFETCH(HARD) Expected by compiler :
                                   <<<      wk1, pout
                                   <<< Loop-information  End >>>
             795     4  pp   4v              pout=wk1
             796     4                       ihdg2=ihdg
             797     4                     endif
             798     3                     go to 20
             799     3                     endif
             800     2                  10 continue
             801     1                  20 continue
             802                           if(lwrite .and. myrank .le. ncnt) call dmswrit_split(nx,my,ihdg2,lenc,kflag,ifilout,pout,istat)
             803                     !
             804                           return
             805                       end subroutine vortout
             806                     
             807                       subroutine windout(nx,my,my_max,lpout,lev,itau,ifilout,idtg      &
             808                           , plev,num,whtlev,cosl,pkout,pk,pklp,ut,vt,sdhat,utb,vtb     &
             809                           , wind,glob,ggdef,lwrite)
             810                     !
             811                           use index
             812                           use rank, only : myrank
             813                           use const, only : RTYPE,kflag
             814                     
             815                           implicit none
             816                     
             817                           real      pkout(lpout),pklp(nxp,my_max),pk(nxp,lev,my_max)          &
             818                           , rdiv(nxp,lev,my_max),work3d(nxp,lev,my_max)                       &
             819                           , utb(nxp,my_max),vtb(nxp,my_max),plev(lpout),whtlev(num)
             820                           real(kind=RTYPE) ut(nxp,lev,my_max),vt(nxp,lev,my_max)              &
             821                           , sdhat(nxp,lev,my_max),cosl(my),wind(nxp,my_max,lpout)
             822                     
             823                           real      tens(lev+1),wtb(nxp,my_max)
             824                           real(kind=RTYPE) pout(nx,my),glob(nx,my),tmp(nxp,my_max)
             825                     !
             826                           integer   nx,my,my_max,lpout,lev,itau,jj,nxj,ncnt
             827                           integer   num,k,lenc,lpl,n,i,j,istat
             828                     
             829                           real      rad,xxx
             830                     !lzl +add
             831                     !!      real      pklzl(nx,my)
             832                     !lzl -end
             833                     
             834                           integer*8 idtg
             835                           character*80 ifilout
             836                           character*26 ihdg,ihdg2
             837                           character*6 lrec(lpout),krec(lpout),mrec(lpout)
             838                           character*4 ggdef
             839                     !
             840                           data rad/6.371e6/
             841                     !
             842                          logical :: lwrite
             843                     
                                   <<< Loop-information Start >>>
                                   <<<  [PARALLELIZATION]
                                   <<<    Standard iteration count: 2000
                                   <<<  [OPTIMIZATION]
                                   <<<    SIMD(VL: 8)
                                   <<<    PREFETCH(HARD) Expected by compiler :
                                   <<<      tens
                                   <<< Loop-information  End >>>
             844     1  pp   4v            do k = 1, lev+1
             845     1   p   4v             tens(k) = 1.0
             846     1   p   4v            end do
             847                           tens(lev)= 0.0
             848                           tens(lev+1)= 0.0
             849                           lenc= nx*my
             850                           ncnt= -1
             851                     !
                                   <<< Loop-information Start >>>
                                   <<<  [PARALLELIZATION]
                                   <<<    Standard iteration count: 762
                                   <<<  [OPTIMIZATION]
                                   <<<    SIMD(VL: 8)
                                   <<<    SOFTWARE PIPELINING(IPC: 3.25, ITR: 160, MVE: 3, POL: S)
                                   <<<    PREFETCH(HARD) Expected by compiler :
                                   <<<      plev, (unknown)
                                   <<<    SPILLS :
                                   <<<      GENERAL   : SPILL 3  FILL 8
                                   <<<      SIMD&FP   : SPILL 0  FILL 0
                                   <<<      SCALABLE  : SPILL 0  FILL 0
                                   <<<      PREDICATE : SPILL 0  FILL 0
                                   <<< Loop-information  End >>>
             852     1   m   2v            do k = 1, lpout-1
             853     1   p   2v             lpl = int(plev(k)+0.001)
             854     1   s   2m             write( lrec(k), '(i3.3,a3)' ) lpl,'200'
             855     1   s   2s             write( krec(k), '(i3.3,a3)' ) lpl,'210'
             856     1   s   2m             write( mrec(k), '(i3.3,a3)' ) lpl,'220'
             857     1   p   2v            end do
             858                           lrec(lpout) = 'h00200'
             859                           krec(lpout) = 'h00210'
             860                           mrec(lpout) = 'h00220'
             861                     !
             862                     ! first: do the u components
             863                     !
                                   <<< Loop-information Start >>>
                                   <<<  [PARALLELIZATION]
                                   <<<    Standard iteration count: 2
                                   <<<  [OPTIMIZATION]
                                   <<<    SIMD(VL: 8)
                                   <<<    SOFTWARE PIPELINING(IPC: 2.00, ITR: 160, MVE: 3, POL: S)
                                   <<<    PREFETCH(HARD) Expected by compiler :
                                   <<<      ut, work3d
                                   <<< Loop-information  End >>>
             864        pp   4v            work3d=ut
             865                           call voterp(nx,my,my_max,lev,lpout,pk,pklp,work3d,utb,pkout,wind,tens)
             866                     !
             867                     !!      if( lreduce.eq.1 ) call reduceintp (utb,nxdef,nx,my)
             868                     !
             869                     !lzl +add======================================================
             870                     !!      do i =1,nx
             871                     !!      do j =1,my
             872                     !!         pklzl(i,j)=pklp(i,j)
             873                     !!      end do
             874                     !!      end do
             875                     !
             876                     !!      if( lreduce.eq.1 ) then
             877                     !!          call reduceintp(pklzl,nxdef,nx,my)
             878                     !!      endif
             879                     
             880                     !lzl -end=====================================================
             881                     
             882     1                     do 30 n=1,num
                                   <<< Loop-information Start >>>
                                   <<<  [OPTIMIZATION]
                                   <<<    PREFETCH(HARD) Expected by compiler :
                                   <<<      plev
                                   <<< Loop-information  End >>>
             883     2                     do 10 k=1,lpout
             884     2               !
             885     3                     if(plev(k).eq.whtlev(n)) then
             886     3               !
             887     3               !  below ground level extrapolate surface wind downward
             888     3               !  deweight wind with cos latitude, earth radius
             889     3               !
             890     3                       ncnt=ncnt+1
                                   <<< Loop-information Start >>>
                                   <<<  [PARALLELIZATION]
                                   <<<    Standard iteration count: 2
                                   <<<  [OPTIMIZATION]
                                   <<<    PREFETCH(HARD) Expected by compiler :
                                   <<<      pklp, utb, wind, tmp
                                   <<< Loop-information  End >>>
             891     4  pp                   do jj = 1, jlistnum
             892     4   p                     j=jlist1(jj)
             893     4   p                     nxj=nxdef_2d(j)
             894     4   p                     xxx= rad/cosl(j)
                                   <<< Loop-information Start >>>
                                   <<<  [OPTIMIZATION]
                                   <<<    SIMD(VL: 8)
                                   <<<    SOFTWARE PIPELINING(IPC: 3.00, ITR: 192, MVE: 3, POL: S)
                                   <<<    PREFETCH(HARD) Expected by compiler :
                                   <<<      utb, wind, pklp, tmp
                                   <<< Loop-information  End >>>
             895     5   p   2v                do i=1,nxj
             896     5   p   2v                 if(pkout(k).gt.pklp(i,jj)) wind(i,jj,k)= utb(i,jj)
             897     5   p   2v                 tmp(i,jj)=wind(i,jj,k)*xxx
             898     5   p   2v                enddo
             899     4   p                   enddo
             900     3                       call unify_reduceintp(nx,my,my_max,tmp,glob)
             901     3               !!      do 45 i=1,nx*my
             902     3               !lzl c      if(pkout(k).gt.pklp(i,1)) wind(i,1,k)= utb(i,1)
             903     3               !!      if(pkout(k).gt.pklzl(i,1)) wind(i,1,k)= utb(i,1)  !lzl use full grid(pklzl)
             904     3               !!   45 continue
             905     3               !
             906     3               !
             907     3               !  deweight wind with cos latitude, earth radius
             908     3               !
             909     3               !!      do 50 j=1,my
             910     3               !!      xxx= rad/cosl(j)
             911     3               !!      do 50 i=1,nx
             912     3               !!      glob(i,j)= wind(i,j,k)*xxx
             913     3               !!   50 continue
             914     3               !
             915     3                     call syslbl(lrec(k),idtg,itau,ggdef,ihdg)
             916     3               !
             917     3               !  reduceintp has been done in voterp (2011/5)
             918     3               !
             919     3               !!      if(lwrite) call dmswrit(nx,my,ihdg,lenc,kflag,ifilout,glob,istat)
             920     3                     call qmaxn3(glob,ihdg(1:14),ihdg(15:26),1,1,1,nx,my,1)
             921     4                     if ( myrank .eq. ncnt ) then
                                   <<< Loop-information Start >>>
                                   <<<  [PARALLELIZATION]
                                   <<<    Standard iteration count: 7
                                   <<<  [OPTIMIZATION]
                                   <<<    SIMD(VL: 8)
                                   <<<    SOFTWARE PIPELINING(IPC: 2.00, ITR: 160, MVE: 3, POL: S)
                                   <<<    PREFETCH(HARD) Expected by compiler :
                                   <<<      glob, pout
                                   <<< Loop-information  End >>>
             922     4  pp   4v              pout=glob
             923     4                       ihdg2=ihdg
             924     4                     endif
             925     3                     go to 30
             926     3                     endif
             927     2                  10 continue
             928     1                  30 continue
             929                           if(lwrite .and. myrank .le. ncnt) call dmswrit_split(nx,my,ihdg2,lenc,kflag,ifilout,pout,istat)
             930                     !
             931                     !  now the v components
             932                     !
                                   <<< Loop-information Start >>>
                                   <<<  [PARALLELIZATION]
                                   <<<    Standard iteration count: 2
                                   <<<  [OPTIMIZATION]
                                   <<<    SIMD(VL: 8)
                                   <<<    SOFTWARE PIPELINING(IPC: 2.00, ITR: 160, MVE: 3, POL: S)
                                   <<<    PREFETCH(HARD) Expected by compiler :
                                   <<<      vt, work3d
                                   <<< Loop-information  End >>>
             933        pp   4v            work3d=vt
             934                           call voterp(nx,my,my_max,lev,lpout,pk,pklp,work3d,vtb,pkout,wind,tens)
             935                     !
             936                     !!      if( lreduce.eq.1 ) call reduceintp (vtb,nxdef,nx,my)
             937                     !
             938                     !lzl +add===============================================================
             939                     !!      do i =1,nx
             940                     !!      do j =1,my
             941                     !!         pklzl(i,j)=pklp(i,j)
             942                     !!      end do
             943                     !!      end do
             944                     !
             945                     !!      if( lreduce.eq.1 ) then
             946                     !!          call reduceintp(pklzl,nxdef,nx,my)
             947                     !!      endif
             948                     
             949                     !lzl -end================================================================
             950                     !
             951                           ncnt= -1
             952     1                     do 40 n=1,num
                                   <<< Loop-information Start >>>
                                   <<<  [OPTIMIZATION]
                                   <<<    PREFETCH(HARD) Expected by compiler :
                                   <<<      plev
                                   <<< Loop-information  End >>>
             953     2                     do 20 k=1,lpout
             954     2               !
             955     3                     if(plev(k).eq.whtlev(n)) then
             956     3               !
             957     3               !  below ground level extrapolate surface wind downward
             958     3               !  deweight wind with cos latitude, earth radius
             959     3               !
             960     3                       ncnt=ncnt+1
                                   <<< Loop-information Start >>>
                                   <<<  [PARALLELIZATION]
                                   <<<    Standard iteration count: 2
                                   <<<  [OPTIMIZATION]
                                   <<<    PREFETCH(HARD) Expected by compiler :
                                   <<<      pklp, vtb, wind, tmp
                                   <<< Loop-information  End >>>
             961     4  pp                   do jj = 1, jlistnum
             962     4   p                     j=jlist1(jj)
             963     4   p                     nxj=nxdef_2d(j)
             964     4   p                     xxx= rad/cosl(j)
                                   <<< Loop-information Start >>>
                                   <<<  [OPTIMIZATION]
                                   <<<    SIMD(VL: 8)
                                   <<<    SOFTWARE PIPELINING(IPC: 3.00, ITR: 192, MVE: 3, POL: S)
                                   <<<    PREFETCH(HARD) Expected by compiler :
                                   <<<      vtb, wind, pklp, tmp
                                   <<< Loop-information  End >>>
             965     5   p   2v                do i=1,nxj
             966     5   p   2v                 if(pkout(k).gt.pklp(i,jj)) wind(i,jj,k)= vtb(i,jj)
             967     5   p   2v                 tmp(i,jj)=wind(i,jj,k)*xxx
             968     5   p   2v                enddo
             969     4   p                   enddo
             970     3                       call unify_reduceintp(nx,my,my_max,tmp,glob)
             971     3               !
             972     3               !!      do 55 i=1,nx*my
             973     3               !lzl c      if(pkout(k).gt.pklp(i,1)) wind(i,1,k)= vtb(i,1)
             974     3               !!      if(pkout(k).gt.pklzl(i,1)) wind(i,1,k)= vtb(i,1) !lzl use full grid (pklzl)
             975     3               !!   55 continue
             976     3               !
             977     3               !  deweight wind with cos latitude, earth radius
             978     3               !
             979     3               !!      do 60 j=1,my
             980     3               !!      xxx= rad/cosl(j)
             981     3               !!      do 60 i=1,nx
             982     3               !!      glob(i,j)= wind(i,j,k)*xxx
             983     3               !!   60 continue
             984     3               !
             985     3                     call syslbl(krec(k),idtg,itau,ggdef,ihdg)
             986     3               !
             987     3               !  reduceintp has been done in voterp (2011/5)
             988     3               !
             989     3               !!      if(lwrite) call dmswrit(nx,my,ihdg,lenc,kflag,ifilout,glob,istat)
             990     3                     call qmaxn3(glob,ihdg(1:14),ihdg(15:26),1,1,1,nx,my,1)
             991     4                     if ( myrank .eq. ncnt ) then
                                   <<< Loop-information Start >>>
                                   <<<  [PARALLELIZATION]
                                   <<<    Standard iteration count: 7
                                   <<<  [OPTIMIZATION]
                                   <<<    SIMD(VL: 8)
                                   <<<    SOFTWARE PIPELINING(IPC: 2.00, ITR: 160, MVE: 3, POL: S)
                                   <<<    PREFETCH(HARD) Expected by compiler :
                                   <<<      glob, pout
                                   <<< Loop-information  End >>>
             992     4  pp   4v              pout=glob
             993     4                       ihdg2=ihdg
             994     4                     endif
             995     3                     go to 40
             996     3                     endif
             997     2                  20 continue
             998     1                  40 continue
             999                           if(lwrite .and. myrank .le. ncnt) call dmswrit_split(nx,my,ihdg2,lenc,kflag,ifilout,pout,istat)
            1000                     !
            1001                     !  now the w components
            1002                     !
                                   <<< Loop-information Start >>>
                                   <<<  [PARALLELIZATION]
                                   <<<    Standard iteration count: 9
                                   <<<  [OPTIMIZATION]
                                   <<<    SIMD(VL: 8)
                                   <<<    PREFETCH(HARD) Expected by compiler :
                                   <<<      wtb
                                   <<< Loop-information  End >>>
            1003        pp   4v            wtb=0.
                                   <<< Loop-information Start >>>
                                   <<<  [PARALLELIZATION]
                                   <<<    Standard iteration count: 2
                                   <<<  [OPTIMIZATION]
                                   <<<    SIMD(VL: 8)
                                   <<<    SOFTWARE PIPELINING(IPC: 2.00, ITR: 160, MVE: 3, POL: S)
                                   <<<    PREFETCH(HARD) Expected by compiler :
                                   <<<      sdhat, work3d
                                   <<< Loop-information  End >>>
            1004        pp   4v            work3d=sdhat
            1005                           call voterp(nx,my,my_max,lev,lpout,pk,pklp,work3d,wtb,pkout,wind,tens)
            1006                     !
            1007                           ncnt= -1
            1008     1                     do 42 n=1,num
                                   <<< Loop-information Start >>>
                                   <<<  [OPTIMIZATION]
                                   <<<    PREFETCH(HARD) Expected by compiler :
                                   <<<      plev
                                   <<< Loop-information  End >>>
            1009     2                     do 22 k=1,lpout
            1010     2               !
            1011     3                     if(plev(k).eq.whtlev(n)) then
            1012     3               !
            1013     3                     ncnt=ncnt+1
            1014     3                     call unify_reduceintp(nx,my,my_max,wind(1,1,k),glob)
            1015     3               !!      do j=1,my
            1016     3               !!      do i=1,nx
            1017     3               !!        glob(i,j)= wind(i,j,k)
            1018     3               !!      enddo
            1019     3               !!      enddo
            1020     3               !
            1021     3                     call syslbl(mrec(k),idtg,itau,ggdef,ihdg)
            1022     3               !
            1023     3               !      if(lwrite) call dmswrit(nx,my,ihdg,lenc,kflag,ifilout,glob,istat)
            1024     3                     call qmaxn3(glob,ihdg(1:14),ihdg(15:26),1,1,1,nx,my,1)
            1025     4                     if ( myrank .eq. ncnt ) then
                                   <<< Loop-information Start >>>
                                   <<<  [PARALLELIZATION]
                                   <<<    Standard iteration count: 7
                                   <<<  [OPTIMIZATION]
                                   <<<    SIMD(VL: 8)
                                   <<<    SOFTWARE PIPELINING(IPC: 3.33, ITR: 192, MVE: 5, POL: S)
                                   <<<    PREFETCH(HARD) Expected by compiler :
                                   <<<      glob, pout
                                   <<< Loop-information  End >>>
            1026     4  pp   2v              pout=glob*100.
            1027     4                       ihdg2=ihdg
            1028     4                     endif
            1029     3                     go to 42
            1030     3                     endif
            1031     2                  22 continue
            1032     1                  42 continue
            1033                           if(lwrite .and. myrank .le. ncnt) call dmswrit_split(nx,my,ihdg2,lenc,kflag,ifilout,pout,istat)
            1034                     !
            1035                           return
            1036                       end subroutine windout
            1037                     !
            1038                     end module mod_outflds

 Procedure information
   Lines      : 1038
   Statements : 610
   Stack(byte): 26160
   Prefetch num: 0

 Scoping unit of module : mod_outflds
   Attribute and Cross reference of name
     mod_outflds
      |(Class and Type) : module name
      |(Attributes)     : 
      |(Declaration)    : 1
      |(Definition)     : 
      |(Reference)      : 1038

 Scoping unit of module sub-program : divgout
   Attribute and Cross reference of name
     const
      |(Class and Type) : module name
      |(Attributes)     : 
      |(Declaration)    : 
      |(Definition)     : 
      |(Reference)      : 11
     div
      |(Class and Type) : variable name, REAL(8)
      |(Attributes)     : DIMENSION, dummy-argument
      |(Declaration)    : 6  20
      |(Definition)     : 49  58
      |(Reference)      : 
     divgout
      |(Class and Type) : module subroutine name
      |(Attributes)     : 
      |(Declaration)    : 
      |(Definition)     : 6
      |(Reference)      : 73
     dmswrit_split
      |(Class and Type) : external subroutine name
      |(Attributes)     : 
      |(Declaration)    : 
      |(Definition)     : 
      |(Reference)      : 70
     ggdef
      |(Class and Type) : variable name, CHARACTER(4,1)
      |(Attributes)     : dummy-argument
      |(Declaration)    : 6  29
      |(Definition)     : 59
      |(Reference)      : 
     idtg
      |(Class and Type) : variable name, INTEGER(8)
      |(Attributes)     : dummy-argument
      |(Declaration)    : 6  25
      |(Definition)     : 59
      |(Reference)      : 
     ifilout
      |(Class and Type) : variable name, CHARACTER(80,1)
      |(Attributes)     : dummy-argument
      |(Declaration)    : 6  26
      |(Definition)     : 70
      |(Reference)      : 
     ihdg
      |(Class and Type) : variable name, CHARACTER(26,1)
      |(Attributes)     : 
      |(Declaration)    : 27
      |(Definition)     : 59  61  61
      |(Reference)      : 64
     ihdg2
      |(Class and Type) : variable name, CHARACTER(26,1)
      |(Attributes)     : 
      |(Declaration)    : 27
      |(Definition)     : 64  70
      |(Reference)      : 
     index
      |(Class and Type) : module name
      |(Attributes)     : 
      |(Declaration)    : 
      |(Definition)     : 
      |(Reference)      : 9
     int
      |(Class and Type) : intrinsic function name, INTEGER(4)
      |(Attributes)     : PURE, ELEMENTAL
      |(Declaration)    : 
      |(Definition)     : 
      |(Reference)      : 43
     istat
      |(Class and Type) : variable name, INTEGER(4)
      |(Attributes)     : 
      |(Declaration)    : 31
      |(Definition)     : 70
      |(Reference)      : 
     itau
      |(Class and Type) : variable name, INTEGER(4)
      |(Attributes)     : dummy-argument
      |(Declaration)    : 6  15
      |(Definition)     : 59
      |(Reference)      : 
     k
      |(Class and Type) : variable name, INTEGER(4)
      |(Attributes)     : 
      |(Declaration)    : 31
      |(Definition)     : 36  42  55
      |(Reference)      : 37  43  44  56  58  59
     kflag
      |(Class and Type) : named constant, CHARACTER(1,1)
      |(Attributes)     : use-associated
      |(Declaration)    : 
      |(Definition)     : 
      |(Reference)      : 11  70
     lenc
      |(Class and Type) : variable name, INTEGER(4)
      |(Attributes)     : 
      |(Declaration)    : 31
      |(Definition)     : 51  70
      |(Reference)      : 
     lev
      |(Class and Type) : variable name, INTEGER(4)
      |(Attributes)     : dummy-argument
      |(Declaration)    : 6  15
      |(Definition)     : 49
      |(Reference)      : 17  17  20  21  36  39  40
     lpl
      |(Class and Type) : variable name, INTEGER(4)
      |(Attributes)     : 
      |(Declaration)    : 31
      |(Definition)     : 43
      |(Reference)      : 44
     lpout
      |(Class and Type) : variable name, INTEGER(4)
      |(Attributes)     : dummy-argument
      |(Declaration)    : 6  15
      |(Definition)     : 49
      |(Reference)      : 17  17  20  28  42  46  55
     lrec
      |(Class and Type) : variable name, CHARACTER(6,1)
      |(Attributes)     : DIMENSION
      |(Declaration)    : 28
      |(Definition)     : 44  46  59
      |(Reference)      : 
     lwrite
      |(Class and Type) : variable name, LOGICAL(4)
      |(Attributes)     : dummy-argument
      |(Declaration)    : 6  33
      |(Definition)     : 
      |(Reference)      : 70
     my
      |(Class and Type) : variable name, INTEGER(4)
      |(Attributes)     : dummy-argument
      |(Declaration)    : 6  15
      |(Definition)     : 49  58  61  70
      |(Reference)      : 22  22  51
     my_max
      |(Class and Type) : variable name, INTEGER(4)
      |(Attributes)     : dummy-argument
      |(Declaration)    : 6  15
      |(Definition)     : 49  58
      |(Reference)      : 17  17  17  17  20  20
     myrank
      |(Class and Type) : variable name, INTEGER(4)
      |(Attributes)     : common-block-object, use-associated
      |(Declaration)    : 
      |(Definition)     : 
      |(Reference)      : 10  62  70
     n
      |(Class and Type) : variable name, INTEGER(4)
      |(Attributes)     : 
      |(Declaration)    : 31
      |(Definition)     : 54
      |(Reference)      : 56
     ncnt
      |(Class and Type) : variable name, INTEGER(4)
      |(Attributes)     : 
      |(Declaration)    : 15
      |(Definition)     : 52  57
      |(Reference)      : 57  62  70
     num
      |(Class and Type) : variable name, INTEGER(4)
      |(Attributes)     : dummy-argument
      |(Declaration)    : 6  31
      |(Definition)     : 
      |(Reference)      : 17  54
     nx
      |(Class and Type) : variable name, INTEGER(4)
      |(Attributes)     : dummy-argument
      |(Declaration)    : 6  15
      |(Definition)     : 49  58  61  70
      |(Reference)      : 22  22  51
     nxp
      |(Class and Type) : variable name, INTEGER(4)
      |(Attributes)     : common-block-object, use-associated
      |(Declaration)    : 
      |(Definition)     : 
      |(Reference)      : 17  17  17  17  20  20
     pk
      |(Class and Type) : variable name, REAL(8)
      |(Attributes)     : DIMENSION, dummy-argument
      |(Declaration)    : 6  17
      |(Definition)     : 49
      |(Reference)      : 
     pklp
      |(Class and Type) : variable name, REAL(8)
      |(Attributes)     : DIMENSION, dummy-argument
      |(Declaration)    : 6  17
      |(Definition)     : 49
      |(Reference)      : 
     pkout
      |(Class and Type) : variable name, REAL(8)
      |(Attributes)     : DIMENSION, dummy-argument
      |(Declaration)    : 6  17
      |(Definition)     : 49
      |(Reference)      : 
     plev
      |(Class and Type) : variable name, REAL(8)
      |(Attributes)     : DIMENSION, dummy-argument
      |(Declaration)    : 6  17
      |(Definition)     : 
      |(Reference)      : 43  56
     pout
      |(Class and Type) : variable name, REAL(8)
      |(Attributes)     : DIMENSION
      |(Declaration)    : 22
      |(Definition)     : 63  70
      |(Reference)      : 
     qmaxn3
      |(Class and Type) : external subroutine name
      |(Attributes)     : 
      |(Declaration)    : 
      |(Definition)     : 
      |(Reference)      : 61
     RTYPE
      |(Class and Type) : named constant, INTEGER(4)
      |(Attributes)     : use-associated
      |(Declaration)    : 
      |(Definition)     : 
      |(Reference)      : 11  20  22
     rank
      |(Class and Type) : module name
      |(Attributes)     : 
      |(Declaration)    : 
      |(Definition)     : 
      |(Reference)      : 10
     rdiv
      |(Class and Type) : variable name, REAL(8)
      |(Attributes)     : DIMENSION, dummy-argument
      |(Declaration)    : 6  20
      |(Definition)     : 
      |(Reference)      : 47
     rdivb
      |(Class and Type) : variable name, REAL(8)
      |(Attributes)     : DIMENSION, dummy-argument
      |(Declaration)    : 6  17
      |(Definition)     : 49
      |(Reference)      : 
     syslbl
      |(Class and Type) : external subroutine name
      |(Attributes)     : 
      |(Declaration)    : 
      |(Definition)     : 
      |(Reference)      : 59
     tens
      |(Class and Type) : variable name, REAL(8)
      |(Attributes)     : DIMENSION
      |(Declaration)    : 21
      |(Definition)     : 37  39  40  49
      |(Reference)      : 
     unify_reduceintp
      |(Class and Type) : external subroutine name
      |(Attributes)     : 
      |(Declaration)    : 
      |(Definition)     : 
      |(Reference)      : 58
     voterp
      |(Class and Type) : external subroutine name
      |(Attributes)     : 
      |(Declaration)    : 
      |(Definition)     : 
      |(Reference)      : 49
     whtlev
      |(Class and Type) : variable name, REAL(8)
      |(Attributes)     : DIMENSION, dummy-argument
      |(Declaration)    : 6  17
      |(Definition)     : 
      |(Reference)      : 56
     wk1
      |(Class and Type) : variable name, REAL(8)
      |(Attributes)     : DIMENSION
      |(Declaration)    : 22
      |(Definition)     : 58  61
      |(Reference)      : 63
     work3d
      |(Class and Type) : variable name, REAL(8)
      |(Attributes)     : DIMENSION
      |(Declaration)    : 17
      |(Definition)     : 47  49
      |(Reference)      : 
   Cross reference of label
     (Label) (label-kind)               (line-no.)
     ------- ------------- ------------ ----------
         10  execution     (Definition) 68  
                           (Reference)  55
         20  execution     (Definition) 69  
                           (Reference)  54  66

 Scoping unit of module sub-program : dragout
   Attribute and Cross reference of name
     const
      |(Class and Type) : module name
      |(Attributes)     : 
      |(Declaration)    : 
      |(Definition)     : 
      |(Reference)      : 81
     dmswrit_split
      |(Class and Type) : external subroutine name
      |(Attributes)     : 
      |(Declaration)    : 
      |(Definition)     : 
      |(Reference)      : 160
     drag
      |(Class and Type) : variable name, REAL(8)
      |(Attributes)     : DIMENSION, dummy-argument
      |(Declaration)    : 75  91
      |(Definition)     : 119  145  148
      |(Reference)      : 
     dragout
      |(Class and Type) : module subroutine name
      |(Attributes)     : 
      |(Declaration)    : 
      |(Definition)     : 75
      |(Reference)      : 163
     ggdef
      |(Class and Type) : variable name, CHARACTER(4,1)
      |(Attributes)     : dummy-argument
      |(Declaration)    : 75  97
      |(Definition)     : 149
      |(Reference)      : 
     i
      |(Class and Type) : variable name, INTEGER(4)
      |(Attributes)     : 
      |(Declaration)    : 103
      |(Definition)     : 143
      |(Reference)      : 145  145
     idtg
      |(Class and Type) : variable name, INTEGER(8)
      |(Attributes)     : dummy-argument
      |(Declaration)    : 75  93
      |(Definition)     : 149
      |(Reference)      : 
     ifilout
      |(Class and Type) : variable name, CHARACTER(80,1)
      |(Attributes)     : dummy-argument
      |(Declaration)    : 75  94
      |(Definition)     : 160
      |(Reference)      : 
     ihdg
      |(Class and Type) : variable name, CHARACTER(26,1)
      |(Attributes)     : 
      |(Declaration)    : 95
      |(Definition)     : 149  151  151
      |(Reference)      : 154
     ihdg2
      |(Class and Type) : variable name, CHARACTER(26,1)
      |(Attributes)     : 
      |(Declaration)    : 95
      |(Definition)     : 154  160
      |(Reference)      : 
     ij
      |(Class and Type) : variable name, INTEGER(4)
      |(Attributes)     : 
      |(Declaration)    : 103
      |(Definition)     : 
      |(Reference)      : 
     index
      |(Class and Type) : module name
      |(Attributes)     : 
      |(Declaration)    : 
      |(Definition)     : 
      |(Reference)      : 78
     int
      |(Class and Type) : intrinsic function name, INTEGER(4)
      |(Attributes)     : PURE, ELEMENTAL
      |(Declaration)    : 
      |(Definition)     : 
      |(Reference)      : 114
     istat
      |(Class and Type) : variable name, INTEGER(4)
      |(Attributes)     : 
      |(Declaration)    : 103
      |(Definition)     : 160
      |(Reference)      : 
     itau
      |(Class and Type) : variable name, INTEGER(4)
      |(Attributes)     : dummy-argument
      |(Declaration)    : 75  85
      |(Definition)     : 149
      |(Reference)      : 
     j
      |(Class and Type) : variable name, INTEGER(4)
      |(Attributes)     : 
      |(Declaration)    : 103
      |(Definition)     : 141
      |(Reference)      : 142
     jj
      |(Class and Type) : variable name, INTEGER(4)
      |(Attributes)     : 
      |(Declaration)    : 103
      |(Definition)     : 140
      |(Reference)      : 141  145  145
     jlist1
      |(Class and Type) : variable name, INTEGER(4)
      |(Attributes)     : ALLOCATABLE, DIMENSION, SAVE, use-associated
      |(Declaration)    : 
      |(Definition)     : 
      |(Reference)      : 141
     jlistnum
      |(Class and Type) : variable name, INTEGER(4)
      |(Attributes)     : common-block-object, use-associated
      |(Declaration)    : 
      |(Definition)     : 
      |(Reference)      : 140
     k
      |(Class and Type) : variable name, INTEGER(4)
      |(Attributes)     : 
      |(Declaration)    : 103
      |(Definition)     : 107  113  135
      |(Reference)      : 108  114  115  137  145  145  148  149
     kflag
      |(Class and Type) : named constant, CHARACTER(1,1)
      |(Attributes)     : use-associated
      |(Declaration)    : 
      |(Definition)     : 
      |(Reference)      : 81  160
     lenc
      |(Class and Type) : variable name, INTEGER(4)
      |(Attributes)     : 
      |(Declaration)    : 103
      |(Definition)     : 121  160
      |(Reference)      : 
     lev
      |(Class and Type) : variable name, INTEGER(4)
      |(Attributes)     : dummy-argument
      |(Declaration)    : 75  85
      |(Definition)     : 119
      |(Reference)      : 87  87  90  107  110  111  145
     lpl
      |(Class and Type) : variable name, INTEGER(4)
      |(Attributes)     : 
      |(Declaration)    : 103
      |(Definition)     : 114
      |(Reference)      : 115
     lpout
      |(Class and Type) : variable name, INTEGER(4)
      |(Attributes)     : dummy-argument
      |(Declaration)    : 75  85
      |(Definition)     : 119
      |(Reference)      : 87  87  91  96  113  117  135
     lrec
      |(Class and Type) : variable name, CHARACTER(6,1)
      |(Attributes)     : DIMENSION
      |(Declaration)    : 96
      |(Definition)     : 115  117  149
      |(Reference)      : 
     lwrite
      |(Class and Type) : variable name, LOGICAL(4)
      |(Attributes)     : dummy-argument
      |(Declaration)    : 75  105
      |(Definition)     : 
      |(Reference)      : 160
     mpe
      |(Class and Type) : module name
      |(Attributes)     : 
      |(Declaration)    : 
      |(Definition)     : 
      |(Reference)      : 80
     my
      |(Class and Type) : variable name, INTEGER(4)
      |(Attributes)     : dummy-argument
      |(Declaration)    : 75  85
      |(Definition)     : 119  148  151  160
      |(Reference)      : 91  91  121
     my_max
      |(Class and Type) : variable name, INTEGER(4)
      |(Attributes)     : dummy-argument
      |(Declaration)    : 75  85
      |(Definition)     : 119  148
      |(Reference)      : 87  87  87  87  91
     myrank
      |(Class and Type) : variable name, INTEGER(4)
      |(Attributes)     : common-block-object, use-associated
      |(Declaration)    : 
      |(Definition)     : 
      |(Reference)      : 79  152  160
     n
      |(Class and Type) : variable name, INTEGER(4)
      |(Attributes)     : 
      |(Declaration)    : 103
      |(Definition)     : 134
      |(Reference)      : 137
     ncnt
      |(Class and Type) : variable name, INTEGER(4)
      |(Attributes)     : 
      |(Declaration)    : 85
      |(Definition)     : 122  139
      |(Reference)      : 139  152  160
     num
      |(Class and Type) : variable name, INTEGER(4)
      |(Attributes)     : dummy-argument
      |(Declaration)    : 75  85
      |(Definition)     : 
      |(Reference)      : 87  134
     nx
      |(Class and Type) : variable name, INTEGER(4)
      |(Attributes)     : dummy-argument
      |(Declaration)    : 75  85
      |(Definition)     : 119  148  151  160
      |(Reference)      : 91  91  121
     nxdef_2d
      |(Class and Type) : variable name, INTEGER(4)
      |(Attributes)     : ALLOCATABLE, DIMENSION, SAVE, use-associated
      |(Declaration)    : 
      |(Definition)     : 
      |(Reference)      : 142
     nxj
      |(Class and Type) : variable name, INTEGER(4)
      |(Attributes)     : 
      |(Declaration)    : 103
      |(Definition)     : 142
      |(Reference)      : 143
     nxp
      |(Class and Type) : variable name, INTEGER(4)
      |(Attributes)     : common-block-object, use-associated
      |(Declaration)    : 
      |(Definition)     : 
      |(Reference)      : 87  87  87  87  91
     pk
      |(Class and Type) : variable name, REAL(8)
      |(Attributes)     : DIMENSION, dummy-argument
      |(Declaration)    : 75  87
      |(Definition)     : 119
      |(Reference)      : 145
     pklp
      |(Class and Type) : variable name, REAL(8)
      |(Attributes)     : DIMENSION, dummy-argument
      |(Declaration)    : 75  87
      |(Definition)     : 119
      |(Reference)      : 
     pkout
      |(Class and Type) : variable name, REAL(8)
      |(Attributes)     : DIMENSION, dummy-argument
      |(Declaration)    : 75  87
      |(Definition)     : 119
      |(Reference)      : 145
     plev
      |(Class and Type) : variable name, REAL(8)
      |(Attributes)     : DIMENSION, dummy-argument
      |(Declaration)    : 75  87
      |(Definition)     : 
      |(Reference)      : 114  137
     pout
      |(Class and Type) : variable name, REAL(8)
      |(Attributes)     : DIMENSION
      |(Declaration)    : 91
      |(Definition)     : 153  160
      |(Reference)      : 
     qmaxn3
      |(Class and Type) : external subroutine name
      |(Attributes)     : 
      |(Declaration)    : 
      |(Definition)     : 
      |(Reference)      : 151
     RTYPE
      |(Class and Type) : named constant, INTEGER(4)
      |(Attributes)     : use-associated
      |(Declaration)    : 
      |(Definition)     : 
      |(Reference)      : 81  91
     rank
      |(Class and Type) : module name
      |(Attributes)     : 
      |(Declaration)    : 
      |(Definition)     : 
      |(Reference)      : 79
     rdrag
      |(Class and Type) : variable name, REAL(8)
      |(Attributes)     : DIMENSION, dummy-argument
      |(Declaration)    : 75  87
      |(Definition)     : 119
      |(Reference)      : 
     rdragb
      |(Class and Type) : variable name, REAL(8)
      |(Attributes)     : DIMENSION, dummy-argument
      |(Declaration)    : 75  87
      |(Definition)     : 119
      |(Reference)      : 
     syslbl
      |(Class and Type) : external subroutine name
      |(Attributes)     : 
      |(Declaration)    : 
      |(Definition)     : 
      |(Reference)      : 149
     tens
      |(Class and Type) : variable name, REAL(8)
      |(Attributes)     : DIMENSION
      |(Declaration)    : 90
      |(Definition)     : 108  110  111  119
      |(Reference)      : 
     unify_reduceintp
      |(Class and Type) : external subroutine name
      |(Attributes)     : 
      |(Declaration)    : 
      |(Definition)     : 
      |(Reference)      : 148
     voterp
      |(Class and Type) : external subroutine name
      |(Attributes)     : 
      |(Declaration)    : 
      |(Definition)     : 
      |(Reference)      : 119
     whtlev
      |(Class and Type) : variable name, REAL(8)
      |(Attributes)     : DIMENSION, dummy-argument
      |(Declaration)    : 75  87
      |(Definition)     : 
      |(Reference)      : 137
     wk1
      |(Class and Type) : variable name, REAL(8)
      |(Attributes)     : DIMENSION
      |(Declaration)    : 91
      |(Definition)     : 148  151
      |(Reference)      : 153
   Cross reference of label
     (Label) (label-kind)               (line-no.)
     ------- ------------- ------------ ----------
         10  execution     (Definition) 158  
                           (Reference)  135
         20  execution     (Definition) 159  
                           (Reference)  134  156
         45  execution     (Definition) 146  
                           (Reference)  140  143

 Scoping unit of module sub-program : geopout
   Attribute and Cross reference of name
     const
      |(Class and Type) : module name
      |(Attributes)     : 
      |(Declaration)    : 
      |(Definition)     : 
      |(Reference)      : 171
     dmswrit_split
      |(Class and Type) : external subroutine name
      |(Attributes)     : 
      |(Declaration)    : 
      |(Definition)     : 
      |(Reference)      : 288
     geopout
      |(Class and Type) : module subroutine name
      |(Attributes)     : 
      |(Declaration)    : 
      |(Definition)     : 165
      |(Reference)      : 291
     ggdef
      |(Class and Type) : variable name, CHARACTER(4,1)
      |(Attributes)     : dummy-argument
      |(Declaration)    : 165  190
      |(Definition)     : 268
      |(Reference)      : 
     glob
      |(Class and Type) : variable name, REAL(8)
      |(Attributes)     : DIMENSION, dummy-argument
      |(Declaration)    : 165  181
      |(Definition)     : 266  271  272  273
      |(Reference)      : 
     h500
      |(Class and Type) : variable name, REAL(8)
      |(Attributes)     : DIMENSION, dummy-argument
      |(Declaration)    : 165  182
      |(Definition)     : 238
      |(Reference)      : 
     h850
      |(Class and Type) : variable name, REAL(8)
      |(Attributes)     : DIMENSION, dummy-argument
      |(Declaration)    : 165  182
      |(Definition)     : 219
      |(Reference)      : 
     i
      |(Class and Type) : variable name, INTEGER(4)
      |(Attributes)     : 
      |(Declaration)    : 192
      |(Definition)     : 218  237  263
      |(Reference)      : 219  219  238  238  264  264
     idtg
      |(Class and Type) : variable name, INTEGER(8)
      |(Attributes)     : dummy-argument
      |(Declaration)    : 165  185
      |(Definition)     : 268
      |(Reference)      : 
     ifilout
      |(Class and Type) : variable name, CHARACTER(80,1)
      |(Attributes)     : dummy-argument
      |(Declaration)    : 165  187
      |(Definition)     : 288
      |(Reference)      : 
     ihdg
      |(Class and Type) : variable name, CHARACTER(26,1)
      |(Attributes)     : 
      |(Declaration)    : 188
      |(Definition)     : 268  278  278
      |(Reference)      : 281
     ihdg2
      |(Class and Type) : variable name, CHARACTER(26,1)
      |(Attributes)     : 
      |(Declaration)    : 188
      |(Definition)     : 281  288
      |(Reference)      : 
     index
      |(Class and Type) : module name
      |(Attributes)     : 
      |(Declaration)    : 
      |(Definition)     : 
      |(Reference)      : 169
     int
      |(Class and Type) : intrinsic function name, INTEGER(4)
      |(Attributes)     : PURE, ELEMENTAL
      |(Declaration)    : 
      |(Definition)     : 
      |(Reference)      : 203
     istat
      |(Class and Type) : variable name, INTEGER(4)
      |(Attributes)     : 
      |(Declaration)    : 192
      |(Definition)     : 288
      |(Reference)      : 
     itau
      |(Class and Type) : variable name, INTEGER(4)
      |(Attributes)     : dummy-argument
      |(Declaration)    : 165  175
      |(Definition)     : 268
      |(Reference)      : 
     j
      |(Class and Type) : variable name, INTEGER(4)
      |(Attributes)     : 
      |(Declaration)    : 192
      |(Definition)     : 216  235  261
      |(Reference)      : 217  236  262
     jj
      |(Class and Type) : variable name, INTEGER(4)
      |(Attributes)     : 
      |(Declaration)    : 192
      |(Definition)     : 215  234  260
      |(Reference)      : 216  219  219  235  238  238  261  264  264
     jlist1
      |(Class and Type) : variable name, INTEGER(4)
      |(Attributes)     : ALLOCATABLE, DIMENSION, SAVE, use-associated
      |(Declaration)    : 
      |(Definition)     : 
      |(Reference)      : 216  235  261
     jlistnum
      |(Class and Type) : variable name, INTEGER(4)
      |(Attributes)     : common-block-object, use-associated
      |(Declaration)    : 
      |(Definition)     : 
      |(Reference)      : 215  234  260
     k
      |(Class and Type) : variable name, INTEGER(4)
      |(Attributes)     : 
      |(Declaration)    : 192
      |(Definition)     : 196  202  213  255
      |(Reference)      : 197  203  204  214  219  233  238  257  264  264  268
     kflag
      |(Class and Type) : named constant, CHARACTER(1,1)
      |(Attributes)     : use-associated
      |(Declaration)    : 
      |(Definition)     : 
      |(Reference)      : 171  288
     lenc
      |(Class and Type) : variable name, INTEGER(4)
      |(Attributes)     : 
      |(Declaration)    : 192
      |(Definition)     : 210  288
      |(Reference)      : 
     lev
      |(Class and Type) : variable name, INTEGER(4)
      |(Attributes)     : dummy-argument
      |(Declaration)    : 165  175
      |(Definition)     : 208
      |(Reference)      : 177  177  180  196  199  200
     lpl
      |(Class and Type) : variable name, INTEGER(4)
      |(Attributes)     : 
      |(Declaration)    : 192
      |(Definition)     : 203
      |(Reference)      : 204
     lpout
      |(Class and Type) : variable name, INTEGER(4)
      |(Attributes)     : dummy-argument
      |(Declaration)    : 165  175
      |(Definition)     : 208
      |(Reference)      : 177  177  180  181  189  202  206  213  255
     lrec
      |(Class and Type) : variable name, CHARACTER(6,1)
      |(Attributes)     : DIMENSION
      |(Declaration)    : 189
      |(Definition)     : 204  206  268
      |(Reference)      : 
     lwrite
      |(Class and Type) : variable name, LOGICAL(4)
      |(Attributes)     : dummy-argument
      |(Declaration)    : 165  194
      |(Definition)     : 
      |(Reference)      : 288
     my
      |(Class and Type) : variable name, INTEGER(4)
      |(Attributes)     : dummy-argument
      |(Declaration)    : 165  175
      |(Definition)     : 208  266  271  273  278  288
      |(Reference)      : 181  181  181  210
     my_max
      |(Class and Type) : variable name, INTEGER(4)
      |(Attributes)     : dummy-argument
      |(Declaration)    : 165  175
      |(Definition)     : 208  266
      |(Reference)      : 177  177  177  177  181  182  182  182
     myrank
      |(Class and Type) : variable name, INTEGER(4)
      |(Attributes)     : common-block-object, use-associated
      |(Declaration)    : 
      |(Definition)     : 
      |(Reference)      : 279  288
     n
      |(Class and Type) : variable name, INTEGER(4)
      |(Attributes)     : 
      |(Declaration)    : 192
      |(Definition)     : 254
      |(Reference)      : 257
     ncnt
      |(Class and Type) : variable name, INTEGER(4)
      |(Attributes)     : 
      |(Declaration)    : 175
      |(Definition)     : 211  259
      |(Reference)      : 259  279  288
     num
      |(Class and Type) : variable name, INTEGER(4)
      |(Attributes)     : dummy-argument
      |(Declaration)    : 165  175
      |(Definition)     : 
      |(Reference)      : 177  254
     nx
      |(Class and Type) : variable name, INTEGER(4)
      |(Attributes)     : dummy-argument
      |(Declaration)    : 165  175
      |(Definition)     : 208  266  271  273  278  288
      |(Reference)      : 181  181  181  210
     nxdef_2d
      |(Class and Type) : variable name, INTEGER(4)
      |(Attributes)     : ALLOCATABLE, DIMENSION, SAVE, use-associated
      |(Declaration)    : 
      |(Definition)     : 
      |(Reference)      : 217  236  262
     nxj
      |(Class and Type) : variable name, INTEGER(4)
      |(Attributes)     : 
      |(Declaration)    : 192
      |(Definition)     : 217  236  262
      |(Reference)      : 218  237  263
     nxp
      |(Class and Type) : variable name, INTEGER(4)
      |(Attributes)     : common-block-object, use-associated
      |(Declaration)    : 
      |(Definition)     : 
      |(Reference)      : 177  177  177  177  181  182  182  182
     phi
      |(Class and Type) : variable name, REAL(8)
      |(Attributes)     : DIMENSION, dummy-argument
      |(Declaration)    : 165  177
      |(Definition)     : 208
      |(Reference)      : 
     phib
      |(Class and Type) : variable name, REAL(8)
      |(Attributes)     : DIMENSION, dummy-argument
      |(Declaration)    : 165  177
      |(Definition)     : 208
      |(Reference)      : 
     phips
      |(Class and Type) : variable name, REAL(8)
      |(Attributes)     : DIMENSION, dummy-argument
      |(Declaration)    : 165  181
      |(Definition)     : 208
      |(Reference)      : 219  238  264
     phistd
      |(Class and Type) : variable name, REAL(8)
      |(Attributes)     : DIMENSION, dummy-argument
      |(Declaration)    : 165  180
      |(Definition)     : 
      |(Reference)      : 264
     pk
      |(Class and Type) : variable name, REAL(8)
      |(Attributes)     : DIMENSION, dummy-argument
      |(Declaration)    : 165  177
      |(Definition)     : 208
      |(Reference)      : 
     pklp
      |(Class and Type) : variable name, REAL(8)
      |(Attributes)     : DIMENSION, dummy-argument
      |(Declaration)    : 165  177
      |(Definition)     : 208
      |(Reference)      : 
     pkout
      |(Class and Type) : variable name, REAL(8)
      |(Attributes)     : DIMENSION, dummy-argument
      |(Declaration)    : 165  177
      |(Definition)     : 208
      |(Reference)      : 
     plev
      |(Class and Type) : variable name, REAL(8)
      |(Attributes)     : DIMENSION, dummy-argument
      |(Declaration)    : 165  177
      |(Definition)     : 
      |(Reference)      : 203  214  233  257
     pout
      |(Class and Type) : variable name, REAL(8)
      |(Attributes)     : DIMENSION
      |(Declaration)    : 181
      |(Definition)     : 280  288
      |(Reference)      : 
     qmaxn3
      |(Class and Type) : external subroutine name
      |(Attributes)     : 
      |(Declaration)    : 
      |(Definition)     : 
      |(Reference)      : 278
     RTYPE
      |(Class and Type) : named constant, INTEGER(4)
      |(Attributes)     : use-associated
      |(Declaration)    : 
      |(Definition)     : 
      |(Reference)      : 171  181  182
     rank
      |(Class and Type) : module name
      |(Attributes)     : 
      |(Declaration)    : 
      |(Definition)     : 
      |(Reference)      : 170
     slp
      |(Class and Type) : variable name, REAL(8)
      |(Attributes)     : DIMENSION
      |(Declaration)    : 181
      |(Definition)     : 271  273  278
      |(Reference)      : 272  280
     smth9
      |(Class and Type) : external subroutine name
      |(Attributes)     : 
      |(Declaration)    : 
      |(Definition)     : 
      |(Reference)      : 271  273
     syslbl
      |(Class and Type) : external subroutine name
      |(Attributes)     : 
      |(Declaration)    : 
      |(Definition)     : 
      |(Reference)      : 268
     tens
      |(Class and Type) : variable name, REAL(8)
      |(Attributes)     : DIMENSION
      |(Declaration)    : 180
      |(Definition)     : 197  199  200  208
      |(Reference)      : 
     tmp
      |(Class and Type) : variable name, REAL(8)
      |(Attributes)     : DIMENSION
      |(Declaration)    : 182
      |(Definition)     : 264  266
      |(Reference)      : 
     unify_reduceintp
      |(Class and Type) : external subroutine name
      |(Attributes)     : 
      |(Declaration)    : 
      |(Definition)     : 
      |(Reference)      : 266
     voterp
      |(Class and Type) : external subroutine name
      |(Attributes)     : 
      |(Declaration)    : 
      |(Definition)     : 
      |(Reference)      : 208
     whtlev
      |(Class and Type) : variable name, REAL(8)
      |(Attributes)     : DIMENSION, dummy-argument
      |(Declaration)    : 165  177
      |(Definition)     : 
      |(Reference)      : 257
   Cross reference of label
     (Label) (label-kind)               (line-no.)
     ------- ------------- ------------ ----------
         10  execution     (Definition) 286  
                           (Reference)  255
         11  execution     (Definition) 265  
                           (Reference)  260  263
         20  execution     (Definition) 287  
                           (Reference)  254  284

 Scoping unit of module sub-program : shumout
   Attribute and Cross reference of name
     const
      |(Class and Type) : module name
      |(Attributes)     : 
      |(Declaration)    : 
      |(Definition)     : 
      |(Reference)      : 298
     dew
      |(Class and Type) : variable name, REAL(8)
      |(Attributes)     : DIMENSION, dummy-argument
      |(Declaration)    : 293  306
      |(Definition)     : 332  351
      |(Reference)      : 
     dmswrit_split
      |(Class and Type) : external subroutine name
      |(Attributes)     : 
      |(Declaration)    : 
      |(Definition)     : 
      |(Reference)      : 381
     dpd
      |(Class and Type) : variable name, REAL(8)
      |(Attributes)     : DIMENSION, dummy-argument
      |(Declaration)    : 293  303
      |(Definition)     : 332
      |(Reference)      : 
     dpdb
      |(Class and Type) : variable name, REAL(8)
      |(Attributes)     : DIMENSION, dummy-argument
      |(Declaration)    : 293  303
      |(Definition)     : 332
      |(Reference)      : 
     ffx
      |(Class and Type) : variable name, REAL(8)
      |(Attributes)     : DIMENSION
      |(Declaration)    : 306
      |(Definition)     : 351  355  357  361
      |(Reference)      : 357
     ggdef
      |(Class and Type) : variable name, CHARACTER(4,1)
      |(Attributes)     : dummy-argument
      |(Declaration)    : 293  316
      |(Definition)     : 367
      |(Reference)      : 
     glob
      |(Class and Type) : variable name, REAL(8)
      |(Attributes)     : DIMENSION, dummy-argument
      |(Declaration)    : 293  306
      |(Definition)     : 361  372
      |(Reference)      : 374
     i
      |(Class and Type) : variable name, INTEGER(4)
      |(Attributes)     : 
      |(Declaration)    : 310
      |(Definition)     : 356
      |(Reference)      : 357  357
     idtg
      |(Class and Type) : variable name, INTEGER(8)
      |(Attributes)     : dummy-argument
      |(Declaration)    : 293  312
      |(Definition)     : 367
      |(Reference)      : 
     ifilout
      |(Class and Type) : variable name, CHARACTER(80,1)
      |(Attributes)     : dummy-argument
      |(Declaration)    : 293  313
      |(Definition)     : 381
      |(Reference)      : 
     ihdg
      |(Class and Type) : variable name, CHARACTER(26,1)
      |(Attributes)     : 
      |(Declaration)    : 314
      |(Definition)     : 367  372  372
      |(Reference)      : 375
     ihdg2
      |(Class and Type) : variable name, CHARACTER(26,1)
      |(Attributes)     : 
      |(Declaration)    : 314
      |(Definition)     : 375  381
      |(Reference)      : 
     index
      |(Class and Type) : module name
      |(Attributes)     : 
      |(Declaration)    : 
      |(Definition)     : 
      |(Reference)      : 296
     int
      |(Class and Type) : intrinsic function name, INTEGER(4)
      |(Attributes)     : PURE, ELEMENTAL
      |(Declaration)    : 
      |(Definition)     : 
      |(Reference)      : 327
     istat
      |(Class and Type) : variable name, INTEGER(4)
      |(Attributes)     : 
      |(Declaration)    : 310
      |(Definition)     : 381
      |(Reference)      : 
     itau
      |(Class and Type) : variable name, INTEGER(4)
      |(Attributes)     : dummy-argument
      |(Declaration)    : 293  301
      |(Definition)     : 367
      |(Reference)      : 
     j
      |(Class and Type) : variable name, INTEGER(4)
      |(Attributes)     : 
      |(Declaration)    : 310
      |(Definition)     : 354
      |(Reference)      : 355
     jj
      |(Class and Type) : variable name, INTEGER(4)
      |(Attributes)     : 
      |(Declaration)    : 310
      |(Definition)     : 353
      |(Reference)      : 354  355  357  357
     jlist1
      |(Class and Type) : variable name, INTEGER(4)
      |(Attributes)     : ALLOCATABLE, DIMENSION, SAVE, use-associated
      |(Declaration)    : 
      |(Definition)     : 
      |(Reference)      : 354
     jlistnum
      |(Class and Type) : variable name, INTEGER(4)
      |(Attributes)     : common-block-object, use-associated
      |(Declaration)    : 
      |(Definition)     : 
      |(Reference)      : 353
     k
      |(Class and Type) : variable name, INTEGER(4)
      |(Attributes)     : 
      |(Declaration)    : 310
      |(Definition)     : 320  326  338
      |(Reference)      : 321  327  328  340  351  367
     kflag
      |(Class and Type) : named constant, CHARACTER(1,1)
      |(Attributes)     : use-associated
      |(Declaration)    : 
      |(Definition)     : 
      |(Reference)      : 298  381
     lenc
      |(Class and Type) : variable name, INTEGER(4)
      |(Attributes)     : 
      |(Declaration)    : 310
      |(Definition)     : 334  381
      |(Reference)      : 
     lev
      |(Class and Type) : variable name, INTEGER(4)
      |(Attributes)     : dummy-argument
      |(Declaration)    : 293  301
      |(Definition)     : 332
      |(Reference)      : 303  303  303  320  323  324
     lpl
      |(Class and Type) : variable name, INTEGER(4)
      |(Attributes)     : 
      |(Declaration)    : 310
      |(Definition)     : 327
      |(Reference)      : 328
     lpout
      |(Class and Type) : variable name, INTEGER(4)
      |(Attributes)     : dummy-argument
      |(Declaration)    : 293  301
      |(Definition)     : 332
      |(Reference)      : 303  303  306  315  326  330  338
     lrec
      |(Class and Type) : variable name, CHARACTER(6,1)
      |(Attributes)     : DIMENSION
      |(Declaration)    : 315
      |(Definition)     : 328  330  367
      |(Reference)      : 
     lreduce
      |(Class and Type) : variable name, INTEGER(4)
      |(Attributes)     : common-block-object, use-associated
      |(Declaration)    : 
      |(Definition)     : 
      |(Reference)      : 352
     lwrite
      |(Class and Type) : variable name, LOGICAL(4)
      |(Attributes)     : dummy-argument
      |(Declaration)    : 293  318
      |(Definition)     : 
      |(Reference)      : 381
     max
      |(Class and Type) : intrinsic function name, REAL(8)
      |(Attributes)     : PURE, ELEMENTAL
      |(Declaration)    : 
      |(Definition)     : 
      |(Reference)      : 357
     min
      |(Class and Type) : intrinsic function name, REAL(8)
      |(Attributes)     : PURE, ELEMENTAL
      |(Declaration)    : 
      |(Definition)     : 
      |(Reference)      : 357
     mpe2d_unify_my
      |(Class and Type) : external subroutine name
      |(Attributes)     : 
      |(Declaration)    : 
      |(Definition)     : 
      |(Reference)      : 361
     mpe2d_unify_nx
      |(Class and Type) : external subroutine name
      |(Attributes)     : 
      |(Declaration)    : 
      |(Definition)     : 
      |(Reference)      : 351
     my
      |(Class and Type) : variable name, INTEGER(4)
      |(Attributes)     : dummy-argument
      |(Declaration)    : 293  301
      |(Definition)     : 332  372  381
      |(Reference)      : 306  306  334
     my_max
      |(Class and Type) : variable name, INTEGER(4)
      |(Attributes)     : dummy-argument
      |(Declaration)    : 293  301
      |(Definition)     : 332
      |(Reference)      : 303  303  303  303  306  306  306
     myrank
      |(Class and Type) : variable name, INTEGER(4)
      |(Attributes)     : common-block-object, use-associated
      |(Declaration)    : 
      |(Definition)     : 
      |(Reference)      : 297  373  381
     n
      |(Class and Type) : variable name, INTEGER(4)
      |(Attributes)     : 
      |(Declaration)    : 310
      |(Definition)     : 337
      |(Reference)      : 340
     ncnt
      |(Class and Type) : variable name, INTEGER(4)
      |(Attributes)     : 
      |(Declaration)    : 301
      |(Definition)     : 335  344
      |(Reference)      : 344  373  381
     num
      |(Class and Type) : variable name, INTEGER(4)
      |(Attributes)     : dummy-argument
      |(Declaration)    : 293  301
      |(Definition)     : 
      |(Reference)      : 303  337
     nx
      |(Class and Type) : variable name, INTEGER(4)
      |(Attributes)     : dummy-argument
      |(Declaration)    : 293  301
      |(Definition)     : 332  355  372  381
      |(Reference)      : 306  306  306  334  356
     nxdef
      |(Class and Type) : variable name, INTEGER(4)
      |(Attributes)     : ALLOCATABLE, DIMENSION, SAVE, use-associated
      |(Declaration)    : 
      |(Definition)     : 355
      |(Reference)      : 
     nxj
      |(Class and Type) : variable name, INTEGER(4)
      |(Attributes)     : 
      |(Declaration)    : 310
      |(Definition)     : 
      |(Reference)      : 
     nxp
      |(Class and Type) : variable name, INTEGER(4)
      |(Attributes)     : common-block-object, use-associated
      |(Declaration)    : 
      |(Definition)     : 
      |(Reference)      : 303  303  303  303  306  306
     pk
      |(Class and Type) : variable name, REAL(8)
      |(Attributes)     : DIMENSION, dummy-argument
      |(Declaration)    : 293  303
      |(Definition)     : 332
      |(Reference)      : 
     pklp
      |(Class and Type) : variable name, REAL(8)
      |(Attributes)     : DIMENSION, dummy-argument
      |(Declaration)    : 293  303
      |(Definition)     : 332
      |(Reference)      : 
     pkout
      |(Class and Type) : variable name, REAL(8)
      |(Attributes)     : DIMENSION, dummy-argument
      |(Declaration)    : 293  303
      |(Definition)     : 332
      |(Reference)      : 
     plev
      |(Class and Type) : variable name, REAL(8)
      |(Attributes)     : DIMENSION, dummy-argument
      |(Declaration)    : 293  303
      |(Definition)     : 
      |(Reference)      : 327  340
     pout
      |(Class and Type) : variable name, REAL(8)
      |(Attributes)     : DIMENSION
      |(Declaration)    : 306
      |(Definition)     : 374  381
      |(Reference)      : 
     qmaxn3
      |(Class and Type) : external subroutine name
      |(Attributes)     : 
      |(Declaration)    : 
      |(Definition)     : 
      |(Reference)      : 372
     RTYPE
      |(Class and Type) : named constant, INTEGER(4)
      |(Attributes)     : use-associated
      |(Declaration)    : 
      |(Definition)     : 
      |(Reference)      : 298  306
     rank
      |(Class and Type) : module name
      |(Attributes)     : 
      |(Declaration)    : 
      |(Definition)     : 
      |(Reference)      : 297
     reduceintp
      |(Class and Type) : external subroutine name
      |(Attributes)     : 
      |(Declaration)    : 
      |(Definition)     : 
      |(Reference)      : 355
     shumout
      |(Class and Type) : module subroutine name
      |(Attributes)     : 
      |(Declaration)    : 
      |(Definition)     : 293
      |(Reference)      : 384
     syslbl
      |(Class and Type) : external subroutine name
      |(Attributes)     : 
      |(Declaration)    : 
      |(Definition)     : 
      |(Reference)      : 367
     tens
      |(Class and Type) : variable name, REAL(8)
      |(Attributes)     : DIMENSION
      |(Declaration)    : 303
      |(Definition)     : 321  323  324  332
      |(Reference)      : 
     tmp
      |(Class and Type) : variable name, REAL(8)
      |(Attributes)     : DIMENSION
      |(Declaration)    : 306
      |(Definition)     : 
      |(Reference)      : 
     voterp
      |(Class and Type) : external subroutine name
      |(Attributes)     : 
      |(Declaration)    : 
      |(Definition)     : 
      |(Reference)      : 332
     whtlev
      |(Class and Type) : variable name, REAL(8)
      |(Attributes)     : DIMENSION, dummy-argument
      |(Declaration)    : 293  303
      |(Definition)     : 
      |(Reference)      : 340
   Cross reference of label
     (Label) (label-kind)               (line-no.)
     ------- ------------- ------------ ----------
         10  execution     (Definition) 379  
                           (Reference)  338
         30  execution     (Definition) 380  
                           (Reference)  337  377

 Scoping unit of module sub-program : shumout2
   Attribute and Cross reference of name
     const
      |(Class and Type) : module name
      |(Attributes)     : 
      |(Declaration)    : 
      |(Definition)     : 
      |(Reference)      : 393
     cspec
      |(Class and Type) : variable name, CHARACTER(3,1)
      |(Attributes)     : DIMENSION
      |(Declaration)    : 413
      |(Definition)     : 416
      |(Reference)      : 431  433
     dew
      |(Class and Type) : variable name, REAL(8)
      |(Attributes)     : DIMENSION, dummy-argument
      |(Declaration)    : 386  402
      |(Definition)     : 454  474
      |(Reference)      : 
     dmswrit_split
      |(Class and Type) : external subroutine name
      |(Attributes)     : 
      |(Declaration)    : 
      |(Definition)     : 
      |(Reference)      : 500
     dpd
      |(Class and Type) : variable name, REAL(8)
      |(Attributes)     : DIMENSION, dummy-argument
      |(Declaration)    : 386  399
      |(Definition)     : 454
      |(Reference)      : 
     dpdb
      |(Class and Type) : variable name, REAL(8)
      |(Attributes)     : DIMENSION, dummy-argument
      |(Declaration)    : 386  399
      |(Definition)     : 454
      |(Reference)      : 
     ffx
      |(Class and Type) : variable name, REAL(8)
      |(Attributes)     : DIMENSION
      |(Declaration)    : 402
      |(Definition)     : 474  478  480  484
      |(Reference)      : 480
     ggdef
      |(Class and Type) : variable name, CHARACTER(4,1)
      |(Attributes)     : dummy-argument
      |(Declaration)    : 386  412
      |(Definition)     : 489
      |(Reference)      : 
     glob
      |(Class and Type) : variable name, REAL(8)
      |(Attributes)     : DIMENSION, dummy-argument
      |(Declaration)    : 386  402
      |(Definition)     : 484  491
      |(Reference)      : 493
     i
      |(Class and Type) : variable name, INTEGER(4)
      |(Attributes)     : 
      |(Declaration)    : 406
      |(Definition)     : 479
      |(Reference)      : 480  480
     idtg
      |(Class and Type) : variable name, INTEGER(8)
      |(Attributes)     : dummy-argument
      |(Declaration)    : 386  408
      |(Definition)     : 489
      |(Reference)      : 
     ifilout
      |(Class and Type) : variable name, CHARACTER(80,1)
      |(Attributes)     : dummy-argument
      |(Declaration)    : 386  409
      |(Definition)     : 500
      |(Reference)      : 
     ihdg
      |(Class and Type) : variable name, CHARACTER(26,1)
      |(Attributes)     : 
      |(Declaration)    : 410
      |(Definition)     : 489  491  491
      |(Reference)      : 494
     ihdg2
      |(Class and Type) : variable name, CHARACTER(26,1)
      |(Attributes)     : 
      |(Declaration)    : 410
      |(Definition)     : 494  500
      |(Reference)      : 
     index
      |(Class and Type) : module name
      |(Attributes)     : 
      |(Declaration)    : 
      |(Definition)     : 
      |(Reference)      : 389
     int
      |(Class and Type) : intrinsic function name, INTEGER(4)
      |(Attributes)     : PURE, ELEMENTAL
      |(Declaration)    : 
      |(Definition)     : 
      |(Reference)      : 430  438  446
     istat
      |(Class and Type) : variable name, INTEGER(4)
      |(Attributes)     : 
      |(Declaration)    : 406
      |(Definition)     : 500
      |(Reference)      : 
     itau
      |(Class and Type) : variable name, INTEGER(4)
      |(Attributes)     : dummy-argument
      |(Declaration)    : 386  397
      |(Definition)     : 489
      |(Reference)      : 
     j
      |(Class and Type) : variable name, INTEGER(4)
      |(Attributes)     : 
      |(Declaration)    : 406
      |(Definition)     : 477
      |(Reference)      : 478
     jj
      |(Class and Type) : variable name, INTEGER(4)
      |(Attributes)     : 
      |(Declaration)    : 406
      |(Definition)     : 476
      |(Reference)      : 477  478  480  480
     jlist1
      |(Class and Type) : variable name, INTEGER(4)
      |(Attributes)     : ALLOCATABLE, DIMENSION, SAVE, use-associated
      |(Declaration)    : 
      |(Definition)     : 
      |(Reference)      : 477
     jlistnum
      |(Class and Type) : variable name, INTEGER(4)
      |(Attributes)     : common-block-object, use-associated
      |(Declaration)    : 
      |(Definition)     : 
      |(Reference)      : 476
     k
      |(Class and Type) : variable name, INTEGER(4)
      |(Attributes)     : 
      |(Declaration)    : 406
      |(Definition)     : 421  429  437  445  460
      |(Reference)      : 422  430  431  438  439  446  447  462  474  489
     kflag
      |(Class and Type) : named constant, CHARACTER(1,1)
      |(Attributes)     : use-associated
      |(Declaration)    : 
      |(Definition)     : 
      |(Reference)      : 393  500
     lenc
      |(Class and Type) : variable name, INTEGER(4)
      |(Attributes)     : 
      |(Declaration)    : 406
      |(Definition)     : 456  500
      |(Reference)      : 
     lev
      |(Class and Type) : variable name, INTEGER(4)
      |(Attributes)     : dummy-argument
      |(Declaration)    : 386  397
      |(Definition)     : 454
      |(Reference)      : 399  399  399  421  424  425
     lpl
      |(Class and Type) : variable name, INTEGER(4)
      |(Attributes)     : 
      |(Declaration)    : 406
      |(Definition)     : 430  438  446
      |(Reference)      : 431  439  447
     lpout
      |(Class and Type) : variable name, INTEGER(4)
      |(Attributes)     : dummy-argument
      |(Declaration)    : 386  397
      |(Definition)     : 454
      |(Reference)      : 399  399  402  411  429  433  437  441  445  449  460
     lrec
      |(Class and Type) : variable name, CHARACTER(6,1)
      |(Attributes)     : DIMENSION
      |(Declaration)    : 411
      |(Definition)     : 431  433  439  441  447  449  489
      |(Reference)      : 
     lreduce
      |(Class and Type) : variable name, INTEGER(4)
      |(Attributes)     : common-block-object, use-associated
      |(Declaration)    : 
      |(Definition)     : 
      |(Reference)      : 475
     lwrite
      |(Class and Type) : variable name, LOGICAL(4)
      |(Attributes)     : dummy-argument
      |(Declaration)    : 386  414
      |(Definition)     : 
      |(Reference)      : 500
     max
      |(Class and Type) : intrinsic function name, REAL(8)
      |(Attributes)     : PURE, ELEMENTAL
      |(Declaration)    : 
      |(Definition)     : 
      |(Reference)      : 480
     mpe2d_unify_my
      |(Class and Type) : external subroutine name
      |(Attributes)     : 
      |(Declaration)    : 
      |(Definition)     : 
      |(Reference)      : 484
     mpe2d_unify_nx
      |(Class and Type) : external subroutine name
      |(Attributes)     : 
      |(Declaration)    : 
      |(Definition)     : 
      |(Reference)      : 474
     my
      |(Class and Type) : variable name, INTEGER(4)
      |(Attributes)     : dummy-argument
      |(Declaration)    : 386  397
      |(Definition)     : 454  491  500
      |(Reference)      : 402  402  456
     my_max
      |(Class and Type) : variable name, INTEGER(4)
      |(Attributes)     : dummy-argument
      |(Declaration)    : 386  397
      |(Definition)     : 454
      |(Reference)      : 399  399  399  399  402  402  402
     myrank
      |(Class and Type) : variable name, INTEGER(4)
      |(Attributes)     : common-block-object, use-associated
      |(Declaration)    : 
      |(Definition)     : 
      |(Reference)      : 390  492  500
     n
      |(Class and Type) : variable name, INTEGER(4)
      |(Attributes)     : 
      |(Declaration)    : 406
      |(Definition)     : 459
      |(Reference)      : 462
     ncld
      |(Class and Type) : variable name, INTEGER(4)
      |(Attributes)     : common-block-object, use-associated
      |(Declaration)    : 
      |(Definition)     : 
      |(Reference)      : 392  418  419  443
     ncnt
      |(Class and Type) : variable name, INTEGER(4)
      |(Attributes)     : 
      |(Declaration)    : 397
      |(Definition)     : 457  467
      |(Reference)      : 467  492  500
     ntoz
      |(Class and Type) : variable name, INTEGER(4)
      |(Attributes)     : SAVE, use-associated
      |(Declaration)    : 
      |(Definition)     : 
      |(Reference)      : 391  419  435
     ntrac
      |(Class and Type) : variable name, INTEGER(4)
      |(Attributes)     : dummy-argument
      |(Declaration)    : 386  397
      |(Definition)     : 
      |(Reference)      : 427  431  433  435  443
     ntrchk
      |(Class and Type) : variable name, INTEGER(4)
      |(Attributes)     : 
      |(Declaration)    : 397
      |(Definition)     : 418  419
      |(Reference)      : 427
     num
      |(Class and Type) : variable name, INTEGER(4)
      |(Attributes)     : dummy-argument
      |(Declaration)    : 386  397
      |(Definition)     : 
      |(Reference)      : 399  459
     nx
      |(Class and Type) : variable name, INTEGER(4)
      |(Attributes)     : dummy-argument
      |(Declaration)    : 386  397
      |(Definition)     : 454  478  491  500
      |(Reference)      : 402  402  402  456  479
     nxdef
      |(Class and Type) : variable name, INTEGER(4)
      |(Attributes)     : ALLOCATABLE, DIMENSION, SAVE, use-associated
      |(Declaration)    : 
      |(Definition)     : 478
      |(Reference)      : 
     nxj
      |(Class and Type) : variable name, INTEGER(4)
      |(Attributes)     : 
      |(Declaration)    : 406
      |(Definition)     : 
      |(Reference)      : 
     nxp
      |(Class and Type) : variable name, INTEGER(4)
      |(Attributes)     : common-block-object, use-associated
      |(Declaration)    : 
      |(Definition)     : 
      |(Reference)      : 399  399  399  399  402  402
     param
      |(Class and Type) : module name
      |(Attributes)     : 
      |(Declaration)    : 
      |(Definition)     : 
      |(Reference)      : 392
     pk
      |(Class and Type) : variable name, REAL(8)
      |(Attributes)     : DIMENSION, dummy-argument
      |(Declaration)    : 386  399
      |(Definition)     : 454
      |(Reference)      : 
     pklp
      |(Class and Type) : variable name, REAL(8)
      |(Attributes)     : DIMENSION, dummy-argument
      |(Declaration)    : 386  399
      |(Definition)     : 454
      |(Reference)      : 
     pkout
      |(Class and Type) : variable name, REAL(8)
      |(Attributes)     : DIMENSION, dummy-argument
      |(Declaration)    : 386  399
      |(Definition)     : 454
      |(Reference)      : 
     plev
      |(Class and Type) : variable name, REAL(8)
      |(Attributes)     : DIMENSION, dummy-argument
      |(Declaration)    : 386  399
      |(Definition)     : 
      |(Reference)      : 430  438  446  462
     pout
      |(Class and Type) : variable name, REAL(8)
      |(Attributes)     : DIMENSION
      |(Declaration)    : 402
      |(Definition)     : 493  500
      |(Reference)      : 
     qmaxn3
      |(Class and Type) : external subroutine name
      |(Attributes)     : 
      |(Declaration)    : 
      |(Definition)     : 
      |(Reference)      : 491
     qmin
      |(Class and Type) : variable name, REAL(8)
      |(Attributes)     : use-associated
      |(Declaration)    : 
      |(Definition)     : 
      |(Reference)      : 393  480
     RTYPE
      |(Class and Type) : named constant, INTEGER(4)
      |(Attributes)     : use-associated
      |(Declaration)    : 
      |(Definition)     : 
      |(Reference)      : 393  402
     radn
      |(Class and Type) : module name
      |(Attributes)     : 
      |(Declaration)    : 
      |(Definition)     : 
      |(Reference)      : 391
     rank
      |(Class and Type) : module name
      |(Attributes)     : 
      |(Declaration)    : 
      |(Definition)     : 
      |(Reference)      : 390
     reduceintp
      |(Class and Type) : external subroutine name
      |(Attributes)     : 
      |(Declaration)    : 
      |(Definition)     : 
      |(Reference)      : 478
     shumout2
      |(Class and Type) : module subroutine name
      |(Attributes)     : 
      |(Declaration)    : 
      |(Definition)     : 386
      |(Reference)      : 505
     syslbl
      |(Class and Type) : external subroutine name
      |(Attributes)     : 
      |(Declaration)    : 
      |(Definition)     : 
      |(Reference)      : 489
     tens
      |(Class and Type) : variable name, REAL(8)
      |(Attributes)     : DIMENSION
      |(Declaration)    : 399
      |(Definition)     : 422  424  425  454
      |(Reference)      : 
     tmp
      |(Class and Type) : variable name, REAL(8)
      |(Attributes)     : DIMENSION
      |(Declaration)    : 402
      |(Definition)     : 
      |(Reference)      : 
     voterp
      |(Class and Type) : external subroutine name
      |(Attributes)     : 
      |(Declaration)    : 
      |(Definition)     : 
      |(Reference)      : 454
     whtlev
      |(Class and Type) : variable name, REAL(8)
      |(Attributes)     : DIMENSION, dummy-argument
      |(Declaration)    : 386  399
      |(Definition)     : 
      |(Reference)      : 462
   Cross reference of label
     (Label) (label-kind)               (line-no.)
     ------- ------------- ------------ ----------
         10  execution     (Definition) 498  
                           (Reference)  460
         30  execution     (Definition) 499  
                           (Reference)  459  496
         40  execution     (Definition) 502  
                           (Reference)  451

 Scoping unit of module sub-program : surfout
   Attribute and Cross reference of name
     const
      |(Class and Type) : module name
      |(Attributes)     : 
      |(Declaration)    : 
      |(Definition)     : 
      |(Reference)      : 514
     dmswrit
      |(Class and Type) : external subroutine name
      |(Attributes)     : 
      |(Declaration)    : 
      |(Definition)     : 
      |(Reference)      : 573  597
     ggdef
      |(Class and Type) : variable name, CHARACTER(4,1)
      |(Attributes)     : dummy-argument
      |(Declaration)    : 508  523
      |(Definition)     : 572  595
      |(Reference)      : 
     glob
      |(Class and Type) : variable name, REAL(8)
      |(Attributes)     : DIMENSION, dummy-argument
      |(Declaration)    : 508  520
      |(Definition)     : 571  573  574  587  597  598
      |(Reference)      : 
     i
      |(Class and Type) : variable name, INTEGER(4)
      |(Attributes)     : 
      |(Declaration)    : 517
      |(Definition)     : 537  582
      |(Reference)      : 539  539  539  540  540  584  584
     idtg
      |(Class and Type) : variable name, INTEGER(8)
      |(Attributes)     : dummy-argument
      |(Declaration)    : 508  527
      |(Definition)     : 572  595
      |(Reference)      : 
     ifilout
      |(Class and Type) : variable name, CHARACTER(80,1)
      |(Attributes)     : dummy-argument
      |(Declaration)    : 508  528
      |(Definition)     : 573  597
      |(Reference)      : 
     index
      |(Class and Type) : module name
      |(Attributes)     : 
      |(Declaration)    : 
      |(Definition)     : 
      |(Reference)      : 511
     istat
      |(Class and Type) : variable name, INTEGER(4)
      |(Attributes)     : 
      |(Declaration)    : 517
      |(Definition)     : 573  597
      |(Reference)      : 
     itau
      |(Class and Type) : variable name, INTEGER(4)
      |(Attributes)     : dummy-argument
      |(Declaration)    : 508  517
      |(Definition)     : 572  595
      |(Reference)      : 
     j
      |(Class and Type) : variable name, INTEGER(4)
      |(Attributes)     : 
      |(Declaration)    : 517
      |(Definition)     : 535  580
      |(Reference)      : 536  581
     jj
      |(Class and Type) : variable name, INTEGER(4)
      |(Attributes)     : 
      |(Declaration)    : 517
      |(Definition)     : 534  579
      |(Reference)      : 535  539  539  539  540  540  580  584  584
     jlist1
      |(Class and Type) : variable name, INTEGER(4)
      |(Attributes)     : ALLOCATABLE, DIMENSION, SAVE, use-associated
      |(Declaration)    : 
      |(Definition)     : 
      |(Reference)      : 535  580
     jlistnum
      |(Class and Type) : variable name, INTEGER(4)
      |(Attributes)     : common-block-object, use-associated
      |(Declaration)    : 
      |(Definition)     : 
      |(Reference)      : 534  579
     kflag
      |(Class and Type) : named constant, CHARACTER(1,1)
      |(Attributes)     : use-associated
      |(Declaration)    : 
      |(Definition)     : 
      |(Reference)      : 514  573  597
     kk
      |(Class and Type) : variable name, INTEGER(4)
      |(Attributes)     : 
      |(Declaration)    : 517
      |(Definition)     : 565
      |(Reference)      : 570  570  578  578
     label
      |(Class and Type) : variable name, CHARACTER(6,1)
      |(Attributes)     : DIMENSION
      |(Declaration)    : 530
      |(Definition)     : 557
      |(Reference)      : 570  570  578  578
     labx
      |(Class and Type) : variable name, CHARACTER(6,1)
      |(Attributes)     : 
      |(Declaration)    : 530
      |(Definition)     : 554
      |(Reference)      : 557
     lenc
      |(Class and Type) : variable name, INTEGER(4)
      |(Attributes)     : 
      |(Declaration)    : 517
      |(Definition)     : 563  573  597
      |(Reference)      : 
     lev
      |(Class and Type) : variable name, INTEGER(4)
      |(Attributes)     : 
      |(Declaration)    : 517
      |(Definition)     : 554
      |(Reference)      : 555
     lrec
      |(Class and Type) : variable name, CHARACTER(26,1)
      |(Attributes)     : 
      |(Declaration)    : 529
      |(Definition)     : 572  573  574  574  595  597  598  598
      |(Reference)      : 
     lwrite
      |(Class and Type) : variable name, LOGICAL(4)
      |(Attributes)     : dummy-argument
      |(Declaration)    : 508  532
      |(Definition)     : 
      |(Reference)      : 573  597
     mpe
      |(Class and Type) : module name
      |(Attributes)     : 
      |(Declaration)    : 
      |(Definition)     : 
      |(Reference)      : 512
     my
      |(Class and Type) : variable name, INTEGER(4)
      |(Attributes)     : dummy-argument
      |(Declaration)    : 508  517
      |(Definition)     : 571  573  574  587  597  598
      |(Reference)      : 520  563
     my_max
      |(Class and Type) : variable name, INTEGER(4)
      |(Attributes)     : dummy-argument
      |(Declaration)    : 508  517
      |(Definition)     : 571  587
      |(Reference)      : 519  520  520  520  520
     n
      |(Class and Type) : variable name, INTEGER(4)
      |(Attributes)     : 
      |(Declaration)    : 517
      |(Definition)     : 553
      |(Reference)      : 554
     ntau
      |(Class and Type) : variable name, INTEGER(4)
      |(Attributes)     : dummy-argument
      |(Declaration)    : 508  517
      |(Definition)     : 
      |(Reference)      : 522  530  553
     num
      |(Class and Type) : variable name, INTEGER(4)
      |(Attributes)     : 
      |(Declaration)    : 517
      |(Definition)     : 552  556
      |(Reference)      : 556  557  560  565
     nx
      |(Class and Type) : variable name, INTEGER(4)
      |(Attributes)     : dummy-argument
      |(Declaration)    : 508  517
      |(Definition)     : 571  573  574  587  597  598
      |(Reference)      : 520  563
     nxdef_2d
      |(Class and Type) : variable name, INTEGER(4)
      |(Attributes)     : ALLOCATABLE, DIMENSION, SAVE, use-associated
      |(Declaration)    : 
      |(Definition)     : 
      |(Reference)      : 536  581
     nxj
      |(Class and Type) : variable name, INTEGER(4)
      |(Attributes)     : 
      |(Declaration)    : 517
      |(Definition)     : 536  581
      |(Reference)      : 537  582
     nxp
      |(Class and Type) : variable name, INTEGER(4)
      |(Attributes)     : common-block-object, use-associated
      |(Declaration)    : 
      |(Definition)     : 
      |(Reference)      : 519  520  520  520  520
     pdiff
      |(Class and Type) : variable name, REAL(8)
      |(Attributes)     : DIMENSION, dummy-argument
      |(Declaration)    : 508  519
      |(Definition)     : 
      |(Reference)      : 539
     pt
      |(Class and Type) : variable name, REAL(8)
      |(Attributes)     : DIMENSION, dummy-argument
      |(Declaration)    : 508  520
      |(Definition)     : 
      |(Reference)      : 539  584
     ptend
      |(Class and Type) : variable name, REAL(8)
      |(Attributes)     : DIMENSION, dummy-argument
      |(Declaration)    : 508  520
      |(Definition)     : 540
      |(Reference)      : 540
     ptop
      |(Class and Type) : variable name, REAL(8)
      |(Attributes)     : dummy-argument
      |(Declaration)    : 508  525
      |(Definition)     : 
      |(Reference)      : 584
     qmaxn3
      |(Class and Type) : external subroutine name
      |(Attributes)     : 
      |(Declaration)    : 
      |(Definition)     : 
      |(Reference)      : 574  598
     RTYPE
      |(Class and Type) : named constant, INTEGER(4)
      |(Attributes)     : use-associated
      |(Declaration)    : 
      |(Definition)     : 
      |(Reference)      : 514  520
     rank
      |(Class and Type) : module name
      |(Attributes)     : 
      |(Declaration)    : 
      |(Definition)     : 
      |(Reference)      : 513
     slp
      |(Class and Type) : variable name, REAL(8)
      |(Attributes)     : DIMENSION, dummy-argument
      |(Declaration)    : 508  520
      |(Definition)     : 539  571
      |(Reference)      : 
     surfout
      |(Class and Type) : module subroutine name
      |(Attributes)     : 
      |(Declaration)    : 
      |(Definition)     : 508
      |(Reference)      : 615
     syslbl
      |(Class and Type) : external subroutine name
      |(Attributes)     : 
      |(Declaration)    : 
      |(Definition)     : 
      |(Reference)      : 572  595
     taudir
      |(Class and Type) : variable name, CHARACTER(16,1)
      |(Attributes)     : DIMENSION, dummy-argument
      |(Declaration)    : 508  522
      |(Definition)     : 
      |(Reference)      : 554
     tmp
      |(Class and Type) : variable name, REAL(8)
      |(Attributes)     : DIMENSION
      |(Declaration)    : 520
      |(Definition)     : 584  587
      |(Reference)      : 
     tnshun
      |(Class and Type) : variable name, REAL(8)
      |(Attributes)     : 
      |(Declaration)    : 525
      |(Definition)     : 562
      |(Reference)      : 
     unify_reduceintp
      |(Class and Type) : external subroutine name
      |(Attributes)     : 
      |(Declaration)    : 
      |(Definition)     : 
      |(Reference)      : 571  587
   Cross reference of label
     (Label) (label-kind)               (line-no.)
     ------- ------------- ------------ ----------
         20  execution     (Definition) 559  
                           (Reference)  553
        100  execution     (Definition) 613  
                           (Reference)  565

 Scoping unit of module sub-program : tempout
   Attribute and Cross reference of name
     const
      |(Class and Type) : module name
      |(Attributes)     : 
      |(Declaration)    : 
      |(Definition)     : 
      |(Reference)      : 622
     dmswrit_split
      |(Class and Type) : external subroutine name
      |(Attributes)     : 
      |(Declaration)    : 
      |(Definition)     : 
      |(Reference)      : 696
     ggdef
      |(Class and Type) : variable name, CHARACTER(4,1)
      |(Attributes)     : dummy-argument
      |(Declaration)    : 617  641
      |(Definition)     : 677
      |(Reference)      : 
     glob
      |(Class and Type) : variable name, REAL(8)
      |(Attributes)     : DIMENSION
      |(Declaration)    : 633
      |(Definition)     : 672  681  682  683
      |(Reference)      : 
     i
      |(Class and Type) : variable name, INTEGER(4)
      |(Attributes)     : 
      |(Declaration)    : 626
      |(Definition)     : 
      |(Reference)      : 
     idtg
      |(Class and Type) : variable name, INTEGER(8)
      |(Attributes)     : dummy-argument
      |(Declaration)    : 617  636
      |(Definition)     : 677
      |(Reference)      : 
     ifilout
      |(Class and Type) : variable name, CHARACTER(80,1)
      |(Attributes)     : dummy-argument
      |(Declaration)    : 617  637
      |(Definition)     : 696
      |(Reference)      : 
     ihdg
      |(Class and Type) : variable name, CHARACTER(26,1)
      |(Attributes)     : 
      |(Declaration)    : 638
      |(Definition)     : 677  687  687
      |(Reference)      : 690
     ihdg2
      |(Class and Type) : variable name, CHARACTER(26,1)
      |(Attributes)     : 
      |(Declaration)    : 639
      |(Definition)     : 690  696
      |(Reference)      : 
     index
      |(Class and Type) : module name
      |(Attributes)     : 
      |(Declaration)    : 
      |(Definition)     : 
      |(Reference)      : 620
     int
      |(Class and Type) : intrinsic function name, INTEGER(4)
      |(Attributes)     : PURE, ELEMENTAL
      |(Declaration)    : 
      |(Definition)     : 
      |(Reference)      : 652
     istat
      |(Class and Type) : variable name, INTEGER(4)
      |(Attributes)     : 
      |(Declaration)    : 626
      |(Definition)     : 696
      |(Reference)      : 
     itau
      |(Class and Type) : variable name, INTEGER(4)
      |(Attributes)     : dummy-argument
      |(Declaration)    : 617  626
      |(Definition)     : 677
      |(Reference)      : 
     k
      |(Class and Type) : variable name, INTEGER(4)
      |(Attributes)     : 
      |(Declaration)    : 626
      |(Definition)     : 645  651  666
      |(Reference)      : 646  652  653  668  672  677
     kflag
      |(Class and Type) : named constant, CHARACTER(1,1)
      |(Attributes)     : use-associated
      |(Declaration)    : 
      |(Definition)     : 
      |(Reference)      : 622  696
     lenc
      |(Class and Type) : variable name, INTEGER(4)
      |(Attributes)     : 
      |(Declaration)    : 627
      |(Definition)     : 659  696
      |(Reference)      : 
     lev
      |(Class and Type) : variable name, INTEGER(4)
      |(Attributes)     : dummy-argument
      |(Declaration)    : 617  626
      |(Definition)     : 657
      |(Reference)      : 630  630  632  645  648  649
     lpl
      |(Class and Type) : variable name, INTEGER(4)
      |(Attributes)     : 
      |(Declaration)    : 627
      |(Definition)     : 652
      |(Reference)      : 653
     lpout
      |(Class and Type) : variable name, INTEGER(4)
      |(Attributes)     : dummy-argument
      |(Declaration)    : 617  626
      |(Definition)     : 657
      |(Reference)      : 630  630  633  640  651  655  666
     lrec
      |(Class and Type) : variable name, CHARACTER(6,1)
      |(Attributes)     : DIMENSION
      |(Declaration)    : 640
      |(Definition)     : 653  655  677
      |(Reference)      : 
     lwrite
      |(Class and Type) : variable name, LOGICAL(4)
      |(Attributes)     : dummy-argument
      |(Declaration)    : 617  643
      |(Definition)     : 
      |(Reference)      : 696
     my
      |(Class and Type) : variable name, INTEGER(4)
      |(Attributes)     : dummy-argument
      |(Declaration)    : 617  626
      |(Definition)     : 657  672  681  683  687  696
      |(Reference)      : 633  633  633  659
     my_max
      |(Class and Type) : variable name, INTEGER(4)
      |(Attributes)     : dummy-argument
      |(Declaration)    : 617  626
      |(Definition)     : 657  672
      |(Reference)      : 630  630  630  630  633
     myrank
      |(Class and Type) : variable name, INTEGER(4)
      |(Attributes)     : common-block-object, use-associated
      |(Declaration)    : 
      |(Definition)     : 
      |(Reference)      : 621  688  696
     n
      |(Class and Type) : variable name, INTEGER(4)
      |(Attributes)     : 
      |(Declaration)    : 626
      |(Definition)     : 665
      |(Reference)      : 668
     ncnt
      |(Class and Type) : variable name, INTEGER(4)
      |(Attributes)     : 
      |(Declaration)    : 627
      |(Definition)     : 663  670
      |(Reference)      : 670  688  696
     num
      |(Class and Type) : variable name, INTEGER(4)
      |(Attributes)     : dummy-argument
      |(Declaration)    : 617  627
      |(Definition)     : 
      |(Reference)      : 630  665
     nx
      |(Class and Type) : variable name, INTEGER(4)
      |(Attributes)     : dummy-argument
      |(Declaration)    : 617  626
      |(Definition)     : 657  672  681  683  687  696
      |(Reference)      : 633  633  633  659
     nxp
      |(Class and Type) : variable name, INTEGER(4)
      |(Attributes)     : common-block-object, use-associated
      |(Declaration)    : 
      |(Definition)     : 
      |(Reference)      : 630  630  630  630  633
     pk
      |(Class and Type) : variable name, REAL(8)
      |(Attributes)     : DIMENSION, dummy-argument
      |(Declaration)    : 617  630
      |(Definition)     : 657
      |(Reference)      : 
     pklp
      |(Class and Type) : variable name, REAL(8)
      |(Attributes)     : DIMENSION, dummy-argument
      |(Declaration)    : 617  630
      |(Definition)     : 657
      |(Reference)      : 
     pkout
      |(Class and Type) : variable name, REAL(8)
      |(Attributes)     : DIMENSION, dummy-argument
      |(Declaration)    : 617  630
      |(Definition)     : 657
      |(Reference)      : 
     plev
      |(Class and Type) : variable name, REAL(8)
      |(Attributes)     : DIMENSION, dummy-argument
      |(Declaration)    : 617  630
      |(Definition)     : 
      |(Reference)      : 652  668
     pout
      |(Class and Type) : variable name, REAL(8)
      |(Attributes)     : DIMENSION
      |(Declaration)    : 633
      |(Definition)     : 689  696
      |(Reference)      : 
     qmaxn3
      |(Class and Type) : external subroutine name
      |(Attributes)     : 
      |(Declaration)    : 
      |(Definition)     : 
      |(Reference)      : 687
     RTYPE
      |(Class and Type) : named constant, INTEGER(4)
      |(Attributes)     : use-associated
      |(Declaration)    : 
      |(Definition)     : 
      |(Reference)      : 622  633
     rank
      |(Class and Type) : module name
      |(Attributes)     : 
      |(Declaration)    : 
      |(Definition)     : 
      |(Reference)      : 621
     slp
      |(Class and Type) : variable name, REAL(8)
      |(Attributes)     : DIMENSION
      |(Declaration)    : 633
      |(Definition)     : 681  683  687
      |(Reference)      : 682  689
     smth9
      |(Class and Type) : external subroutine name
      |(Attributes)     : 
      |(Declaration)    : 
      |(Definition)     : 
      |(Reference)      : 681  683
     syslbl
      |(Class and Type) : external subroutine name
      |(Attributes)     : 
      |(Declaration)    : 
      |(Definition)     : 
      |(Reference)      : 677
     temp
      |(Class and Type) : variable name, REAL(8)
      |(Attributes)     : DIMENSION, dummy-argument
      |(Declaration)    : 617  633
      |(Definition)     : 657  672
      |(Reference)      : 
     tempout
      |(Class and Type) : module subroutine name
      |(Attributes)     : 
      |(Declaration)    : 
      |(Definition)     : 617
      |(Reference)      : 699
     tens
      |(Class and Type) : variable name, REAL(8)
      |(Attributes)     : DIMENSION
      |(Declaration)    : 632
      |(Definition)     : 646  648  649  657
      |(Reference)      : 
     tnshun
      |(Class and Type) : variable name, REAL(8)
      |(Attributes)     : 
      |(Declaration)    : 628
      |(Definition)     : 661
      |(Reference)      : 
     tt
      |(Class and Type) : variable name, REAL(8)
      |(Attributes)     : DIMENSION, dummy-argument
      |(Declaration)    : 617  630
      |(Definition)     : 657
      |(Reference)      : 
     ttbot
      |(Class and Type) : variable name, REAL(8)
      |(Attributes)     : DIMENSION, dummy-argument
      |(Declaration)    : 617  630
      |(Definition)     : 657
      |(Reference)      : 
     unify_reduceintp
      |(Class and Type) : external subroutine name
      |(Attributes)     : 
      |(Declaration)    : 
      |(Definition)     : 
      |(Reference)      : 672
     voterp
      |(Class and Type) : external subroutine name
      |(Attributes)     : 
      |(Declaration)    : 
      |(Definition)     : 
      |(Reference)      : 657
     whtlev
      |(Class and Type) : variable name, REAL(8)
      |(Attributes)     : DIMENSION, dummy-argument
      |(Declaration)    : 617  630
      |(Definition)     : 
      |(Reference)      : 668
   Cross reference of label
     (Label) (label-kind)               (line-no.)
     ------- ------------- ------------ ----------
         10  execution     (Definition) 694  
                           (Reference)  666
         30  execution     (Definition) 695  
                           (Reference)  665  692

 Scoping unit of module sub-program : vortout
   Attribute and Cross reference of name
     const
      |(Class and Type) : module name
      |(Attributes)     : 
      |(Declaration)    : 
      |(Definition)     : 
      |(Reference)      : 706
     dmswrit_split
      |(Class and Type) : external subroutine name
      |(Attributes)     : 
      |(Declaration)    : 
      |(Definition)     : 
      |(Reference)      : 802
     ggdef
      |(Class and Type) : variable name, CHARACTER(4,1)
      |(Attributes)     : dummy-argument
      |(Declaration)    : 701  725
      |(Definition)     : 788
      |(Reference)      : 
     i
      |(Class and Type) : variable name, INTEGER(4)
      |(Attributes)     : 
      |(Declaration)    : 727
      |(Definition)     : 754  769
      |(Reference)      : 755  755  770  770
     idtg
      |(Class and Type) : variable name, INTEGER(8)
      |(Attributes)     : dummy-argument
      |(Declaration)    : 701  721
      |(Definition)     : 788
      |(Reference)      : 
     ifilout
      |(Class and Type) : variable name, CHARACTER(80,1)
      |(Attributes)     : dummy-argument
      |(Declaration)    : 701  722
      |(Definition)     : 802
      |(Reference)      : 
     ihdg
      |(Class and Type) : variable name, CHARACTER(26,1)
      |(Attributes)     : 
      |(Declaration)    : 723
      |(Definition)     : 788  793  793
      |(Reference)      : 796
     ihdg2
      |(Class and Type) : variable name, CHARACTER(26,1)
      |(Attributes)     : 
      |(Declaration)    : 723
      |(Definition)     : 796  802
      |(Reference)      : 
     index
      |(Class and Type) : module name
      |(Attributes)     : 
      |(Declaration)    : 
      |(Definition)     : 
      |(Reference)      : 704
     int
      |(Class and Type) : intrinsic function name, INTEGER(4)
      |(Attributes)     : PURE, ELEMENTAL
      |(Declaration)    : 
      |(Definition)     : 
      |(Reference)      : 738
     istat
      |(Class and Type) : variable name, INTEGER(4)
      |(Attributes)     : 
      |(Declaration)    : 727
      |(Definition)     : 802
      |(Reference)      : 
     itau
      |(Class and Type) : variable name, INTEGER(4)
      |(Attributes)     : dummy-argument
      |(Declaration)    : 701  710
      |(Definition)     : 788
      |(Reference)      : 
     j
      |(Class and Type) : variable name, INTEGER(4)
      |(Attributes)     : 
      |(Declaration)    : 727
      |(Definition)     : 752  767
      |(Reference)      : 753  768
     jj
      |(Class and Type) : variable name, INTEGER(4)
      |(Attributes)     : 
      |(Declaration)    : 727
      |(Definition)     : 751  766
      |(Reference)      : 752  755  755  767  770  770
     jlist1
      |(Class and Type) : variable name, INTEGER(4)
      |(Attributes)     : ALLOCATABLE, DIMENSION, SAVE, use-associated
      |(Declaration)    : 
      |(Definition)     : 
      |(Reference)      : 752  767
     jlistnum
      |(Class and Type) : variable name, INTEGER(4)
      |(Attributes)     : common-block-object, use-associated
      |(Declaration)    : 
      |(Definition)     : 
      |(Reference)      : 751  766
     k
      |(Class and Type) : variable name, INTEGER(4)
      |(Attributes)     : 
      |(Declaration)    : 727
      |(Definition)     : 731  737  749  784
      |(Reference)      : 732  738  739  750  755  765  770  785  787  788
     kflag
      |(Class and Type) : named constant, CHARACTER(1,1)
      |(Attributes)     : use-associated
      |(Declaration)    : 
      |(Definition)     : 
      |(Reference)      : 706  802
     lenc
      |(Class and Type) : variable name, INTEGER(4)
      |(Attributes)     : 
      |(Declaration)    : 727
      |(Definition)     : 746  802
      |(Reference)      : 
     lev
      |(Class and Type) : variable name, INTEGER(4)
      |(Attributes)     : dummy-argument
      |(Declaration)    : 701  710
      |(Definition)     : 744
      |(Reference)      : 712  712  715  716  731  734  735
     lpl
      |(Class and Type) : variable name, INTEGER(4)
      |(Attributes)     : 
      |(Declaration)    : 727
      |(Definition)     : 738
      |(Reference)      : 739
     lpout
      |(Class and Type) : variable name, INTEGER(4)
      |(Attributes)     : dummy-argument
      |(Declaration)    : 701  710
      |(Definition)     : 744
      |(Reference)      : 712  712  715  724  737  741  749  784
     lrec
      |(Class and Type) : variable name, CHARACTER(6,1)
      |(Attributes)     : DIMENSION
      |(Declaration)    : 724
      |(Definition)     : 739  741  788
      |(Reference)      : 
     lwrite
      |(Class and Type) : variable name, LOGICAL(4)
      |(Attributes)     : dummy-argument
      |(Declaration)    : 701  729
      |(Definition)     : 
      |(Reference)      : 802
     my
      |(Class and Type) : variable name, INTEGER(4)
      |(Attributes)     : dummy-argument
      |(Declaration)    : 701  710
      |(Definition)     : 744  787  793  802
      |(Reference)      : 718  718  746
     my_max
      |(Class and Type) : variable name, INTEGER(4)
      |(Attributes)     : dummy-argument
      |(Declaration)    : 701  710
      |(Definition)     : 744  787
      |(Reference)      : 712  712  712  712  715  715  717  717
     myrank
      |(Class and Type) : variable name, INTEGER(4)
      |(Attributes)     : common-block-object, use-associated
      |(Declaration)    : 
      |(Definition)     : 
      |(Reference)      : 705  794  802
     n
      |(Class and Type) : variable name, INTEGER(4)
      |(Attributes)     : 
      |(Declaration)    : 727
      |(Definition)     : 783
      |(Reference)      : 785
     ncnt
      |(Class and Type) : variable name, INTEGER(4)
      |(Attributes)     : 
      |(Declaration)    : 710
      |(Definition)     : 747  786
      |(Reference)      : 786  794  802
     num
      |(Class and Type) : variable name, INTEGER(4)
      |(Attributes)     : dummy-argument
      |(Declaration)    : 701  710
      |(Definition)     : 
      |(Reference)      : 712  783
     nx
      |(Class and Type) : variable name, INTEGER(4)
      |(Attributes)     : dummy-argument
      |(Declaration)    : 701  710
      |(Definition)     : 744  787  793  802
      |(Reference)      : 718  718  746
     nxdef_2d
      |(Class and Type) : variable name, INTEGER(4)
      |(Attributes)     : ALLOCATABLE, DIMENSION, SAVE, use-associated
      |(Declaration)    : 
      |(Definition)     : 
      |(Reference)      : 753  768
     nxj
      |(Class and Type) : variable name, INTEGER(4)
      |(Attributes)     : 
      |(Declaration)    : 727
      |(Definition)     : 753  768
      |(Reference)      : 754  769
     nxp
      |(Class and Type) : variable name, INTEGER(4)
      |(Attributes)     : common-block-object, use-associated
      |(Declaration)    : 
      |(Definition)     : 
      |(Reference)      : 712  712  712  712  715  715  717  717
     pk
      |(Class and Type) : variable name, REAL(8)
      |(Attributes)     : DIMENSION, dummy-argument
      |(Declaration)    : 701  712
      |(Definition)     : 744
      |(Reference)      : 
     pklp
      |(Class and Type) : variable name, REAL(8)
      |(Attributes)     : DIMENSION, dummy-argument
      |(Declaration)    : 701  712
      |(Definition)     : 744
      |(Reference)      : 
     pkout
      |(Class and Type) : variable name, REAL(8)
      |(Attributes)     : DIMENSION, dummy-argument
      |(Declaration)    : 701  712
      |(Definition)     : 744
      |(Reference)      : 
     plev
      |(Class and Type) : variable name, REAL(8)
      |(Attributes)     : DIMENSION, dummy-argument
      |(Declaration)    : 701  712
      |(Definition)     : 
      |(Reference)      : 738  750  765  785
     pout
      |(Class and Type) : variable name, REAL(8)
      |(Attributes)     : DIMENSION
      |(Declaration)    : 718
      |(Definition)     : 795  802
      |(Reference)      : 
     qmaxn3
      |(Class and Type) : external subroutine name
      |(Attributes)     : 
      |(Declaration)    : 
      |(Definition)     : 
      |(Reference)      : 793
     RTYPE
      |(Class and Type) : named constant, INTEGER(4)
      |(Attributes)     : use-associated
      |(Declaration)    : 
      |(Definition)     : 
      |(Reference)      : 706  715  717  718
     rank
      |(Class and Type) : module name
      |(Attributes)     : 
      |(Declaration)    : 
      |(Definition)     : 
      |(Reference)      : 705
     rvor
      |(Class and Type) : variable name, REAL(8)
      |(Attributes)     : DIMENSION, dummy-argument
      |(Declaration)    : 701  715
      |(Definition)     : 
      |(Reference)      : 742
     rvorb
      |(Class and Type) : variable name, REAL(8)
      |(Attributes)     : DIMENSION, dummy-argument
      |(Declaration)    : 701  712
      |(Definition)     : 744
      |(Reference)      : 
     syslbl
      |(Class and Type) : external subroutine name
      |(Attributes)     : 
      |(Declaration)    : 
      |(Definition)     : 
      |(Reference)      : 788
     tens
      |(Class and Type) : variable name, REAL(8)
      |(Attributes)     : DIMENSION
      |(Declaration)    : 716
      |(Definition)     : 732  734  735  744
      |(Reference)      : 
     unify_reduceintp
      |(Class and Type) : external subroutine name
      |(Attributes)     : 
      |(Declaration)    : 
      |(Definition)     : 
      |(Reference)      : 787
     v700
      |(Class and Type) : variable name, REAL(8)
      |(Attributes)     : DIMENSION, dummy-argument
      |(Declaration)    : 701  717
      |(Definition)     : 770
      |(Reference)      : 
     v850
      |(Class and Type) : variable name, REAL(8)
      |(Attributes)     : DIMENSION, dummy-argument
      |(Declaration)    : 701  717
      |(Definition)     : 755
      |(Reference)      : 
     vor
      |(Class and Type) : variable name, REAL(8)
      |(Attributes)     : DIMENSION, dummy-argument
      |(Declaration)    : 701  715
      |(Definition)     : 744  787
      |(Reference)      : 755  770
     vortout
      |(Class and Type) : module subroutine name
      |(Attributes)     : 
      |(Declaration)    : 
      |(Definition)     : 701
      |(Reference)      : 805
     voterp
      |(Class and Type) : external subroutine name
      |(Attributes)     : 
      |(Declaration)    : 
      |(Definition)     : 
      |(Reference)      : 744
     whtlev
      |(Class and Type) : variable name, REAL(8)
      |(Attributes)     : DIMENSION, dummy-argument
      |(Declaration)    : 701  712
      |(Definition)     : 
      |(Reference)      : 785
     wk1
      |(Class and Type) : variable name, REAL(8)
      |(Attributes)     : DIMENSION
      |(Declaration)    : 718
      |(Definition)     : 787  793
      |(Reference)      : 795
     work3d
      |(Class and Type) : variable name, REAL(8)
      |(Attributes)     : DIMENSION
      |(Declaration)    : 712
      |(Definition)     : 742  744
      |(Reference)      : 
   Cross reference of label
     (Label) (label-kind)               (line-no.)
     ------- ------------- ------------ ----------
         10  execution     (Definition) 800  
                           (Reference)  784
         20  execution     (Definition) 801  
                           (Reference)  783  798

 Scoping unit of module sub-program : windout
   Attribute and Cross reference of name
     const
      |(Class and Type) : module name
      |(Attributes)     : 
      |(Declaration)    : 
      |(Definition)     : 
      |(Reference)      : 813
     cosl
      |(Class and Type) : variable name, REAL(8)
      |(Attributes)     : DIMENSION, dummy-argument
      |(Declaration)    : 807  820
      |(Definition)     : 
      |(Reference)      : 894  964
     dmswrit_split
      |(Class and Type) : external subroutine name
      |(Attributes)     : 
      |(Declaration)    : 
      |(Definition)     : 
      |(Reference)      : 929  999  1033
     ggdef
      |(Class and Type) : variable name, CHARACTER(4,1)
      |(Attributes)     : dummy-argument
      |(Declaration)    : 807  838
      |(Definition)     : 915  985  1021
      |(Reference)      : 
     glob
      |(Class and Type) : variable name, REAL(8)
      |(Attributes)     : DIMENSION, dummy-argument
      |(Declaration)    : 807  824
      |(Definition)     : 900  920  970  990  1014  1024
      |(Reference)      : 922  992  1026
     i
      |(Class and Type) : variable name, INTEGER(4)
      |(Attributes)     : 
      |(Declaration)    : 827
      |(Definition)     : 895  965
      |(Reference)      : 896  896  896  897  897  966  966  966  967  967
     idtg
      |(Class and Type) : variable name, INTEGER(8)
      |(Attributes)     : dummy-argument
      |(Declaration)    : 807  834
      |(Definition)     : 915  985  1021
      |(Reference)      : 
     ifilout
      |(Class and Type) : variable name, CHARACTER(80,1)
      |(Attributes)     : dummy-argument
      |(Declaration)    : 807  835
      |(Definition)     : 929  999  1033
      |(Reference)      : 
     ihdg
      |(Class and Type) : variable name, CHARACTER(26,1)
      |(Attributes)     : 
      |(Declaration)    : 836
      |(Definition)     : 915  920  920  985  990  990  1021  1024  1024
      |(Reference)      : 923  993  1027
     ihdg2
      |(Class and Type) : variable name, CHARACTER(26,1)
      |(Attributes)     : 
      |(Declaration)    : 836
      |(Definition)     : 923  929  993  999  1027  1033
      |(Reference)      : 
     index
      |(Class and Type) : module name
      |(Attributes)     : 
      |(Declaration)    : 
      |(Definition)     : 
      |(Reference)      : 811
     int
      |(Class and Type) : intrinsic function name, INTEGER(4)
      |(Attributes)     : PURE, ELEMENTAL
      |(Declaration)    : 
      |(Definition)     : 
      |(Reference)      : 853
     istat
      |(Class and Type) : variable name, INTEGER(4)
      |(Attributes)     : 
      |(Declaration)    : 827
      |(Definition)     : 929  999  1033
      |(Reference)      : 
     itau
      |(Class and Type) : variable name, INTEGER(4)
      |(Attributes)     : dummy-argument
      |(Declaration)    : 807  826
      |(Definition)     : 915  985  1021
      |(Reference)      : 
     j
      |(Class and Type) : variable name, INTEGER(4)
      |(Attributes)     : 
      |(Declaration)    : 827
      |(Definition)     : 892  962
      |(Reference)      : 893  894  963  964
     jj
      |(Class and Type) : variable name, INTEGER(4)
      |(Attributes)     : 
      |(Declaration)    : 826
      |(Definition)     : 891  961
      |(Reference)      : 892  896  896  896  897  897  962  966  966  966  967  967
     jlist1
      |(Class and Type) : variable name, INTEGER(4)
      |(Attributes)     : ALLOCATABLE, DIMENSION, SAVE, use-associated
      |(Declaration)    : 
      |(Definition)     : 
      |(Reference)      : 892  962
     jlistnum
      |(Class and Type) : variable name, INTEGER(4)
      |(Attributes)     : common-block-object, use-associated
      |(Declaration)    : 
      |(Definition)     : 
      |(Reference)      : 891  961
     k
      |(Class and Type) : variable name, INTEGER(4)
      |(Attributes)     : 
      |(Declaration)    : 827
      |(Definition)     : 844  852  883  953  1009
      |(Reference)      : 845  853  854  855  856  885  896  896  897  915  955  966  966  967  985  1011  1014  1021
     kflag
      |(Class and Type) : named constant, CHARACTER(1,1)
      |(Attributes)     : use-associated
      |(Declaration)    : 
      |(Definition)     : 
      |(Reference)      : 813  929  999  1033
     krec
      |(Class and Type) : variable name, CHARACTER(6,1)
      |(Attributes)     : DIMENSION
      |(Declaration)    : 837
      |(Definition)     : 855  859  985
      |(Reference)      : 
     lenc
      |(Class and Type) : variable name, INTEGER(4)
      |(Attributes)     : 
      |(Declaration)    : 827
      |(Definition)     : 849  929  999  1033
      |(Reference)      : 
     lev
      |(Class and Type) : variable name, INTEGER(4)
      |(Attributes)     : dummy-argument
      |(Declaration)    : 807  826
      |(Definition)     : 865  934  1005
      |(Reference)      : 817  817  817  820  820  820  823  844  847  848
     lpl
      |(Class and Type) : variable name, INTEGER(4)
      |(Attributes)     : 
      |(Declaration)    : 827
      |(Definition)     : 853
      |(Reference)      : 854  855  856
     lpout
      |(Class and Type) : variable name, INTEGER(4)
      |(Attributes)     : dummy-argument
      |(Declaration)    : 807  826
      |(Definition)     : 865  934  1005
      |(Reference)      : 817  817  820  837  837  837  852  858  859  860  883  953  1009
     lrec
      |(Class and Type) : variable name, CHARACTER(6,1)
      |(Attributes)     : DIMENSION
      |(Declaration)    : 837
      |(Definition)     : 854  858  915
      |(Reference)      : 
     lwrite
      |(Class and Type) : variable name, LOGICAL(4)
      |(Attributes)     : dummy-argument
      |(Declaration)    : 807  842
      |(Definition)     : 
      |(Reference)      : 929  999  1033
     mrec
      |(Class and Type) : variable name, CHARACTER(6,1)
      |(Attributes)     : DIMENSION
      |(Declaration)    : 837
      |(Definition)     : 856  860  1021
      |(Reference)      : 
     my
      |(Class and Type) : variable name, INTEGER(4)
      |(Attributes)     : dummy-argument
      |(Declaration)    : 807  826
      |(Definition)     : 865  900  920  929  934  970  990  999  1005  1014  1024  1033
      |(Reference)      : 820  824  824  849
     my_max
      |(Class and Type) : variable name, INTEGER(4)
      |(Attributes)     : dummy-argument
      |(Declaration)    : 807  826
      |(Definition)     : 865  900  934  970  1005  1014
      |(Reference)      : 817  817  817  817  817  817  820  820  820  820  823  824
     myrank
      |(Class and Type) : variable name, INTEGER(4)
      |(Attributes)     : common-block-object, use-associated
      |(Declaration)    : 
      |(Definition)     : 
      |(Reference)      : 812  921  929  991  999  1025  1033
     n
      |(Class and Type) : variable name, INTEGER(4)
      |(Attributes)     : 
      |(Declaration)    : 827
      |(Definition)     : 882  952  1008
      |(Reference)      : 885  955  1011
     ncnt
      |(Class and Type) : variable name, INTEGER(4)
      |(Attributes)     : 
      |(Declaration)    : 826
      |(Definition)     : 850  890  951  960  1007  1013
      |(Reference)      : 890  921  929  960  991  999  1013  1025  1033
     num
      |(Class and Type) : variable name, INTEGER(4)
      |(Attributes)     : dummy-argument
      |(Declaration)    : 807  827
      |(Definition)     : 
      |(Reference)      : 817  882  952  1008
     nx
      |(Class and Type) : variable name, INTEGER(4)
      |(Attributes)     : dummy-argument
      |(Declaration)    : 807  826
      |(Definition)     : 865  900  920  929  934  970  990  999  1005  1014  1024  1033
      |(Reference)      : 824  824  849
     nxdef_2d
      |(Class and Type) : variable name, INTEGER(4)
      |(Attributes)     : ALLOCATABLE, DIMENSION, SAVE, use-associated
      |(Declaration)    : 
      |(Definition)     : 
      |(Reference)      : 893  963
     nxj
      |(Class and Type) : variable name, INTEGER(4)
      |(Attributes)     : 
      |(Declaration)    : 826
      |(Definition)     : 893  963
      |(Reference)      : 895  965
     nxp
      |(Class and Type) : variable name, INTEGER(4)
      |(Attributes)     : common-block-object, use-associated
      |(Declaration)    : 
      |(Definition)     : 
      |(Reference)      : 817  817  817  817  817  817  820  820  820  820  823  824
     pk
      |(Class and Type) : variable name, REAL(8)
      |(Attributes)     : DIMENSION, dummy-argument
      |(Declaration)    : 807  817
      |(Definition)     : 865  934  1005
      |(Reference)      : 
     pklp
      |(Class and Type) : variable name, REAL(8)
      |(Attributes)     : DIMENSION, dummy-argument
      |(Declaration)    : 807  817
      |(Definition)     : 865  934  1005
      |(Reference)      : 896  966
     pkout
      |(Class and Type) : variable name, REAL(8)
      |(Attributes)     : DIMENSION, dummy-argument
      |(Declaration)    : 807  817
      |(Definition)     : 865  934  1005
      |(Reference)      : 896  966
     plev
      |(Class and Type) : variable name, REAL(8)
      |(Attributes)     : DIMENSION, dummy-argument
      |(Declaration)    : 807  817
      |(Definition)     : 
      |(Reference)      : 853  885  955  1011
     pout
      |(Class and Type) : variable name, REAL(8)
      |(Attributes)     : DIMENSION
      |(Declaration)    : 824
      |(Definition)     : 922  929  992  999  1026  1033
      |(Reference)      : 
     qmaxn3
      |(Class and Type) : external subroutine name
      |(Attributes)     : 
      |(Declaration)    : 
      |(Definition)     : 
      |(Reference)      : 920  990  1024
     RTYPE
      |(Class and Type) : named constant, INTEGER(4)
      |(Attributes)     : use-associated
      |(Declaration)    : 
      |(Definition)     : 
      |(Reference)      : 813  820  824
     rad
      |(Class and Type) : variable name, REAL(8)
      |(Attributes)     : initialized
      |(Declaration)    : 829  840
      |(Definition)     : 
      |(Reference)      : 894  964
     rank
      |(Class and Type) : module name
      |(Attributes)     : 
      |(Declaration)    : 
      |(Definition)     : 
      |(Reference)      : 812
     rdiv
      |(Class and Type) : variable name, REAL(8)
      |(Attributes)     : DIMENSION
      |(Declaration)    : 817
      |(Definition)     : 
      |(Reference)      : 
     sdhat
      |(Class and Type) : variable name, REAL(8)
      |(Attributes)     : DIMENSION, dummy-argument
      |(Declaration)    : 807  820
      |(Definition)     : 
      |(Reference)      : 1004
     syslbl
      |(Class and Type) : external subroutine name
      |(Attributes)     : 
      |(Declaration)    : 
      |(Definition)     : 
      |(Reference)      : 915  985  1021
     tens
      |(Class and Type) : variable name, REAL(8)
      |(Attributes)     : DIMENSION
      |(Declaration)    : 823
      |(Definition)     : 845  847  848  865  934  1005
      |(Reference)      : 
     tmp
      |(Class and Type) : variable name, REAL(8)
      |(Attributes)     : DIMENSION
      |(Declaration)    : 824
      |(Definition)     : 897  900  967  970
      |(Reference)      : 
     unify_reduceintp
      |(Class and Type) : external subroutine name
      |(Attributes)     : 
      |(Declaration)    : 
      |(Definition)     : 
      |(Reference)      : 900  970  1014
     ut
      |(Class and Type) : variable name, REAL(8)
      |(Attributes)     : DIMENSION, dummy-argument
      |(Declaration)    : 807  820
      |(Definition)     : 
      |(Reference)      : 864
     utb
      |(Class and Type) : variable name, REAL(8)
      |(Attributes)     : DIMENSION, dummy-argument
      |(Declaration)    : 807  817
      |(Definition)     : 865
      |(Reference)      : 896
     voterp
      |(Class and Type) : external subroutine name
      |(Attributes)     : 
      |(Declaration)    : 
      |(Definition)     : 
      |(Reference)      : 865  934  1005
     vt
      |(Class and Type) : variable name, REAL(8)
      |(Attributes)     : DIMENSION, dummy-argument
      |(Declaration)    : 807  820
      |(Definition)     : 
      |(Reference)      : 933
     vtb
      |(Class and Type) : variable name, REAL(8)
      |(Attributes)     : DIMENSION, dummy-argument
      |(Declaration)    : 807  817
      |(Definition)     : 934
      |(Reference)      : 966
     whtlev
      |(Class and Type) : variable name, REAL(8)
      |(Attributes)     : DIMENSION, dummy-argument
      |(Declaration)    : 807  817
      |(Definition)     : 
      |(Reference)      : 885  955  1011
     wind
      |(Class and Type) : variable name, REAL(8)
      |(Attributes)     : DIMENSION, dummy-argument
      |(Declaration)    : 807  820
      |(Definition)     : 865  896  934  966  1005  1014
      |(Reference)      : 897  967
     windout
      |(Class and Type) : module subroutine name
      |(Attributes)     : 
      |(Declaration)    : 
      |(Definition)     : 807
      |(Reference)      : 1036
     work3d
      |(Class and Type) : variable name, REAL(8)
      |(Attributes)     : DIMENSION
      |(Declaration)    : 817
      |(Definition)     : 864  865  933  934  1004  1005
      |(Reference)      : 
     wtb
      |(Class and Type) : variable name, REAL(8)
      |(Attributes)     : DIMENSION
      |(Declaration)    : 823
      |(Definition)     : 1003  1005
      |(Reference)      : 
     xxx
      |(Class and Type) : variable name, REAL(8)
      |(Attributes)     : 
      |(Declaration)    : 829
      |(Definition)     : 894  964
      |(Reference)      : 897  967
   Cross reference of label
     (Label) (label-kind)               (line-no.)
     ------- ------------- ------------ ----------
         10  execution     (Definition) 927  
                           (Reference)  883
         20  execution     (Definition) 997  
                           (Reference)  953
         22  execution     (Definition) 1031  
                           (Reference)  1009
         30  execution     (Definition) 928  
                           (Reference)  882  925
         40  execution     (Definition) 998  
                           (Reference)  952  995
         42  execution     (Definition) 1032  
                           (Reference)  1008  1029

 Total information
   Procedures       : 1
   Total lines      : 1038
   Total statements : 610
   Total stack(byte): 26160
   Total prefetch num: 0

