
 Fujitsu Fortran Version 4.6.1  Tue Mar 14 13:22:01 2023

 Compilation information
   Current directory : /IFS/nwpr/gfs/xb157/Git/tco639l72/src_helio
   Source file       : out2d.f90

 Option information
   Command line options : -Kident_mpi -f2004 -c -X9 -Free -CcdRR8 -Cpp -Kfast,parallel,openmp,ocl,autoobjstack -x- -fw -Knofp_relaxed -SSL2BLAMP -Kopenmp,parallel -DTIMING -DUSE_FFTW -DRSM -DW3TAG -Ec -Nlst=a,lst=d,lst=i,lst=p,lst=t,lst=x -Koptmsg=2 -I. -I/users/xa09/pkg/fx1000/fftw-3.3.10/include -I/package/fx1000/netcdf-4.7.4/include -I/nwpr/gfs/xb157/CWBSUMc2/components/coupler -I/nwpr/gfs/xb124/package/fx1000/MCT/include -DTIMCOMCPL -L/package/fx1000/netcdf-4.7.4/lib -lnetcdff -lnetcdf -L/package/fx1000/hdf5-1.10.7/lib -lhdf5_hl -lhdf5 -L/package/fx1000/dms/lib -lrdms -lgdbm -L/package/fx1000/operlib/lib -lnwp -L/users/xa09/pkg/fx1000/fftw-3.3.10/lib -lfftw3f_threads -lfftw3f -lfftw3_threads -lfftw3 -SSL2BLAMP -L/nwpr/gfs/xb157/CWBSUMc2/components/coupler -lcpl -L/nwpr/gfs/xb124/package/fx1000/MCT/lib -lmct -lmpeu -I/opt/FJSVxtclanga/.common/MELI025/include/mpi/fujitsu -I/opt/FJSVxtclanga/.common/MELI025/lib64 -Knointentopt
   Cpp options          : -DTIMING -DUSE_FFTW -DRSM -DW3TAG -I. -I/users/xa09/pkg/fx1000/fftw-3.3.10/include -I/package/fx1000/netcdf-4.7.4/include -I/nwpr/gfs/xb157/CWBSUMc2/components/coupler -I/nwpr/gfs/xb124/package/fx1000/MCT/include -DTIMCOMCPL -I/opt/FJSVxtclanga/.common/MELI025/include/mpi/fujitsu -I/opt/FJSVxtclanga/.common/MELI025/lib64 -Dunix -Dlinux -D__FUJITSU -D__FRT_major__=4 -D__FRT_minor__=6 -D__FRT_patchlevel__=1 -D__FRT_version__="4.6.1" -D__aarch64__ -D__unix -D_OPENMP=201511 -D__frt_version=800 -D__ARM_ARCH=8 -D__ARM_FEATURE_SVE -D__ELF__ -D__unix__ -D__linux__ -D__linux -Asystem(unix) -otmp
   Effective options    : -fw -g0 -AE -Ec -Free -O3 -X9
                          -CcdRR8 -x- -xaccept=nomodule_allocatable
                          -KA64FX -KARMV8_3_A -KSVE -Kalign_commons
                          -Kalign_loops -Knoarray_declaration_opt
                          -Kassume=noshortloop -Kassume=nomemory_bandwidth
                          -Kassume=notime_saving_compilation -Kauto
                          -Kautoobjstack -Knocalleralloc -Kcmodel=small
                          -Keval -Keval_noconcurrent -Knoextract_stride_store
                          -Knofenv_access -Kfp_contract -Knofp_relaxed
                          -Kfsimple -Kfz -Khpctag -Kilfunc=procedure
                          -Knointentopt -Klargepage -Kloop_blocking
                          -Kloop_fission -Kloop_nofission_stripmining
                          -Kloop_fission_threshold=50 -Kloop_fusion
                          -Kloop_interchange -Kloop_part_parallel
                          -Kloop_part_simd -Kloop_perfect_nest
                          -Kloop_noversioning -Knolto -Kmfunc=1 -Kocl
                          -Komitfp -Knooptlib_string -Koptmsg=2
                          -Knopc_relative_literal_loads -Kplt -Knopreex
                          -Kprefetch_noconditional -Kprefetch_noindirect
                          -Kprefetch_sequential=auto -Kprefetch_nostride
                          -Kprefetch_cache_level=all -Kprefetch_noinfer
                          -Kprefetch_strong -Kprefetch_strong_L2 -Knopreload
                          -Ksch_post_ra -Ksch_pre_ra -Ksibling_calls
                          -Ksimd=auto -Ksimd_packed_promotion
                          -Ksimd_reduction_product -Ksimd_reg_size=512
                          -Ksimd_nouncounted_loop
                          -Ksimd_use_multiple_structures -Knostriping
                          -Knosubscript_opt -Kswp -Kswp_freg_rate=100
                          -Kswp_ireg_rate=100 -Kswp_preg_rate=100
                          -Kswp_policy=auto -Ktemparraystack -Kunroll
                          -Knounroll_and_jam -Knozfill
                          -Kopenmp -Kopenmp_noassume_norecurrence
                          -Kopenmp_nocollapse_except_innermost
                          -Kopenmp_noordered_reduction -Knoopenmp_simd
                          -Kthreadsafe -Kparallel -Kparallel_nofp_precision
                          -Knoarray_private -Knodynamic_iteration -Kreduction
                          -Kregion_extension
                          -Nallextput -Nnoalloc_assign
                          -Ncancel_overtime_compilation -Nnocheck_global
                          -Nnocoarray -Nnocompdisp -Nnocopyarg -Nnocoverage
                          -Nfjprof -Nfreealloc -Nf90move -Nnohook_func
                          -Nnohook_time -Nlibomp -Nline -Nlst -Nlst=a -Nlst=d
                          -Nlst=i -Nlst=p -Nlst=t -Nlst=x -Nnomallocfree
                          -Nnoobsfun -Nnoprivatealloc -Nquickdbg=noargchk
                          -Nquickdbg=nosubchk -Nquickdbg=noundef -NRnotrap
                          -Nnorecursive -Nnoreordered_variable_stack
                          -Nrt_notune -Nnosave -Nsetvalue=noheap
                          -Nsetvalue=nostack -Nsetvalue=noscalar
                          -Nsetvalue=noarray -Nsetvalue=nostruct -Nuse_rodata

 External subroutine subprogram "out2d"
  (inc)(line-no.)(nest)(optimize)
               1                           subroutine out2d (nx,lev,my,my_max,ifilout,itau,idtg,taudir,ntau &
               2                            ,hflux,qflux,tg,gwet,snr,z0,raintot,raincu,rainlp               &
               3                            ,plcl,cumtop,ss,rs,alb,gwclim,glob,acld                         &
               4                            ,ugws,vgws,t2,q2,rh2,rh10,u10,v10,gfx,rld,sld,wk_xy             &
               5                     !       ,soil_xy,canopy,ggdef,lwrite,flash)
               6                            ,soil_xy,canopy,ggdef)
               7                     !
               8                           use rank
               9                           use mpe
              10                           use index
              11                           use mod_outflds
              12                           use const, only: RTYPE,kflag
              13                     !
              14                           implicit  none
              15                     
              16                           integer   nx,lev,my,my_max,itau,ntau
              17                     
              18                           real      hflux(nxp,my_max),qflux(nxp,my_max),                       &
              19                                     tg(nxp,my_max),gwet(nxp,my_max),                           &
              20                                     snr(nxp,my_max),z0(nxp,my_max),                            &
              21                                     raintot(nxp,my_max),raincu(nxp,my_max),rainlp(nxp,my_max), &
              22                                     plcl(nxp,my_max),cumtop(nxp,my_max),                       &
              23                                     ss(nxp,my_max),rs(nxp,my_max),                             &
              24                                     alb(nxp,my_max),gwclim(nxp,my_max),acld(lev,my),           &
              25                                     ugws(nxp,my_max),vgws(nxp,my_max),t2(nxp,my_max),          &
              26                                     q2(nxp,my_max),rh2(nxp,my_max),rh10(nxp,my_max),           &
              27                                     u10(nxp,my_max),v10(nxp,my_max),gfx(nxp,my_max),           &
              28                                     rld(nxp,my_max),sld(nxp,my_max)
              29                     
              30                           character*16 taudir(ntau)
              31                           character*4 ggdef
              32                           integer*8 idtg
              33                     !
              34                           real(kind=RTYPE) glob(nx,my),mout(nx,my)
              35                     !
              36                     !  local array
              37                     !
              38                           real(kind=RTYPE) globp(nxp,my_max)
              39                     !
              40                           real(kind=RTYPE) wk_xy(nxp,my_max,12),soil_xy(nxp,my_max,12)
              41                     !soil
              42                           real      canopy(nxp,my_max)
              43                     !
              44                           character*80 ifilout
              45                           character*26 ihdg,ihdg2
              46                           character*6 label(ntau),labx
              47                     !
              48                           integer   num,n,levz,lenc,lenc2,i,ia,kk,j,jj,nxj,istat,nc
              49                           real      tnshun
              50                     !kc >
              51                           real      sfac2,sfac3,sfac4
              52                     !kc <
              53                     !      logical lwrite
              54                     !xb110>
              55                     !      real flash(nxp,my_max)  !flash density (in flashes km^-2 day^-1)
              56                     !xb110<
              57                     
              58                           num= 0
              59                           nc = 0
              60                           if(myrank .eq. 0) print *,' out2d ntau=',ntau
                                   <<< Loop-information Start >>>
                                   <<<  [OPTIMIZATION]
                                   <<<    SPILLS :
                                   <<<      GENERAL   : SPILL 3  FILL 12
                                   <<<      SIMD&FP   : SPILL 0  FILL 0
                                   <<<      SCALABLE  : SPILL 0  FILL 0
                                   <<<      PREDICATE : SPILL 0  FILL 0
                                   <<< Loop-information  End >>>
              61     1                     do 20 n=1,ntau
              62     1                     read(taudir(n),'(a6,1x,i4)') labx,levz
              63     2                     if(levz.eq.0) then
              64     2                     num= num+1
              65     2                     label(num)= labx
              66     2                     if(myrank .eq. 0) print *,'num= ',num,' out2d labx=',labx
              67     2                     endif
              68     1                  20 continue
              69                           if(num.eq.0) return
              70                     !
              71                           tnshun= 1.0
              72                           lenc= nx*my
              73                           lenc2= lev*my
              74                     !
              75                     !  change the letter from uppercase to lowercase
              76                     !
              77     1                     do n = 1, num
              78     1                     labx = label(n)
                                   <<< Loop-information Start >>>
                                   <<<  [OPTIMIZATION]
                                   <<<    FULL UNROLLING
                                   <<< Loop-information  End >>>
              79     2       f             do i = 1, 6
              80     2       f              ia=ichar(labx(i:i))
              81     3       f              if((ia.ge.65).and.(ia.le.90))then
              82     3       f                ia=ia+32
              83     3       f                labx(i:i)=char(ia)
              84     3       f              endif
              85     2       f             enddo
              86     1                     label(n) = labx
              87     1                     enddo
              88                     !
                                   <<< Loop-information Start >>>
                                   <<<  [OPTIMIZATION]
                                   <<<    PREFETCH(HARD) Expected by compiler :
                                   <<<      acld
                                   <<< Loop-information  End >>>
              89     1                     do 30 kk=1,num
              90     1               !
              91     2                     if(label(kk).eq.'s00430') then
                                   <<< Loop-information Start >>>
                                   <<<  [PARALLELIZATION]
                                   <<<    Standard iteration count: 7
                                   <<<  [OPTIMIZATION]
                                   <<<    SIMD(VL: 8)
                                   <<<    SOFTWARE PIPELINING(IPC: 2.00, ITR: 160, MVE: 3, POL: S)
                                   <<<    PREFETCH(HARD) Expected by compiler :
                                   <<<      qflux, globp
                                   <<< Loop-information  End >>>
              92     2  pp   4v            globp=qflux
              93     2                     call unify_reduceintp(nx,my,my_max,globp,glob)
              94     2                     call syslbl ('s00430',idtg,itau,ggdef,ihdg)
              95     2                     call qmaxn3 (glob,ihdg(1:14),ihdg(15:26),1,1,1,nx,my,1)
              96     2                     call split(nx,my,lev,lenc,ifilout,nc,glob,mout,ihdg,ihdg2)
              97     2                     go to 30
              98     2                     endif
              99     1               !
             100     2                     if(label(kk).eq.'s00420') then
                                   <<< Loop-information Start >>>
                                   <<<  [PARALLELIZATION]
                                   <<<    Standard iteration count: 7
                                   <<<  [OPTIMIZATION]
                                   <<<    SIMD(VL: 8)
                                   <<<    SOFTWARE PIPELINING(IPC: 2.00, ITR: 160, MVE: 3, POL: S)
                                   <<<    PREFETCH(HARD) Expected by compiler :
                                   <<<      hflux, globp
                                   <<< Loop-information  End >>>
             101     2  pp   4v            globp=hflux
             102     2                     call unify_reduceintp(nx,my,my_max,globp,glob)
             103     2                     call syslbl ('s00420',idtg,itau,ggdef,ihdg)
             104     2                     call qmaxn3 (glob,ihdg(1:14),ihdg(15:26),1,1,1,nx,my,1)
             105     2                     call split(nx,my,lev,lenc,ifilout,nc,glob,mout,ihdg,ihdg2)
             106     2                     go to 30
             107     2                     endif
             108     1               !
             109     2                     if(label(kk).eq.'s00100') then
                                   <<< Loop-information Start >>>
                                   <<<  [PARALLELIZATION]
                                   <<<    Standard iteration count: 7
                                   <<<  [OPTIMIZATION]
                                   <<<    SIMD(VL: 8)
                                   <<<    SOFTWARE PIPELINING(IPC: 2.00, ITR: 160, MVE: 3, POL: S)
                                   <<<    PREFETCH(HARD) Expected by compiler :
                                   <<<      tg, globp
                                   <<< Loop-information  End >>>
             110     2  pp   4v            globp=tg
             111     2                     call unify_reduceintp(nx,my,my_max,globp,glob)
             112     2                     call syslbl ('s00100',idtg,itau,ggdef,ihdg)
             113     2                     call qmaxn3 (glob,ihdg(1:14),ihdg(15:26),1,1,1,nx,my,1)
             114     2                     call split(nx,my,lev,lenc,ifilout,nc,glob,mout,ihdg,ihdg2)
             115     2                     go to 30
             116     2                     endif
             117     1               !
             118     2                     if(label(kk).eq.'s00030') then
                                   <<< Loop-information Start >>>
                                   <<<  [PARALLELIZATION]
                                   <<<    Standard iteration count: 7
                                   <<<  [OPTIMIZATION]
                                   <<<    SIMD(VL: 8)
                                   <<<    SOFTWARE PIPELINING(IPC: 2.00, ITR: 160, MVE: 3, POL: S)
                                   <<<    PREFETCH(HARD) Expected by compiler :
                                   <<<      alb, globp
                                   <<< Loop-information  End >>>
             119     2  pp   4v            globp=alb
             120     2                     call unify_reduceintp(nx,my,my_max,globp,glob)
             121     2                     call syslbl ('s00030',idtg,itau,ggdef,ihdg)
             122     2                     call qmaxn3 (glob,ihdg(1:14),ihdg(15:26),1,1,1,nx,my,1)
             123     2                     call split(nx,my,lev,lenc,ifilout,nc,glob,mout,ihdg,ihdg2)
             124     2                     go to 30
             125     2                     endif
             126     1               !
             127     2                     if(label(kk).eq.'s005a0') then
                                   <<< Loop-information Start >>>
                                   <<<  [PARALLELIZATION]
                                   <<<    Standard iteration count: 4
                                   <<<  [OPTIMIZATION]
                                   <<<    PREFETCH(HARD) Expected by compiler :
                                   <<<      gwet, globp
                                   <<< Loop-information  End >>>
             128     3  pp                 do 36 jj=1,jlistnum
             129     3   p                    j=jlist1(jj)
             130     3   p                  nxj=nxdef_2d(j)
                                   <<< Loop-information Start >>>
                                   <<<  [OPTIMIZATION]
                                   <<<    SIMD(VL: 8)
                                   <<<    SOFTWARE PIPELINING(IPC: 3.33, ITR: 192, MVE: 5, POL: S)
                                   <<<    PREFETCH(HARD) Expected by compiler :
                                   <<<      gwet, globp
                                   <<< Loop-information  End >>>
             131     4   p   2v            do 36 i=1,nxj
             132     4   p   2v              globp(i,jj)=gwet(i,jj)/20.
             133     3   p   2v       36   continue
             134     2                     call unify_reduceintp(nx,my,my_max,globp,glob)
             135     2                     call syslbl ('s005a0',idtg,itau,ggdef,ihdg)
             136     2                     call qmaxn3 (glob,ihdg(1:14),ihdg(15:26),1,1,1,nx,my,1)
             137     2                     call split(nx,my,lev,lenc,ifilout,nc,glob,mout,ihdg,ihdg2)
             138     2                     go to 30
             139     2                     endif
             140     1               !
             141     2                     if(label(kk).eq.'s005a1') then
                                   <<< Loop-information Start >>>
                                   <<<  [PARALLELIZATION]
                                   <<<    Standard iteration count: 7
                                   <<<  [OPTIMIZATION]
                                   <<<    SIMD(VL: 8)
                                   <<<    SOFTWARE PIPELINING(IPC: 2.00, ITR: 160, MVE: 3, POL: S)
                                   <<<    PREFETCH(HARD) Expected by compiler :
                                   <<<      gwet, globp
                                   <<< Loop-information  End >>>
             142     2  pp   4v            globp=gwet
             143     2                     call unify_reduceintp(nx,my,my_max,globp,glob)
             144     2                     call syslbl ('s005a1',idtg,itau,ggdef,ihdg)
             145     2                     call qmaxn3 (glob,ihdg(1:14),ihdg(15:26),1,1,1,nx,my,1)
             146     2                     call split(nx,my,lev,lenc,ifilout,nc,glob,mout,ihdg,ihdg2)
             147     2                     go to 30
             148     2                     endif
             149     1               !
             150     2                     if(label(kk).eq.'b00650') then
                                   <<< Loop-information Start >>>
                                   <<<  [PARALLELIZATION]
                                   <<<    Standard iteration count: 7
                                   <<<  [OPTIMIZATION]
                                   <<<    SIMD(VL: 8)
                                   <<<    SOFTWARE PIPELINING(IPC: 2.00, ITR: 160, MVE: 3, POL: S)
                                   <<<    PREFETCH(HARD) Expected by compiler :
                                   <<<      snr, globp
                                   <<< Loop-information  End >>>
             151     2  pp   4v            globp=snr
             152     2                     call unify_reduceintp(nx,my,my_max,globp,glob)
             153     2                     call syslbl ('b00650',idtg,itau,ggdef,ihdg)
             154     2                     call qmaxn3 (glob,ihdg(1:14),ihdg(15:26),1,1,1,nx,my,1)
             155     2                     call split(nx,my,lev,lenc,ifilout,nc,glob,mout,ihdg,ihdg2)
             156     2                     go to 30
             157     2                     endif
             158     1               !
             159     2                     if(label(kk).eq.'s00040') then
                                   <<< Loop-information Start >>>
                                   <<<  [PARALLELIZATION]
                                   <<<    Standard iteration count: 7
                                   <<<  [OPTIMIZATION]
                                   <<<    SIMD(VL: 8)
                                   <<<    SOFTWARE PIPELINING(IPC: 2.00, ITR: 160, MVE: 3, POL: S)
                                   <<<    PREFETCH(HARD) Expected by compiler :
                                   <<<      z0, globp
                                   <<< Loop-information  End >>>
             160     2  pp   4v            globp=z0
             161     2                     call unify_reduceintp(nx,my,my_max,globp,glob)
             162     2                     call syslbl ('s00040',idtg,itau,ggdef,ihdg)
             163     2                     call qmaxn3 (glob,ihdg(1:14),ihdg(15:26),1,1,1,nx,my,1)
             164     2                     call split(nx,my,lev,lenc,ifilout,nc,glob,mout,ihdg,ihdg2)
             165     2                     go to 30
             166     2                     endif
             167     1               !
             168     2                     if(label(kk).eq.'b00620')then
                                   <<< Loop-information Start >>>
                                   <<<  [PARALLELIZATION]
                                   <<<    Standard iteration count: 7
                                   <<<  [OPTIMIZATION]
                                   <<<    SIMD(VL: 8)
                                   <<<    SOFTWARE PIPELINING(IPC: 2.00, ITR: 160, MVE: 3, POL: S)
                                   <<<    PREFETCH(HARD) Expected by compiler :
                                   <<<      raincu, globp
                                   <<< Loop-information  End >>>
             169     2  pp   4v            globp=raincu
             170     2                     call unify_reduceintp(nx,my,my_max,globp,glob)
             171     2                     call syslbl ('b00630',idtg,itau,ggdef,ihdg)
             172     2                     call qmaxn3 (glob,ihdg(1:14),ihdg(15:26),1,1,1,nx,my,1)
             173     2                     call split(nx,my,lev,lenc,ifilout,nc,glob,mout,ihdg,ihdg2)
             174     2               
             175     2               
                                   <<< Loop-information Start >>>
                                   <<<  [PARALLELIZATION]
                                   <<<    Standard iteration count: 7
                                   <<<  [OPTIMIZATION]
                                   <<<    SIMD(VL: 8)
                                   <<<    SOFTWARE PIPELINING(IPC: 2.00, ITR: 160, MVE: 3, POL: S)
                                   <<<    PREFETCH(HARD) Expected by compiler :
                                   <<<      rainlp, globp
                                   <<< Loop-information  End >>>
             176     2  pp   4v            globp=rainlp
             177     2                     call unify_reduceintp(nx,my,my_max,globp,glob)
             178     2                     call syslbl ('b00640',idtg,itau,ggdef,ihdg)
             179     2                     call qmaxn3 (glob,ihdg(1:14),ihdg(15:26),1,1,1,nx,my,1)
             180     2                     call split(nx,my,lev,lenc,ifilout,nc,glob,mout,ihdg,ihdg2)
             181     2               !
             182     2                     call syslbl ('b00620',idtg,itau,ggdef,ihdg)
                                   <<< Loop-information Start >>>
                                   <<<  [PARALLELIZATION]
                                   <<<    Standard iteration count: 4
                                   <<<  [OPTIMIZATION]
                                   <<<    PREFETCH(HARD) Expected by compiler :
                                   <<<      rainlp, raincu, globp
                                   <<< Loop-information  End >>>
             183     3  pp                 do 98 jj=1,jlistnum
             184     3   p                    j=jlist1(jj)
             185     3   p                  nxj=nxdef_2d(j)
                                   <<< Loop-information Start >>>
                                   <<<  [OPTIMIZATION]
                                   <<<    SIMD(VL: 8)
                                   <<<    SOFTWARE PIPELINING(IPC: 3.25, ITR: 144, MVE: 4, POL: S)
                                   <<<    PREFETCH(HARD) Expected by compiler :
                                   <<<      rainlp, raincu, globp
                                   <<< Loop-information  End >>>
             186     4   p   2v            do 98 i=1,nxj
             187     4   p   2v              globp(i,jj)=raincu(i,jj)+rainlp(i,jj)
             188     3   p   2v       98   continue
             189     2                     call unify_reduceintp(nx,my,my_max,globp,glob)
             190     2                     call qmaxn3 (glob,ihdg(1:14),ihdg(15:26),1,1,1,nx,my,1)
             191     2                     call split(nx,my,lev,lenc,ifilout,nc,glob,mout,ihdg,ihdg2)
             192     2               !
                                   <<< Loop-information Start >>>
                                   <<<  [PARALLELIZATION]
                                   <<<    Standard iteration count: 7
                                   <<<  [OPTIMIZATION]
                                   <<<    SIMD(VL: 8)
                                   <<<    SOFTWARE PIPELINING(IPC: 2.00, ITR: 160, MVE: 3, POL: S)
                                   <<<    PREFETCH(HARD) Expected by compiler :
                                   <<<      raintot, globp
                                   <<< Loop-information  End >>>
             193     2  pp   4v            globp=raintot
             194     2                     call unify_reduceintp(nx,my,my_max,globp,glob)
             195     2                     call syslbl ('b0062t',idtg,itau,ggdef,ihdg)
             196     2                     call qmaxn3 (glob,ihdg(1:14),ihdg(15:26),1,1,1,nx,my,1)
             197     2                     call split(nx,my,lev,lenc,ifilout,nc,glob,mout,ihdg,ihdg2)
             198     2                     go to 30
             199     2                     endif
             200     1               !
             201     2                     if(label(kk).eq.'s00310') then
                                   <<< Loop-information Start >>>
                                   <<<  [PARALLELIZATION]
                                   <<<    Standard iteration count: 7
                                   <<<  [OPTIMIZATION]
                                   <<<    SIMD(VL: 8)
                                   <<<    SOFTWARE PIPELINING(IPC: 2.00, ITR: 160, MVE: 3, POL: S)
                                   <<<    PREFETCH(HARD) Expected by compiler :
                                   <<<      ss, globp
                                   <<< Loop-information  End >>>
             202     2  pp   4v            globp=ss
             203     2                     call unify_reduceintp(nx,my,my_max,globp,glob)
             204     2                     call syslbl ('s00310',idtg,itau,ggdef,ihdg)
             205     2                     call qmaxn3 (glob,ihdg(1:14),ihdg(15:26),1,1,1,nx,my,1)
             206     2                     call split(nx,my,lev,lenc,ifilout,nc,glob,mout,ihdg,ihdg2)
             207     2                     go to 30
             208     2                     endif
             209     1               !
             210     2                     if(label(kk).eq.'s00320') then
                                   <<< Loop-information Start >>>
                                   <<<  [PARALLELIZATION]
                                   <<<    Standard iteration count: 7
                                   <<<  [OPTIMIZATION]
                                   <<<    SIMD(VL: 8)
                                   <<<    SOFTWARE PIPELINING(IPC: 2.00, ITR: 160, MVE: 3, POL: S)
                                   <<<    PREFETCH(HARD) Expected by compiler :
                                   <<<      rs, globp
                                   <<< Loop-information  End >>>
             211     2  pp   4v            globp=rs
             212     2                     call unify_reduceintp(nx,my,my_max,globp,glob)
             213     2                     call syslbl ('s00320',idtg,itau,ggdef,ihdg)
             214     2                     call qmaxn3 (glob,ihdg(1:14),ihdg(15:26),1,1,1,nx,my,1)
             215     2                     call split(nx,my,lev,lenc,ifilout,nc,glob,mout,ihdg,ihdg2)
             216     2                     go to 30
             217     2                     endif
             218     1               !
             219     2                     if(label(kk).eq.'s00300') then
                                   <<< Loop-information Start >>>
                                   <<<  [PARALLELIZATION]
                                   <<<    Standard iteration count: 4
                                   <<<  [OPTIMIZATION]
                                   <<<    PREFETCH(HARD) Expected by compiler :
                                   <<<      rs, ss, globp
                                   <<< Loop-information  End >>>
             220     3  pp                 do jj=1,jlistnum
             221     3   p                    j=jlist1(jj)
             222     3   p                  nxj=nxdef_2d(j)
                                   <<< Loop-information Start >>>
                                   <<<  [OPTIMIZATION]
                                   <<<    SIMD(VL: 8)
                                   <<<    SOFTWARE PIPELINING(IPC: 3.25, ITR: 144, MVE: 4, POL: S)
                                   <<<    PREFETCH(HARD) Expected by compiler :
                                   <<<      rs, ss, globp
                                   <<< Loop-information  End >>>
             223     4   p   2v            do i=1,nxj
             224     4   p   2v              globp(i,jj)=ss(i,jj)-rs(i,jj)
             225     4   p   2v            enddo
             226     3   p                 enddo
             227     2                     call unify_reduceintp(nx,my,my_max,globp,glob)
             228     2                     call syslbl ('s00300',idtg,itau,ggdef,ihdg)
             229     2                     call qmaxn3 (glob,ihdg(1:14),ihdg(15:26),1,1,1,nx,my,1)
             230     2                     call split(nx,my,lev,lenc,ifilout,nc,glob,mout,ihdg,ihdg2)
             231     2                     go to 30
             232     2                     endif
             233     1               !
             234     2                     if(label(kk).eq.'s003x0') then
                                   <<< Loop-information Start >>>
                                   <<<  [PARALLELIZATION]
                                   <<<    Standard iteration count: 7
                                   <<<  [OPTIMIZATION]
                                   <<<    SIMD(VL: 8)
                                   <<<    SOFTWARE PIPELINING(IPC: 2.00, ITR: 160, MVE: 3, POL: S)
                                   <<<    PREFETCH(HARD) Expected by compiler :
                                   <<<      rld, globp
                                   <<< Loop-information  End >>>
             235     2  pp   4v            globp=rld
             236     2                     call unify_reduceintp(nx,my,my_max,globp,glob)
             237     2                     call syslbl ('s003x0',idtg,itau,ggdef,ihdg)
             238     2                     call qmaxn3 (glob,ihdg(1:14),ihdg(15:26),1,1,1,nx,my,1)
             239     2                     call split(nx,my,lev,lenc,ifilout,nc,glob,mout,ihdg,ihdg2)
             240     2                     go to 30
             241     2                     endif
             242     1               !
             243     2                     if(label(kk).eq.'s003u0') then
                                   <<< Loop-information Start >>>
                                   <<<  [PARALLELIZATION]
                                   <<<    Standard iteration count: 7
                                   <<<  [OPTIMIZATION]
                                   <<<    SIMD(VL: 8)
                                   <<<    SOFTWARE PIPELINING(IPC: 2.00, ITR: 160, MVE: 3, POL: S)
                                   <<<    PREFETCH(HARD) Expected by compiler :
                                   <<<      sld, globp
                                   <<< Loop-information  End >>>
             244     2  pp   4v            globp=sld
             245     2                     call unify_reduceintp(nx,my,my_max,globp,glob)
             246     2                     call syslbl ('s003u0',idtg,itau,ggdef,ihdg)
             247     2                     call qmaxn3 (glob,ihdg(1:14),ihdg(15:26),1,1,1,nx,my,1)
             248     2                     call split(nx,my,lev,lenc,ifilout,nc,glob,mout,ihdg,ihdg2)
             249     2                     go to 30
             250     2                     endif
             251     1               !
             252     2                     if(label(kk).eq.'x00330') then
                                   <<< Loop-information Start >>>
                                   <<<  [PARALLELIZATION]
                                   <<<    Standard iteration count: 7
                                   <<<  [OPTIMIZATION]
                                   <<<    SIMD(VL: 8)
                                   <<<    SOFTWARE PIPELINING(IPC: 2.00, ITR: 160, MVE: 3, POL: S)
                                   <<<    PREFETCH(HARD) Expected by compiler :
                                   <<<      plcl, globp
                                   <<< Loop-information  End >>>
             253     2  pp   4v            globp=plcl
             254     2                     call unify_reduceintp(nx,my,my_max,globp,glob)
             255     2                     call syslbl ('x00330',idtg,itau,ggdef,ihdg)
             256     2                     call qmaxn3 (glob,ihdg(1:14),ihdg(15:26),1,1,1,nx,my,1)
             257     2                     call split(nx,my,lev,lenc,ifilout,nc,glob,mout,ihdg,ihdg2)
             258     2                     go to 30
             259     2                     endif
             260     1               !
             261     2                     if(label(kk).eq.'x00340') then
                                   <<< Loop-information Start >>>
                                   <<<  [PARALLELIZATION]
                                   <<<    Standard iteration count: 7
                                   <<<  [OPTIMIZATION]
                                   <<<    SIMD(VL: 8)
                                   <<<    SOFTWARE PIPELINING(IPC: 2.00, ITR: 160, MVE: 3, POL: S)
                                   <<<    PREFETCH(HARD) Expected by compiler :
                                   <<<      cumtop, globp
                                   <<< Loop-information  End >>>
             262     2  pp   4v            globp=cumtop
             263     2                     call unify_reduceintp(nx,my,my_max,globp,glob)
             264     2                     call syslbl ('x00340',idtg,itau,ggdef,ihdg)
             265     2                     call qmaxn3 (glob,ihdg(1:14),ihdg(15:26),1,1,1,nx,my,1)
             266     2                     call split(nx,my,lev,lenc,ifilout,nc,glob,mout,ihdg,ihdg2)
             267     2                     go to 30
             268     2                     endif
             269     1               !
             270     2                     if(label(kk).eq.'s00440') then
                                   <<< Loop-information Start >>>
                                   <<<  [PARALLELIZATION]
                                   <<<    Standard iteration count: 7
                                   <<<  [OPTIMIZATION]
                                   <<<    SIMD(VL: 8)
                                   <<<    SOFTWARE PIPELINING(IPC: 2.00, ITR: 160, MVE: 3, POL: S)
                                   <<<    PREFETCH(HARD) Expected by compiler :
                                   <<<      gfx, globp
                                   <<< Loop-information  End >>>
             271     2  pp   4v            globp=gfx
             272     2                     call unify_reduceintp(nx,my,my_max,globp,glob)
             273     2                     call syslbl ('s00440',idtg,itau,ggdef,ihdg)
             274     2                     call qmaxn3 (glob,ihdg(1:14),ihdg(15:26),1,1,1,nx,my,1)
             275     2                     call split(nx,my,lev,lenc,ifilout,nc,glob,mout,ihdg,ihdg2)
             276     2                     go to 30
             277     2                     endif
             278     1               !
             279     2                     if(label(kk).eq.'s00450') then
                                   <<< Loop-information Start >>>
                                   <<<  [PARALLELIZATION]
                                   <<<    Standard iteration count: 7
                                   <<<  [OPTIMIZATION]
                                   <<<    SIMD(VL: 8)
                                   <<<    SOFTWARE PIPELINING(IPC: 2.00, ITR: 160, MVE: 3, POL: S)
                                   <<<    PREFETCH(HARD) Expected by compiler :
                                   <<<      ugws, globp
                                   <<< Loop-information  End >>>
             280     2  pp   4v            globp=ugws
             281     2                     call unify_reduceintp(nx,my,my_max,globp,glob)
             282     2                     call syslbl ('s00450',idtg,itau,ggdef,ihdg)
             283     2                     call qmaxn3 (glob,ihdg(1:14),ihdg(15:26),1,1,1,nx,my,1)
             284     2                     call split(nx,my,lev,lenc,ifilout,nc,glob,mout,ihdg,ihdg2)
             285     2                     go to 30
             286     2                     endif
             287     1               !
             288     2                     if(label(kk).eq.'s00460') then
                                   <<< Loop-information Start >>>
                                   <<<  [PARALLELIZATION]
                                   <<<    Standard iteration count: 7
                                   <<<  [OPTIMIZATION]
                                   <<<    SIMD(VL: 8)
                                   <<<    SOFTWARE PIPELINING(IPC: 2.00, ITR: 160, MVE: 3, POL: S)
                                   <<<    PREFETCH(HARD) Expected by compiler :
                                   <<<      vgws, globp
                                   <<< Loop-information  End >>>
             289     2  pp   4v            globp=vgws
             290     2                     call unify_reduceintp(nx,my,my_max,globp,glob)
             291     2                     call syslbl ('s00460',idtg,itau,ggdef,ihdg)
             292     2                     call qmaxn3 (glob,ihdg(1:14),ihdg(15:26),1,1,1,nx,my,1)
             293     2                     call split(nx,my,lev,lenc,ifilout,nc,glob,mout,ihdg,ihdg2)
             294     2                     go to 30
             295     2                     endif
             296     1               !
             297     2                     if(label(kk).eq.'x00730') then
             298     2                     call mpe_unify(acld,lev,my,2,mpe_double)
                                   <<< Loop-information Start >>>
                                   <<<  [PARALLELIZATION]
                                   <<<    Standard iteration count: 1334
                                   <<<  [OPTIMIZATION]
                                   <<<    SIMD(VL: 8)
                                   <<<    SOFTWARE PIPELINING(IPC: 3.00, ITR: 256, MVE: 9, POL: S)
                                   <<<    PREFETCH(HARD) Expected by compiler :
                                   <<<      acld
                                   <<< Loop-information  End >>>
             299     3  pp   2v            do i=1,lev*my
             300     3   p   2v             acld(i,1)=acld(i,1)*100.
             301     3   p   2v            end do
             302     2                     call syslbl ('x00730',idtg,itau,ggdef,ihdg)
             303     2                     call dmswrit(lev,my,ihdg,lenc2,kflag,ifilout,acld,istat)
             304     2                     go to 30
             305     2                     endif
             306     1               !
             307     2                     if(label(kk).eq.'b00100') then
             308     2                     call unify_reduceintp(nx,my,my_max,wk_xy(1,1,1),glob)
             309     2                     call syslbl ('b00100',idtg,itau,ggdef,ihdg)
             310     2                     call qmaxn3 (glob,ihdg(1:14),ihdg(15:26),1,1,1,nx,my,1)
             311     2                     call split(nx,my,lev,lenc,ifilout,nc,glob,mout,ihdg,ihdg2)
             312     2                     go to 30
             313     2                     endif
             314     1               !
             315     2                     if(label(kk).eq.'b00200') then
             316     2                     call unify_reduceintp(nx,my,my_max,wk_xy(1,1,2),glob)
             317     2                     call syslbl ('b00200',idtg,itau,ggdef,ihdg)
             318     2                     call qmaxn3 (glob,ihdg(1:14),ihdg(15:26),1,1,1,nx,my,1)
             319     2                     call split(nx,my,lev,lenc,ifilout,nc,glob,mout,ihdg,ihdg2)
             320     2                     go to 30
             321     2                     endif
             322     1               !
             323     2                     if(label(kk).eq.'b00210') then
             324     2                     call unify_reduceintp(nx,my,my_max,wk_xy(1,1,3),glob)
             325     2                     call syslbl ('b00210',idtg,itau,ggdef,ihdg)
             326     2                     call qmaxn3 (glob,ihdg(1:14),ihdg(15:26),1,1,1,nx,my,1)
             327     2                     call split(nx,my,lev,lenc,ifilout,nc,glob,mout,ihdg,ihdg2)
             328     2                     go to 30
             329     2                     endif
             330     1               !
             331     2                     if(label(kk).eq.'x00590') then
             332     2                     call unify_reduceintp(nx,my,my_max,wk_xy(1,1,4),glob)
             333     2                     call syslbl ('x00590',idtg,itau,ggdef,ihdg)
             334     2                     call qmaxn3 (glob,ihdg(1:14),ihdg(15:26),1,1,1,nx,my,1)
             335     2                     call split(nx,my,lev,lenc,ifilout,nc,glob,mout,ihdg,ihdg2)
             336     2                     go to 30
             337     2                     endif
             338     1               !
             339     2                     if(label(kk).eq.'b00510') then
             340     2                     call unify_reduceintp(nx,my,my_max,wk_xy(1,1,5),glob)
             341     2                     call syslbl ('b00510',idtg,itau,ggdef,ihdg)
             342     2                     call qmaxn3 (glob,ihdg(1:14),ihdg(15:26),1,1,1,nx,my,1)
             343     2                     call split(nx,my,lev,lenc,ifilout,nc,glob,mout,ihdg,ihdg2)
             344     2                     go to 30
             345     2                     endif
             346     1               !
             347     1               !      if(label(kk).eq.'b10510') then
             348     1               !      call mpe2d_unify(glob,wk_xy(1,1,5))
             349     1               !      call syslbl ('b10510',idtg,itau,ggdef,ihdg)
             350     1               !      if( lreduce.eq.1 ) call reduceintp (glob,nxdef,nx,my)
             351     1               !      call qmaxn3 (glob,ihdg(1:14),ihdg(15:26),1,1,1,nx,my,1)
             352     1               !      call split(nx,my,lev,lenc,ifilout,nc,glob,mout,ihdg,ihdg2)
             353     1               !      go to 30
             354     1               !      endif
             355     1               !
             356     2                     if(label(kk).eq.'b02100') then
                                   <<< Loop-information Start >>>
                                   <<<  [PARALLELIZATION]
                                   <<<    Standard iteration count: 7
                                   <<<  [OPTIMIZATION]
                                   <<<    SIMD(VL: 8)
                                   <<<    SOFTWARE PIPELINING(IPC: 2.00, ITR: 160, MVE: 3, POL: S)
                                   <<<    PREFETCH(HARD) Expected by compiler :
                                   <<<      t2, globp
                                   <<< Loop-information  End >>>
             357     2  pp   4v            globp=t2
             358     2                     call unify_reduceintp(nx,my,my_max,globp,glob)
             359     2                     call syslbl ('b02100',idtg,itau,ggdef,ihdg)
             360     2                     call qmaxn3 (glob,ihdg(1:14),ihdg(15:26),1,1,1,nx,my,1)
             361     2                     call split(nx,my,lev,lenc,ifilout,nc,glob,mout,ihdg,ihdg2)
             362     2                     go to 30
             363     2                     endif
             364     1               !
             365     2                     if(label(kk).eq.'b02500') then
                                   <<< Loop-information Start >>>
                                   <<<  [PARALLELIZATION]
                                   <<<    Standard iteration count: 7
                                   <<<  [OPTIMIZATION]
                                   <<<    SIMD(VL: 8)
                                   <<<    SOFTWARE PIPELINING(IPC: 2.00, ITR: 160, MVE: 3, POL: S)
                                   <<<    PREFETCH(HARD) Expected by compiler :
                                   <<<      q2, globp
                                   <<< Loop-information  End >>>
             366     2  pp   4v            globp=q2
             367     2                     call unify_reduceintp(nx,my,my_max,globp,glob)
             368     2                     call syslbl ('b02500',idtg,itau,ggdef,ihdg)
             369     2                     call qmaxn3 (glob,ihdg(1:14),ihdg(15:26),1,1,1,nx,my,1)
             370     2                     call split(nx,my,lev,lenc,ifilout,nc,glob,mout,ihdg,ihdg2)
             371     2                     go to 30
             372     2                     endif
             373     1               !
             374     2                     if(label(kk).eq.'b02510') then
                                   <<< Loop-information Start >>>
                                   <<<  [PARALLELIZATION]
                                   <<<    Standard iteration count: 7
                                   <<<  [OPTIMIZATION]
                                   <<<    SIMD(VL: 8)
                                   <<<    SOFTWARE PIPELINING(IPC: 2.00, ITR: 160, MVE: 3, POL: S)
                                   <<<    PREFETCH(HARD) Expected by compiler :
                                   <<<      rh2, globp
                                   <<< Loop-information  End >>>
             375     2  pp   4v            globp=rh2
             376     2                     call unify_reduceintp(nx,my,my_max,globp,glob)
             377     2                     call syslbl ('b02510',idtg,itau,ggdef,ihdg)
             378     2                     call qmaxn3 (glob,ihdg(1:14),ihdg(15:26),1,1,1,nx,my,1)
             379     2                     call split(nx,my,lev,lenc,ifilout,nc,glob,mout,ihdg,ihdg2)
             380     2                     go to 30
             381     2                     endif
             382     1               !
             383     2                     if(label(kk).eq.'b10200') then
                                   <<< Loop-information Start >>>
                                   <<<  [PARALLELIZATION]
                                   <<<    Standard iteration count: 7
                                   <<<  [OPTIMIZATION]
                                   <<<    SIMD(VL: 8)
                                   <<<    SOFTWARE PIPELINING(IPC: 2.00, ITR: 160, MVE: 3, POL: S)
                                   <<<    PREFETCH(HARD) Expected by compiler :
                                   <<<      u10, globp
                                   <<< Loop-information  End >>>
             384     2  pp   4v            globp=u10
             385     2                     call unify_reduceintp(nx,my,my_max,globp,glob)
             386     2                     call syslbl ('b10200',idtg,itau,ggdef,ihdg)
             387     2                     call qmaxn3 (glob,ihdg(1:14),ihdg(15:26),1,1,1,nx,my,1)
             388     2                     call split(nx,my,lev,lenc,ifilout,nc,glob,mout,ihdg,ihdg2)
             389     2                     go to 30
             390     2                     endif
             391     1               !
             392     2                     if(label(kk).eq.'b10210') then
                                   <<< Loop-information Start >>>
                                   <<<  [PARALLELIZATION]
                                   <<<    Standard iteration count: 7
                                   <<<  [OPTIMIZATION]
                                   <<<    SIMD(VL: 8)
                                   <<<    SOFTWARE PIPELINING(IPC: 2.00, ITR: 160, MVE: 3, POL: S)
                                   <<<    PREFETCH(HARD) Expected by compiler :
                                   <<<      v10, globp
                                   <<< Loop-information  End >>>
             393     2  pp   4v            globp=v10
             394     2                     call unify_reduceintp(nx,my,my_max,globp,glob)
             395     2                     call syslbl ('b10210',idtg,itau,ggdef,ihdg)
             396     2                     call qmaxn3 (glob,ihdg(1:14),ihdg(15:26),1,1,1,nx,my,1)
             397     2                     call split(nx,my,lev,lenc,ifilout,nc,glob,mout,ihdg,ihdg2)
             398     2                     go to 30
             399     2                     endif
             400     1               !
             401     2                     if(label(kk).eq.'b10510') then
                                   <<< Loop-information Start >>>
                                   <<<  [PARALLELIZATION]
                                   <<<    Standard iteration count: 7
                                   <<<  [OPTIMIZATION]
                                   <<<    SIMD(VL: 8)
                                   <<<    SOFTWARE PIPELINING(IPC: 2.00, ITR: 160, MVE: 3, POL: S)
                                   <<<    PREFETCH(HARD) Expected by compiler :
                                   <<<      rh10, globp
                                   <<< Loop-information  End >>>
             402     2  pp   4v            globp=rh10
             403     2                     call unify_reduceintp(nx,my,my_max,globp,glob)
             404     2                     call syslbl ('b10510',idtg,itau,ggdef,ihdg)
             405     2                     call qmaxn3 (glob,ihdg(1:14),ihdg(15:26),1,1,1,nx,my,1)
             406     2                     call split(nx,my,lev,lenc,ifilout,nc,glob,mout,ihdg,ihdg2)
             407     2                     go to 30
             408     2                     endif
             409     1               !
             410     2                     if(label(kk).eq.'s005c0') then
                                   <<< Loop-information Start >>>
                                   <<<  [PARALLELIZATION]
                                   <<<    Standard iteration count: 7
                                   <<<  [OPTIMIZATION]
                                   <<<    SIMD(VL: 8)
                                   <<<    SOFTWARE PIPELINING(IPC: 2.00, ITR: 160, MVE: 3, POL: S)
                                   <<<    PREFETCH(HARD) Expected by compiler :
                                   <<<      canopy, globp
                                   <<< Loop-information  End >>>
             411     2  pp   4v            globp=canopy
             412     2                     call unify_reduceintp(nx,my,my_max,globp,glob)
             413     2                     call syslbl ('s005c0',idtg,itau,ggdef,ihdg)
             414     2                     call qmaxn3 (glob,ihdg(1:14),ihdg(15:26),1,1,1,nx,my,1)
             415     2                     call split(nx,my,lev,lenc,ifilout,nc,glob,mout,ihdg,ihdg2)
             416     2                     go to 30
             417     2                     endif
             418     1               !
             419     1               ! s**5b0
             420     1               !
             421     1               !   s01??? = sa1??? = L01???   0-10cm
             422     1               !   s02??? =                  10-200cm
             423     1               !   s03??? = sa2??? = L02???  10-40cm
             424     1               !   s04??? = sa3??? = L03???  40-100cm
             425     1               !   s05??? = sa4??? = L04???  100-200cm
             426     1               !
             427     1               !
             428     1               ! 0-10cm
             429     2                     if(label(kk).eq.'sa15b0') then
             430     2                     call unify_reduceintp(nx,my,my_max,soil_xy(1,1,1),glob)
             431     2                     call syslbl ('sa15b0',idtg,itau,ggdef,ihdg)
             432     2                     call qmaxn3 (glob,ihdg(1:14),ihdg(15:26),1,1,1,nx,my,1)
             433     2                     call split(nx,my,lev,lenc,ifilout,nc,glob,mout,ihdg,ihdg2)
             434     2                     go to 30
             435     2                     endif
             436     1               
             437     1               ! 10-40cm
             438     2                     if(label(kk).eq.'sa25b0') then
             439     2                     call unify_reduceintp(nx,my,my_max,soil_xy(1,1,2),glob)
             440     2                     call syslbl ('sa25b0',idtg,itau,ggdef,ihdg)
             441     2                     call qmaxn3 (glob,ihdg(1:14),ihdg(15:26),1,1,1,nx,my,1)
             442     2                     call split(nx,my,lev,lenc,ifilout,nc,glob,mout,ihdg,ihdg2)
             443     2                     go to 30
             444     2                     endif
             445     1               ! 40-100cm
             446     2                     if(label(kk).eq.'sa35b0') then
             447     2                     call unify_reduceintp(nx,my,my_max,soil_xy(1,1,3),glob)
             448     2                     call syslbl ('sa35b0',idtg,itau,ggdef,ihdg)
             449     2                     call qmaxn3 (glob,ihdg(1:14),ihdg(15:26),1,1,1,nx,my,1)
             450     2                     call split(nx,my,lev,lenc,ifilout,nc,glob,mout,ihdg,ihdg2)
             451     2                     go to 30
             452     2                     endif
             453     1               ! 100-200cm
             454     2                     if(label(kk).eq.'sa45b0') then
             455     2                     call unify_reduceintp(nx,my,my_max,soil_xy(1,1,4),glob)
             456     2                     call syslbl ('sa45b0',idtg,itau,ggdef,ihdg)
             457     2                     call qmaxn3 (glob,ihdg(1:14),ihdg(15:26),1,1,1,nx,my,1)
             458     2                     call split(nx,my,lev,lenc,ifilout,nc,glob,mout,ihdg,ihdg2)
             459     2                     go to 30
             460     2                     endif
             461     1               !kc >
             462     1               ! 0-10cm
             463     2                     if(label(kk).eq.'s015b0') then
             464     2                     call unify_reduceintp(nx,my,my_max,soil_xy(1,1,1),glob)
             465     2                     call syslbl ('s015b0',idtg,itau,ggdef,ihdg)
             466     2                     call qmaxn3 (glob,ihdg(1:14),ihdg(15:26),1,1,1,nx,my,1)
             467     2                     call split(nx,my,lev,lenc,ifilout,nc,glob,mout,ihdg,ihdg2)
             468     2                     go to 30
             469     2                     endif
             470     1               
             471     1                     sfac2=3./19.
             472     1                     sfac3=6./19.
             473     1                     sfac4=10./19.
             474     1               ! output 10-200cm
             475     2                     if(label(kk).eq.'s025b0') then
                                   <<< Loop-information Start >>>
                                   <<<  [PARALLELIZATION]
                                   <<<    Standard iteration count: 3
                                   <<<  [OPTIMIZATION]
                                   <<<    PREFETCH(HARD) Expected by compiler :
                                   <<<      soil_xy, globp
                                   <<< Loop-information  End >>>
             476     3  pp                 do jj=1,jlistnum
             477     3   p                    j=jlist1(jj)
             478     3   p                  nxj=nxdef_2d(j)
                                   <<< Loop-information Start >>>
                                   <<<  [OPTIMIZATION]
                                   <<<    SIMD(VL: 8)
                                   <<<    SOFTWARE PIPELINING(IPC: 2.85, ITR: 112, MVE: 2, POL: S)
                                   <<<    PREFETCH(HARD) Expected by compiler :
                                   <<<      soil_xy, globp
                                   <<< Loop-information  End >>>
             479     4   p   2v            do i=1,nxj
             480     4   p   2v             globp(i,jj)=soil_xy(i,jj,2)*sfac2+soil_xy(i,jj,3)*sfac3 &
             481     4                                 +soil_xy(i,jj,4)*sfac4
             482     4   p   2v            end do
             483     3   p                 end do
             484     2                     call unify_reduceintp(nx,my,my_max,globp,glob)
             485     2                     call syslbl ('s025b0',idtg,itau,ggdef,ihdg)
             486     2                     call qmaxn3 (glob,ihdg(1:14),ihdg(15:26),1,1,1,nx,my,1)
             487     2                     call split(nx,my,lev,lenc,ifilout,nc,glob,mout,ihdg,ihdg2)
             488     2                     go to 30
             489     2                     endif
             490     1               !xb13 <
             491     1               ! 10-40cm
             492     2                     if(label(kk).eq.'s035b0') then
             493     2                     call unify_reduceintp(nx,my,my_max,soil_xy(1,1,2),glob)
             494     2                     call syslbl ('s035b0',idtg,itau,ggdef,ihdg)
             495     2                     call qmaxn3 (glob,ihdg(1:14),ihdg(15:26),1,1,1,nx,my,1)
             496     2                     call split(nx,my,lev,lenc,ifilout,nc,glob,mout,ihdg,ihdg2)
             497     2                     go to 30
             498     2                     endif
             499     1               
             500     1               ! 40-100cm
             501     2                     if(label(kk).eq.'s045b0') then
             502     2                     call unify_reduceintp(nx,my,my_max,soil_xy(1,1,3),glob)
             503     2                     call syslbl ('s045b0',idtg,itau,ggdef,ihdg)
             504     2                     call qmaxn3 (glob,ihdg(1:14),ihdg(15:26),1,1,1,nx,my,1)
             505     2                     call split(nx,my,lev,lenc,ifilout,nc,glob,mout,ihdg,ihdg2)
             506     2                     go to 30
             507     2                     endif
             508     1               ! 100-200cm
             509     2                     if(label(kk).eq.'s055b0') then
             510     2                     call unify_reduceintp(nx,my,my_max,soil_xy(1,1,4),glob)
             511     2                     call syslbl ('s055b0',idtg,itau,ggdef,ihdg)
             512     2                     call qmaxn3 (glob,ihdg(1:14),ihdg(15:26),1,1,1,nx,my,1)
             513     2                     call split(nx,my,lev,lenc,ifilout,nc,glob,mout,ihdg,ihdg2)
             514     2                     go to 30
             515     2                     endif
             516     1               !xb13 >
             517     1               !
             518     1               ! s**5b1
             519     1               ! 0-10cm
             520     2                     if(label(kk).eq.'sa15b1') then
             521     2                     call unify_reduceintp(nx,my,my_max,soil_xy(1,1,5),glob)
             522     2                     call syslbl ('sa15b1',idtg,itau,ggdef,ihdg)
             523     2                     call qmaxn3 (glob,ihdg(1:14),ihdg(15:26),1,1,1,nx,my,1)
             524     2                     call split(nx,my,lev,lenc,ifilout,nc,glob,mout,ihdg,ihdg2)
             525     2                     go to 30
             526     2                     endif
             527     1               ! 10-40cm
             528     2                     if(label(kk).eq.'sa25b1') then
             529     2                     call unify_reduceintp(nx,my,my_max,soil_xy(1,1,6),glob)
             530     2                     call syslbl ('sa25b1',idtg,itau,ggdef,ihdg)
             531     2                     call qmaxn3 (glob,ihdg(1:14),ihdg(15:26),1,1,1,nx,my,1)
             532     2                     call split(nx,my,lev,lenc,ifilout,nc,glob,mout,ihdg,ihdg2)
             533     2                     go to 30
             534     2                     endif
             535     1               ! 40-100cm
             536     2                     if(label(kk).eq.'sa35b1') then
             537     2                     call unify_reduceintp(nx,my,my_max,soil_xy(1,1,7),glob)
             538     2                     call syslbl ('sa35b1',idtg,itau,ggdef,ihdg)
             539     2                     call qmaxn3 (glob,ihdg(1:14),ihdg(15:26),1,1,1,nx,my,1)
             540     2                     call split(nx,my,lev,lenc,ifilout,nc,glob,mout,ihdg,ihdg2)
             541     2                     go to 30
             542     2                     endif
             543     1               ! 100-200cm
             544     2                     if(label(kk).eq.'sa45b1') then
             545     2                     call unify_reduceintp(nx,my,my_max,soil_xy(1,1,8),glob)
             546     2                     call syslbl ('sa45b1',idtg,itau,ggdef,ihdg)
             547     2                     call qmaxn3 (glob,ihdg(1:14),ihdg(15:26),1,1,1,nx,my,1)
             548     2                     call split(nx,my,lev,lenc,ifilout,nc,glob,mout,ihdg,ihdg2)
             549     2                     go to 30
             550     2                     endif
             551     1               !xb13
             552     1               ! 0-10cm
             553     2                     if(label(kk).eq.'s015b1') then
             554     2                     call unify_reduceintp(nx,my,my_max,soil_xy(1,1,5),glob)
             555     2                     call syslbl ('s015b1',idtg,itau,ggdef,ihdg)
             556     2                     call qmaxn3 (glob,ihdg(1:14),ihdg(15:26),1,1,1,nx,my,1)
             557     2                     call split(nx,my,lev,lenc,ifilout,nc,glob,mout,ihdg,ihdg2)
             558     2                     go to 30
             559     2                     endif
             560     1               
             561     1               ! 10-200cm
             562     2                     if(label(kk).eq.'s025b1') then
                                   <<< Loop-information Start >>>
                                   <<<  [PARALLELIZATION]
                                   <<<    Standard iteration count: 2
                                   <<<  [OPTIMIZATION]
                                   <<<    PREFETCH(HARD) Expected by compiler :
                                   <<<      soil_xy, globp
                                   <<< Loop-information  End >>>
             563     3  pp                 do jj=1,jlistnum
             564     3   p                    j=jlist1(jj)
             565     3   p                  nxj=nxdef_2d(j)
                                   <<< Loop-information Start >>>
                                   <<<  [OPTIMIZATION]
                                   <<<    SIMD(VL: 8)
                                   <<<    SOFTWARE PIPELINING(IPC: 2.85, ITR: 112, MVE: 2, POL: S)
                                   <<<    PREFETCH(HARD) Expected by compiler :
                                   <<<      soil_xy, globp
                                   <<< Loop-information  End >>>
             566     4   p   2v            do i=1,nxj
             567     4   p   2v             globp(i,jj)=soil_xy(i,jj,6)*sfac2+soil_xy(i,jj,7)*sfac3 &
             568     4                                 +soil_xy(i,jj,8)*sfac4
             569     4   p   2v            end do
             570     3   p                 end do
             571     2                     call unify_reduceintp(nx,my,my_max,globp,glob)
             572     2                     call syslbl ('s025b1',idtg,itau,ggdef,ihdg)
             573     2                     call qmaxn3 (glob,ihdg(1:14),ihdg(15:26),1,1,1,nx,my,1)
             574     2                     call split(nx,my,lev,lenc,ifilout,nc,glob,mout,ihdg,ihdg2)
             575     2                     go to 30
             576     2                     endif
             577     1               ! 10-40cm
             578     2                     if(label(kk).eq.'s035b1') then
             579     2                     call unify_reduceintp(nx,my,my_max,soil_xy(1,1,6),glob)
             580     2                     call syslbl ('s035b1',idtg,itau,ggdef,ihdg)
             581     2                     call qmaxn3 (glob,ihdg(1:14),ihdg(15:26),1,1,1,nx,my,1)
             582     2                     call split(nx,my,lev,lenc,ifilout,nc,glob,mout,ihdg,ihdg2)
             583     2                     go to 30
             584     2                     endif
             585     1               ! 40-100cm
             586     2                     if(label(kk).eq.'s045b1') then
             587     2                     call unify_reduceintp(nx,my,my_max,soil_xy(1,1,7),glob)
             588     2                     call syslbl ('s045b1',idtg,itau,ggdef,ihdg)
             589     2                     call qmaxn3 (glob,ihdg(1:14),ihdg(15:26),1,1,1,nx,my,1)
             590     2                     call split(nx,my,lev,lenc,ifilout,nc,glob,mout,ihdg,ihdg2)
             591     2                     go to 30
             592     2                     endif
             593     1               ! 100-200cm
             594     2                     if(label(kk).eq.'s055b1') then
             595     2                     call unify_reduceintp(nx,my,my_max,soil_xy(1,1,8),glob)
             596     2                     call syslbl ('s055b1',idtg,itau,ggdef,ihdg)
             597     2                     call qmaxn3 (glob,ihdg(1:14),ihdg(15:26),1,1,1,nx,my,1)
             598     2                     call split(nx,my,lev,lenc,ifilout,nc,glob,mout,ihdg,ihdg2)
             599     2                     go to 30
             600     2                     endif
             601     1               !<xb13
             602     1               !
             603     1               ! s**100
             604     1               ! 0-10cm
             605     2                     if(label(kk).eq.'sa1100') then
             606     2                     call unify_reduceintp(nx,my,my_max,soil_xy(1,1,9),glob)
             607     2                     call syslbl ('sa1100',idtg,itau,ggdef,ihdg)
             608     2                     call qmaxn3 (glob,ihdg(1:14),ihdg(15:26),1,1,1,nx,my,1)
             609     2                     call split(nx,my,lev,lenc,ifilout,nc,glob,mout,ihdg,ihdg2)
             610     2                     go to 30
             611     2                     endif
             612     1               !10-40cm
             613     2                     if(label(kk).eq.'sa2100') then
             614     2                     call unify_reduceintp(nx,my,my_max,soil_xy(1,1,10),glob)
             615     2                     call syslbl ('sa2100',idtg,itau,ggdef,ihdg)
             616     2                     call qmaxn3 (glob,ihdg(1:14),ihdg(15:26),1,1,1,nx,my,1)
             617     2                     call split(nx,my,lev,lenc,ifilout,nc,glob,mout,ihdg,ihdg2)
             618     2                     go to 30
             619     2                     endif
             620     1               ! 40-100cm
             621     2                     if(label(kk).eq.'sa3100') then
             622     2                     call unify_reduceintp(nx,my,my_max,soil_xy(1,1,11),glob)
             623     2                     call syslbl ('sa3100',idtg,itau,ggdef,ihdg)
             624     2                     call qmaxn3 (glob,ihdg(1:14),ihdg(15:26),1,1,1,nx,my,1)
             625     2                     call split(nx,my,lev,lenc,ifilout,nc,glob,mout,ihdg,ihdg2)
             626     2                     go to 30
             627     2                     endif
             628     1               ! 100-200cm
             629     2                     if(label(kk).eq.'sa4100') then
             630     2                     call unify_reduceintp(nx,my,my_max,soil_xy(1,1,12),glob)
             631     2                     call syslbl ('sa4100',idtg,itau,ggdef,ihdg)
             632     2                     call qmaxn3 (glob,ihdg(1:14),ihdg(15:26),1,1,1,nx,my,1)
             633     2                     call split(nx,my,lev,lenc,ifilout,nc,glob,mout,ihdg,ihdg2)
             634     2                     go to 30
             635     2                     endif
             636     1               !xb13>
             637     1               ! 0-10cm
             638     2                     if(label(kk).eq.'s01100') then
             639     2                     call unify_reduceintp(nx,my,my_max,soil_xy(1,1,9),glob)
             640     2                     call syslbl ('s01100',idtg,itau,ggdef,ihdg)
             641     2                     call qmaxn3 (glob,ihdg(1:14),ihdg(15:26),1,1,1,nx,my,1)
             642     2                     call split(nx,my,lev,lenc,ifilout,nc,glob,mout,ihdg,ihdg2)
             643     2                     go to 30
             644     2                     endif
             645     1               ! 10-200cm
             646     2                     if(label(kk).eq.'s02100') then
             647     2               
                                   <<< Loop-information Start >>>
                                   <<<  [PARALLELIZATION]
                                   <<<    Standard iteration count: 2
                                   <<<  [OPTIMIZATION]
                                   <<<    PREFETCH(HARD) Expected by compiler :
                                   <<<      soil_xy, globp
                                   <<< Loop-information  End >>>
             648     3  pp                 do jj=1,jlistnum
             649     3   p                    j=jlist1(jj)
             650     3   p                  nxj=nxdef_2d(j)
                                   <<< Loop-information Start >>>
                                   <<<  [OPTIMIZATION]
                                   <<<    SIMD(VL: 8)
                                   <<<    SOFTWARE PIPELINING(IPC: 2.85, ITR: 112, MVE: 2, POL: S)
                                   <<<    PREFETCH(HARD) Expected by compiler :
                                   <<<      soil_xy, globp
                                   <<< Loop-information  End >>>
             651     4   p   2v            do i=1,nxj
             652     4   p   2v             globp(i,jj)=soil_xy(i,jj,10)*sfac2+soil_xy(i,jj,11)*sfac3 &
             653     4                                 +soil_xy(i,jj,12)*sfac4
             654     4   p   2v            end do
             655     3   p                 end do
             656     2                     call unify_reduceintp(nx,my,my_max,globp,glob)
             657     2                     call syslbl ('s02100',idtg,itau,ggdef,ihdg)
             658     2                     call qmaxn3 (glob,ihdg(1:14),ihdg(15:26),1,1,1,nx,my,1)
             659     2                     call split(nx,my,lev,lenc,ifilout,nc,glob,mout,ihdg,ihdg2)
             660     2                     go to 30
             661     2                     endif
             662     1               ! 10-40cm
             663     1               
             664     2                     if(label(kk).eq.'s03100') then
             665     2                     call unify_reduceintp(nx,my,my_max,soil_xy(1,1,10),glob)
             666     2                     call syslbl ('s03100',idtg,itau,ggdef,ihdg)
             667     2                     call qmaxn3 (glob,ihdg(1:14),ihdg(15:26),1,1,1,nx,my,1)
             668     2                     call split(nx,my,lev,lenc,ifilout,nc,glob,mout,ihdg,ihdg2)
             669     2                     go to 30
             670     2                     endif
             671     1               ! 40-100cm
             672     2                     if(label(kk).eq.'s04100') then
             673     2                     call unify_reduceintp(nx,my,my_max,soil_xy(1,1,11),glob)
             674     2                     call syslbl ('s04100',idtg,itau,ggdef,ihdg)
             675     2                     call qmaxn3 (glob,ihdg(1:14),ihdg(15:26),1,1,1,nx,my,1)
             676     2                     call split(nx,my,lev,lenc,ifilout,nc,glob,mout,ihdg,ihdg2)
             677     2                     go to 30
             678     2                     endif
             679     1               ! 100-200cm
             680     2                     if(label(kk).eq.'s05100') then
             681     2                     call unify_reduceintp(nx,my,my_max,soil_xy(1,1,12),glob)
             682     2                     call syslbl ('s05100',idtg,itau,ggdef,ihdg)
             683     2                     call qmaxn3 (glob,ihdg(1:14),ihdg(15:26),1,1,1,nx,my,1)
             684     2                     call split(nx,my,lev,lenc,ifilout,nc,glob,mout,ihdg,ihdg2)
             685     2                     go to 30
             686     2                     endif
             687     1               !< xb13
             688     1               !
             689     1               ! ctot_total cloud fraction
             690     2                     if(label(kk).eq.'x00770') then
             691     2                     call unify_reduceintp(nx,my,my_max,wk_xy(1,1,6),glob)
             692     2                     call syslbl ('x00770',idtg,itau,ggdef,ihdg)
             693     2                     call qmaxn3 (glob,ihdg(1:14),ihdg(15:26),1,1,1,nx,my,1)
             694     2                     call split(nx,my,lev,lenc,ifilout,nc,glob,mout,ihdg,ihdg2)
             695     2                     go to 30
             696     2                     endif
             697     1               ! chig_high cloud fraction
             698     2                     if(label(kk).eq.'x00760') then
             699     2                     call unify_reduceintp(nx,my,my_max,wk_xy(1,1,7),glob)
             700     2                     call syslbl ('x00760',idtg,itau,ggdef,ihdg)
             701     2                     call qmaxn3 (glob,ihdg(1:14),ihdg(15:26),1,1,1,nx,my,1)
             702     2                     call split(nx,my,lev,lenc,ifilout,nc,glob,mout,ihdg,ihdg2)
             703     2                     go to 30
             704     2                     endif
             705     1               ! cmid_middle cloud fraction
             706     2                     if(label(kk).eq.'x00750') then
             707     2                     call unify_reduceintp(nx,my,my_max,wk_xy(1,1,8),glob)
             708     2                     call syslbl ('x00750',idtg,itau,ggdef,ihdg)
             709     2                     call qmaxn3 (glob,ihdg(1:14),ihdg(15:26),1,1,1,nx,my,1)
             710     2                     call split(nx,my,lev,lenc,ifilout,nc,glob,mout,ihdg,ihdg2)
             711     2                     go to 30
             712     2                     endif
             713     1               ! clow_low cloud fraction
             714     2                     if(label(kk).eq.'x00740') then
             715     2                     call unify_reduceintp(nx,my,my_max,wk_xy(1,1,9),glob)
             716     2                     call syslbl ('x00740',idtg,itau,ggdef,ihdg)
             717     2                     call qmaxn3 (glob,ihdg(1:14),ihdg(15:26),1,1,1,nx,my,1)
             718     2                     call split(nx,my,lev,lenc,ifilout,nc,glob,mout,ihdg,ihdg2)
             719     2                     go to 30
             720     2                     endif
             721     1               !
             722     1               ! pbl hight
             723     2                     if(label(kk).eq.'pbl000') then
             724     2                     call unify_reduceintp(nx,my,my_max,wk_xy(1,1,10),glob)
             725     2                     call syslbl ('pbl000',idtg,itau,ggdef,ihdg)
             726     2                     call qmaxn3 (glob,ihdg(1:14),ihdg(15:26),1,1,1,nx,my,1)
             727     2                     call split(nx,my,lev,lenc,ifilout,nc,glob,mout,ihdg,ihdg2)
             728     2                     go to 30
             729     2                     endif
             730     1               !
             731     1               ! specific humidity
             732     2                     if(label(kk).eq.'m01500') then
             733     2                     call unify_reduceintp(nx,my,my_max,wk_xy(1,1,11),glob)
             734     2                     call syslbl ('m01500',idtg,itau,ggdef,ihdg)
             735     2                     call qmaxn3 (glob,ihdg(1:14),ihdg(15:26),1,1,1,nx,my,1)
             736     2                     call split(nx,my,lev,lenc,ifilout,nc,glob,mout,ihdg,ihdg2)
             737     2                     go to 30
             738     2                     endif
             739     1               !
             740     2                     if(label(kk).eq.'m60500') then
             741     2                     call unify_reduceintp(nx,my,my_max,wk_xy(1,1,12),glob)
             742     2                     call syslbl ('m60500',idtg,itau,ggdef,ihdg)
             743     2                     call qmaxn3 (glob,ihdg(1:14),ihdg(15:26),1,1,1,nx,my,1)
             744     2                     call split(nx,my,lev,lenc,ifilout,nc,glob,mout,ihdg,ihdg2)
             745     2                     go to 30
             746     2                     endif
             747     1               !xb110> flash density
             748     1               !      if(label(kk).eq.'fshden') then
             749     1               !      call unify_reduceintp(nx,my,my_max,flash,glob)
             750     1               !      call syslbl ('x00999',idtg,itau,ggdef,ihdg)
             751     1               !      call qmaxn3 (glob,ihdg(1:14),ihdg(15:26),1,1,1,nx,my,1)
             752     1               !      call split(nx,my,lev,lenc,ifilout,nc,glob,mout,ihdg,ihdg2)
             753     1               !      go to 30
             754     1               !      endif
             755     1               !xb110<
             756     1               
             757     1                  30 continue
             758                     !
             759                           if ( myrank .lt. nc )             &
             760                              call dmswrit_split(nx,my,ihdg2,lenc,kflag,ifilout,mout,istat)
             761                     !
             762                           return
             763                           end

 Procedure information
   Lines      : 763
   Statements : 598
   Stack(byte): 13280
   Prefetch num: 0

 Scoping unit of external sub-program : out2d
   Attribute and Cross reference of name
     acld
      |(Class and Type) : variable name, REAL(8)
      |(Attributes)     : DIMENSION, dummy-argument
      |(Declaration)    : 1  18
      |(Definition)     : 298  300  303
      |(Reference)      : 300
     alb
      |(Class and Type) : variable name, REAL(8)
      |(Attributes)     : DIMENSION, dummy-argument
      |(Declaration)    : 1  18
      |(Definition)     : 
      |(Reference)      : 119
     canopy
      |(Class and Type) : variable name, REAL(8)
      |(Attributes)     : DIMENSION, dummy-argument
      |(Declaration)    : 1  42
      |(Definition)     : 
      |(Reference)      : 411
     char
      |(Class and Type) : intrinsic function name, CHARACTER((unknown),1)
      |(Attributes)     : PURE, ELEMENTAL
      |(Declaration)    : 
      |(Definition)     : 
      |(Reference)      : 83
     const
      |(Class and Type) : module name
      |(Attributes)     : 
      |(Declaration)    : 
      |(Definition)     : 
      |(Reference)      : 12
     cumtop
      |(Class and Type) : variable name, REAL(8)
      |(Attributes)     : DIMENSION, dummy-argument
      |(Declaration)    : 1  18
      |(Definition)     : 
      |(Reference)      : 262
     dmswrit
      |(Class and Type) : external subroutine name
      |(Attributes)     : 
      |(Declaration)    : 
      |(Definition)     : 
      |(Reference)      : 303
     dmswrit_split
      |(Class and Type) : external subroutine name
      |(Attributes)     : 
      |(Declaration)    : 
      |(Definition)     : 
      |(Reference)      : 759
     gfx
      |(Class and Type) : variable name, REAL(8)
      |(Attributes)     : DIMENSION, dummy-argument
      |(Declaration)    : 1  18
      |(Definition)     : 
      |(Reference)      : 271
     ggdef
      |(Class and Type) : variable name, CHARACTER(4,1)
      |(Attributes)     : dummy-argument
      |(Declaration)    : 1  31
      |(Definition)     : 94  103  112  121  135  144  153  162  171  178  182  195  204  213  228  237  246  255  264  273  282  291  302  309  317  325  333  341  359  368  377  386  395  404  413  431  440  448  456  465  485  494  503  511  522  530  538  546  555  572  580  588  596  607  615  623  631  640  657  666  674  682  692  700  708  716  725  734  742
      |(Reference)      : 
     glob
      |(Class and Type) : variable name, REAL(8)
      |(Attributes)     : DIMENSION, dummy-argument
      |(Declaration)    : 1  34
      |(Definition)     : 93  95  96  102  104  105  111  113  114  120  122  123  134  136  137  143  145  146  152  154  155  161  163  164  170  172  173  177  179  180  189  190  191  194  196  197  203  205  206  212  214  215  227  229  230  236  238  239  245  247  248  254  256  257  263  265  266  272  274  275  281  283  284  290  292  293  308  310  311  316  318  319  324  326  327  332  334  335  340  342  343  358  360  361  367  369  370  376  378  379  385  387  388  394  396  397  403  405  406  412  414  415  430  432  433  439  441  442  447  449  450  455  457  458  464  466  467  484  486  487  493  495  496  502  504  505  510  512  513  521  523  524  529  531  532  537  539  540  545  547  548  554  556  557  571  573  574  579  581  582  587  589  590  595  597  598  606  608  609  614  616  617  622  624  625  630  632  633  639  641  642  656  658  659  665  667  668  673  675  676  681  683  684  691  693  694  699  701  702  707  709  710  715  717  718  724  726  727  733  735  736  741  743  744
      |(Reference)      : 
     globp
      |(Class and Type) : variable name, REAL(8)
      |(Attributes)     : DIMENSION
      |(Declaration)    : 38
      |(Definition)     : 92  93  101  102  110  111  119  120  132  134  142  143  151  152  160  161  169  170  176  177  187  189  193  194  202  203  211  212  224  227  235  236  244  245  253  254  262  263  271  272  280  281  289  290  357  358  366  367  375  376  384  385  393  394  402  403  411  412  480  484  567  571  652  656
      |(Reference)      : 
     gwclim
      |(Class and Type) : variable name, REAL(8)
      |(Attributes)     : DIMENSION, dummy-argument
      |(Declaration)    : 1  18
      |(Definition)     : 
      |(Reference)      : 
     gwet
      |(Class and Type) : variable name, REAL(8)
      |(Attributes)     : DIMENSION, dummy-argument
      |(Declaration)    : 1  18
      |(Definition)     : 
      |(Reference)      : 132  142
     hflux
      |(Class and Type) : variable name, REAL(8)
      |(Attributes)     : DIMENSION, dummy-argument
      |(Declaration)    : 1  18
      |(Definition)     : 
      |(Reference)      : 101
     i
      |(Class and Type) : variable name, INTEGER(4)
      |(Attributes)     : 
      |(Declaration)    : 48
      |(Definition)     : 79  131  186  223  299  479  566  651
      |(Reference)      : 80  80  83  83  132  132  187  187  187  224  224  224  300  300  480  480  480  480  567  567  567  567  652  652  652  652
     ia
      |(Class and Type) : variable name, INTEGER(4)
      |(Attributes)     : 
      |(Declaration)    : 48
      |(Definition)     : 80  82
      |(Reference)      : 81  81  82  83
     ichar
      |(Class and Type) : intrinsic function name, INTEGER(4)
      |(Attributes)     : PURE, ELEMENTAL
      |(Declaration)    : 
      |(Definition)     : 
      |(Reference)      : 80
     idtg
      |(Class and Type) : variable name, INTEGER(8)
      |(Attributes)     : dummy-argument
      |(Declaration)    : 1  32
      |(Definition)     : 94  103  112  121  135  144  153  162  171  178  182  195  204  213  228  237  246  255  264  273  282  291  302  309  317  325  333  341  359  368  377  386  395  404  413  431  440  448  456  465  485  494  503  511  522  530  538  546  555  572  580  588  596  607  615  623  631  640  657  666  674  682  692  700  708  716  725  734  742
      |(Reference)      : 
     ifilout
      |(Class and Type) : variable name, CHARACTER(80,1)
      |(Attributes)     : dummy-argument
      |(Declaration)    : 1  44
      |(Definition)     : 96  105  114  123  137  146  155  164  173  180  191  197  206  215  230  239  248  257  266  275  284  293  303  311  319  327  335  343  361  370  379  388  397  406  415  433  442  450  458  467  487  496  505  513  524  532  540  548  557  574  582  590  598  609  617  625  633  642  659  668  676  684  694  702  710  718  727  736  744  759
      |(Reference)      : 
     ihdg
      |(Class and Type) : variable name, CHARACTER(26,1)
      |(Attributes)     : 
      |(Declaration)    : 45
      |(Definition)     : 94  95  95  96  103  104  104  105  112  113  113  114  121  122  122  123  135  136  136  137  144  145  145  146  153  154  154  155  162  163  163  164  171  172  172  173  178  179  179  180  182  190  190  191  195  196  196  197  204  205  205  206  213  214  214  215  228  229  229  230  237  238  238  239  246  247  247  248  255  256  256  257  264  265  265  266  273  274  274  275  282  283  283  284  291  292  292  293  302  303  309  310  310  311  317  318  318  319  325  326  326  327  333  334  334  335  341  342  342  343  359  360  360  361  368  369  369  370  377  378  378  379  386  387  387  388  395  396  396  397  404  405  405  406  413  414  414  415  431  432  432  433  440  441  441  442  448  449  449  450  456  457  457  458  465  466  466  467  485  486  486  487  494  495  495  496  503  504  504  505  511  512  512  513  522  523  523  524  530  531  531  532  538  539  539  540  546  547  547  548  555  556  556  557  572  573  573  574  580  581  581  582  588  589  589  590  596  597  597  598  607  608  608  609  615  616  616  617  623  624  624  625  631  632  632  633  640  641  641  642  657  658  658  659  666  667  667  668  674  675  675  676  682  683  683  684  692  693  693  694  700  701  701  702  708  709  709  710  716  717  717  718  725  726  726  727  734  735  735  736  742  743  743  744
      |(Reference)      : 
     ihdg2
      |(Class and Type) : variable name, CHARACTER(26,1)
      |(Attributes)     : 
      |(Declaration)    : 45
      |(Definition)     : 96  105  114  123  137  146  155  164  173  180  191  197  206  215  230  239  248  257  266  275  284  293  311  319  327  335  343  361  370  379  388  397  406  415  433  442  450  458  467  487  496  505  513  524  532  540  548  557  574  582  590  598  609  617  625  633  642  659  668  676  684  694  702  710  718  727  736  744  759
      |(Reference)      : 
     index
      |(Class and Type) : module name
      |(Attributes)     : 
      |(Declaration)    : 
      |(Definition)     : 
      |(Reference)      : 10
     istat
      |(Class and Type) : variable name, INTEGER(4)
      |(Attributes)     : 
      |(Declaration)    : 48
      |(Definition)     : 303  759
      |(Reference)      : 
     itau
      |(Class and Type) : variable name, INTEGER(4)
      |(Attributes)     : dummy-argument
      |(Declaration)    : 1  16
      |(Definition)     : 94  103  112  121  135  144  153  162  171  178  182  195  204  213  228  237  246  255  264  273  282  291  302  309  317  325  333  341  359  368  377  386  395  404  413  431  440  448  456  465  485  494  503  511  522  530  538  546  555  572  580  588  596  607  615  623  631  640  657  666  674  682  692  700  708  716  725  734  742
      |(Reference)      : 
     j
      |(Class and Type) : variable name, INTEGER(4)
      |(Attributes)     : 
      |(Declaration)    : 48
      |(Definition)     : 129  184  221  477  564  649
      |(Reference)      : 130  185  222  478  565  650
     jj
      |(Class and Type) : variable name, INTEGER(4)
      |(Attributes)     : 
      |(Declaration)    : 48
      |(Definition)     : 128  183  220  476  563  648
      |(Reference)      : 129  132  132  184  187  187  187  221  224  224  224  477  480  480  480  480  564  567  567  567  567  649  652  652  652  652
     jlist1
      |(Class and Type) : variable name, INTEGER(4)
      |(Attributes)     : ALLOCATABLE, DIMENSION, SAVE, use-associated
      |(Declaration)    : 
      |(Definition)     : 
      |(Reference)      : 129  184  221  477  564  649
     jlistnum
      |(Class and Type) : variable name, INTEGER(4)
      |(Attributes)     : common-block-object, use-associated
      |(Declaration)    : 
      |(Definition)     : 
      |(Reference)      : 128  183  220  476  563  648
     kflag
      |(Class and Type) : named constant, CHARACTER(1,1)
      |(Attributes)     : use-associated
      |(Declaration)    : 
      |(Definition)     : 
      |(Reference)      : 12  303  759
     kk
      |(Class and Type) : variable name, INTEGER(4)
      |(Attributes)     : 
      |(Declaration)    : 48
      |(Definition)     : 89
      |(Reference)      : 91  100  109  118  127  141  150  159  168  201  210  219  234  243  252  261  270  279  288  297  307  315  323  331  339  356  365  374  383  392  401  410  429  438  446  454  463  475  492  501  509  520  528  536  544  553  562  578  586  594  605  613  621  629  638  646  664  672  680  690  698  706  714  723  732  740
     label
      |(Class and Type) : variable name, CHARACTER(6,1)
      |(Attributes)     : DIMENSION
      |(Declaration)    : 46
      |(Definition)     : 65  86
      |(Reference)      : 78  91  100  109  118  127  141  150  159  168  201  210  219  234  243  252  261  270  279  288  297  307  315  323  331  339  356  365  374  383  392  401  410  429  438  446  454  463  475  492  501  509  520  528  536  544  553  562  578  586  594  605  613  621  629  638  646  664  672  680  690  698  706  714  723  732  740
     labx
      |(Class and Type) : variable name, CHARACTER(6,1)
      |(Attributes)     : 
      |(Declaration)    : 46
      |(Definition)     : 62  78  83
      |(Reference)      : 65  66  80  86
     lenc
      |(Class and Type) : variable name, INTEGER(4)
      |(Attributes)     : 
      |(Declaration)    : 48
      |(Definition)     : 72  96  105  114  123  137  146  155  164  173  180  191  197  206  215  230  239  248  257  266  275  284  293  311  319  327  335  343  361  370  379  388  397  406  415  433  442  450  458  467  487  496  505  513  524  532  540  548  557  574  582  590  598  609  617  625  633  642  659  668  676  684  694  702  710  718  727  736  744  759
      |(Reference)      : 
     lenc2
      |(Class and Type) : variable name, INTEGER(4)
      |(Attributes)     : 
      |(Declaration)    : 48
      |(Definition)     : 73  303
      |(Reference)      : 
     lev
      |(Class and Type) : variable name, INTEGER(4)
      |(Attributes)     : dummy-argument
      |(Declaration)    : 1  16
      |(Definition)     : 96  105  114  123  137  146  155  164  173  180  191  197  206  215  230  239  248  257  266  275  284  293  298  303  311  319  327  335  343  361  370  379  388  397  406  415  433  442  450  458  467  487  496  505  513  524  532  540  548  557  574  582  590  598  609  617  625  633  642  659  668  676  684  694  702  710  718  727  736  744
      |(Reference)      : 18  73  299
     levz
      |(Class and Type) : variable name, INTEGER(4)
      |(Attributes)     : 
      |(Declaration)    : 48
      |(Definition)     : 62
      |(Reference)      : 63
     mod_outflds
      |(Class and Type) : module name
      |(Attributes)     : 
      |(Declaration)    : 
      |(Definition)     : 
      |(Reference)      : 11
     mout
      |(Class and Type) : variable name, REAL(8)
      |(Attributes)     : DIMENSION
      |(Declaration)    : 34
      |(Definition)     : 96  105  114  123  137  146  155  164  173  180  191  197  206  215  230  239  248  257  266  275  284  293  311  319  327  335  343  361  370  379  388  397  406  415  433  442  450  458  467  487  496  505  513  524  532  540  548  557  574  582  590  598  609  617  625  633  642  659  668  676  684  694  702  710  718  727  736  744  759
      |(Reference)      : 
     mpe
      |(Class and Type) : module name
      |(Attributes)     : 
      |(Declaration)    : 
      |(Definition)     : 
      |(Reference)      : 9
     mpe_double
      |(Class and Type) : named constant, INTEGER(4)
      |(Attributes)     : use-associated
      |(Declaration)    : 
      |(Definition)     : 
      |(Reference)      : 298
     mpe_unify
      |(Class and Type) : external subroutine name
      |(Attributes)     : 
      |(Declaration)    : 
      |(Definition)     : 
      |(Reference)      : 298
     my
      |(Class and Type) : variable name, INTEGER(4)
      |(Attributes)     : dummy-argument
      |(Declaration)    : 1  16
      |(Definition)     : 93  95  96  102  104  105  111  113  114  120  122  123  134  136  137  143  145  146  152  154  155  161  163  164  170  172  173  177  179  180  189  190  191  194  196  197  203  205  206  212  214  215  227  229  230  236  238  239  245  247  248  254  256  257  263  265  266  272  274  275  281  283  284  290  292  293  298  303  308  310  311  316  318  319  324  326  327  332  334  335  340  342  343  358  360  361  367  369  370  376  378  379  385  387  388  394  396  397  403  405  406  412  414  415  430  432  433  439  441  442  447  449  450  455  457  458  464  466  467  484  486  487  493  495  496  502  504  505  510  512  513  521  523  524  529  531  532  537  539  540  545  547  548  554  556  557  571  573  574  579  581  582  587  589  590  595  597  598  606  608  609  614  616  617  622  624  625  630  632  633  639  641  642  656  658  659  665  667  668  673  675  676  681  683  684  691  693  694  699  701  702  707  709  710  715  717  718  724  726  727  733  735  736  741  743  744  759
      |(Reference)      : 18  34  34  72  73  299
     my_max
      |(Class and Type) : variable name, INTEGER(4)
      |(Attributes)     : dummy-argument
      |(Declaration)    : 1  16
      |(Definition)     : 93  102  111  120  134  143  152  161  170  177  189  194  203  212  227  236  245  254  263  272  281  290  308  316  324  332  340  358  367  376  385  394  403  412  430  439  447  455  464  484  493  502  510  521  529  537  545  554  571  579  587  595  606  614  622  630  639  656  665  673  681  691  699  707  715  724  733  741
      |(Reference)      : 18  18  18  18  18  18  18  18  18  18  18  18  18  18  18  18  18  18  18  18  18  18  18  18  18  18  38  40  40  42
     myrank
      |(Class and Type) : variable name, INTEGER(4)
      |(Attributes)     : common-block-object, use-associated
      |(Declaration)    : 
      |(Definition)     : 
      |(Reference)      : 60  66  759
     n
      |(Class and Type) : variable name, INTEGER(4)
      |(Attributes)     : 
      |(Declaration)    : 48
      |(Definition)     : 61  77
      |(Reference)      : 62  78  86
     nc
      |(Class and Type) : variable name, INTEGER(4)
      |(Attributes)     : 
      |(Declaration)    : 48
      |(Definition)     : 59  96  105  114  123  137  146  155  164  173  180  191  197  206  215  230  239  248  257  266  275  284  293  311  319  327  335  343  361  370  379  388  397  406  415  433  442  450  458  467  487  496  505  513  524  532  540  548  557  574  582  590  598  609  617  625  633  642  659  668  676  684  694  702  710  718  727  736  744
      |(Reference)      : 759
     ntau
      |(Class and Type) : variable name, INTEGER(4)
      |(Attributes)     : dummy-argument
      |(Declaration)    : 1  16
      |(Definition)     : 
      |(Reference)      : 30  46  60  61
     num
      |(Class and Type) : variable name, INTEGER(4)
      |(Attributes)     : 
      |(Declaration)    : 48
      |(Definition)     : 58  64
      |(Reference)      : 64  65  66  69  77  89
     nx
      |(Class and Type) : variable name, INTEGER(4)
      |(Attributes)     : dummy-argument
      |(Declaration)    : 1  16
      |(Definition)     : 93  95  96  102  104  105  111  113  114  120  122  123  134  136  137  143  145  146  152  154  155  161  163  164  170  172  173  177  179  180  189  190  191  194  196  197  203  205  206  212  214  215  227  229  230  236  238  239  245  247  248  254  256  257  263  265  266  272  274  275  281  283  284  290  292  293  308  310  311  316  318  319  324  326  327  332  334  335  340  342  343  358  360  361  367  369  370  376  378  379  385  387  388  394  396  397  403  405  406  412  414  415  430  432  433  439  441  442  447  449  450  455  457  458  464  466  467  484  486  487  493  495  496  502  504  505  510  512  513  521  523  524  529  531  532  537  539  540  545  547  548  554  556  557  571  573  574  579  581  582  587  589  590  595  597  598  606  608  609  614  616  617  622  624  625  630  632  633  639  641  642  656  658  659  665  667  668  673  675  676  681  683  684  691  693  694  699  701  702  707  709  710  715  717  718  724  726  727  733  735  736  741  743  744  759
      |(Reference)      : 34  34  72
     nxdef_2d
      |(Class and Type) : variable name, INTEGER(4)
      |(Attributes)     : ALLOCATABLE, DIMENSION, SAVE, use-associated
      |(Declaration)    : 
      |(Definition)     : 
      |(Reference)      : 130  185  222  478  565  650
     nxj
      |(Class and Type) : variable name, INTEGER(4)
      |(Attributes)     : 
      |(Declaration)    : 48
      |(Definition)     : 130  185  222  478  565  650
      |(Reference)      : 131  186  223  479  566  651
     nxp
      |(Class and Type) : variable name, INTEGER(4)
      |(Attributes)     : common-block-object, use-associated
      |(Declaration)    : 
      |(Definition)     : 
      |(Reference)      : 18  18  18  18  18  18  18  18  18  18  18  18  18  18  18  18  18  18  18  18  18  18  18  18  18  18  38  40  40  42
     out2d
      |(Class and Type) : external subroutine name
      |(Attributes)     : 
      |(Declaration)    : 
      |(Definition)     : 1
      |(Reference)      : 
     plcl
      |(Class and Type) : variable name, REAL(8)
      |(Attributes)     : DIMENSION, dummy-argument
      |(Declaration)    : 1  18
      |(Definition)     : 
      |(Reference)      : 253
     q2
      |(Class and Type) : variable name, REAL(8)
      |(Attributes)     : DIMENSION, dummy-argument
      |(Declaration)    : 1  18
      |(Definition)     : 
      |(Reference)      : 366
     qflux
      |(Class and Type) : variable name, REAL(8)
      |(Attributes)     : DIMENSION, dummy-argument
      |(Declaration)    : 1  18
      |(Definition)     : 
      |(Reference)      : 92
     qmaxn3
      |(Class and Type) : external subroutine name
      |(Attributes)     : 
      |(Declaration)    : 
      |(Definition)     : 
      |(Reference)      : 95  104  113  122  136  145  154  163  172  179  190  196  205  214  229  238  247  256  265  274  283  292  310  318  326  334  342  360  369  378  387  396  405  414  432  441  449  457  466  486  495  504  512  523  531  539  547  556  573  581  589  597  608  616  624  632  641  658  667  675  683  693  701  709  717  726  735  743
     RTYPE
      |(Class and Type) : named constant, INTEGER(4)
      |(Attributes)     : use-associated
      |(Declaration)    : 
      |(Definition)     : 
      |(Reference)      : 12  34  38  40
     raincu
      |(Class and Type) : variable name, REAL(8)
      |(Attributes)     : DIMENSION, dummy-argument
      |(Declaration)    : 1  18
      |(Definition)     : 
      |(Reference)      : 169  187
     rainlp
      |(Class and Type) : variable name, REAL(8)
      |(Attributes)     : DIMENSION, dummy-argument
      |(Declaration)    : 1  18
      |(Definition)     : 
      |(Reference)      : 176  187
     raintot
      |(Class and Type) : variable name, REAL(8)
      |(Attributes)     : DIMENSION, dummy-argument
      |(Declaration)    : 1  18
      |(Definition)     : 
      |(Reference)      : 193
     rank
      |(Class and Type) : module name
      |(Attributes)     : 
      |(Declaration)    : 
      |(Definition)     : 
      |(Reference)      : 8
     rh10
      |(Class and Type) : variable name, REAL(8)
      |(Attributes)     : DIMENSION, dummy-argument
      |(Declaration)    : 1  18
      |(Definition)     : 
      |(Reference)      : 402
     rh2
      |(Class and Type) : variable name, REAL(8)
      |(Attributes)     : DIMENSION, dummy-argument
      |(Declaration)    : 1  18
      |(Definition)     : 
      |(Reference)      : 375
     rld
      |(Class and Type) : variable name, REAL(8)
      |(Attributes)     : DIMENSION, dummy-argument
      |(Declaration)    : 1  18
      |(Definition)     : 
      |(Reference)      : 235
     rs
      |(Class and Type) : variable name, REAL(8)
      |(Attributes)     : DIMENSION, dummy-argument
      |(Declaration)    : 1  18
      |(Definition)     : 
      |(Reference)      : 211  224
     sfac2
      |(Class and Type) : variable name, REAL(8)
      |(Attributes)     : 
      |(Declaration)    : 51
      |(Definition)     : 471
      |(Reference)      : 480  567  652
     sfac3
      |(Class and Type) : variable name, REAL(8)
      |(Attributes)     : 
      |(Declaration)    : 51
      |(Definition)     : 472
      |(Reference)      : 480  567  652
     sfac4
      |(Class and Type) : variable name, REAL(8)
      |(Attributes)     : 
      |(Declaration)    : 51
      |(Definition)     : 473
      |(Reference)      : 480  567  652
     sld
      |(Class and Type) : variable name, REAL(8)
      |(Attributes)     : DIMENSION, dummy-argument
      |(Declaration)    : 1  18
      |(Definition)     : 
      |(Reference)      : 244
     snr
      |(Class and Type) : variable name, REAL(8)
      |(Attributes)     : DIMENSION, dummy-argument
      |(Declaration)    : 1  18
      |(Definition)     : 
      |(Reference)      : 151
     soil_xy
      |(Class and Type) : variable name, REAL(8)
      |(Attributes)     : DIMENSION, dummy-argument
      |(Declaration)    : 1  40
      |(Definition)     : 430  439  447  455  464  493  502  510  521  529  537  545  554  579  587  595  606  614  622  630  639  665  673  681
      |(Reference)      : 480  480  480  567  567  567  652  652  652
     split
      |(Class and Type) : external subroutine name
      |(Attributes)     : 
      |(Declaration)    : 
      |(Definition)     : 
      |(Reference)      : 96  105  114  123  137  146  155  164  173  180  191  197  206  215  230  239  248  257  266  275  284  293  311  319  327  335  343  361  370  379  388  397  406  415  433  442  450  458  467  487  496  505  513  524  532  540  548  557  574  582  590  598  609  617  625  633  642  659  668  676  684  694  702  710  718  727  736  744
     ss
      |(Class and Type) : variable name, REAL(8)
      |(Attributes)     : DIMENSION, dummy-argument
      |(Declaration)    : 1  18
      |(Definition)     : 
      |(Reference)      : 202  224
     syslbl
      |(Class and Type) : external subroutine name
      |(Attributes)     : 
      |(Declaration)    : 
      |(Definition)     : 
      |(Reference)      : 94  103  112  121  135  144  153  162  171  178  182  195  204  213  228  237  246  255  264  273  282  291  302  309  317  325  333  341  359  368  377  386  395  404  413  431  440  448  456  465  485  494  503  511  522  530  538  546  555  572  580  588  596  607  615  623  631  640  657  666  674  682  692  700  708  716  725  734  742
     t2
      |(Class and Type) : variable name, REAL(8)
      |(Attributes)     : DIMENSION, dummy-argument
      |(Declaration)    : 1  18
      |(Definition)     : 
      |(Reference)      : 357
     taudir
      |(Class and Type) : variable name, CHARACTER(16,1)
      |(Attributes)     : DIMENSION, dummy-argument
      |(Declaration)    : 1  30
      |(Definition)     : 
      |(Reference)      : 62
     tg
      |(Class and Type) : variable name, REAL(8)
      |(Attributes)     : DIMENSION, dummy-argument
      |(Declaration)    : 1  18
      |(Definition)     : 
      |(Reference)      : 110
     tnshun
      |(Class and Type) : variable name, REAL(8)
      |(Attributes)     : 
      |(Declaration)    : 49
      |(Definition)     : 71
      |(Reference)      : 
     u10
      |(Class and Type) : variable name, REAL(8)
      |(Attributes)     : DIMENSION, dummy-argument
      |(Declaration)    : 1  18
      |(Definition)     : 
      |(Reference)      : 384
     ugws
      |(Class and Type) : variable name, REAL(8)
      |(Attributes)     : DIMENSION, dummy-argument
      |(Declaration)    : 1  18
      |(Definition)     : 
      |(Reference)      : 280
     unify_reduceintp
      |(Class and Type) : external subroutine name
      |(Attributes)     : 
      |(Declaration)    : 
      |(Definition)     : 
      |(Reference)      : 93  102  111  120  134  143  152  161  170  177  189  194  203  212  227  236  245  254  263  272  281  290  308  316  324  332  340  358  367  376  385  394  403  412  430  439  447  455  464  484  493  502  510  521  529  537  545  554  571  579  587  595  606  614  622  630  639  656  665  673  681  691  699  707  715  724  733  741
     v10
      |(Class and Type) : variable name, REAL(8)
      |(Attributes)     : DIMENSION, dummy-argument
      |(Declaration)    : 1  18
      |(Definition)     : 
      |(Reference)      : 393
     vgws
      |(Class and Type) : variable name, REAL(8)
      |(Attributes)     : DIMENSION, dummy-argument
      |(Declaration)    : 1  18
      |(Definition)     : 
      |(Reference)      : 289
     wk_xy
      |(Class and Type) : variable name, REAL(8)
      |(Attributes)     : DIMENSION, dummy-argument
      |(Declaration)    : 1  40
      |(Definition)     : 308  316  324  332  340  691  699  707  715  724  733  741
      |(Reference)      : 
     z0
      |(Class and Type) : variable name, REAL(8)
      |(Attributes)     : DIMENSION, dummy-argument
      |(Declaration)    : 1  18
      |(Definition)     : 
      |(Reference)      : 160
   Cross reference of label
     (Label) (label-kind)               (line-no.)
     ------- ------------- ------------ ----------
         20  execution     (Definition) 68  
                           (Reference)  61
         30  execution     (Definition) 757  
                           (Reference)  89  97  106  115  124  138  147  156  165  198  207  216  231  240  249  258  267  276  285  294  304  312  320  328  336  344  362  371  380  389  398  407  416  434  443  451  459  468  488  497  506  514  525  533  541  549  558  575  583  591  599  610  618  626  634  643  660  669  677  685  695  703  711  719  728  737  745
         36  execution     (Definition) 133  
                           (Reference)  128  131
         98  execution     (Definition) 188  
                           (Reference)  183  186

 External subroutine subprogram "split"
  (inc)(line-no.)(nest)(optimize)
             764                     !---------------------------------------------------------------
             765                           subroutine split(nx,my,lev,lenc,ifilout,nc,glob,mout,ihdg,ihdg2)
             766                     !
             767                           use rank
             768                           use const, only: RTYPE,kflag
             769                     !
             770                           implicit none
             771                     !
             772                           integer   nx,my,nc,istat,lenc,lev
             773                           real(kind=RTYPE) glob(nx,my),mout(nx,my)
             774                           character*26 ihdg,ihdg2
             775                           character*80 ifilout
             776                     
             777     1                     if (myrank .eq. nc) then
                                   <<< Loop-information Start >>>
                                   <<<  [PARALLELIZATION]
                                   <<<    Standard iteration count: 1334
                                   <<<  [OPTIMIZATION]
                                   <<<    COLLAPSED
                                   <<<    SIMD(VL: 8)
                                   <<<    SOFTWARE PIPELINING(IPC: 2.00, ITR: 160, MVE: 3, POL: S)
                                   <<<    PREFETCH(HARD) Expected by compiler :
                                   <<<      glob, mout
                                   <<< Loop-information  End >>>
             778     1  pp   4v              mout  = glob
             779     1                       ihdg2 = ihdg
             780     1                     endif
             781                             nc    = nc + 1
             782                     !
             783     1                     if ( nc .eq. lev .and. myrank .lt. nc ) then
             784     1                       call dmswrit_split(nx,my,ihdg2,lenc,kflag,ifilout,mout,istat)
             785     1                       nc    = 0
             786     1                     endif
             787                     !
             788                           return
             789                           end

 Procedure information
   Lines      : 26
   Statements : 19
   Stack(byte): 784
   Prefetch num: 0

 Scoping unit of external sub-program : split
   Attribute and Cross reference of name
     const
      |(Class and Type) : module name
      |(Attributes)     : 
      |(Declaration)    : 
      |(Definition)     : 
      |(Reference)      : 768
     dmswrit_split
      |(Class and Type) : external subroutine name
      |(Attributes)     : 
      |(Declaration)    : 
      |(Definition)     : 
      |(Reference)      : 784
     glob
      |(Class and Type) : variable name, REAL(8)
      |(Attributes)     : DIMENSION, dummy-argument
      |(Declaration)    : 765  773
      |(Definition)     : 
      |(Reference)      : 778
     ifilout
      |(Class and Type) : variable name, CHARACTER(80,1)
      |(Attributes)     : dummy-argument
      |(Declaration)    : 765  775
      |(Definition)     : 784
      |(Reference)      : 
     ihdg
      |(Class and Type) : variable name, CHARACTER(26,1)
      |(Attributes)     : dummy-argument
      |(Declaration)    : 765  774
      |(Definition)     : 
      |(Reference)      : 779
     ihdg2
      |(Class and Type) : variable name, CHARACTER(26,1)
      |(Attributes)     : dummy-argument
      |(Declaration)    : 765  774
      |(Definition)     : 779  784
      |(Reference)      : 
     istat
      |(Class and Type) : variable name, INTEGER(4)
      |(Attributes)     : 
      |(Declaration)    : 772
      |(Definition)     : 784
      |(Reference)      : 
     kflag
      |(Class and Type) : named constant, CHARACTER(1,1)
      |(Attributes)     : use-associated
      |(Declaration)    : 
      |(Definition)     : 
      |(Reference)      : 768  784
     lenc
      |(Class and Type) : variable name, INTEGER(4)
      |(Attributes)     : dummy-argument
      |(Declaration)    : 765  772
      |(Definition)     : 784
      |(Reference)      : 
     lev
      |(Class and Type) : variable name, INTEGER(4)
      |(Attributes)     : dummy-argument
      |(Declaration)    : 765  772
      |(Definition)     : 
      |(Reference)      : 783
     mout
      |(Class and Type) : variable name, REAL(8)
      |(Attributes)     : DIMENSION, dummy-argument
      |(Declaration)    : 765  773
      |(Definition)     : 778  784
      |(Reference)      : 
     my
      |(Class and Type) : variable name, INTEGER(4)
      |(Attributes)     : dummy-argument
      |(Declaration)    : 765  772
      |(Definition)     : 784
      |(Reference)      : 773  773
     myrank
      |(Class and Type) : variable name, INTEGER(4)
      |(Attributes)     : common-block-object, use-associated
      |(Declaration)    : 
      |(Definition)     : 
      |(Reference)      : 777  783
     nc
      |(Class and Type) : variable name, INTEGER(4)
      |(Attributes)     : dummy-argument
      |(Declaration)    : 765  772
      |(Definition)     : 781  785
      |(Reference)      : 777  781  783  783
     nx
      |(Class and Type) : variable name, INTEGER(4)
      |(Attributes)     : dummy-argument
      |(Declaration)    : 765  772
      |(Definition)     : 784
      |(Reference)      : 773  773
     RTYPE
      |(Class and Type) : named constant, INTEGER(4)
      |(Attributes)     : use-associated
      |(Declaration)    : 
      |(Definition)     : 
      |(Reference)      : 768  773
     rank
      |(Class and Type) : module name
      |(Attributes)     : 
      |(Declaration)    : 
      |(Definition)     : 
      |(Reference)      : 767
     split
      |(Class and Type) : external subroutine name
      |(Attributes)     : 
      |(Declaration)    : 
      |(Definition)     : 765
      |(Reference)      : 

 Total information
   Procedures       : 2
   Total lines      : 789
   Total statements : 617
   Total stack(byte): 14064
   Total prefetch num: 0

