
 Fujitsu Fortran Version 4.6.1  Fri Mar  1 11:14:38 2024

 Compilation information
   Current directory : /IFS/nwpr/gfs/xb169/code_update/tco639l72_sp/src_4cpl
   Source file       : samfshalcnv_kh.f90

 Option information
   Command line options : -Kident_mpi -f2004 -c -X9 -Free -CcdRR8 -Cpp -Kfast,parallel,openmp,ocl,autoobjstack -x- -fw -Knofp_relaxed -SSL2BLAMP -Kopenmp,parallel -DTIMING -DUSE_FFTW -DRSM -DW3TAG -DGFDLMP_v2 -DCWBSUM -DSP -Ec -Nlst=a,lst=d,lst=i,lst=p,lst=t,lst=x -Koptmsg=2 -I. -I/users/xa09/pkg/fx1000/fftw-3.3.10/include -I/package/fx1000/netcdf-4.7.4/include -I/package/fx1000/g2lib-1.4.0_cwb/include -I/nwpr/gfs/xb157/CWBSUMc2/4cpl/components/coupler -I/nwpr/gfs/xb124/package/fx1000/MCT/include -DTIMCOMCPL -L/package/fx1000/netcdf-4.7.4/lib -lnetcdff -lnetcdf -L/package/fx1000/hdf5-1.10.7/lib -lhdf5_hl -lhdf5 -L/package/fx1000/dms/lib -lrdms -lgdbm -L/package/fx1000/operlib/lib -lnwp -L/users/xa09/pkg/fx1000/fftw-3.3.10/lib -lfftw3f_threads -lfftw3f -lfftw3_threads -lfftw3 -SSL2BLAMP -L/nwpr/gfs/xb124/CWBSUMc2/components/rsm/lib/cwb_mpmd -lmpmd -L/package/fx1000/g2lib-1.4.0_cwb/lib -lg2 -L/package/fx1000/libpng-1.6.37/lib -lpng -L/package/fx1000/jasper-1.900.1/lib -ljasper -L/nwpr/gfs/xb157/CWBSUMc2/4cpl/components/coupler -lcpl -L/nwpr/gfs/xb124/package/fx1000/MCT/lib -lmct -lmpeu -I/opt/FJSVxtclanga/.common/MELI025/include/mpi/fujitsu -I/opt/FJSVxtclanga/.common/MELI025/lib64 -Knointentopt
   Cpp options          : -DTIMING -DUSE_FFTW -DRSM -DW3TAG -DGFDLMP_v2 -DCWBSUM -DSP -I. -I/users/xa09/pkg/fx1000/fftw-3.3.10/include -I/package/fx1000/netcdf-4.7.4/include -I/package/fx1000/g2lib-1.4.0_cwb/include -I/nwpr/gfs/xb157/CWBSUMc2/4cpl/components/coupler -I/nwpr/gfs/xb124/package/fx1000/MCT/include -DTIMCOMCPL -I/opt/FJSVxtclanga/.common/MELI025/include/mpi/fujitsu -I/opt/FJSVxtclanga/.common/MELI025/lib64 -Dunix -Dlinux -D__FUJITSU -D__FRT_major__=4 -D__FRT_minor__=6 -D__FRT_patchlevel__=1 -D__FRT_version__="4.6.1" -D__aarch64__ -D__unix -D_OPENMP=201511 -D__frt_version=800 -D__ARM_ARCH=8 -D__ARM_FEATURE_SVE -D__ELF__ -D__unix__ -D__linux__ -D__linux -Asystem(unix) -otmp
   Effective options    : -fw -g0 -AE -Ec -Free -O3 -X9
                          -CcdRR8 -x- -xaccept=nomodule_allocatable
                          -KA64FX -KARMV8_3_A -KSVE -Kalign_commons
                          -Kalign_loops -Knoarray_declaration_opt
                          -Kassume=noshortloop -Kassume=nomemory_bandwidth
                          -Kassume=notime_saving_compilation -Kauto
                          -Kautoobjstack -Knocalleralloc -Kcmodel=small
                          -Keval -Keval_noconcurrent -Knoextract_stride_store
                          -Knofenv_access -Kfp_contract -Knofp_relaxed
                          -Kfsimple -Kfz -Khpctag -Kilfunc=procedure
                          -Knointentopt -Klargepage -Kloop_blocking
                          -Kloop_fission -Kloop_nofission_stripmining
                          -Kloop_fission_threshold=50 -Kloop_fusion
                          -Kloop_interchange -Kloop_part_parallel
                          -Kloop_part_simd -Kloop_perfect_nest
                          -Kloop_noversioning -Knolto -Kmfunc=1 -Kocl
                          -Komitfp -Knooptlib_string -Koptmsg=2
                          -Knopc_relative_literal_loads -Kplt -Knopreex
                          -Kprefetch_noconditional -Kprefetch_noindirect
                          -Kprefetch_sequential=auto -Kprefetch_nostride
                          -Kprefetch_cache_level=all -Kprefetch_noinfer
                          -Kprefetch_strong -Kprefetch_strong_L2 -Knopreload
                          -Ksch_post_ra -Ksch_pre_ra -Ksibling_calls
                          -Ksimd=auto -Ksimd_packed_promotion
                          -Ksimd_reduction_product -Ksimd_reg_size=512
                          -Ksimd_nouncounted_loop
                          -Ksimd_use_multiple_structures -Knostriping
                          -Knosubscript_opt -Kswp -Kswp_freg_rate=100
                          -Kswp_ireg_rate=100 -Kswp_preg_rate=100
                          -Kswp_policy=auto -Ktemparraystack -Kunroll
                          -Knounroll_and_jam -Knozfill
                          -Kopenmp -Kopenmp_noassume_norecurrence
                          -Kopenmp_nocollapse_except_innermost
                          -Kopenmp_noordered_reduction -Knoopenmp_simd
                          -Kthreadsafe -Kparallel -Kparallel_nofp_precision
                          -Knoarray_private -Knodynamic_iteration -Kreduction
                          -Kregion_extension
                          -Nallextput -Nnoalloc_assign
                          -Ncancel_overtime_compilation -Nnocheck_global
                          -Nnocoarray -Nnocompdisp -Nnocopyarg -Nnocoverage
                          -Nfjprof -Nfreealloc -Nf90move -Nnohook_func
                          -Nnohook_time -Nlibomp -Nline -Nlst -Nlst=a -Nlst=d
                          -Nlst=i -Nlst=p -Nlst=t -Nlst=x -Nnomallocfree
                          -Nnoobsfun -Nnoprivatealloc -Nquickdbg=noargchk
                          -Nquickdbg=nosubchk -Nquickdbg=noundef -NRnotrap
                          -Nnorecursive -Nnoreordered_variable_stack
                          -Nrt_notune -Nnosave -Nsetvalue=noheap
                          -Nsetvalue=nostack -Nsetvalue=noscalar
                          -Nsetvalue=noarray -Nsetvalue=nostruct -Nuse_rodata

 External subroutine subprogram "samfshalcnv_kh"
  (inc)(line-no.)(nest)(optimize)
               1                     !> \defgroup SAMF_shal Scale-Aware Mass-Flux Shallow Convection
               2                     !! @{
               3                     !!  \brief The scale-aware mass-flux shallow (SAMF_shal) convection scheme is an updated version of the previous mass-flux shallow convection scheme with scale and aerosol awareness and parameterizes the effect of shallow convection on the environment.  T
               4                     !!
               5                     !!  The previous version of the shallow convection scheme (shalcnv.f) is described in Han and Pan (2011) \cite han_and_pan_2011 and differences between the shallow and deep convection schemes are presented in Han and Pan (2011) \cite han_and_pan_2011 and
               6                     !!
               7                     !!  \section diagram Calling Hierarchy Diagram
               8                     !!  \image html SAMF_shal_Flowchart.png "Diagram depicting how the SAMF shallow convection scheme is called from the FV3GFS physics time loop" height=2cm
               9                     !!  \section intraphysics Intraphysics Communication
              10                     !!  This space is reserved for a description of how this scheme uses information from other scheme types and/or how information calculated in this scheme is used in other scheme types.
              11                     
              12                     !> \file samfshalcnv.f
              13                     !!  Contains the entire SAMF shallow convection scheme.
              14                     
              15                     !>  \brief This subroutine contains the entirety of the SAMF shallow convection scheme.
              16                     !!
              17                     !!  This routine follows the \ref SAMF deep scheme quite closely, although it can be interpreted as only having the "static" and "feedback" control portions, since the "dynamic" control is not necessary to find the cloud base mass flux. The algorithm is s
              18                     !!
              19                     !!  \param[in] im number of used points
              20                     !!  \param[in] ix horizontal dimension
              21                     !!  \param[in] km vertical layer dimension
              22                     !!  \param[in] jcap number of spectral wave trancation
              23                     !!  \param[in] delt physics time step in seconds
              24                     !!  \param[in] delp pressure difference between level k and k+1 (Pa)
              25                     !!  \param[in] prslp mean layer presure (Pa)
              26                     !!  \param[in] psp surface pressure (Pa)
              27                     !!  \param[in] phil layer geopotential (\f$m^s/s^2\f$)
              28                     !!  \param[inout] ql cloud water (kg/kg)
              29                     !!  \param[inout] qi cloud ice (kg/kg)
              30                     !!  \param[inout] q1 updated tracers (kg/kg)
              31                     !!  \param[inout] t1 updated temperature (K)
              32                     !!  \param[inout] u1 updated zonal wind (\f$m s^{-1}\f$)
              33                     !!  \param[inout] v1 updated meridional wind (\f$m s^{-1}\f$)
              34                     !!  \param[out] rn convective rain (m)
              35                     !!  \param[out] kbot index for cloud base
              36                     !!  \param[out] ktop index for cloud top
              37                     !!  \param[out] kcnv flag to denote deep convection (0=no, 1=yes)
              38                     !!  \param[in] islimsk sea/land/ice mask (=0/1/2)
              39                     !!  \param[in] dot layer mean vertical velocity (Pa/s)
              40                     !!  \param[in] ncloud number of cloud species
              41                     !!  \param[in] hpbl PBL height (m)
              42                     !!  \param[in] heat surface sensible heat flux (K m/s)
              43                     !!  \param[in] evap surface latent heat flux (kg/kg m/s)
              44                     !!  \param[out] ud_mf updraft mass flux multiplied by time step (\f$kg/m^2\f$)
              45                     !!  \param[out] dt_mf ud_mf at cloud top (\f$kg/m^2\f$)
              46                     !!  \param[out] cnvw convective cloud water (kg/kg)
              47                     !!  \param[out] cnvc convective cloud cover (unitless)
              48                     !!  \param[in] clam coefficient for entrainment rate
              49                     !!  \param[in] c0s convective rain conversion parameter (1/m)
              50                     !!  \param[in] c1 conversion parameter of detrainment from liquid water into grid-scale cloud water (1/m)
              51                     !!  \param[in] pgcon reduction factor in momentum transport due to convection induced pressure gradient force
              52                     !!  \param[in] asolfac aerosol-aware parameter inversely proportional to CCN number concentraion
              53                     !!
              54                     !!  \section general General Algorithm
              55                     !!  -# Compute preliminary quantities needed for the static and feedback control portions of the algorithm.
              56                     !!  -# Perform calculations related to the updraft of the entraining/detraining cloud model ("static control").
              57                     !!  -# The cloud base mass flux is obtained using the cumulus updraft velocity averaged ove the whole cloud depth.
              58                     !!  -# Calculate the tendencies of the state variables (per unit cloud base mass flux) and the cloud base mass flux.
              59                     !!  -# For the "feedback control", calculate updated values of the state variables by multiplying the cloud base mass flux and the tendencies calculated per unit cloud base mass flux from the static control.
              60                     !!  \section detailed Detailed Algorithm
              61                     !!  @{
              62                           subroutine samfshalcnv_kh(im,ix,km,delt,delp,prslp,psp,phil,ql, &
              63                                qi,q1,t1,u1,v1,rn,kbot,ktop,kcnv,islimsk,garea, &
              64                                dot,ncloud,hpbl,cnvw,cnvc)
              65                     !byl           dot,ncloud,hpbl,ud_mf,dt_mf,cnvw,cnvc,
              66                     !    &     dot,ncloud,hpbl,ud_mf,dt_mf,cnvw,cnvc,me) &
              67                     !byl           clam,c0s,c1,pgcon,asolfac)
              68                     !
              69                           use machine , only : kind_phys
              70                     !byl      use funcphys , only : fpvs
              71                           use physcons, grav => con_g, cp => con_cp, hvap => con_hvap &
              72                           ,             rv => con_rv, fv => con_fvirt, t0c => con_t0c &
              73                           ,             rd => con_rd, cvap => con_cvap, cliq => con_cliq &
              74                           ,             eps => con_eps, epsm1 => con_epsm1
              75                           implicit none
              76                     !
              77                           real fpvs
              78                     !
              79                           integer            im, ix,  km, ncloud, &
              80                                              kbot(im), ktop(im), kcnv(im)
              81                     !    &,                  me
              82                           real(kind=kind_phys) delt
              83                           real(kind=kind_phys) psp(im),    delp(ix,km), prslp(ix,km)
              84                           real(kind=kind_phys) ps(im),     del(ix,km),  prsl(ix,km), &
              85                                                ql(ix,km),  q1(ix,km),   t1(ix,km),   &
              86                                                u1(ix,km),  v1(ix,km),                &
              87                     !    &                     u1(ix,km),  v1(ix,km),   rcs(im), &
              88                                                rn(im),     garea(im),                &
              89                                                dot(ix,km), phil(ix,km), hpbl(im),    &
              90                                                cnvw(ix,km),cnvc(ix,km)               &
              91                     ! hchuang code change mass flux output &
              92                           ,                    ud_mf(im,km),dt_mf(im,km),qi(ix,km)
              93                     !
              94                           integer              i,j,indx, k, kk, km1, n
              95                           integer              kpbl(im)
              96                           integer, dimension(im), intent(in) :: islimsk
              97                     !
              98                           real(kind=kind_phys) dellat,  delta, &
              99                                                c0l,     c0s,     d0, &
             100                                                c1,      asolfac, &
             101                                                desdt,   dp, &
             102                                                dq,      dqsdp,   dqsdt,   dt, &
             103                                                dt2,     dtmax,   dtmin,   dxcrt, &
             104                                                dv1h,    dv2h,    dv3h, &
             105                                                dv1q,    dv2q,    dv3q, &
             106                                                dz,      dz1,     e1,      clam, &
             107                                                el2orc,  elocp,   aafac,   cm, &
             108                                                es,      etah,    h1, &
             109                                                evef,    evfact,  evfactl, fact1, &
             110                                                fact2,   factor,  dthk, &
             111                                                g,       gamma,   pprime,  betaw, &
             112                                                qlk,     qrch,    qs, &
             113                                                rfact,   shear,   tfac, &
             114                                                val,     val1,    val2, &
             115                                                w1,      w1l,     w1s,     w2, &
             116                                                w2l,     w2s,     w3,      w3l, &
             117                                                w3s,     w4,      w4l,     w4s, &
             118                                                rho,     tem,     tem1,    tem2, &
             119                                                ptem,    ptem1, &
             120                                                pgcon
             121                     !
             122                           integer              kb(im), kbcon(im), kbcon1(im), &
             123                                                ktcon(im), ktcon1(im), ktconn(im), &
             124                                                kbm(im), kmax(im)
             125                     !
             126                           real(kind=kind_phys) aa1(im),     cina(im), &
             127                                                umean(im),  tauadv(im),  gdx(im), &
             128                                                delhbar(im), delq(im),   delq2(im), &
             129                                                delqbar(im), delqev(im), deltbar(im), &
             130                                                deltv(im),   dtconv(im), edt(im), &
             131                                                pdot(im),    po(im,km), &
             132                                                qcond(im),   qevap(im),  hmax(im), &
             133                                                rntot(im),   vshear(im), &
             134                                                xlamud(im),  xmb(im),    xmbmax(im), &
             135                                                delubar(im), delvbar(im)
             136                     !
             137                           real(kind=kind_phys) c0(im)
             138                     !
             139                           real(kind=kind_phys) crtlamd
             140                     !
             141                           real(kind=kind_phys) cinpcr,  cinpcrmx,  cinpcrmn, &
             142                                                cinacr,  cinacrmx,  cinacrmn
             143                     !
             144                     !  parameters for updraft velocity calculation
             145                           real(kind=kind_phys) bet1,    cd1,     f1,      gam1, &
             146                                                bb1,     bb2
             147                     !    &                     bb1,     bb2,     wucb
             148                     !cc
             149                     !  physical parameters
             150                           parameter(g=grav,asolfac=0.958)
             151                     !byl      parameter(g=grav)
             152                           parameter(elocp=hvap/cp, &
             153                                     el2orc=hvap*hvap/(rv*cp))
             154                           parameter(c0s=0.002,c1=5.e-4,d0=.01)
             155                     !byl      parameter(d0=.01)
             156                     !     parameter(c0l=c0s*asolfac)
             157                     !
             158                     ! asolfac: aerosol-aware parameter based on Lim & Hong (2012)
             159                     !      asolfac= cx / c0s(=.002)
             160                     !      cx = min([-0.7 ln(Nccn) + 24]*1.e-4, c0s)
             161                     !      Nccn: CCN number concentration in cm^(-3)
             162                     !      Until a realistic Nccn is provided, Nccns are assumed
             163                     !      as Nccn=100 for sea and Nccn=7000 for land
             164                     !
             165                           parameter(cm=1.0,delta=fv)
             166                           parameter(fact1=(cvap-cliq)/rv,fact2=hvap/rv-fact1*t0c)
             167                           parameter(dthk=25.)
             168                           parameter(cinpcrmn=120.)
             169                     !      parameter(cinpcrmx=180.,cinpcrmn=120.)
             170                     !     parameter(cinacrmx=-120.,cinacrmn=-120.)
             171                           parameter(cinacrmx=-120.,cinacrmn=-80.)
             172                           parameter(crtlamd=3.e-4)
             173                           parameter(dtmax=10800.,dtmin=600.)
             174                           parameter(bet1=1.875,cd1=.506,f1=2.0,gam1=.5)
             175                           parameter(betaw=.03,dxcrt=15.e3)
             176                           parameter(h1=0.33333333)
             177                     !  local variables and arrays
             178                           real(kind=kind_phys) pfld(im,km),    to(im,km),     qo(im,km), &
             179                                                uo(im,km),      vo(im,km),     qeso(im,km)
             180                     !  for updraft velocity calculation
             181                           real(kind=kind_phys) wu2(im,km),     buo(im,km),    drag(im,km)
             182                           real(kind=kind_phys) wc(im),         scaldfunc(im), sigmagfm(im)
             183                     !
             184                     !  cloud water
             185                     !     real(kind=kind_phys) qlko_ktcon(im), dellal(im,km), tvo(im,km),
             186                           real(kind=kind_phys) qlko_ktcon(im), dellal(im,km), &
             187                                                dbyo(im,km),    zo(im,km),     xlamue(im,km), &
             188                                                heo(im,km),     heso(im,km),   frh(im,km),&
             189                                                dellah(im,km),  dellaq(im,km), &
             190                                                dellau(im,km),  dellav(im,km), hcko(im,km), &
             191                                                ucko(im,km),    vcko(im,km),   qcko(im,km), &
             192                                                qrcko(im,km),   eta(im,km), &
             193                                                zi(im,km),      pwo(im,km),    c0t(im,km), &
             194                                                sumx(im),       tx1(im),       cnvwt(im,km)
             195                     !
             196                           logical totflg, cnvflg(im), flg(im)
             197                     !
             198                           real(kind=kind_phys) tf, tcr, tcrf
             199                           parameter (tf=233.16, tcr=263.16, tcrf=1.0/(tcr-tf))
             200                     !<---for scale-aware parameterization (Kwon and Hong 2017)
             201                           real(kind=kind_phys) cinpcri(im), frh_sum(im), wbar(im),      &
             202                                                clear(im),sigma(im)
             203                           real(kind=kind_phys) po1(im,km)
             204                           real(kind=kind_phys) sigma_con, pi, dx1km, dx5km, dx250m
             205                           parameter (pi=3.14159)
             206                           parameter (dx1km = 1000., dx5km = 5000., dx250m = 250.)
             207                     !
             208                     !c-----------------------------------------------------------------------
             209                     !
             210                     !************************************************************************
             211                     !     convert input Pa terms to Cb terms  -- Moorthi
             212                     !>  ## Compute preliminary quantities needed for the static and feedback control portions of the algorithm.
             213                     !>  - Convert input pressure terms to centibar units.
             214                     !byl      ps   = psp   * 0.001
             215                     !byl      prsl = prslp * 0.001
             216                     !byl      del  = delp  * 0.001
                                   <<< Loop-information Start >>>
                                   <<<  [PARALLELIZATION]
                                   <<<    Standard iteration count: 1455
                                   <<<  [OPTIMIZATION]
                                   <<<    SIMD(VL: 8)
                                   <<<    SOFTWARE PIPELINING(IPC: 2.00, ITR: 160, MVE: 3, POL: S)
                                   <<<    PREFETCH(HARD) Expected by compiler :
                                   <<<      psp, ps
                                   <<< Loop-information  End >>>
             217     1  pp   4v            do i=1,im
             218     1   p   4v              ps(i) = psp(i)
             219     1   p   4v            enddo
                                   <<< Loop-information Start >>>
                                   <<<  [PARALLELIZATION]
                                   <<<    Standard iteration count: 3
                                   <<<  [OPTIMIZATION]
                                   <<<    PREFETCH(HARD) Expected by compiler :
                                   <<<      delp, prslp, del, prsl
                                   <<< Loop-information  End >>>
             220     1  pp                 do k=1,km
                                   <<< Loop-information Start >>>
                                   <<<  [OPTIMIZATION]
                                   <<<    SIMD(VL: 8)
                                   <<<    SOFTWARE PIPELINING(IPC: 2.33, ITR: 80, MVE: 3, POL: S)
                                   <<<    PREFETCH(HARD) Expected by compiler :
                                   <<<      delp, prslp, del, prsl
                                   <<< Loop-information  End >>>
             221     2   p   2v              do i=1,im
             222     2   p   2v                prsl(i,k) = prslp(i,k)
             223     2   p   2v                del(i,k)  = delp(i,k)
             224     2   p   2v              enddo
             225     1   p                 enddo
             226                     !************************************************************************
             227                     !
             228                           km1 = km - 1
             229                     !
             230                     !  initialize arrays
             231                     !
             232                     !>  - Initialize column-integrated and other single-value-per-column variable arrays.
                                   <<< Loop-information Start >>>
                                   <<<  [PARALLELIZATION]
                                   <<<    Standard iteration count: 236
                                   <<<  [OPTIMIZATION]
                                   <<<    SIMD(VL: 8)
                                   <<<    SOFTWARE PIPELINING(IPC: 1.14, ITR: 24, MVE: 2, POL: S)
                                   <<<    PREFETCH(HARD) Expected by compiler :
                                   <<<      garea, cnvflg, gdx, vshear, cina, aa1
                                   <<<      edt, qlko_ktcon, pdot, kb, ktconn, ktcon
                                   <<<      kbcon, rn, kcnv, kbot
                                   <<<    PREFETCH(SOFT) : 4
                                   <<<     SEQUENTIAL : 4
                                   <<<      ktop: 4
                                   <<<    SPILLS :
                                   <<<      GENERAL   : SPILL 0  FILL 24
                                   <<<      SIMD&FP   : SPILL 0  FILL 0
                                   <<<      SCALABLE  : SPILL 0  FILL 0
                                   <<<      PREDICATE : SPILL 0  FILL 0
                                   <<< Loop-information  End >>>
             233     1  pp    v            do i=1,im
             234     1   p    v              cnvflg(i) = .true.
             235     1   p    v              if(kcnv(i) == 1) cnvflg(i) = .false.
             236     2   p    v              if(cnvflg(i)) then
             237     2   p    v                kbot(i)=km+1
             238     2   p    v                ktop(i)=0
             239     2   p    v              endif
             240     1   p    v              rn(i)=0.
             241     1   p    v              kbcon(i)=km
             242     1   p    v              ktcon(i)=1
             243     1   p    v              ktconn(i)=1
             244     1   p    v              kb(i)=km
             245     1   p    v              pdot(i) = 0.
             246     1   p    v              qlko_ktcon(i) = 0.
             247     1   p    v              edt(i)  = 0.
             248     1   p    v              aa1(i)  = 0.
             249     1   p    v              cina(i) = 0.
             250     1   p    v              vshear(i) = 0.
             251     1   p    v              gdx(i) = sqrt(garea(i))
             252     1   p    v            enddo
             253                     
             254                           cinpcrmx=240.
                                   <<< Loop-information Start >>>
                                   <<<  [PARALLELIZATION]
                                   <<<    Standard iteration count: 1143
                                   <<<  [OPTIMIZATION]
                                   <<<    SIMD(VL: 8)
                                   <<<    PREFETCH(HARD) Expected by compiler :
                                   <<<      sigmagfm, frh_sum, sigma
                                   <<< Loop-information  End >>>
             255     1  pp   2v            do i = 1,im
             256     1   p   2v             sigma(i) = 0.
             257     1   p   2v             frh_sum(i) = 0.
             258     1   p   2v             sigmagfm(i) = 0.
             259     1   p   2v            end do
             260                     !!
             261                     !>  - Return to the calling routine if deep convection is present or the surface buoyancy flux is negative.
             262                           totflg = .true.
                                   <<< Loop-information Start >>>
                                   <<<  [PARALLELIZATION]
                                   <<<    Standard iteration count: 1600
                                   <<<  [OPTIMIZATION]
                                   <<<    SIMD(VL: 16)
                                   <<< Loop-information  End >>>
             263     1  pp    v            do i=1,im
             264     1   p    v              totflg = totflg .and. (.not. cnvflg(i))
             265     1   p    v            enddo
             266                           if(totflg) return
             267                     !!
             268                     !>  - determine aerosol-aware rain conversion parameter over land
                                   <<< Loop-information Start >>>
                                   <<<  [PARALLELIZATION]
                                   <<<    Standard iteration count: 942
                                   <<<  [OPTIMIZATION]
                                   <<<    SIMD(VL: 8)
                                   <<<    SOFTWARE PIPELINING(IPC: 3.00, ITR: 160, MVE: 4, POL: S)
                                   <<<    PREFETCH(HARD) Expected by compiler :
                                   <<<      c0, islimsk
                                   <<< Loop-information  End >>>
             269     1  pp   2v            do i=1,im
             270     2   p   2v              if(islimsk(i) == 1) then
             271     2   p   2v                 c0(i) = c0s*asolfac
             272     2   p   2v              else
             273     2   p   2v                 c0(i) = c0s
             274     2   p   2v              endif
             275     1   p   2v            enddo
             276                     !
             277                     !>  - determine rain conversion parameter above the freezing level which exponentially decreases with decreasing temperature from Han et al.'s (2017) \cite han_et_al_2017 equation 8.
             278     1                     do k = 1, km
                                   <<< Loop-information Start >>>
                                   <<<  [PARALLELIZATION]
                                   <<<    Standard iteration count: 42
                                   <<<  [OPTIMIZATION]
                                   <<<    SIMD(VL: 8)
                                   <<< Loop-information  End >>>
             279     2  pp    v              do i = 1, im
             280     3   p    v                if(t1(i,k) > 273.16) then
             281     3   p    v                  c0t(i,k) = c0(i)
             282     3   p                     else
             283     3   p    v                  tem = d0 * (t1(i,k) - 273.16)
             284     3   p    v                  tem1 = exp(tem)
             285     3   p    v                  c0t(i,k) = c0(i) * tem1
             286     3   p    v                endif
             287     2   p    v              enddo
             288     1                     enddo
             289                     !
             290                     !>  - Initialize convective cloud water and cloud cover to zero.
                                   <<< Loop-information Start >>>
                                   <<<  [PARALLELIZATION]
                                   <<<    Standard iteration count: 4
                                   <<< Loop-information  End >>>
             291     1  pp                 do k = 1, km
                                   <<< Loop-information Start >>>
                                   <<<  [OPTIMIZATION]
                                   <<<    SIMD(VL: 8)
                                   <<<    PREFETCH(HARD) Expected by compiler :
                                   <<<      cnvc, cnvw
                                   <<< Loop-information  End >>>
             292     2   p   2v              do i = 1, im
             293     2   p   2v                cnvw(i,k) = 0.
             294     2   p   2v                cnvc(i,k) = 0.
             295     2   p   2v              enddo
             296     1   p                 enddo
             297                     ! hchuang code change
             298                     !>  - Initialize updraft mass fluxes to zero.
                                   <<< Loop-information Start >>>
                                   <<<  [PARALLELIZATION]
                                   <<<    Standard iteration count: 1143
                                   <<<  [OPTIMIZATION]
                                   <<<    COLLAPSED
                                   <<<    SIMD(VL: 8)
                                   <<<    PREFETCH(HARD) Expected by compiler :
                                   <<<      dt_mf, ud_mf
                                   <<< Loop-information  End >>>
             299     1  pp   2v            do k = 1, km
                                   <<< Loop-information Start >>>
                                   <<<  [OPTIMIZATION]
                                   <<<    COLLAPSED
                                   <<< Loop-information  End >>>
             300     2   p   2               do i = 1, im
             301     2   p   2v                ud_mf(i,k) = 0.
             302     2   p   2v                dt_mf(i,k) = 0.
             303     2   p   2v              enddo
             304     1   p                 enddo
             305                     !
             306                           dt2   = delt
             307                     !
             308                     !  model tunable parameters are all here
             309                           clam    = .3
             310                           aafac   = .1
             311                     !     evef    = 0.07
             312                           evfact  = 0.3
             313                           evfactl = 0.3
             314                     !
             315                     !     pgcon   = 0.7     ! Gregory et al. (1997, QJRMS)
             316                           pgcon   = 0.55    ! Zhang & Wu (2003,JAS)
             317                     !
             318                           w1l     = -8.e-3
             319                           w2l     = -4.e-2
             320                           w3l     = -5.e-3
             321                           w4l     = -5.e-4
             322                           w1s     = -2.e-4
             323                           w2s     = -2.e-3
             324                           w3s     = -1.e-3
             325                           w4s     = -2.e-5
             326                     !
             327                     !  define top layer for search of the downdraft originating layer
             328                     !  and the maximum thetae for updraft
             329                     !
             330                     !>  - Determine maximum indices for the parcel starting point (kbm) and cloud top (kmax).
                                   <<< Loop-information Start >>>
                                   <<<  [PARALLELIZATION]
                                   <<<    Standard iteration count: 762
                                   <<<  [OPTIMIZATION]
                                   <<<    SIMD(VL: 8)
                                   <<<    SOFTWARE PIPELINING(IPC: 0.39, ITR: 48, MVE: 2, POL: S)
                                   <<<    PREFETCH(HARD) Expected by compiler :
                                   <<<      ps, tx1, kmax, kbm
                                   <<< Loop-information  End >>>
             331     1  pp   2v            do i=1,im
             332     1   p   2v              kbm(i)   = km
             333     1   p   2v              kmax(i)  = km
             334     1   p   2v              tx1(i)   = 1.0 / ps(i)
             335     1   p   2v            enddo
             336                     !
                                   <<< Loop-information Start >>>
                                   <<<  [OPTIMIZATION]
                                   <<<    PREFETCH(HARD) Expected by compiler :
                                   <<<      tx1, prsl, kbm, kmax
                                   <<< Loop-information  End >>>
             337     1                     do k = 1, km
                                   <<< Loop-information Start >>>
                                   <<<  [PARALLELIZATION]
                                   <<<    Standard iteration count: 800
                                   <<<  [OPTIMIZATION]
                                   <<<    SIMD(VL: 8)
                                   <<<    SOFTWARE PIPELINING(IPC: 2.62, ITR: 96, MVE: 2, POL: S)
                                   <<<    PREFETCH(HARD) Expected by compiler :
                                   <<<      kbm, tx1, prsl, kmax
                                   <<< Loop-information  End >>>
             338     2  pp   2v              do i=1,im
             339     2   p   2v                if (prsl(i,k)*tx1(i) > 0.70) kbm(i)   = k + 1
             340     2   p   2v                if (prsl(i,k)*tx1(i) > 0.60) kmax(i)  = k + 1
             341     2   p   2v              enddo
             342     1                     enddo
                                   <<< Loop-information Start >>>
                                   <<<  [PARALLELIZATION]
                                   <<<    Standard iteration count: 728
                                   <<<  [OPTIMIZATION]
                                   <<<    SIMD(VL: 16)
                                   <<<    SOFTWARE PIPELINING(IPC: 3.00, ITR: 288, MVE: 5, POL: S)
                                   <<<    PREFETCH(HARD) Expected by compiler :
                                   <<<      kmax, kbm
                                   <<< Loop-information  End >>>
             343     1  pp   2v            do i=1,im
             344     1   p   2v              kbm(i)   = min(kbm(i),kmax(i))
             345     1   p   2v            enddo
             346                     !
             347                     !  hydrostatic height assume zero terr and compute
             348                     !  updraft entrainment rate as an inverse function of height
             349                     !
             350                     !>  - Calculate hydrostatic height at layer centers assuming a flat surface (no terrain) from the geopotential.
                                   <<< Loop-information Start >>>
                                   <<<  [PARALLELIZATION]
                                   <<<    Standard iteration count: 4
                                   <<<  [OPTIMIZATION]
                                   <<<    PREFETCH(HARD) Expected by compiler :
                                   <<<      phil, zo
                                   <<< Loop-information  End >>>
             351     1  pp                 do k = 1, km
                                   <<< Loop-information Start >>>
                                   <<<  [OPTIMIZATION]
                                   <<<    SIMD(VL: 8)
                                   <<<    SOFTWARE PIPELINING(IPC: 3.66, ITR: 192, MVE: 5, POL: S)
                                   <<<    PREFETCH(HARD) Expected by compiler :
                                   <<<      phil, zo
                                   <<< Loop-information  End >>>
             352     2   p   2v              do i=1,im
             353     2   p   2v                zo(i,k) = phil(i,k) / g
             354     2   p   2v              enddo
             355     1   p                 enddo
             356                     !>  - Calculate interface height and the entrainment rate as an inverse function of height.
                                   <<< Loop-information Start >>>
                                   <<<  [PARALLELIZATION]
                                   <<<    Standard iteration count: 616
                                   <<<  [OPTIMIZATION]
                                   <<<    COLLAPSED
                                   <<<    SIMD(VL: 8)
                                   <<<    SOFTWARE PIPELINING(IPC: 0.48, ITR: 48, MVE: 2, POL: S)
                                   <<<    PREFETCH(HARD) Expected by compiler :
                                   <<<      zo, xlamue, zi
                                   <<< Loop-information  End >>>
             357     1  pp   2v            do k = 1, km1
                                   <<< Loop-information Start >>>
                                   <<<  [OPTIMIZATION]
                                   <<<    COLLAPSED
                                   <<< Loop-information  End >>>
             358     2   p   2               do i=1,im
             359     2   p   2v                zi(i,k) = 0.5*(zo(i,k)+zo(i,k+1))
             360     2   p   2v                xlamue(i,k) = clam / zi(i,k)
             361     2   p   2v              enddo
             362     1   p                 enddo
                                   <<< Loop-information Start >>>
                                   <<<  [PARALLELIZATION]
                                   <<<    Standard iteration count: 1143
                                   <<<  [OPTIMIZATION]
                                   <<<    SIMD(VL: 8)
                                   <<<    SOFTWARE PIPELINING(IPC: 3.00, ITR: 144, MVE: 5, POL: S)
                                   <<<    PREFETCH(HARD) Expected by compiler :
                                   <<<      xlamue
                                   <<< Loop-information  End >>>
             363     1  pp   2v            do i=1,im
             364     1   p   2v              xlamue(i,km) = xlamue(i,km1)
             365     1   p   2v            enddo
             366                     !
             367                     !  pbl height
             368                     !
             369                     !>  - Find the index for the PBL top using the PBL height; enforce that it is lower than the maximum parcel starting level.
                                   <<< Loop-information Start >>>
                                   <<<  [PARALLELIZATION]
                                   <<<    Standard iteration count: 1143
                                   <<<  [OPTIMIZATION]
                                   <<<    SIMD(VL: 16)
                                   <<<    SOFTWARE PIPELINING(IPC: 2.20, ITR: 160, MVE: 3, POL: S)
                                   <<<    PREFETCH(HARD) Expected by compiler :
                                   <<<      cnvflg, flg, kpbl
                                   <<< Loop-information  End >>>
             370     1  pp   2v            do i=1,im
             371     1   p   2v              flg(i) = cnvflg(i)
             372     1   p   2v              kpbl(i)= 1
             373     1   p   2v            enddo
                                   <<< Loop-information Start >>>
                                   <<<  [OPTIMIZATION]
                                   <<<    PREFETCH(HARD) Expected by compiler :
                                   <<<      flg, zo, hpbl, kpbl
                                   <<< Loop-information  End >>>
             374     1                     do k = 2, km1
                                   <<< Loop-information Start >>>
                                   <<<  [PARALLELIZATION]
                                   <<<    Standard iteration count: 640
                                   <<<  [OPTIMIZATION]
                                   <<<    SIMD(VL: 8)
                                   <<<    SOFTWARE PIPELINING(IPC: 0.73, ITR: 48, MVE: 2, POL: S)
                                   <<<    PREFETCH(HARD) Expected by compiler :
                                   <<<      zo, hpbl, flg, kpbl
                                   <<< Loop-information  End >>>
             375     2  pp   2v              do i=1,im
             376     3   p   2v                if (flg(i) .and. zo(i,k) <= hpbl(i)) then
             377     3   p   2v                  kpbl(i) = k
             378     3   p   2v                else
             379     3   p   2v                  flg(i) = .false.
             380     3   p   2v                endif
             381     2   p   2v              enddo
             382     1                     enddo
                                   <<< Loop-information Start >>>
                                   <<<  [PARALLELIZATION]
                                   <<<    Standard iteration count: 728
                                   <<<  [OPTIMIZATION]
                                   <<<    SIMD(VL: 16)
                                   <<<    SOFTWARE PIPELINING(IPC: 3.00, ITR: 288, MVE: 5, POL: S)
                                   <<<    PREFETCH(HARD) Expected by compiler :
                                   <<<      kbm, kpbl
                                   <<< Loop-information  End >>>
             383     1  pp   2v            do i=1,im
             384     1   p   2v              kpbl(i)= min(kpbl(i),kbm(i))
             385     1   p   2v            enddo
             386                     !
             387                     !c!!!!!!!!!!!!!!!!!!!!!!!!!!!!!!!!!!!!!!!!!!!!!!!!!!!!!!!!!
             388                     !   convert surface pressure to mb from cb
             389                     !
             390                     !>  - Convert prsl from centibar to millibar, set normalized mass flux to 1, cloud properties to 0, and save model state variables (after advection/turbulence).
                                   <<< Loop-information Start >>>
                                   <<<  [PARALLELIZATION]
                                   <<<    Standard iteration count: 2
                                   <<< Loop-information  End >>>
             391     1  pp                 do k = 1, km
                                   <<< Loop-information Start >>>
                                   <<<  [OPTIMIZATION]
                                   <<<    SIMD(VL: 8)
                                   <<<    PREFETCH(HARD) Expected by compiler :
                                   <<<      cnvflg, kmax, prsl, pfld, eta, frh, hcko
                                   <<<      qcko, qrcko, ucko, vcko, dbyo, pwo
                                   <<<      dellal, t1, to
                                   <<<    PREFETCH(SOFT) : 20
                                   <<<     SEQUENTIAL : 20
                                   <<<      q1: 2, qo: 2, u1: 2, v1: 2, uo: 2, vo: 2
                                   <<<      wu2: 2, buo: 2, drag: 2, cnvwt: 2
                                   <<<    SPILLS :
                                   <<<      GENERAL   : SPILL 0  FILL 2
                                   <<<      SIMD&FP   : SPILL 0  FILL 0
                                   <<<      SCALABLE  : SPILL 0  FILL 0
                                   <<<      PREDICATE : SPILL 0  FILL 0
                                   <<< Loop-information  End >>>
             392     2   p    v              do i = 1, im
             393     3   p    v                if (cnvflg(i) .and. k <= kmax(i)) then
             394     3   p    v                  pfld(i,k) = prsl(i,k) * 10.0
             395     3   p    v                  eta(i,k)  = 1.
             396     3   p    v                  frh(i,k)  = 0.
             397     3   p    v                  hcko(i,k) = 0.
             398     3   p    v                  qcko(i,k) = 0.
             399     3   p    v                  qrcko(i,k)= 0.
             400     3   p    v                  ucko(i,k) = 0.
             401     3   p    v                  vcko(i,k) = 0.
             402     3   p    v                  dbyo(i,k) = 0.
             403     3   p    v                  pwo(i,k)  = 0.
             404     3   p    v                  dellal(i,k) = 0.
             405     3   p    v                  to(i,k)   = t1(i,k)
             406     3   p    v                  qo(i,k)   = q1(i,k)
             407     3   p    v                  uo(i,k)   = u1(i,k)
             408     3   p    v                  vo(i,k)   = v1(i,k)
             409     3               !           uo(i,k)   = u1(i,k) * rcs(i)
             410     3               !           vo(i,k)   = v1(i,k) * rcs(i)
             411     3   p    v                  wu2(i,k)  = 0.
             412     3   p    v                  buo(i,k)  = 0.
             413     3   p    v                  drag(i,k) = 0.
             414     3   p    v                  cnvwt(i,k) = 0.
             415     3   p    v                endif
             416     2   p    v              enddo
             417     1   p                 enddo
             418                     !>  - Calculate saturation specific humidity and enforce minimum moisture values.
             419     1                     do k = 1, km
                                   <<< Loop-information Start >>>
                                   <<<  [OPTIMIZATION]
                                   <<<    PREFETCH(HARD) Expected by compiler :
                                   <<<      cnvflg
                                   <<< Loop-information  End >>>
             420     2   s    s              do i=1,im
             421     3   p    v                if (cnvflg(i) .and. k <= kmax(i)) then
             422     3   m    m                  qeso(i,k) = 0.01 * fpvs(to(i,k))      ! fpvs is in pa
             423     3               !byl            call qsatq_cwb(1,to(i,k),pfld(i,k),qeso(i,k))
             424     3   p    v                  qeso(i,k) = eps * qeso(i,k) / (pfld(i,k) + epsm1*qeso(i,k))
             425     3   p    v                  val1      =             1.e-8
             426     3   p    v                  qeso(i,k) = max(qeso(i,k), val1)
             427     3   p    v                  val2      =           1.e-10
             428     3   p    v                  qo(i,k)   = max(qo(i,k), val2 )
             429     3               !           qo(i,k)   = min(qo(i,k),qeso(i,k))
             430     3               !           tvo(i,k)  = to(i,k) + delta * to(i,k) * qo(i,k)
             431     3   p    v                endif
             432     2   p    m              enddo
             433     1                     enddo
             434                     !
             435                     !  compute moist static energy
             436                     !
             437                     !>  - Calculate moist static energy (heo) and saturation moist static energy (heso).
                                   <<< Loop-information Start >>>
                                   <<<  [PARALLELIZATION]
                                   <<<    Standard iteration count: 2
                                   <<<  [OPTIMIZATION]
                                   <<<    PREFETCH(HARD) Expected by compiler :
                                   <<<      cnvflg, kmax, phil, to, qo, qeso, heo
                                   <<<      heso
                                   <<< Loop-information  End >>>
             438     1  pp                 do k = 1, km
                                   <<< Loop-information Start >>>
                                   <<<  [OPTIMIZATION]
                                   <<<    SIMD(VL: 8)
                                   <<<    SOFTWARE PIPELINING(IPC: 1.15, ITR: 40, MVE: 2, POL: S)
                                   <<<    PREFETCH(HARD) Expected by compiler :
                                   <<<      phil, to, kmax, cnvflg, qo, heo, qeso
                                   <<<      heso
                                   <<< Loop-information  End >>>
             439     2   p    v              do i=1,im
             440     3   p    v                if (cnvflg(i) .and. k <= kmax(i)) then
             441     3               !           tem       = g * zo(i,k) + cp * to(i,k)
             442     3   p    v                  tem       = phil(i,k) + cp * to(i,k)
             443     3   p    v                  heo(i,k)  = tem  + hvap * qo(i,k)
             444     3   p    v                  heso(i,k) = tem  + hvap * qeso(i,k)
             445     3               !           heo(i,k)  = min(heo(i,k),heso(i,k))
             446     3   p    v                endif
             447     2   p    v              enddo
             448     1   p                 enddo
             449                     !
             450                     !  determine level with largest moist static energy within pbl
             451                     !  this is the level where updraft starts
             452                     !
             453                     !> ## Perform calculations related to the updraft of the entraining/detraining cloud model ("static control").
             454                     !> - Search in the PBL for the level of maximum moist static energy to start the ascending parcel.
                                   <<< Loop-information Start >>>
                                   <<<  [PARALLELIZATION]
                                   <<<    Standard iteration count: 843
                                   <<<  [OPTIMIZATION]
                                   <<<    SIMD(VL: 8)
                                   <<<    SOFTWARE PIPELINING(IPC: 1.77, ITR: 112, MVE: 3, POL: S)
                                   <<<    PREFETCH(HARD) Expected by compiler :
                                   <<<      heo, hmax, kb, cnvflg
                                   <<< Loop-information  End >>>
             455     1  pp   2v            do i=1,im
             456     2   p   2v               if (cnvflg(i)) then
             457     2   p   2v                  hmax(i) = heo(i,1)
             458     2   p   2v                  kb(i) = 1
             459     2   p   2v               endif
             460     1   p   2v            enddo
                                   <<< Loop-information Start >>>
                                   <<<  [OPTIMIZATION]
                                   <<<    PREFETCH(HARD) Expected by compiler :
                                   <<<      cnvflg, kpbl, heo, hmax, kb
                                   <<< Loop-information  End >>>
             461     1                     do k = 2, km
                                   <<< Loop-information Start >>>
                                   <<<  [PARALLELIZATION]
                                   <<<    Standard iteration count: 552
                                   <<<  [OPTIMIZATION]
                                   <<<    SIMD(VL: 8)
                                   <<<    SOFTWARE PIPELINING(IPC: 0.83, ITR: 32, MVE: 2, POL: S)
                                   <<<    PREFETCH(HARD) Expected by compiler :
                                   <<<      heo, hmax, kpbl, cnvflg, kb
                                   <<< Loop-information  End >>>
             462     2  pp    v              do i=1,im
             463     3   p    v                if (cnvflg(i) .and. k <= kpbl(i)) then
             464     4   p    v                  if(heo(i,k) > hmax(i)) then
             465     4   p    v                    kb(i)   = k
             466     4   p    v                    hmax(i) = heo(i,k)
             467     4   p    v                  endif
             468     3   p    v                endif
             469     2   p    v              enddo
             470     1                     enddo
             471                     !
             472                     !> - Calculate the temperature, water vapor mixing ratio, and pressure at interface levels.
             473     1                     do k = 1, km1
                                   <<< Loop-information Start >>>
                                   <<<  [OPTIMIZATION]
                                   <<<    PREFETCH(HARD) Expected by compiler :
                                   <<<      cnvflg
                                   <<<    SPILLS :
                                   <<<      GENERAL   : SPILL 2  FILL 3
                                   <<<      SIMD&FP   : SPILL 0  FILL 0
                                   <<<      SCALABLE  : SPILL 0  FILL 0
                                   <<<      PREDICATE : SPILL 0  FILL 0
                                   <<< Loop-information  End >>>
             474     2   s    s              do i=1,im
             475     3   p    v                if (cnvflg(i) .and. k <= kmax(i)-1) then
             476     3   p    v                  dz      = .5 * (zo(i,k+1) - zo(i,k))
             477     3   p    v                  dp      = .5 * (pfld(i,k+1) - pfld(i,k))
             478     3   s    s                  es      = 0.01 * fpvs(to(i,k+1))      ! fpvs is in pa
             479     3               !byl            call qsatq_cwb(1,to(i,k+1),pfld(i,k+1),es)
             480     3   s    s                  pprime  = pfld(i,k+1) + epsm1 * es
             481     3   s    s                  qs      = eps * es / pprime
             482     3   s    s                  dqsdp   = - qs / pprime
             483     3   s    s                  desdt   = es * (fact1 / to(i,k+1) + fact2 / (to(i,k+1)**2))
             484     3   p    v                  dqsdt   = qs * pfld(i,k+1) * desdt / (es * pprime)
             485     3   m    m                  gamma   = el2orc * qeso(i,k+1) / (to(i,k+1)**2)
             486     3   m    m                  dt      = (g * dz + hvap * dqsdp * dp) / (cp * (1. + gamma))
             487     3   p    v                  dq      = dqsdt * dt + dqsdp * dp
             488     3   s    s                  to(i,k) = to(i,k+1) + dt
             489     3   p    v                  qo(i,k) = qo(i,k+1) + dq
             490     3   p    v                  po(i,k) = .5 * (pfld(i,k) + pfld(i,k+1))
             491     3   p    v                endif
             492     2   p    m              enddo
             493     1                     enddo
             494                     !
             495                     !> - Recalculate saturation specific humidity, moist static energy, saturation moist static energy, and horizontal momentum on interface levels. Enforce minimum specific humidity.
             496     1                     do k = 1, km1
                                   <<< Loop-information Start >>>
                                   <<<  [OPTIMIZATION]
                                   <<<    PREFETCH(HARD) Expected by compiler :
                                   <<<      cnvflg
                                   <<<    SPILLS :
                                   <<<      GENERAL   : SPILL 6  FILL 11
                                   <<<      SIMD&FP   : SPILL 0  FILL 0
                                   <<<      SCALABLE  : SPILL 0  FILL 0
                                   <<<      PREDICATE : SPILL 0  FILL 0
                                   <<< Loop-information  End >>>
             497     2   s    s              do i=1,im
             498     3   p    v                if (cnvflg(i) .and. k <= kmax(i)-1) then
             499     3   m    m                  qeso(i,k) = 0.01 * fpvs(to(i,k))      ! fpvs is in pa
             500     3               !byl            call qsatq_cwb(1,to(i,k),po(i,k),qeso(i,k))
             501     3   p    v                  qeso(i,k) = eps * qeso(i,k) / (po(i,k) + epsm1*qeso(i,k))
             502     3   p    v                  val1      =             1.e-8
             503     3   p    v                  qeso(i,k) = max(qeso(i,k), val1)
             504     3   p    v                  val2      =           1.e-10
             505     3   p    v                  qo(i,k)   = max(qo(i,k), val2 )
             506     3               !           qo(i,k)   = min(qo(i,k),qeso(i,k))
             507     3   p    v                  frh(i,k)  = 1. - min(qo(i,k)/qeso(i,k), 1.)
             508     3   m    m                  heo(i,k)  = .5 * g * (zo(i,k) + zo(i,k+1)) + &
             509     3                                       cp * to(i,k) + hvap * qo(i,k)
             510     3   p    v                  heso(i,k) = .5 * g * (zo(i,k) + zo(i,k+1)) + &
             511     3                                       cp * to(i,k) + hvap * qeso(i,k)
             512     3   p    v                  uo(i,k)   = .5 * (uo(i,k) + uo(i,k+1))
             513     3   p    v                  vo(i,k)   = .5 * (vo(i,k) + vo(i,k+1))
             514     3   p    v                endif
             515     2   p    m              enddo
             516     1                     enddo
             517                     !
             518                     !  look for the level of free convection as cloud base
             519                     !
             520                     !> - Search below the index "kbm" for the level of free convection (LFC) where the condition \f$h_b > h^*\f$ is first met, where \f$h_b, h^*\f$ are the state moist static energy at the parcel's starting level and saturation moist static energy, respective
                                   <<< Loop-information Start >>>
                                   <<<  [PARALLELIZATION]
                                   <<<    Standard iteration count: 843
                                   <<<  [OPTIMIZATION]
                                   <<<    SIMD(VL: 16)
                                   <<<    SOFTWARE PIPELINING(IPC: 1.60, ITR: 224, MVE: 4, POL: S)
                                   <<<    PREFETCH(HARD) Expected by compiler :
                                   <<<      cnvflg, kmax, kbcon, flg
                                   <<< Loop-information  End >>>
             521     1  pp   2v            do i=1,im
             522     1   p   2v              flg(i)   = cnvflg(i)
             523     1   p   2v              if(flg(i)) kbcon(i) = kmax(i)
             524     1   p   2v            enddo
             525     1                     do k = 2, km1
                                   <<< Loop-information Start >>>
                                   <<<  [PARALLELIZATION]
                                   <<<    Standard iteration count: 411
                                   <<<  [OPTIMIZATION]
                                   <<<    PREFETCH(HARD) Expected by compiler :
                                   <<<      flg
                                   <<< Loop-information  End >>>
             526     2  pp    s              do i=1,im
             527     3   p    m                if (flg(i) .and. k < kbm(i)) then
             528     4   p    s                  if(k > kb(i) .and. heo(i,kb(i)) > heso(i,k)) then
             529     4   p    s                    kbcon(i) = k
             530     4   p    s                    flg(i)   = .false.
             531     4   p    s                  endif
             532     3   p    v                endif
             533     2   p    v              enddo
             534     1                     enddo
             535                     !
                                   <<< Loop-information Start >>>
                                   <<<  [PARALLELIZATION]
                                   <<<    Standard iteration count: 762
                                   <<<  [OPTIMIZATION]
                                   <<<    SIMD(VL: 16)
                                   <<<    SOFTWARE PIPELINING(IPC: 0.47, ITR: 96, MVE: 2, POL: S)
                                   <<<    PREFETCH(HARD) Expected by compiler :
                                   <<<      kbcon, kmax, cnvflg
                                   <<< Loop-information  End >>>
             536     1  pp   2v            do i=1,im
             537     2   p   2v              if(cnvflg(i)) then
             538     2   p   2v                if(kbcon(i) == kmax(i)) cnvflg(i) = .false.
             539     2   p   2v              endif
             540     1   p   2v            enddo
             541                     !!
             542                     !> - If no LFC, return to the calling routine without modifying state variables.
             543                           totflg = .true.
                                   <<< Loop-information Start >>>
                                   <<<  [PARALLELIZATION]
                                   <<<    Standard iteration count: 1600
                                   <<<  [OPTIMIZATION]
                                   <<<    SIMD(VL: 16)
                                   <<< Loop-information  End >>>
             544     1  pp    v            do i=1,im
             545     1   p    v              totflg = totflg .and. (.not. cnvflg(i))
             546     1   p    v            enddo
             547                           if(totflg) return
             548                     !!
             549                     !> - Determine the vertical pressure velocity at the LFC. After Han and Pan (2011) \cite han_and_pan_2011 , determine the maximum pressure thickness between a parcel's starting level and the LFC. If a parcel doesn't reach the LFC within the critical thick
                                   <<< Loop-information Start >>>
                                   <<<  [PARALLELIZATION]
                                   <<<    Standard iteration count: 616
                                   <<<  [OPTIMIZATION]
                                   <<<    PREFETCH(HARD) Expected by compiler :
                                   <<<      cnvflg
                                   <<< Loop-information  End >>>
             550     1  pp   2s            do i=1,im
             551     2   p   2m              if(cnvflg(i)) then
             552     2   p   2s                pdot(i)  = 10.* dot(i,kbcon(i))
             553     2               !          pdot(i)  = 0.01 * dot(i,kbcon(i)) ! Now dot is in Pa/s
             554     2   p   2v              endif
             555     1   p   2v            enddo
             556                     
                                   <<< Loop-information Start >>>
                                   <<<  [OPTIMIZATION]
                                   <<<    PREFETCH(HARD) Expected by compiler :
                                   <<<      cnvflg, kb, kbcon, frh, frh_sum
                                   <<< Loop-information  End >>>
             557     1                     do k = 1, km1
                                   <<< Loop-information Start >>>
                                   <<<  [PARALLELIZATION]
                                   <<<    Standard iteration count: 485
                                   <<<  [OPTIMIZATION]
                                   <<<    SIMD(VL: 8)
                                   <<<    SOFTWARE PIPELINING(IPC: 0.48, ITR: 32, MVE: 2, POL: S)
                                   <<<    PREFETCH(HARD) Expected by compiler :
                                   <<<      kb, frh, frh_sum, kbcon, cnvflg
                                   <<< Loop-information  End >>>
             558     2  pp    v             do i = 1, im
             559     3   p    v               if (cnvflg(i)) then
             560     4   p    v                if (k.ge.kb(i).and.k.le.kbcon(i)) then
             561     4   p    v                 frh_sum(i) = frh_sum(i) + (1-frh(i,k))
             562     4   p    v                endif
             563     3   p    v               endif
             564     2   p    v             enddo
             565     1                     enddo
             566                     !
             567                     !   turn off convection if pressure depth between parcel source level
             568                     !      and cloud base is larger than a critical value, cinpcr
             569                     !
                                   <<< Loop-information Start >>>
                                   <<<  [PARALLELIZATION]
                                   <<<    Standard iteration count: 35
                                   <<< Loop-information  End >>>
             570     1  pp    s            do i=1,im
             571     2   p    m              if(cnvflg(i)) then
             572     2   p                     sigma_con = tan(0.4*pi)/(dx5km-dx1km)                     !7.7 e-4 m-1
             573     2   p    s                sigma(i)  = (1.-1./pi*(atan(sigma_con*(gdx(i)-dx5km))+pi/2.)) !1(1km),0.1(10km)
             574     3   p    m                  if (gdx(i).lt.dx5km) then
             575     3   p    m                   sigma(i) = min(sigma(i)-0.01684*gdx(i)/1000.+0.0842,1.0)
             576     3   p                       endif
             577     2   p    s                  cinpcr = cinpcrmn + 0.5*(cinpcrmx-cinpcrmn) * (1.-sigma(i))
             578     2   p    s                  cinpcri(i) = cinpcr * frh_sum(i)/(kbcon(i)-kb(i)+1)
             579     2   p    s                  tem1 = pfld(i,kb(i)) - pfld(i,kbcon(i))
             580     3   p    m                  if(tem1 > cinpcri(i)) then
             581     3   p    s                     cnvflg(i) = .false.
             582     3   p                       endif
             583     2   p    m              endif
             584     1   p    v            enddo
             585                     !!
             586                           totflg = .true.
                                   <<< Loop-information Start >>>
                                   <<<  [PARALLELIZATION]
                                   <<<    Standard iteration count: 1600
                                   <<<  [OPTIMIZATION]
                                   <<<    SIMD(VL: 16)
                                   <<< Loop-information  End >>>
             587     1  pp    v            do i=1,im
             588     1   p    v              totflg = totflg .and. (.not. cnvflg(i))
             589     1   p    v            enddo
             590                           if(totflg) return
             591                     !!
             592                     !
             593                     !  specify the detrainment rate for the updrafts
             594                     !
             595                     !> - The updraft detrainment rate is set constant and equal to the entrainment rate at cloud base.
                                   <<< Loop-information Start >>>
                                   <<<  [PARALLELIZATION]
                                   <<<    Standard iteration count: 640
                                   <<<  [OPTIMIZATION]
                                   <<<    PREFETCH(HARD) Expected by compiler :
                                   <<<      cnvflg
                                   <<< Loop-information  End >>>
             596     1  pp   2s            do i = 1, im
             597     2   p   2m              if(cnvflg(i)) then
             598     2   p   2s                xlamud(i) = xlamue(i,kbcon(i))
             599     2               !         xlamud(i) = crtlamd
             600     2   p   2v              endif
             601     1   p   2v            enddo
             602                     !
             603                     !  determine updraft mass flux for the subcloud layers
             604                     !
             605                     !> - Calculate the normalized mass flux for subcloud and in-cloud layers according to Pan and Wu (1995) \cite pan_and_wu_1995 equation 1:
             606                     !!  \f[
             607                     !!  \frac{1}{\eta}\frac{\partial \eta}{\partial z} = \lambda_e - \lambda_d
             608                     !!  \f]
             609                     !!  where \f$\eta\f$ is the normalized mass flux, \f$\lambda_e\f$ is the entrainment rate and \f$\lambda_d\f$ is the detrainment rate. The normalized mass flux increases upward below the cloud base and decreases upward above.
                                   <<< Loop-information Start >>>
                                   <<<  [OPTIMIZATION]
                                   <<<    PREFETCH(HARD) Expected by compiler :
                                   <<<      cnvflg, kbcon, kb, xlamue, xlamud, zi
                                   <<<      eta
                                   <<< Loop-information  End >>>
             610     1                     do k = km1, 1, -1
                                   <<< Loop-information Start >>>
                                   <<<  [PARALLELIZATION]
                                   <<<    Standard iteration count: 302
                                   <<<  [OPTIMIZATION]
                                   <<<    SIMD(VL: 8)
                                   <<<    SOFTWARE PIPELINING(IPC: 0.70, ITR: 48, MVE: 3, POL: S)
                                   <<<    PREFETCH(HARD) Expected by compiler :
                                   <<<      xlamue, kbcon, xlamud, zi, kb, eta
                                   <<<      cnvflg
                                   <<< Loop-information  End >>>
             611     2  pp    v              do i = 1, im
             612     3   p    v                if (cnvflg(i)) then
             613     4   p    v                  if(k < kbcon(i) .and. k >= kb(i)) then
             614     4   p    v                    dz       = zi(i,k+1) - zi(i,k)
             615     4   p    v                    ptem     = 0.5*(xlamue(i,k)+xlamue(i,k+1))-xlamud(i)
             616     4   p    v                    eta(i,k) = eta(i,k+1) / (1. + ptem * dz)
             617     4   p    v                  endif
             618     3   p    v                endif
             619     2   p    v              enddo
             620     1                     enddo
             621                     !
             622                     !  compute mass flux above cloud base
             623                     !
                                   <<< Loop-information Start >>>
                                   <<<  [PARALLELIZATION]
                                   <<<    Standard iteration count: 1455
                                   <<<  [OPTIMIZATION]
                                   <<<    SIMD(VL: 16)
                                   <<<    SOFTWARE PIPELINING(IPC: 2.00, ITR: 320, MVE: 3, POL: S)
                                   <<<    PREFETCH(HARD) Expected by compiler :
                                   <<<      cnvflg, flg
                                   <<< Loop-information  End >>>
             624     1  pp   4v            do i = 1, im
             625     1   p   4v              flg(i) = cnvflg(i)
             626     1   p   4v            enddo
                                   <<< Loop-information Start >>>
                                   <<<  [OPTIMIZATION]
                                   <<<    PREFETCH(HARD) Expected by compiler :
                                   <<<      flg, kbcon, kmax, xlamue, xlamud, zi
                                   <<<      eta, ktconn, kbm
                                   <<< Loop-information  End >>>
             627     1                     do k = 2, km1
                                   <<< Loop-information Start >>>
                                   <<<  [PARALLELIZATION]
                                   <<<    Standard iteration count: 220
                                   <<<  [OPTIMIZATION]
                                   <<<    SIMD(VL: 8)
                                   <<<    SOFTWARE PIPELINING(IPC: 1.02, ITR: 56, MVE: 3, POL: L)
                                   <<<    PREFETCH(HARD) Expected by compiler :
                                   <<<      kbm, xlamue, xlamud, zi, eta, kbcon
                                   <<<      kmax, flg, ktconn
                                   <<< Loop-information  End >>>
             628     2  pp    v              do i = 1, im
             629     3   p    v               if(flg(i))then
             630     4   p    v                 if(k > kbcon(i) .and. k < kmax(i)) then
             631     4   p    v                    dz       = zi(i,k) - zi(i,k-1)
             632     4   p    v                    ptem     = 0.5*(xlamue(i,k)+xlamue(i,k-1))-xlamud(i)
             633     4   p    v                    eta(i,k) = eta(i,k-1) * (1 + ptem * dz)
             634     5   p    v                    if(eta(i,k) <= 0.) then
             635     5   p    v                      kmax(i) = k
             636     5   p    v                      ktconn(i) = k
             637     5   p    v                      kbm(i) = min(kbm(i),kmax(i))
             638     5   p    v                      flg(i) = .false.
             639     5   p    v                    endif
             640     4   p    v                 endif
             641     3   p    v               endif
             642     2   p    v              enddo
             643     1                     enddo
             644                     !
             645                     !  compute updraft cloud property
             646                     !
             647                     !> - Set cloud properties equal to the state variables at updraft starting level (kb).
                                   <<< Loop-information Start >>>
                                   <<<  [PARALLELIZATION]
                                   <<<    Standard iteration count: 433
                                   <<<  [OPTIMIZATION]
                                   <<<    PREFETCH(HARD) Expected by compiler :
                                   <<<      cnvflg
                                   <<< Loop-information  End >>>
             648     1  pp   2s            do i = 1, im
             649     2   p   2m              if(cnvflg(i)) then
             650     2   p   2s                indx         = kb(i)
             651     2   p   2s                hcko(i,indx) = heo(i,indx)
             652     2   p   2s                ucko(i,indx) = uo(i,indx)
             653     2   p   2s                vcko(i,indx) = vo(i,indx)
             654     2   p   2v              endif
             655     1   p   2v            enddo
             656                     !
             657                     !  cm is an enhancement factor in entrainment rates for momentum
             658                     !
             659                     !> - Calculate the cloud properties as a parcel ascends, modified by entrainment and detrainment. Discretization follows Appendix B of Grell (1993) \cite grell_1993 . Following Han and Pan (2006) \cite han_and_pan_2006, the convective momentum transport i
             660     1                     do k = 2, km1
                                   <<< Loop-information Start >>>
                                   <<<  [PARALLELIZATION]
                                   <<<    Standard iteration count: 120
                                   <<<  [OPTIMIZATION]
                                   <<<    SIMD(VL: 8)
                                   <<<    SPILLS :
                                   <<<      GENERAL   : SPILL 0  FILL 19
                                   <<<      SIMD&FP   : SPILL 0  FILL 0
                                   <<<      SCALABLE  : SPILL 0  FILL 0
                                   <<<      PREDICATE : SPILL 0  FILL 0
                                   <<< Loop-information  End >>>
             661     2  pp    v              do i = 1, im
             662     3   p    v                if (cnvflg(i)) then
             663     4   p    v                  if(k > kb(i) .and. k < kmax(i)) then
             664     4   p    v                    dz   = zi(i,k) - zi(i,k-1)
             665     4   p    v                    tem  = 0.5 * (xlamue(i,k)+xlamue(i,k-1)) * dz
             666     4   p    v                    tem1 = 0.5 * xlamud(i) * dz
             667     4   p    v                    factor = 1. + tem - tem1
             668     4   p    v                    hcko(i,k) = ((1.-tem1)*hcko(i,k-1)+tem*0.5* &
             669     4                                          (heo(i,k)+heo(i,k-1)))/factor
             670     4   p    v                    dbyo(i,k) = hcko(i,k) - heso(i,k)
             671     4               !
             672     4   p    v                    tem  = 0.5 * cm * tem
             673     4   p    v                    factor = 1. + tem
             674     4   p    v                    ptem = tem + pgcon
             675     4   p    v                    ptem1= tem - pgcon
             676     4   p    v                    ucko(i,k) = ((1.-tem)*ucko(i,k-1)+ptem*uo(i,k) &
             677     4                                          +ptem1*uo(i,k-1))/factor
             678     4   p    v                    vcko(i,k) = ((1.-tem)*vcko(i,k-1)+ptem*vo(i,k) &
             679     4                                          +ptem1*vo(i,k-1))/factor
             680     4   p                       endif
             681     3   p    v                endif
             682     2   p    v              enddo
             683     1                     enddo
             684                     !
             685                     !   taking account into convection inhibition due to existence of
             686                     !    dry layers below cloud base
             687                     !
             688                     !> - With entrainment, recalculate the LFC as the first level where buoyancy is positive. The difference in pressure levels between LFCs calculated with/without entrainment must be less than a threshold (currently 25 hPa). Otherwise, convection is inhibit
                                   <<< Loop-information Start >>>
                                   <<<  [PARALLELIZATION]
                                   <<<    Standard iteration count: 942
                                   <<<  [OPTIMIZATION]
                                   <<<    SIMD(VL: 16)
                                   <<<    SOFTWARE PIPELINING(IPC: 2.33, ITR: 160, MVE: 3, POL: S)
                                   <<<    PREFETCH(HARD) Expected by compiler :
                                   <<<      kmax, cnvflg, kbcon1, flg
                                   <<< Loop-information  End >>>
             689     1  pp   2v            do i=1,im
             690     1   p   2v              flg(i) = cnvflg(i)
             691     1   p   2v              kbcon1(i) = kmax(i)
             692     1   p   2v            enddo
                                   <<< Loop-information Start >>>
                                   <<<  [OPTIMIZATION]
                                   <<<    PREFETCH(HARD) Expected by compiler :
                                   <<<      flg, kbm, kbcon, dbyo, kbcon1
                                   <<< Loop-information  End >>>
             693     1                     do k = 2, km1
                                   <<< Loop-information Start >>>
                                   <<<  [PARALLELIZATION]
                                   <<<    Standard iteration count: 517
                                   <<<  [OPTIMIZATION]
                                   <<<    SIMD(VL: 8)
                                   <<<    SOFTWARE PIPELINING(IPC: 0.45, ITR: 24, MVE: 2, POL: S)
                                   <<<    PREFETCH(HARD) Expected by compiler :
                                   <<<      kbcon, flg, dbyo, kbm, kbcon1
                                   <<< Loop-information  End >>>
             694     2  pp    v            do i=1,im
             695     3   p    v              if (flg(i) .and. k < kbm(i)) then
             696     4   p    v                if(k >= kbcon(i) .and. dbyo(i,k) > 0.) then
             697     4   p    v                  kbcon1(i) = k
             698     4   p    v                  flg(i)    = .false.
             699     4   p    v                endif
             700     3   p    v              endif
             701     2   p    v            enddo
             702     1                     enddo
                                   <<< Loop-information Start >>>
                                   <<<  [PARALLELIZATION]
                                   <<<    Standard iteration count: 762
                                   <<<  [OPTIMIZATION]
                                   <<<    SIMD(VL: 16)
                                   <<<    SOFTWARE PIPELINING(IPC: 0.47, ITR: 96, MVE: 2, POL: S)
                                   <<<    PREFETCH(HARD) Expected by compiler :
                                   <<<      kbcon1, kmax, cnvflg
                                   <<< Loop-information  End >>>
             703     1  pp   2v            do i=1,im
             704     2   p   2v              if(cnvflg(i)) then
             705     2   p   2v                if(kbcon1(i) == kmax(i)) cnvflg(i) = .false.
             706     2   p   2v              endif
             707     1   p   2v            enddo
                                   <<< Loop-information Start >>>
                                   <<<  [PARALLELIZATION]
                                   <<<    Standard iteration count: 433
                                   <<<  [OPTIMIZATION]
                                   <<<    PREFETCH(HARD) Expected by compiler :
                                   <<<      cnvflg
                                   <<< Loop-information  End >>>
             708     1  pp   2s            do i=1,im
             709     2   p   2m              if(cnvflg(i)) then
             710     2   p   2s                tem = pfld(i,kbcon(i)) - pfld(i,kbcon1(i))
             711     3   p   2s                if(tem > dthk) then
             712     3   p   2s                   cnvflg(i) = .false.
             713     3   p   2s                endif
             714     2   p   2v              endif
             715     1   p   2v            enddo
             716                     !!
             717                           totflg = .true.
                                   <<< Loop-information Start >>>
                                   <<<  [PARALLELIZATION]
                                   <<<    Standard iteration count: 1600
                                   <<<  [OPTIMIZATION]
                                   <<<    SIMD(VL: 16)
                                   <<< Loop-information  End >>>
             718     1  pp    v            do i = 1, im
             719     1   p    v              totflg = totflg .and. (.not. cnvflg(i))
             720     1   p    v            enddo
             721                           if(totflg) return
             722                     !!
             723                     !
             724                     !  calculate convective inhibition
             725                     !
             726                     !> - Calculate additional trigger condition of the convective inhibition (CIN) according to Han et al.'s (2017) \cite han_et_al_2017 equation 13.
                                   <<< Loop-information Start >>>
                                   <<<  [OPTIMIZATION]
                                   <<<    PREFETCH(HARD) Expected by compiler :
                                   <<<      cnvflg, kb, kbcon1, to, qeso, zo, qo
                                   <<<      dbyo, cina
                                   <<< Loop-information  End >>>
             727     1                     do k = 2, km1
                                   <<< Loop-information Start >>>
                                   <<<  [PARALLELIZATION]
                                   <<<    Standard iteration count: 200
                                   <<<  [OPTIMIZATION]
                                   <<<    SIMD(VL: 8)
                                   <<<    SOFTWARE PIPELINING(IPC: 0.97, ITR: 64, MVE: 4, POL: S)
                                   <<<    PREFETCH(HARD) Expected by compiler :
                                   <<<      qo, dbyo, zo, kbcon1, cina, cnvflg, to
                                   <<<      qeso, kb
                                   <<< Loop-information  End >>>
             728     2  pp    v              do i = 1, im
             729     3   p    v                if (cnvflg(i)) then
             730     4   p    v                  if(k > kb(i) .and. k < kbcon1(i)) then
             731     4   p    v                    dz1 = zo(i,k+1) - zo(i,k)
             732     4   p    v                    gamma = el2orc * qeso(i,k) / (to(i,k)**2)
             733     4   p    v                    rfact =  1. + delta * cp * gamma &
             734     4                                      * to(i,k) / hvap
             735     4   p    v                    cina(i) = cina(i) +                 &
             736     4               !    &                 dz1 * eta(i,k) * (g / (cp * to(i,k))) &
             737     4                                      dz1 * (g / (cp * to(i,k))) &
             738     4                                      * dbyo(i,k) / (1. + gamma) &
             739     4                                      * rfact
             740     4   p    v                    val = 0.
             741     4   p    v                    cina(i) = cina(i) +                      &
             742     4               !    &                 dz1 * eta(i,k) * g * delta * &
             743     4                                      dz1 * g * delta *               &
             744     4                                      max(val,(qeso(i,k) - qo(i,k)))
             745     4   p    v                  endif
             746     3   p    v                endif
             747     2   p    v              enddo
             748     1                     enddo
             749                     !> - Turn off convection if the CIN is less than a critical value (cinacr) which is inversely proportional to the large-scale vertical velocity.
                                   <<< Loop-information Start >>>
                                   <<<  [PARALLELIZATION]
                                   <<<    Standard iteration count: 136
                                   <<< Loop-information  End >>>
             750     1  pp    s            do i = 1, im
             751     2   p    v              if(cnvflg(i)) then
             752     2               !
             753     3   p    v                if(islimsk(i) == 1) then
             754     3   p    m                  w1 = w1l
             755     3   p    s                  w2 = w2l
             756     3   p    m                  w3 = w3l
             757     3   p    s                  w4 = w4l
             758     3   p                     else
             759     3   p    m                  w1 = w1s
             760     3   p    s                  w2 = w2s
             761     3   p    m                  w3 = w3s
             762     3   p    s                  w4 = w4s
             763     3   p                     endif
             764     3   p    m                if(pdot(i) <= w4) then
             765     3   p    m                  tem = (pdot(i) - w4) / (w3 - w4)
             766     3   p    m                elseif(pdot(i) >= -w4) then
             767     3   p    m                  tem = - (pdot(i) + w4) / (w4 - w3)
             768     3   p                     else
             769     3   p    m                  tem = 0.
             770     3   p                     endif
             771     2               
             772     2   p    m                val1    =            -1.
             773     2   p    s                tem = max(tem,val1)
             774     2   p    s                val2    =             1.
             775     2   p    s                tem = min(tem,val2)
             776     2   p    s                tem = 1. - tem
             777     2   p    v                tem1= .5*(cinacrmx-cinacrmn)
             778     2   p    m                cinacr = cinacrmx - tem * tem1
             779     2               !
             780     2               !         cinacr = cinacrmx
             781     2   p    v                if(cina(i) < cinacr) cnvflg(i) = .false.
             782     2   p    v              endif
             783     1   p    v            enddo
             784                     !!
             785                           totflg = .true.
                                   <<< Loop-information Start >>>
                                   <<<  [PARALLELIZATION]
                                   <<<    Standard iteration count: 1600
                                   <<<  [OPTIMIZATION]
                                   <<<    SIMD(VL: 16)
                                   <<< Loop-information  End >>>
             786     1  pp    v            do i=1,im
             787     1   p    v              totflg = totflg .and. (.not. cnvflg(i))
             788     1   p    v            enddo
             789                           if(totflg) return
             790                     !!
             791                     !
             792                     !  determine first guess cloud top as the level of zero buoyancy
             793                     !    limited to the level of P/Ps=0.7
             794                     !
             795                     !> - Calculate the cloud top as the first level where parcel buoyancy becomes negative; the maximum possible value is at \f$p=0.7p_{sfc}\f$.
                                   <<< Loop-information Start >>>
                                   <<<  [PARALLELIZATION]
                                   <<<    Standard iteration count: 843
                                   <<<  [OPTIMIZATION]
                                   <<<    SIMD(VL: 16)
                                   <<<    SOFTWARE PIPELINING(IPC: 1.60, ITR: 224, MVE: 4, POL: S)
                                   <<<    PREFETCH(HARD) Expected by compiler :
                                   <<<      cnvflg, kbm, ktcon, flg
                                   <<< Loop-information  End >>>
             796     1  pp   2v            do i = 1, im
             797     1   p   2v              flg(i) = cnvflg(i)
             798     1   p   2v              if(flg(i)) ktcon(i) = kbm(i)
             799     1   p   2v            enddo
                                   <<< Loop-information Start >>>
                                   <<<  [OPTIMIZATION]
                                   <<<    PREFETCH(HARD) Expected by compiler :
                                   <<<      flg, kbm, kbcon1, dbyo, ktcon
                                   <<< Loop-information  End >>>
             800     1                     do k = 2, km1
                                   <<< Loop-information Start >>>
                                   <<<  [PARALLELIZATION]
                                   <<<    Standard iteration count: 517
                                   <<<  [OPTIMIZATION]
                                   <<<    SIMD(VL: 8)
                                   <<<    SOFTWARE PIPELINING(IPC: 0.45, ITR: 24, MVE: 2, POL: S)
                                   <<<    PREFETCH(HARD) Expected by compiler :
                                   <<<      kbcon1, flg, dbyo, kbm, ktcon
                                   <<< Loop-information  End >>>
             801     2  pp    v            do i=1,im
             802     3   p    v              if (flg(i) .and. k < kbm(i)) then
             803     4   p    v                if(k > kbcon1(i) .and. dbyo(i,k) < 0.) then
             804     4   p    v                   ktcon(i) = k
             805     4   p    v                   flg(i)   = .false.
             806     4   p    v                endif
             807     3   p    v              endif
             808     2   p    v            enddo
             809     1                     enddo
             810                     !
             811                     !  specify upper limit of mass flux at cloud base
             812                     !
             813                     !> - Calculate the maximum value of the cloud base mass flux using the CFL-criterion-based formula of Han and Pan (2011) \cite han_and_pan_2011, equation 7.
                                   <<< Loop-information Start >>>
                                   <<<  [PARALLELIZATION]
                                   <<<    Standard iteration count: 534
                                   <<<  [OPTIMIZATION]
                                   <<<    PREFETCH(HARD) Expected by compiler :
                                   <<<      cnvflg
                                   <<< Loop-information  End >>>
             814     1  pp   2s            do i = 1, im
             815     2   p   2m              if(cnvflg(i)) then
             816     2               !         xmbmax(i) = .1
             817     2               !
             818     2   p   2s                k = kbcon(i)
             819     2   p   2s                dp = 1000. * del(i,k)
             820     2   p   2s                xmbmax(i) = dp / (g * dt2)
             821     2               !
             822     2               !         tem = dp / (g * dt2)
             823     2               !         xmbmax(i) = min(tem, xmbmax(i))
             824     2   p   2v              endif
             825     1   p   2v            enddo
             826                     !
             827                     !  compute cloud moisture property and precipitation
             828                     !
             829                     !> - Set cloud moisture property equal to the enviromental moisture at updraft starting level (kb).
                                   <<< Loop-information Start >>>
                                   <<<  [PARALLELIZATION]
                                   <<<    Standard iteration count: 517
                                   <<<  [OPTIMIZATION]
                                   <<<    PREFETCH(HARD) Expected by compiler :
                                   <<<      cnvflg
                                   <<< Loop-information  End >>>
             830     1  pp   2s            do i = 1, im
             831     2   p   2m              if (cnvflg(i)) then
             832     2   p   2s                aa1(i) = 0.
             833     2   p   2s                qcko(i,kb(i)) = qo(i,kb(i))
             834     2   p   2s                qrcko(i,kb(i)) = qo(i,kb(i))
             835     2   p   2v              endif
             836     1   p   2v            enddo
             837                     !> - Calculate the moisture content of the entraining/detraining parcel (qcko) and the value it would have if just saturated (qrch), according to equation A.14 in Grell (1993) \cite grell_1993 . Their difference is the amount of convective cloud water (ql
                                   <<< Loop-information Start >>>
                                   <<<  [OPTIMIZATION]
                                   <<<    UNSWITCHING
                                   <<< Loop-information  End >>>
             838     1                     do k = 2, km1
                                   <<< Loop-information Start >>>
                                   <<<  [PARALLELIZATION]
                                   <<<    Standard iteration count: 72
                                   <<< Loop-information  End >>>
             839     2  pp    s              do i = 1, im
             840     3   p    v                if (cnvflg(i)) then
             841     4   p    v                  if(k > kb(i) .and. k < ktcon(i)) then
             842     4   p    m                    dz    = zi(i,k) - zi(i,k-1)
             843     4   p    m                    gamma = el2orc * qeso(i,k) / (to(i,k)**2)
             844     4   p    m                    qrch = qeso(i,k) &
             845     4                                  + gamma * dbyo(i,k) / (hvap * (1. + gamma))
             846     4               !cj
             847     4   p    m                    tem  = 0.5 * (xlamue(i,k)+xlamue(i,k-1)) * dz
             848     4   p    m                    tem1 = 0.5 * xlamud(i) * dz
             849     4   p    s                    factor = 1. + tem - tem1
             850     4   p    s                    qcko(i,k) = ((1.-tem1)*qcko(i,k-1)+tem*0.5* &
             851     4                                          (qo(i,k)+qo(i,k-1)))/factor
             852     4   p    s                    qrcko(i,k) = qcko(i,k)
             853     4               !cj
             854     4   p    m                    dq = eta(i,k) * (qcko(i,k) - qrch)
             855     4               !
             856     4               !             rhbar(i) = rhbar(i) + qo(i,k) / qeso(i,k)
             857     4               !
             858     4               !  below lfc check if there is excess moisture to release latent heat
             859     4               !
             860     5   p    m                    if(k >= kbcon(i) .and. dq > 0.) then
             861     5   p    m                      etah = .5 * (eta(i,k) + eta(i,k-1))
             862     5   p    v                      dp = 1000. * del(i,k)
             863     6   p    s                      if(ncloud > 0) then
             864     6   p    s                        ptem = c0t(i,k) + c1
             865     6   p    m                        qlk = dq / (eta(i,k) + etah * ptem * dz)
             866     6   p    v                        dellal(i,k) = etah * c1 * dz * qlk * g / dp
             867     6   p    s                      else
             868     6   p    s                        qlk = dq / (eta(i,k) + etah * c0t(i,k) * dz)
             869     6   p    v                      endif
             870     5   p    v                      buo(i,k) = buo(i,k) - g * qlk
             871     5   p    s                      qcko(i,k)= qlk + qrch
             872     5   p    m                      pwo(i,k) = etah * c0t(i,k) * dz * qlk
             873     5   p    v                      cnvwt(i,k) = etah * qlk * g / dp
             874     5   p                         endif
             875     4               !
             876     4               !  compute buoyancy and drag for updraft velocity
             877     4               !
             878     5   p    v                    if(k >= kbcon(i)) then
             879     5   p    v                      rfact =  1. + delta * cp * gamma &
             880     5                                        * to(i,k) / hvap
             881     5   p    v                      buo(i,k) = buo(i,k) + (g / (cp * to(i,k))) &
             882     5                                        * dbyo(i,k) / (1. + gamma) &
             883     5                                        * rfact
             884     5   p    s                      val = 0.
             885     5   p    m                      buo(i,k) = buo(i,k) + g * delta * &
             886     5                                          max(val,(qeso(i,k) - qo(i,k)))
             887     5   p    m                      drag(i,k) = max(xlamue(i,k),xlamud(i))
             888     5   p                         endif
             889     4               !
             890     4   p                       endif
             891     3   p    v                endif
             892     2   p    v              enddo
             893     1                     enddo
             894                     !
             895                     !  calculate cloud work function
             896                     !
             897                     !     do k = 2, km1
             898                     !       do i = 1, im
             899                     !         if (cnvflg(i)) then
             900                     !           if(k >= kbcon(i) .and. k < ktcon(i)) then
             901                     !             dz1 = zo(i,k+1) - zo(i,k)
             902                     !             gamma = el2orc * qeso(i,k) / (to(i,k)**2)
             903                     !             rfact =  1. + delta * cp * gamma
             904                     !    &                 * to(i,k) / hvap
             905                     !             aa1(i) = aa1(i) +
             906                     !!   &                 dz1 * eta(i,k) * (g / (cp * to(i,k)))
             907                     !    &                 dz1 * (g / (cp * to(i,k)))
             908                     !    &                 * dbyo(i,k) / (1. + gamma)
             909                     !    &                 * rfact
             910                     !             val = 0.
             911                     !             aa1(i) = aa1(i) +
             912                     !!   &                 dz1 * eta(i,k) * g * delta *
             913                     !    &                 dz1 * g * delta *
             914                     !    &                 max(val,(qeso(i,k) - qo(i,k)))
             915                     !           endif
             916                     !         endif
             917                     !       enddo
             918                     !     enddo
             919                     !     do i = 1, im
             920                     !       if(cnvflg(i) .and. aa1(i) <= 0.) cnvflg(i) = .false.
             921                     !     enddo
             922                     !
             923                     !  calculate cloud work function
             924                     !
             925                     !> - Calculate the cloud work function according to Pan and Wu (1995) \cite pan_and_wu_1995 equation 4:
             926                     !!  \f[
             927                     !!  A_u=\int_{z_0}^{z_t}\frac{g}{c_pT(z)}\frac{\eta}{1 + \gamma}[h(z)-h^*(z)]dz
             928                     !!  \f]
             929                     !! (discretized according to Grell (1993) \cite grell_1993 equation B.10 using B.2 and B.3 of Arakawa and Schubert (1974) \cite arakawa_and_schubert_1974 and assuming \f$\eta=1\f$) where \f$A_u\f$ is the updraft cloud work function, \f$z_0\f$ and \f$z_t\f
                                   <<< Loop-information Start >>>
                                   <<<  [PARALLELIZATION]
                                   <<<    Standard iteration count: 1231
                                   <<<  [OPTIMIZATION]
                                   <<<    SIMD(VL: 8)
                                   <<<    SOFTWARE PIPELINING(IPC: 2.50, ITR: 144, MVE: 4, POL: S)
                                   <<<    PREFETCH(HARD) Expected by compiler :
                                   <<<      aa1, cnvflg
                                   <<< Loop-information  End >>>
             930     1  pp   2v            do i = 1, im
             931     2   p   2v              if (cnvflg(i)) then
             932     2   p   2v                aa1(i) = 0.
             933     2   p   2v              endif
             934     1   p   2v            enddo
                                   <<< Loop-information Start >>>
                                   <<<  [OPTIMIZATION]
                                   <<<    PREFETCH(HARD) Expected by compiler :
                                   <<<      cnvflg, kbcon, ktcon, zo, buo, aa1
                                   <<< Loop-information  End >>>
             935     1                     do k = 2, km1
                                   <<< Loop-information Start >>>
                                   <<<  [PARALLELIZATION]
                                   <<<    Standard iteration count: 400
                                   <<<  [OPTIMIZATION]
                                   <<<    SIMD(VL: 8)
                                   <<<    SOFTWARE PIPELINING(IPC: 0.60, ITR: 32, MVE: 2, POL: S)
                                   <<<    PREFETCH(HARD) Expected by compiler :
                                   <<<      kbcon, zo, buo, aa1, ktcon, cnvflg
                                   <<< Loop-information  End >>>
             936     2  pp    v              do i = 1, im
             937     3   p    v                if (cnvflg(i)) then
             938     4   p    v                  if(k >= kbcon(i) .and. k < ktcon(i)) then
             939     4   p    v                    dz1 = zo(i,k+1) - zo(i,k)
             940     4   p    v                    aa1(i) = aa1(i) + buo(i,k) * dz1
             941     4   p    v                  endif
             942     3   p    v                endif
             943     2   p    v              enddo
             944     1                     enddo
                                   <<< Loop-information Start >>>
                                   <<<  [PARALLELIZATION]
                                   <<<    Standard iteration count: 1000
                                   <<<  [OPTIMIZATION]
                                   <<<    SIMD(VL: 8)
                                   <<<    SOFTWARE PIPELINING(IPC: 1.55, ITR: 128, MVE: 5, POL: S)
                                   <<<    PREFETCH(HARD) Expected by compiler :
                                   <<<      cnvflg, aa1
                                   <<< Loop-information  End >>>
             945     1  pp   2v            do i = 1, im
             946     1   p   2v              if(cnvflg(i) .and. aa1(i) <= 0.) cnvflg(i) = .false.
             947     1   p   2v            enddo
             948                     !!
             949                     !> - If the updraft cloud work function is negative, convection does not occur, and the scheme returns to the calling routine.
             950                           totflg = .true.
                                   <<< Loop-information Start >>>
                                   <<<  [PARALLELIZATION]
                                   <<<    Standard iteration count: 1600
                                   <<<  [OPTIMIZATION]
                                   <<<    SIMD(VL: 16)
                                   <<< Loop-information  End >>>
             951     1  pp    v            do i=1,im
             952     1   p    v              totflg = totflg .and. (.not. cnvflg(i))
             953     1   p    v            enddo
             954                           if(totflg) return
             955                     !!
             956                     !
             957                     !  estimate the onvective overshooting as the level
             958                     !    where the [aafac * cloud work function] becomes zero,
             959                     !    which is the final cloud top
             960                     !    limited to the level of P/Ps=0.7
             961                     !
             962                     !> - Continue calculating the cloud work function past the point of neutral buoyancy to represent overshooting according to Han and Pan (2011) \cite han_and_pan_2011 . Convective overshooting stops when \f$ cA_u < 0\f$ where \f$c\f$ is currently 10%, or w
                                   <<< Loop-information Start >>>
                                   <<<  [PARALLELIZATION]
                                   <<<    Standard iteration count: 942
                                   <<<  [OPTIMIZATION]
                                   <<<    SIMD(VL: 8)
                                   <<<    SOFTWARE PIPELINING(IPC: 1.27, ITR: 96, MVE: 3, POL: S)
                                   <<<    PREFETCH(HARD) Expected by compiler :
                                   <<<      aa1, cnvflg
                                   <<< Loop-information  End >>>
             963     1  pp   2v            do i = 1, im
             964     2   p   2v              if (cnvflg(i)) then
             965     2   p   2v                aa1(i) = aafac * aa1(i)
             966     2   p   2v              endif
             967     1   p   2v            enddo
             968                     !
                                   <<< Loop-information Start >>>
                                   <<<  [PARALLELIZATION]
                                   <<<    Standard iteration count: 942
                                   <<<  [OPTIMIZATION]
                                   <<<    SIMD(VL: 16)
                                   <<<    SOFTWARE PIPELINING(IPC: 2.33, ITR: 160, MVE: 3, POL: S)
                                   <<<    PREFETCH(HARD) Expected by compiler :
                                   <<<      kbm, cnvflg, ktcon1, flg
                                   <<< Loop-information  End >>>
             969     1  pp   2v            do i = 1, im
             970     1   p   2v              flg(i) = cnvflg(i)
             971     1   p   2v              ktcon1(i) = kbm(i)
             972     1   p   2v            enddo
                                   <<< Loop-information Start >>>
                                   <<<  [OPTIMIZATION]
                                   <<<    PREFETCH(HARD) Expected by compiler :
                                   <<<      flg, ktcon, kbm, to, qeso, zo, dbyo, aa1
                                   <<<      ktcon1
                                   <<< Loop-information  End >>>
             973     1                     do k = 2, km1
                                   <<< Loop-information Start >>>
                                   <<<  [PARALLELIZATION]
                                   <<<    Standard iteration count: 226
                                   <<<  [OPTIMIZATION]
                                   <<<    SIMD(VL: 8)
                                   <<<    SOFTWARE PIPELINING(IPC: 1.00, ITR: 72, MVE: 5, POL: S)
                                   <<<    PREFETCH(HARD) Expected by compiler :
                                   <<<      flg, to, aa1, ktcon, qeso, kbm, zo, dbyo
                                   <<<      ktcon1
                                   <<< Loop-information  End >>>
             974     2  pp    v              do i = 1, im
             975     3   p    v                if (flg(i)) then
             976     4   p    v                  if(k >= ktcon(i) .and. k < kbm(i)) then
             977     4   p    v                    dz1 = zo(i,k+1) - zo(i,k)
             978     4   p    v                    gamma = el2orc * qeso(i,k) / (to(i,k)**2)
             979     4   p    v                    rfact =  1. + delta * cp * gamma &
             980     4                                      * to(i,k) / hvap
             981     4   p    v                    aa1(i) = aa1(i) +                   &
             982     4               !    &                 dz1 * eta(i,k) * (g / (cp * to(i,k))) &
             983     4                                      dz1 * (g / (cp * to(i,k))) &
             984     4                                      * dbyo(i,k) / (1. + gamma) &
             985     4                                      * rfact
             986     4               !             val = 0.
             987     4               !             aa1(i) = aa1(i) +
             988     4               !!   &                 dz1 * eta(i,k) * g * delta *
             989     4               !    &                 dz1 * g * delta *
             990     4               !    &                 max(val,(qeso(i,k) - qo(i,k)))
             991     5   p    v                    if(aa1(i) < 0.) then
             992     5   p    v                      ktcon1(i) = k
             993     5   p    v                      flg(i) = .false.
             994     5   p    v                    endif
             995     4   p    v                  endif
             996     3   p    v                endif
             997     2   p    v              enddo
             998     1                     enddo
             999                     !
            1000                     !  compute cloud moisture property, detraining cloud water
            1001                     !    and precipitation in overshooting layers
            1002                     !
            1003                     !> - For the overshooting convection, calculate the moisture content of the entraining/detraining parcel as before. Partition convective cloud water and precipitation and detrain convective cloud water in the overshooting layers.
                                   <<< Loop-information Start >>>
                                   <<<  [OPTIMIZATION]
                                   <<<    UNSWITCHING
                                   <<< Loop-information  End >>>
            1004     1                     do k = 2, km1
                                   <<< Loop-information Start >>>
                                   <<<  [PARALLELIZATION]
                                   <<<    Standard iteration count: 103
                                   <<< Loop-information  End >>>
            1005     2  pp    s              do i = 1, im
            1006     3   p    v                if (cnvflg(i)) then
            1007     4   p    v                  if(k >= ktcon(i) .and. k < ktcon1(i)) then
            1008     4   p    s                    dz    = zi(i,k) - zi(i,k-1)
            1009     4   p    v                    gamma = el2orc * qeso(i,k) / (to(i,k)**2)
            1010     4   p    m                    qrch = qeso(i,k) &
            1011     4                                  + gamma * dbyo(i,k) / (hvap * (1. + gamma))
            1012     4               !cj
            1013     4   p    m                    tem  = 0.5 * (xlamue(i,k)+xlamue(i,k-1)) * dz
            1014     4   p    m                    tem1 = 0.5 * xlamud(i) * dz
            1015     4   p    s                    factor = 1. + tem - tem1
            1016     4   p    m                    qcko(i,k) = ((1.-tem1)*qcko(i,k-1)+tem*0.5* &
            1017     4                                          (qo(i,k)+qo(i,k-1)))/factor
            1018     4   p    m                    qrcko(i,k) = qcko(i,k)
            1019     4               !cj
            1020     4   p    s                    dq = eta(i,k) * (qcko(i,k) - qrch)
            1021     4               !
            1022     4               !  check if there is excess moisture to release latent heat
            1023     4               !
            1024     5   p    m                    if(dq > 0.) then
            1025     5   p    s                      etah = .5 * (eta(i,k) + eta(i,k-1))
            1026     5   p    v                      dp = 1000. * del(i,k)
            1027     6   p    s                      if(ncloud > 0) then
            1028     6   p    s                        ptem = c0t(i,k) + c1
            1029     6   p    m                        qlk = dq / (eta(i,k) + etah * ptem * dz)
            1030     6   p    m                        dellal(i,k) = etah * c1 * dz * qlk * g / dp
            1031     6   p    s                      else
            1032     6   p    s                        qlk = dq / (eta(i,k) + etah * c0t(i,k) * dz)
            1033     6   p    s                      endif
            1034     5   p    s                      qcko(i,k) = qlk + qrch
            1035     5   p    m                      pwo(i,k) = etah * c0t(i,k) * dz * qlk
            1036     5   p    v                      cnvwt(i,k) = etah * qlk * g / dp
            1037     5   p                         endif
            1038     4   p                       endif
            1039     3   p    v                endif
            1040     2   p    v              enddo
            1041     1                     enddo
            1042                     !
            1043                     !  compute updraft velocity square(wu2)
            1044                     !> - Calculate updraft velocity square(wu2) according to Han et al.'s (2017) \cite han_et_al_2017 equation 7.
            1045                     !
            1046                     !     bb1 = 2. * (1.+bet1*cd1)
            1047                     !     bb2 = 2. / (f1*(1.+gam1))
            1048                     !
            1049                     !     bb1 = 3.9
            1050                     !     bb2 = 0.67
            1051                     !
            1052                     !     bb1 = 2.0
            1053                     !     bb2 = 4.0
            1054                     !
            1055                           bb1 = 4.0
            1056                           bb2 = 0.8
            1057                     !
            1058                     !     do i = 1, im
            1059                     !       if (cnvflg(i)) then
            1060                     !         k = kbcon1(i)
            1061                     !         tem = po(i,k) / (rd * to(i,k))
            1062                     !         wucb = -0.01 * dot(i,k) / (tem * g)
            1063                     !         if(wucb > 0.) then
            1064                     !           wu2(i,k) = wucb * wucb
            1065                     !         else
            1066                     !           wu2(i,k) = 0.
            1067                     !         endif
            1068                     !       endif
            1069                     !     enddo
            1070     1                     do k = 2, km1
                                   <<< Loop-information Start >>>
                                   <<<  [PARALLELIZATION]
                                   <<<    Standard iteration count: 198
                                   <<<  [OPTIMIZATION]
                                   <<<    SIMD(VL: 8)
                                   <<< Loop-information  End >>>
            1071     2  pp    v              do i = 1, im
            1072     3   p    v                if (cnvflg(i)) then
            1073     4   p    v                  if(k > kbcon1(i) .and. k < ktcon(i)) then
            1074     4   p    v                    dz    = zi(i,k) - zi(i,k-1)
            1075     4   p    v                    tem  = 0.25 * bb1 * (drag(i,k)+drag(i,k-1)) * dz
            1076     4   p    v                    tem1 = 0.5 * bb2 * (buo(i,k)+buo(i,k-1)) * dz
            1077     4   p    v                    ptem = (1. - tem) * wu2(i,k-1)
            1078     4   p    v                    ptem1 = 1. + tem
            1079     4   p    v                    wu2(i,k) = (ptem + tem1) / ptem1
            1080     4   p    v                    wu2(i,k) = max(wu2(i,k), 0.)
            1081     4   p                       endif
            1082     3   p    v                endif
            1083     2   p    v              enddo
            1084     1                     enddo
            1085                     !
            1086                     !  compute updraft velocity averaged over the whole cumulus
            1087                     !
            1088                     !> - Calculate the mean updraft velocity within the cloud (wc).
                                   <<< Loop-information Start >>>
                                   <<<  [PARALLELIZATION]
                                   <<<    Standard iteration count: 1143
                                   <<<  [OPTIMIZATION]
                                   <<<    SIMD(VL: 8)
                                   <<<    PREFETCH(HARD) Expected by compiler :
                                   <<<      wbar, sumx, wc
                                   <<< Loop-information  End >>>
            1089     1  pp   2v            do i = 1, im
            1090     1   p   2v              wc(i) = 0.
            1091     1   p   2v              sumx(i) = 0.
            1092     1   p   2v              wbar(i) = 0.
            1093     1   p   2v            enddo
            1094                     
                                   <<< Loop-information Start >>>
                                   <<<  [PARALLELIZATION]
                                   <<<    Standard iteration count: 843
                                   <<<  [OPTIMIZATION]
                                   <<<    COLLAPSED
                                   <<<    SIMD(VL: 8)
                                   <<<    SOFTWARE PIPELINING(IPC: 3.75, ITR: 160, MVE: 3, POL: S)
                                   <<<    PREFETCH(HARD) Expected by compiler :
                                   <<<      pfld, po1
                                   <<< Loop-information  End >>>
            1095     1  pp   2v            do k = 1,km
                                   <<< Loop-information Start >>>
                                   <<<  [OPTIMIZATION]
                                   <<<    COLLAPSED
                                   <<< Loop-information  End >>>
            1096     2   p   2               do i = 1,im
            1097     2   p   2v                po1(i,k) = .5 * (pfld(i,k) + pfld(i,k+1))
            1098     2   p   2v              enddo
            1099     1   p                 enddo
            1100                     
            1101     1                     do k = 2, km1
                                   <<< Loop-information Start >>>
                                   <<<  [PARALLELIZATION]
                                   <<<    Standard iteration count: 146
                                   <<<  [OPTIMIZATION]
                                   <<<    SIMD(VL: 8)
                                   <<< Loop-information  End >>>
            1102     2  pp    v              do i = 1, im
            1103     3   p    v                if (cnvflg(i)) then
            1104     4   p    v                  if(k > kbcon1(i) .and. k < ktcon(i)) then
            1105     4   p    v                    dz = zi(i,k) - zi(i,k-1)
            1106     4   p    v                    tem = 0.5 * (sqrt(wu2(i,k)) + sqrt(wu2(i,k-1)))
            1107     4   p    v                    wc(i) = wc(i) + tem * dz
            1108     4   p    v                    tem  = 10. * dot(i,k)   * to(i,k)   / po1(i,k)
            1109     4   p    v                    tem1 = 10. * dot(i,k-1) * to(i,k-1) / po1(i,k-1)
            1110     4   p    v                    wbar(i) = wbar(i) + (-0.5 * rd/g) * (tem + tem1) * dz !grid-scale vertical velocity
            1111     4   p    v                    sumx(i) = sumx(i) + dz
            1112     4   p                       endif
            1113     3   p    v                endif
            1114     2   p    v              enddo
            1115     1                     enddo
                                   <<< Loop-information Start >>>
                                   <<<  [PARALLELIZATION]
                                   <<<    Standard iteration count: 458
                                   <<<  [OPTIMIZATION]
                                   <<<    SIMD(VL: 8)
                                   <<<    SOFTWARE PIPELINING(IPC: 0.31, ITR: 24, MVE: 2, POL: S)
                                   <<<    PREFETCH(HARD) Expected by compiler :
                                   <<<      cnvflg, sumx, wc
                                   <<< Loop-information  End >>>
            1116     1  pp    v            do i = 1, im
            1117     2   p    v              if(cnvflg(i)) then
            1118     3   p    v                if(sumx(i) == 0.) then
            1119     3   p    v                   cnvflg(i)=.false.
            1120     3   p    v                else
            1121     3   p    v                   wc(i) = wc(i) / sumx(i)
            1122     3   p    v                endif
            1123     2   p    v                val = 1.e-4
            1124     2   p    v                if (wc(i) < val) cnvflg(i)=.false.
            1125     2   p    v              endif
            1126     1   p    v            enddo
            1127                     
                                   <<< Loop-information Start >>>
                                   <<<  [PARALLELIZATION]
                                   <<<    Standard iteration count: 696
                                   <<<  [OPTIMIZATION]
                                   <<<    SIMD(VL: 8)
                                   <<<    SOFTWARE PIPELINING(IPC: 0.46, ITR: 64, MVE: 2, POL: S)
                                   <<<    PREFETCH(HARD) Expected by compiler :
                                   <<<      sumx, wbar, cnvflg
                                   <<< Loop-information  End >>>
            1128     1  pp   2v            do i = 1, im
            1129     2   p   2v              if(cnvflg(i) .and. sumx(i) > 0.) then
            1130     2   p   2v                wbar(i) = wbar(i) / sumx(i)
            1131     2   p   2v              endif
            1132     1   p   2v            enddo
            1133                     ! compute mean cloud core fraction
            1134                     ! assume mean cloud core fraction to be the ratio of
            1135                     ! mean grid-scale vertical velocity (wbar) and mean updraft velocity
                                   <<< Loop-information Start >>>
                                   <<<  [PARALLELIZATION]
                                   <<<    Standard iteration count: 314
                                   <<<  [OPTIMIZATION]
                                   <<<    SIMD(VL: 8)
                                   <<<    SOFTWARE PIPELINING(IPC: 0.43, ITR: 40, MVE: 3, POL: S)
                                   <<<    PREFETCH(HARD) Expected by compiler :
                                   <<<      wbar, wc, cnvflg, clear
                                   <<< Loop-information  End >>>
            1136     1  pp    v            do i = 1,im
            1137     2   p    v              if (cnvflg(i)) then
            1138     2   p    v                tem = wbar(i) / wc(i)
            1139     2   p    v                tem = max(tem, 0.)
            1140     2   p    v                clear(i) = 1. - tem
            1141     2   p    v                clear(i) = max(min(clear(i), 1.0), 0.)
            1142     3   p    v                if (wbar(i).gt.0. .and. wbar(i).gt.wc(i)) then
            1143     3   p    v                  cnvflg(i) = .false.
            1144     3   p    v                endif
            1145     2   p    v              endif
            1146     1   p    v            enddo
            1147                     !
            1148                     ! exchange ktcon with ktcon1
            1149                     !
                                   <<< Loop-information Start >>>
                                   <<<  [PARALLELIZATION]
                                   <<<    Standard iteration count: 728
                                   <<<  [OPTIMIZATION]
                                   <<<    SIMD(VL: 16)
                                   <<<    SOFTWARE PIPELINING(IPC: 2.12, ITR: 256, MVE: 3, POL: S)
                                   <<<    PREFETCH(HARD) Expected by compiler :
                                   <<<      ktcon, ktcon1, cnvflg
                                   <<< Loop-information  End >>>
            1150     1  pp   2v            do i = 1, im
            1151     2   p   2v              if(cnvflg(i)) then
            1152     2   p   2v                kk = ktcon(i)
            1153     2   p   2v                ktcon(i) = ktcon1(i)
            1154     2   p   2v                ktcon1(i) = kk
            1155     2   p   2v              endif
            1156     1   p   2v            enddo
            1157                     !
            1158                     !  this section is ready for cloud water
            1159                     !
            1160     1                     if(ncloud > 0) then
            1161     1               !
            1162     1               !  compute liquid and vapor separation at cloud top
            1163     1               !
            1164     1               !> - => Separate the total updraft cloud water at cloud top into vapor and condensate.
                                   <<< Loop-information Start >>>
                                   <<<  [PARALLELIZATION]
                                   <<<    Standard iteration count: 302
                                   <<<  [OPTIMIZATION]
                                   <<<    SIMD(VL: 8)
                                   <<<    SOFTWARE PIPELINING(IPC: 0.73, ITR: 80, MVE: 5, POL: S)
                                   <<<    PREFETCH(HARD) Expected by compiler :
                                   <<<      ktcon, cnvflg, qlko_ktcon
                                   <<< Loop-information  End >>>
            1165     2  pp    v            do i = 1, im
            1166     3   p    v              if(cnvflg(i)) then
            1167     3   p    v                k = ktcon(i) - 1
            1168     3   p    v                gamma = el2orc * qeso(i,k) / (to(i,k)**2)
            1169     3   p    v                qrch = qeso(i,k) &
            1170     3                              + gamma * dbyo(i,k) / (hvap * (1. + gamma))
            1171     3   p    v                dq = qcko(i,k) - qrch
            1172     3               !
            1173     3               !  check if there is excess moisture to release latent heat
            1174     3               !
            1175     4   p    v                if(dq > 0.) then
            1176     4   p    v                  qlko_ktcon(i) = dq
            1177     4   p    v                  qcko(i,k) = qrch
            1178     4   p    v                endif
            1179     3   p    v              endif
            1180     2   p    v            enddo
            1181     1                     endif
            1182                     !
            1183                     !c--- compute precipitation efficiency in terms of windshear
            1184                     !
            1185                     !! - Calculate the wind shear and precipitation efficiency according to equation 58 in Fritsch and Chappell (1980) \cite fritsch_and_chappell_1980 :
            1186                     !! \f[
            1187                     !! E = 1.591 - 0.639\frac{\Delta V}{\Delta z} + 0.0953\left(\frac{\Delta V}{\Delta z}\right)^2 - 0.00496\left(\frac{\Delta V}{\Delta z}\right)^3
            1188                     !! \f]
            1189                     !! where \f$\Delta V\f$ is the integrated horizontal shear over the cloud depth, \f$\Delta z\f$, (the ratio is converted to units of \f$10^{-3} s^{-1}\f$). The variable "edt" is \f$1-E\f$ and is constrained to the range \f$[0,0.9]\f$.
                                   <<< Loop-information Start >>>
                                   <<<  [PARALLELIZATION]
                                   <<<    Standard iteration count: 1231
                                   <<<  [OPTIMIZATION]
                                   <<<    SIMD(VL: 8)
                                   <<<    SOFTWARE PIPELINING(IPC: 2.50, ITR: 144, MVE: 4, POL: S)
                                   <<<    PREFETCH(HARD) Expected by compiler :
                                   <<<      vshear, cnvflg
                                   <<< Loop-information  End >>>
            1190     1  pp   2v            do i = 1, im
            1191     2   p   2v              if(cnvflg(i)) then
            1192     2   p   2v                vshear(i) = 0.
            1193     2   p   2v              endif
            1194     1   p   2v            enddo
                                   <<< Loop-information Start >>>
                                   <<<  [OPTIMIZATION]
                                   <<<    PREFETCH(HARD) Expected by compiler :
                                   <<<      cnvflg, kb, ktcon, uo, vo, vshear
                                   <<< Loop-information  End >>>
            1195     1                     do k = 2, km
                                   <<< Loop-information Start >>>
                                   <<<  [PARALLELIZATION]
                                   <<<    Standard iteration count: 334
                                   <<<  [OPTIMIZATION]
                                   <<<    SIMD(VL: 8)
                                   <<<    SOFTWARE PIPELINING(IPC: 0.65, ITR: 48, MVE: 3, POL: S)
                                   <<<    PREFETCH(HARD) Expected by compiler :
                                   <<<      vo, ktcon, vshear, cnvflg, uo, kb
                                   <<< Loop-information  End >>>
            1196     2  pp    v              do i = 1, im
            1197     3   p    v                if (cnvflg(i)) then
            1198     4   p    v                  if(k > kb(i) .and. k <= ktcon(i)) then
            1199     4   p    v                    shear= sqrt((uo(i,k)-uo(i,k-1)) ** 2 &
            1200     4                                       + (vo(i,k)-vo(i,k-1)) ** 2)
            1201     4   p    v                    vshear(i) = vshear(i) + shear
            1202     4   p    v                  endif
            1203     3   p    v                endif
            1204     2   p    v              enddo
            1205     1                     enddo
                                   <<< Loop-information Start >>>
                                   <<<  [PARALLELIZATION]
                                   <<<    Standard iteration count: 223
                                   <<<  [OPTIMIZATION]
                                   <<<    PREFETCH(HARD) Expected by compiler :
                                   <<<      cnvflg
                                   <<< Loop-information  End >>>
            1206     1  pp    s            do i = 1, im
            1207     2   p    m              if(cnvflg(i)) then
            1208     2   p    s                vshear(i) = 1.e3 * vshear(i) / (zi(i,ktcon(i))-zi(i,kb(i)))
            1209     2   p    s                e1=1.591-.639*vshear(i) &
            1210     2                            +.0953*(vshear(i)**2)-.00496*(vshear(i)**3)
            1211     2   p    s                edt(i)=1.-e1
            1212     2   p    s                val =         .9
            1213     2   p    s                edt(i) = min(edt(i),val)
            1214     2   p    s                val =         .0
            1215     2   p    s                edt(i) = max(edt(i),val)
            1216     2   p    v              endif
            1217     1   p    v            enddo
            1218                     !
            1219                     !c--- what would the change be, that a cloud with unit mass
            1220                     !c--- will do to the environment?
            1221                     !
            1222                     !> ## Calculate the tendencies of the state variables (per unit cloud base mass flux) and the cloud base mass flux.
            1223                     !> - Calculate the change in moist static energy, moisture mixing ratio, and horizontal winds per unit cloud base mass flux for all layers below cloud top from equations B.14 and B.15 from Grell (1993) \cite grell_1993, and for the cloud top from B.16 and
                                   <<< Loop-information Start >>>
                                   <<<  [PARALLELIZATION]
                                   <<<    Standard iteration count: 3
                                   <<<  [OPTIMIZATION]
                                   <<<    PREFETCH(HARD) Expected by compiler :
                                   <<<      cnvflg, kmax, dellah, dellaq, dellau
                                   <<<      dellav
                                   <<< Loop-information  End >>>
            1224     1  pp                 do k = 1, km
                                   <<< Loop-information Start >>>
                                   <<<  [OPTIMIZATION]
                                   <<<    SIMD(VL: 8)
                                   <<<    SOFTWARE PIPELINING(IPC: 0.83, ITR: 32, MVE: 2, POL: S)
                                   <<<    PREFETCH(HARD) Expected by compiler :
                                   <<<      cnvflg, kmax, dellah, dellaq, dellau
                                   <<<      dellav
                                   <<< Loop-information  End >>>
            1225     2   p    v              do i = 1, im
            1226     3   p    v                if(cnvflg(i) .and. k <= kmax(i)) then
            1227     3   p    v                  dellah(i,k) = 0.
            1228     3   p    v                  dellaq(i,k) = 0.
            1229     3   p    v                  dellau(i,k) = 0.
            1230     3   p    v                  dellav(i,k) = 0.
            1231     3   p    v                endif
            1232     2   p    v              enddo
            1233     1   p                 enddo
            1234                     !
            1235                     !c--- changed due to subsidence and entrainment
            1236                     !
            1237     1                     do k = 2, km1
                                   <<< Loop-information Start >>>
                                   <<<  [PARALLELIZATION]
                                   <<<    Standard iteration count: 85
                                   <<<  [OPTIMIZATION]
                                   <<<    SIMD(VL: 8)
                                   <<<    SPILLS :
                                   <<<      GENERAL   : SPILL 0  FILL 8
                                   <<<      SIMD&FP   : SPILL 0  FILL 0
                                   <<<      SCALABLE  : SPILL 0  FILL 0
                                   <<<      PREDICATE : SPILL 0  FILL 0
                                   <<< Loop-information  End >>>
            1238     2  pp    v              do i = 1, im
            1239     3   p    v                if (cnvflg(i)) then
            1240     4   p    v                  if(k > kb(i) .and. k < ktcon(i)) then
            1241     4   p    v                    dp = 1000. * del(i,k)
            1242     4   p    v                    dz = zi(i,k) - zi(i,k-1)
            1243     4               !
            1244     4   p    v                    dv1h = heo(i,k)
            1245     4   p    v                    dv2h = .5 * (heo(i,k) + heo(i,k-1))
            1246     4   p    v                    dv3h = heo(i,k-1)
            1247     4   p    v                    dv1q = qo(i,k)
            1248     4   p    v                    dv2q = .5 * (qo(i,k) + qo(i,k-1))
            1249     4   p    v                    dv3q = qo(i,k-1)
            1250     4               !
            1251     4   p    v                    tem  = 0.5 * (xlamue(i,k)+xlamue(i,k-1))
            1252     4   p    v                    tem1 = xlamud(i)
            1253     4               !cj
            1254     4   p    v                    dellah(i,k) = dellah(i,k) + &
            1255     4                          ( eta(i,k)*dv1h - eta(i,k-1)*dv3h &
            1256     4                         -  tem*eta(i,k-1)*dv2h*dz &
            1257     4                         +  tem1*eta(i,k-1)*.5*(hcko(i,k)+hcko(i,k-1))*dz &
            1258     4                              ) *g/dp
            1259     4               !cj
            1260     4   p    v                    dellaq(i,k) = dellaq(i,k) + &
            1261     4                          ( eta(i,k)*dv1q - eta(i,k-1)*dv3q &
            1262     4                         -  tem*eta(i,k-1)*dv2q*dz &
            1263     4                         +  tem1*eta(i,k-1)*.5*(qrcko(i,k)+qcko(i,k-1))*dz &
            1264     4                              ) *g/dp
            1265     4               !cj
            1266     4   p    v                    tem1=eta(i,k)*(uo(i,k)-ucko(i,k))
            1267     4   p    v                    tem2=eta(i,k-1)*(uo(i,k-1)-ucko(i,k-1))
            1268     4   p    v                    dellau(i,k) = dellau(i,k) + (tem1-tem2) * g/dp
            1269     4               !cj
            1270     4   p    v                    tem1=eta(i,k)*(vo(i,k)-vcko(i,k))
            1271     4   p    v                    tem2=eta(i,k-1)*(vo(i,k-1)-vcko(i,k-1))
            1272     4   p    v                    dellav(i,k) = dellav(i,k) + (tem1-tem2) * g/dp
            1273     4               !cj
            1274     4   p                       endif
            1275     3   p    v                endif
            1276     2   p    v              enddo
            1277     1                     enddo
            1278                     !
            1279                     !c------- cloud top
            1280                     !
                                   <<< Loop-information Start >>>
                                   <<<  [PARALLELIZATION]
                                   <<<    Standard iteration count: 159
                                   <<<  [OPTIMIZATION]
                                   <<<    PREFETCH(HARD) Expected by compiler :
                                   <<<      cnvflg
                                   <<< Loop-information  End >>>
            1281     1  pp    s            do i = 1, im
            1282     2   p    m              if(cnvflg(i)) then
            1283     2   p    s                indx = ktcon(i)
            1284     2   p    s                dp = 1000. * del(i,indx)
            1285     2   p    s                dv1h = heo(i,indx-1)
            1286     2   p    s                dellah(i,indx) = eta(i,indx-1) * &
            1287     2                                          (hcko(i,indx-1) - dv1h) * g / dp
            1288     2   p    s                dv1q = qo(i,indx-1)
            1289     2   p    s                dellaq(i,indx) = eta(i,indx-1) * &
            1290     2                                          (qcko(i,indx-1) - dv1q) * g / dp
            1291     2   p    s                dellau(i,indx) = eta(i,indx-1) * &
            1292     2                                  (ucko(i,indx-1) - uo(i,indx-1)) * g / dp
            1293     2   p    s                dellav(i,indx) = eta(i,indx-1) * &
            1294     2                                  (vcko(i,indx-1) - vo(i,indx-1)) * g / dp
            1295     2               !
            1296     2               !  cloud water
            1297     2               !
            1298     2   p    s                dellal(i,indx) = eta(i,indx-1) * &
            1299     2                                          qlko_ktcon(i) * g / dp
            1300     2   p    v              endif
            1301     1   p    v            enddo
            1302                     !
            1303                     !
            1304                     !  compute convective turn-over time
            1305                     !
            1306                     !> - Following Bechtold et al. (2008) \cite bechtold_et_al_2008, calculate the convective turnover time using the mean updraft velocity (wc) and the cloud depth. It is also proportional to the grid size (gdx).
                                   <<< Loop-information Start >>>
                                   <<<  [PARALLELIZATION]
                                   <<<    Standard iteration count: 217
                                   <<<  [OPTIMIZATION]
                                   <<<    PREFETCH(HARD) Expected by compiler :
                                   <<<      cnvflg
                                   <<< Loop-information  End >>>
            1307     1  pp    s            do i= 1, im
            1308     2   p    m              if(cnvflg(i)) then
            1309     2   p    s                tem = zi(i,ktcon1(i)) - zi(i,kbcon1(i))
            1310     2   p    s                dtconv(i) = tem / wc(i)
            1311     2   p    s                tfac = 1. + gdx(i) / 75000.
            1312     2               ! reference from eq.3 in Zheng et al. 2016
            1313     2               !byl          tfac = 1. + log(25000./gdx(i))
            1314     2   p    s                dtconv(i) = tfac * dtconv(i)
            1315     2   p    s                dtconv(i) = max(dtconv(i),dtmin)
            1316     2   p    s                dtconv(i) = max(dtconv(i),dt2)
            1317     2   p    s                dtconv(i) = min(dtconv(i),dtmax)
            1318     2   p    v              endif
            1319     1   p    v            enddo
            1320                     !
            1321                     !> - Calculate advective time scale (tauadv) using a mean cloud layer wind speed.
                                   <<< Loop-information Start >>>
                                   <<<  [PARALLELIZATION]
                                   <<<    Standard iteration count: 1000
                                   <<<  [OPTIMIZATION]
                                   <<<    SIMD(VL: 8)
                                   <<<    SOFTWARE PIPELINING(IPC: 2.16, ITR: 96, MVE: 3, POL: S)
                                   <<<    PREFETCH(HARD) Expected by compiler :
                                   <<<      cnvflg, sumx, umean
                                   <<< Loop-information  End >>>
            1322     1  pp   2v            do i= 1, im
            1323     2   p   2v              if(cnvflg(i)) then
            1324     2   p   2v                sumx(i) = 0.
            1325     2   p   2v                umean(i) = 0.
            1326     2   p   2v              endif
            1327     1   p   2v            enddo
                                   <<< Loop-information Start >>>
                                   <<<  [OPTIMIZATION]
                                   <<<    PREFETCH(HARD) Expected by compiler :
                                   <<<      cnvflg, kbcon1, ktcon1, u1, v1, zi, sumx
                                   <<<      umean
                                   <<< Loop-information  End >>>
            1328     1                     do k = 2, km1
                                   <<< Loop-information Start >>>
                                   <<<  [PARALLELIZATION]
                                   <<<    Standard iteration count: 286
                                   <<<  [OPTIMIZATION]
                                   <<<    SIMD(VL: 8)
                                   <<<    SOFTWARE PIPELINING(IPC: 0.73, ITR: 48, MVE: 3, POL: S)
                                   <<<    PREFETCH(HARD) Expected by compiler :
                                   <<<      u1, kbcon1, v1, zi, umean, sumx, ktcon1
                                   <<<      cnvflg
                                   <<< Loop-information  End >>>
            1329     2  pp    v              do i = 1, im
            1330     3   p    v                if(cnvflg(i)) then
            1331     4   p    v                  if(k >= kbcon1(i) .and. k < ktcon1(i)) then
            1332     4   p    v                    dz = zi(i,k) - zi(i,k-1)
            1333     4   p    v                    tem = sqrt(u1(i,k)*u1(i,k)+v1(i,k)*v1(i,k))
            1334     4   p    v                    umean(i) = umean(i) + tem * dz
            1335     4   p    v                    sumx(i) = sumx(i) + dz
            1336     4   p    v                  endif
            1337     3   p    v                endif
            1338     2   p    v              enddo
            1339     1                     enddo
                                   <<< Loop-information Start >>>
                                   <<<  [PARALLELIZATION]
                                   <<<    Standard iteration count: 391
                                   <<<  [OPTIMIZATION]
                                   <<<    SIMD(VL: 8)
                                   <<<    SOFTWARE PIPELINING(IPC: 0.39, ITR: 40, MVE: 3, POL: S)
                                   <<<    PREFETCH(HARD) Expected by compiler :
                                   <<<      cnvflg, umean, sumx, gdx, tauadv
                                   <<< Loop-information  End >>>
            1340     1  pp    v            do i= 1, im
            1341     2   p    v              if(cnvflg(i)) then
            1342     2   p    v                 umean(i) = umean(i) / sumx(i)
            1343     2   p    v                 umean(i) = max(umean(i), 1.)
            1344     2   p    v                 tauadv(i) = gdx(i) / umean(i)
            1345     2   p    v              endif
            1346     1   p    v            enddo
            1347                     !
            1348                     !  compute cloud base mass flux as a function of the mean
            1349                     !     updraft velcoity
            1350                     !
            1351                     !> - From Han et al.'s (2017) \cite han_et_al_2017 equation 6, calculate cloud base mass flux as a function of the mean updraft velcoity.
            1352                     !!  As discussed in Han et al. (2017) \cite han_et_al_2017 , when dtconv is larger than tauadv, the convective mixing is not fully conducted before the cumulus cloud is advected out of the grid cell. In this case, therefore, the cloud base mass flux is fu
                                   <<< Loop-information Start >>>
                                   <<<  [PARALLELIZATION]
                                   <<<    Standard iteration count: 281
                                   <<<  [OPTIMIZATION]
                                   <<<    PREFETCH(HARD) Expected by compiler :
                                   <<<      cnvflg
                                   <<< Loop-information  End >>>
            1353     1  pp    s            do i= 1, im
            1354     2   p    m              if(cnvflg(i)) then
            1355     2   p    s                k = kbcon(i)
            1356     2   p    s                rho = po(i,k)*100. / (rd*to(i,k))
            1357     2   p    s                tfac = tauadv(i) / dtconv(i)
            1358     2   p    s                tfac = min(tfac, 1.)
            1359     2   p    s                xmb(i) = tfac*betaw*rho*wc(i)
            1360     2   p    v              endif
            1361     1   p    v            enddo
            1362                     !
            1363                     !> - For scale-aware parameterization, the updraft fraction (sigmagfm) is first computed as a function of the lateral entrainment rate at cloud base (see Han et al.'s (2017) \cite han_et_al_2017 equation 4 and 5), following the study by Grell and Freitas
                                   <<< Loop-information Start >>>
                                   <<<  [PARALLELIZATION]
                                   <<<    Standard iteration count: 445
                                   <<<  [OPTIMIZATION]
                                   <<<    SIMD(VL: 8)
                                   <<<    SOFTWARE PIPELINING(IPC: 0.46, ITR: 48, MVE: 2, POL: S)
                                   <<<    PREFETCH(HARD) Expected by compiler :
                                   <<<      cnvflg, garea, sigmagfm
                                   <<< Loop-information  End >>>
            1364     1  pp   2v            do i = 1, im
            1365     2   p   2v              if(cnvflg(i)) then
            1366     2   p   2v                sigmagfm(i) = wbar(i) / wc(i)
            1367     2   p   2v                sigmagfm(i) = tem1 / garea(i)
            1368     2   p   2v                sigmagfm(i) = max(sigmagfm(i), 0.001)
            1369     2   p   2v                sigmagfm(i) = min(sigmagfm(i), 0.999)
            1370     2   p   2v              endif
            1371     1   p   2v            enddo
            1372                     !
            1373                     !> - Then, calculate the reduction factor (scaldfunc) of the vertical convective eddy transport of mass flux as a function of updraft fraction from the studies by Arakawa and Wu (2013) \cite arakawa_and_wu_2013 (also see Han et al.'s (2017) \cite han_et_a
                                   <<< Loop-information Start >>>
                                   <<<  [PARALLELIZATION]
                                   <<<    Standard iteration count: 291
                                   <<<  [OPTIMIZATION]
                                   <<<    SIMD(VL: 8)
                                   <<<    SOFTWARE PIPELINING(IPC: 1.90, ITR: 96, MVE: 6, POL: S)
                                   <<<    PREFETCH(HARD) Expected by compiler :
                                   <<<      clear, sigma, xmbmax, cnvflg, xmb
                                   <<<      scaldfunc
                                   <<< Loop-information  End >>>
            1374     1  pp    v            do i = 1, im
            1375     2   p    v              if(cnvflg(i)) then
            1376     2   p    v                scaldfunc(i) = clear(i) * (1.-sigma(i))
            1377     2   p    v                scaldfunc(i) = max(min(scaldfunc(i), 1.0), 0.)
            1378     2   p    v                xmb(i) = xmb(i) * scaldfunc(i)
            1379     2   p    v                xmb(i) = min(xmb(i),xmbmax(i))
            1380     2   p    v              endif
            1381     1   p    v            enddo
            1382                     !> ## For the "feedback control", calculate updated values of the state variables by multiplying the cloud base mass flux and the tendencies calculated per unit cloud base mass flux from the static control.
            1383                     !! - Recalculate saturation specific humidity.
            1384                     !
            1385                     !c!!!!!!!!!!!!!!!!!!!!!!!!!!!!!!!!!!!!!!!!!!!!!!!!!!!!!!!!
            1386                     !
            1387     1                     do k = 1, km
                                   <<< Loop-information Start >>>
                                   <<<  [OPTIMIZATION]
                                   <<<    PREFETCH(HARD) Expected by compiler :
                                   <<<      cnvflg
                                   <<< Loop-information  End >>>
            1388     2   s    s              do i = 1, im
            1389     3   p    v                if (cnvflg(i) .and. k <= kmax(i)) then
            1390     3   m    m                  qeso(i,k) = 0.01 * fpvs(t1(i,k))      ! fpvs is in pa
            1391     3               !byl            call qsatq_cwb(1,t1(i,k),pfld(i,k),qeso(i,k))
            1392     3   p    v                  qeso(i,k) = eps * qeso(i,k) / (pfld(i,k) + epsm1*qeso(i,k))
            1393     3   p    v                  val     =             1.e-8
            1394     3   p    v                  qeso(i,k) = max(qeso(i,k), val )
            1395     3   p    v                endif
            1396     2   p    m              enddo
            1397     1                     enddo
            1398                     !c!!!!!!!!!!!!!!!!!!!!!!!!!!!!!!!!!!!!!!!!!!!!!!!!!!!!!!!!!!!!!!!!!!!!!
            1399                     !
            1400                     !> - Calculate the temperature tendency from the moist static energy and specific humidity tendencies.
            1401                     !> - Update the temperature, specific humidity, and horiztonal wind state variables by multiplying the cloud base mass flux-normalized tendencies by the cloud base mass flux.
            1402                     !> - Accumulate column-integrated tendencies.
                                   <<< Loop-information Start >>>
                                   <<<  [PARALLELIZATION]
                                   <<<    Standard iteration count: 696
                                   <<<  [OPTIMIZATION]
                                   <<<    SIMD(VL: 8)
                                   <<<    PREFETCH(HARD) Expected by compiler :
                                   <<<      qcond, delvbar, delubar, deltbar
                                   <<<      delqbar, delhbar
                                   <<< Loop-information  End >>>
            1403     1  pp   2v            do i = 1, im
            1404     1   p   2v              delhbar(i) = 0.
            1405     1   p   2v              delqbar(i) = 0.
            1406     1   p   2v              deltbar(i) = 0.
            1407     1   p   2v              delubar(i) = 0.
            1408     1   p   2v              delvbar(i) = 0.
            1409     1   p   2v              qcond(i) = 0.
            1410     1   p   2v            enddo
            1411     1                     do k = 1, km
                                   <<< Loop-information Start >>>
                                   <<<  [PARALLELIZATION]
                                   <<<    Standard iteration count: 125
                                   <<<  [OPTIMIZATION]
                                   <<<    SIMD(VL: 8)
                                   <<<    PREFETCH(HARD) Expected by compiler :
                                   <<<      cnvflg, kb, ktcon, dellah, dellaq, xmb
                                   <<<      t1, q1, dellau, u1, dellav, v1, del
                                   <<<      delhbar, delqbar, deltbar
                                   <<<    PREFETCH(SOFT) : 4
                                   <<<     SEQUENTIAL : 4
                                   <<<      delubar: 2, delvbar: 2
                                   <<<    SPILLS :
                                   <<<      GENERAL   : SPILL 0  FILL 1
                                   <<<      SIMD&FP   : SPILL 0  FILL 0
                                   <<<      SCALABLE  : SPILL 0  FILL 0
                                   <<<      PREDICATE : SPILL 0  FILL 0
                                   <<< Loop-information  End >>>
            1412     2  pp    v              do i = 1, im
            1413     3   p    v                if (cnvflg(i)) then
            1414     4   p    v                  if(k > kb(i) .and. k <= ktcon(i)) then
            1415     4   p    v                    dellat = (dellah(i,k) - hvap * dellaq(i,k)) / cp
            1416     4   p    v                    t1(i,k) = t1(i,k) + dellat * xmb(i) * dt2
            1417     4   p    v                    q1(i,k) = q1(i,k) + dellaq(i,k) * xmb(i) * dt2
            1418     4               !             tem = 1./rcs(i)
            1419     4               !             u1(i,k) = u1(i,k) + dellau(i,k) * xmb(i) * dt2 * tem
            1420     4               !             v1(i,k) = v1(i,k) + dellav(i,k) * xmb(i) * dt2 * tem
            1421     4   p    v                    u1(i,k) = u1(i,k) + dellau(i,k) * xmb(i) * dt2
            1422     4   p    v                    v1(i,k) = v1(i,k) + dellav(i,k) * xmb(i) * dt2
            1423     4   p    v                    dp = 1000. * del(i,k)
            1424     4   p    v                    delhbar(i) = delhbar(i) + dellah(i,k)*xmb(i)*dp/g
            1425     4   p    v                    delqbar(i) = delqbar(i) + dellaq(i,k)*xmb(i)*dp/g
            1426     4   p    v                    deltbar(i) = deltbar(i) + dellat*xmb(i)*dp/g
            1427     4   p    v                    delubar(i) = delubar(i) + dellau(i,k)*xmb(i)*dp/g
            1428     4   p    v                    delvbar(i) = delvbar(i) + dellav(i,k)*xmb(i)*dp/g
            1429     4   p    v                  endif
            1430     3   p    v                endif
            1431     2   p    v              enddo
            1432     1                     enddo
            1433                     !
            1434                     !> - Recalculate saturation specific humidity using the updated temperature.
            1435     1                     do k = 1, km
                                   <<< Loop-information Start >>>
                                   <<<  [OPTIMIZATION]
                                   <<<    PREFETCH(HARD) Expected by compiler :
                                   <<<      cnvflg
                                   <<< Loop-information  End >>>
            1436     2   s    s              do i = 1, im
            1437     3   p    v                if (cnvflg(i)) then
            1438     4   p    v                  if(k > kb(i) .and. k <= ktcon(i)) then
            1439     4   m    m                    qeso(i,k) = 0.01 * fpvs(t1(i,k))      ! fpvs is in pa
            1440     4               !byl              call qsatq_cwb(1,t1(i,k),pfld(i,k),qeso(i,k))
            1441     4   p    v                    qeso(i,k) = eps * qeso(i,k)/(pfld(i,k) + epsm1*qeso(i,k))
            1442     4   p    v                    val     =             1.e-8
            1443     4   p    v                    qeso(i,k) = max(qeso(i,k), val )
            1444     4   p    v                  endif
            1445     3   p    v                endif
            1446     2   p    m              enddo
            1447     1                     enddo
            1448                     !
            1449                     !> - Add up column-integrated convective precipitation by multiplying the normalized value by the cloud base mass flux.
                                   <<< Loop-information Start >>>
                                   <<<  [PARALLELIZATION]
                                   <<<    Standard iteration count: 800
                                   <<<  [OPTIMIZATION]
                                   <<<    SIMD(VL: 8)
                                   <<<    SOFTWARE PIPELINING(IPC: 1.88, ITR: 64, MVE: 2, POL: S)
                                   <<<    PREFETCH(HARD) Expected by compiler :
                                   <<<      flg, delq2, delqev, cnvflg, rntot
                                   <<< Loop-information  End >>>
            1450     1  pp   2v            do i = 1, im
            1451     1   p   2v              rntot(i) = 0.
            1452     1   p   2v              delqev(i) = 0.
            1453     1   p   2v              delq2(i) = 0.
            1454     1   p   2v              flg(i) = cnvflg(i)
            1455     1   p   2v            enddo
                                   <<< Loop-information Start >>>
                                   <<<  [OPTIMIZATION]
                                   <<<    PREFETCH(HARD) Expected by compiler :
                                   <<<      cnvflg, ktcon, kb, pwo, xmb, rntot
                                   <<< Loop-information  End >>>
            1456     1                     do k = km, 1, -1
                                   <<< Loop-information Start >>>
                                   <<<  [PARALLELIZATION]
                                   <<<    Standard iteration count: 433
                                   <<<  [OPTIMIZATION]
                                   <<<    SIMD(VL: 8)
                                   <<<    SOFTWARE PIPELINING(IPC: 0.54, ITR: 32, MVE: 2, POL: S)
                                   <<<    PREFETCH(HARD) Expected by compiler :
                                   <<<      ktcon, pwo, xmb, rntot, kb, cnvflg
                                   <<< Loop-information  End >>>
            1457     2  pp    v              do i = 1, im
            1458     3   p    v                if (cnvflg(i)) then
            1459     4   p    v                  if(k < ktcon(i) .and. k > kb(i)) then
            1460     4   p    v                    rntot(i) = rntot(i) + pwo(i,k) * xmb(i) * .001 * dt2
            1461     4   p    v                  endif
            1462     3   p    v                endif
            1463     2   p    v              enddo
            1464     1                     enddo
            1465                     !
            1466                     ! evaporating rain
            1467                     !
            1468                     !> - Determine the evaporation of the convective precipitation and update the integrated convective precipitation.
            1469                     !> - Update state temperature and moisture to account for evaporation of convective precipitation.
            1470                     !> - Update column-integrated tendencies to account for evaporation of convective precipitation.
            1471     1                     do k = km, 1, -1
                                   <<< Loop-information Start >>>
                                   <<<  [PARALLELIZATION]
                                   <<<    Standard iteration count: 28
                                   <<<  [OPTIMIZATION]
                                   <<<    SIMD(VL: 8)
                                   <<<    PREFETCH(HARD) Expected by compiler :
                                   <<<      kmax, flg, ktcon, edt, qeso, t1, q1
                                   <<<      qcond, cnvflg, kb, pwo, xmb, rn, del
                                   <<<      delqev, delq2
                                   <<<    PREFETCH(SOFT) : 12
                                   <<<     SEQUENTIAL : 12
                                   <<<      rntot: 2, qevap: 2, delq: 2, delqbar: 2
                                   <<<      deltv: 2, deltbar: 2
                                   <<<    SPILLS :
                                   <<<      GENERAL   : SPILL 0  FILL 4
                                   <<<      SIMD&FP   : SPILL 0  FILL 0
                                   <<<      SCALABLE  : SPILL 0  FILL 0
                                   <<<      PREDICATE : SPILL 0  FILL 0
                                   <<< Loop-information  End >>>
            1472     2  pp    v              do i = 1, im
            1473     3   p    v                if (k <= kmax(i)) then
            1474     3   p    v                  deltv(i) = 0.
            1475     3   p    v                  delq(i) = 0.
            1476     3   p    v                  qevap(i) = 0.
            1477     4   p    v                  if(cnvflg(i)) then
            1478     5   p    v                    if(k < ktcon(i) .and. k > kb(i)) then
            1479     5   p    v                      rn(i) = rn(i) + pwo(i,k) * xmb(i) * .001 * dt2
            1480     5   p    v                    endif
            1481     4   p    v                  endif
            1482     4   p    v                  if(flg(i) .and. k < ktcon(i)) then
            1483     4   p    v                    evef = edt(i) * evfact
            1484     4   p    v                    if(islimsk(i) == 1) evef=edt(i) * evfactl
            1485     4               !             if(islimsk(i) == 1) evef=.07
            1486     4               !             if(islimsk(i) == 1) evef = 0.
            1487     4   p    v                    qcond(i) = evef * (q1(i,k) - qeso(i,k)) &
            1488     4                                      / (1. + el2orc * qeso(i,k) / t1(i,k)**2)
            1489     4   p    v                    dp = 1000. * del(i,k)
            1490     5   p    v                    if(rn(i) > 0. .and. qcond(i) < 0.) then
            1491     5   p    v                      qevap(i) = -qcond(i) * (1.-exp(-.32*sqrt(dt2*rn(i))))
            1492     5   p    v                      qevap(i) = min(qevap(i), rn(i)*1000.*g/dp)
            1493     5   p    v                      delq2(i) = delqev(i) + .001 * qevap(i) * dp / g
            1494     5   p    v                    endif
            1495     5   p    v                    if(rn(i) > 0. .and. qcond(i) < 0. .and. &
            1496     5                                delq2(i) > rntot(i)) then
            1497     5   p    v                      qevap(i) = 1000.* g * (rntot(i) - delqev(i)) / dp
            1498     5   p    v                      flg(i) = .false.
            1499     5   p    v                    endif
            1500     5   p    v                    if(rn(i) > 0. .and. qevap(i) > 0.) then
            1501     5   p    v                      tem  = .001 * dp / g
            1502     5   p    v                      tem1 = qevap(i) * tem
            1503     6   p    v                      if(tem1 > rn(i)) then
            1504     6   p    v                        qevap(i) = rn(i) / tem
            1505     6   p    v                        rn(i) = 0.
            1506     6   p    v                      else
            1507     6   p    v                        rn(i) = rn(i) - tem1
            1508     6   p    v                      endif
            1509     5   p    v                      q1(i,k) = q1(i,k) + qevap(i)
            1510     5   p    v                      t1(i,k) = t1(i,k) - elocp * qevap(i)
            1511     5   p    v                      deltv(i) = - elocp*qevap(i)/dt2
            1512     5   p    v                      delq(i) =  + qevap(i)/dt2
            1513     5   p    v                      delqev(i) = delqev(i) + .001*dp*qevap(i)/g
            1514     5   p    v                    endif
            1515     4   p    v                    delqbar(i) = delqbar(i) + delq(i)*dp/g
            1516     4   p    v                    deltbar(i) = deltbar(i) + deltv(i)*dp/g
            1517     4   p    v                  endif
            1518     3   p    v                endif
            1519     2   p    v              enddo
            1520     1                     enddo
            1521                     !cj
            1522                     !     do i = 1, im
            1523                     !     if(me == 31 .and. cnvflg(i)) then
            1524                     !     if(cnvflg(i)) then
            1525                     !       print *, ' shallow delhbar, delqbar, deltbar = ',
            1526                     !    &             delhbar(i),hvap*delqbar(i),cp*deltbar(i)
            1527                     !       print *, ' shallow delubar, delvbar = ',delubar(i),delvbar(i)
            1528                     !       print *, ' precip =', hvap*rn(i)*1000./dt2
            1529                     !       print*,'pdif= ',pfld(i,kbcon(i))-pfld(i,ktcon(i))
            1530                     !     endif
            1531                     !     enddo
            1532                     !cj
                                   <<< Loop-information Start >>>
                                   <<<  [PARALLELIZATION]
                                   <<<    Standard iteration count: 422
                                   <<<  [OPTIMIZATION]
                                   <<<    SIMD(VL: 8)
                                   <<<    SOFTWARE PIPELINING(IPC: 0.69, ITR: 24, MVE: 2, POL: S)
                                   <<<    PREFETCH(HARD) Expected by compiler :
                                   <<<      flg, cnvflg, ktcon, kbcon, ktop, kbot
                                   <<<      rn, kcnv
                                   <<< Loop-information  End >>>
            1533     1  pp    v            do i = 1, im
            1534     2   p    v              if(cnvflg(i)) then
            1535     2   p    v                if(rn(i) < 0. .or. .not.flg(i)) rn(i) = 0.
            1536     2   p    v                ktop(i) = ktcon(i)
            1537     2   p    v                kbot(i) = kbcon(i)
            1538     2   p    v                kcnv(i) = 2
            1539     2   p    v              endif
            1540     1   p    v            enddo
            1541                     !
            1542                     !  convective cloud water
            1543                     !
            1544                     !> - Calculate shallow convective cloud water.
                                   <<< Loop-information Start >>>
                                   <<<  [PARALLELIZATION]
                                   <<<    Standard iteration count: 2
                                   <<<  [OPTIMIZATION]
                                   <<<    PREFETCH(HARD) Expected by compiler :
                                   <<<      cnvflg, kbcon, ktcon, cnvwt, xmb, cnvw
                                   <<< Loop-information  End >>>
            1545     1  pp                 do k = 1, km
                                   <<< Loop-information Start >>>
                                   <<<  [OPTIMIZATION]
                                   <<<    SIMD(VL: 8)
                                   <<<    SOFTWARE PIPELINING(IPC: 0.51, ITR: 32, MVE: 2, POL: S)
                                   <<<    PREFETCH(HARD) Expected by compiler :
                                   <<<      kbcon, cnvwt, xmb, ktcon, cnvflg, cnvw
                                   <<< Loop-information  End >>>
            1546     2   p    v              do i = 1, im
            1547     3   p    v                if (cnvflg(i)) then
            1548     4   p    v                  if (k >= kbcon(i) .and. k < ktcon(i)) then
            1549     4   p    v                    cnvw(i,k) = cnvwt(i,k) * xmb(i) * dt2
            1550     4   p    v                  endif
            1551     3   p    v                endif
            1552     2   p    v              enddo
            1553     1   p                 enddo
            1554                     
            1555                     !
            1556                     !  convective cloud cover
            1557                     !
            1558                     !> - Calculate convective cloud cover, which is used when pdf-based cloud fraction is used (i.e., pdfcld=.true.).
                                   <<< Loop-information Start >>>
                                   <<<  [PARALLELIZATION]
                                   <<<    Standard iteration count: 2
                                   <<<  [OPTIMIZATION]
                                   <<<    PREFETCH(HARD) Expected by compiler :
                                   <<<      cnvflg, kbcon, ktcon, eta, xmb, cnvc
                                   <<< Loop-information  End >>>
            1559     1  pp                 do k = 1, km
                                   <<< Loop-information Start >>>
                                   <<<  [OPTIMIZATION]
                                   <<<    SIMD(VL: 8)
                                   <<<    SOFTWARE PIPELINING(IPC: 0.62, ITR: 40, MVE: 3, POL: S)
                                   <<<    PREFETCH(HARD) Expected by compiler :
                                   <<<      eta, xmb, cnvflg, kbcon, ktcon, cnvc
                                   <<< Loop-information  End >>>
            1560     2   p    v              do i = 1, im
            1561     3   p    v                if (cnvflg(i)) then
            1562     4   p    v                  if (k >= kbcon(i) .and. k < ktcon(i)) then
            1563     4   p    v                    cnvc(i,k) = 0.04 * log(1. + 675. * eta(i,k) * xmb(i))
            1564     4   p    v                    cnvc(i,k) = min(cnvc(i,k), 0.2)
            1565     4   p    v                    cnvc(i,k) = max(cnvc(i,k), 0.0)
            1566     4   p    v                  endif
            1567     3   p    v                endif
            1568     2   p    v              enddo
            1569     1   p                 enddo
            1570                     !
            1571                     !  cloud water
            1572                     !
            1573                     !> - Separate detrained cloud water into liquid and ice species as a function of temperature only.
            1574     1                     if (ncloud > 0) then
            1575     1               !
                                   <<< Loop-information Start >>>
                                   <<<  [PARALLELIZATION]
                                   <<<    Standard iteration count: 2
                                   <<<  [OPTIMIZATION]
                                   <<<    PREFETCH(HARD) Expected by compiler :
                                   <<<      cnvflg, kbcon, ktcon, t1, qi, xmb
                                   <<<      dellal, ql
                                   <<< Loop-information  End >>>
            1576     2  pp                 do k = 1, km1
                                   <<< Loop-information Start >>>
                                   <<<  [OPTIMIZATION]
                                   <<<    SIMD(VL: 8)
                                   <<<    SOFTWARE PIPELINING(IPC: 0.66, ITR: 32, MVE: 2, POL: S)
                                   <<<    PREFETCH(HARD) Expected by compiler :
                                   <<<      ql, ktcon, t1, cnvflg, qi, xmb, dellal
                                   <<<      kbcon
                                   <<< Loop-information  End >>>
            1577     3   p    v              do i = 1, im
            1578     4   p    v                if (cnvflg(i)) then
            1579     4               !           if (k > kb(i) .and. k <= ktcon(i)) then
            1580     5   p    v                  if (k >= kbcon(i) .and. k <= ktcon(i)) then
            1581     5   p    v                    tem  = dellal(i,k) * xmb(i) * dt2
            1582     5   p    v                    tem1 = max(0.0, min(1.0, (tcr-t1(i,k))*tcrf))
            1583     6   p    v                    if (qi(i,k) > -999.0) then
            1584     6   p    v                      qi(i,k) = qi(i,k) + tem * tem1            ! ice
            1585     6   p    v                      ql(i,k) = ql(i,k) + tem *(1.0-tem1)       ! water
            1586     6   p    v                    else
            1587     6   p    v                      ql(i,k) = ql(i,k) + tem
            1588     6   p    v                    endif
            1589     5   p    v                  endif
            1590     4   p    v                endif
            1591     3   p    v              enddo
            1592     2   p                 enddo
            1593     1               !
            1594     1                     endif
            1595                     !
            1596                     ! hchuang code change
            1597                     !
            1598                     !> - Calculate and retain the updraft mass flux for dust transport by cumulus convection.
            1599                     !
            1600                     !> - Calculate the updraft convective mass flux.
                                   <<< Loop-information Start >>>
                                   <<<  [PARALLELIZATION]
                                   <<<    Standard iteration count: 2
                                   <<<  [OPTIMIZATION]
                                   <<<    PREFETCH(HARD) Expected by compiler :
                                   <<<      cnvflg, kb, ktop, eta, xmb, ud_mf
                                   <<< Loop-information  End >>>
            1601     1  pp                 do k = 1, km
                                   <<< Loop-information Start >>>
                                   <<<  [OPTIMIZATION]
                                   <<<    SIMD(VL: 8)
                                   <<<    SOFTWARE PIPELINING(IPC: 0.51, ITR: 32, MVE: 2, POL: S)
                                   <<<    PREFETCH(HARD) Expected by compiler :
                                   <<<      kb, eta, xmb, ktop, cnvflg, ud_mf
                                   <<< Loop-information  End >>>
            1602     2   p    v              do i = 1, im
            1603     3   p    v                if(cnvflg(i)) then
            1604     4   p    v                  if(k >= kb(i) .and. k < ktop(i)) then
            1605     4   p    v                    ud_mf(i,k) = eta(i,k) * xmb(i) * dt2
            1606     4   p    v                  endif
            1607     3   p    v                endif
            1608     2   p    v              enddo
            1609     1   p                 enddo
            1610                     !> - save the updraft convective mass flux at cloud top.
                                   <<< Loop-information Start >>>
                                   <<<  [PARALLELIZATION]
                                   <<<    Standard iteration count: 616
                                   <<<  [OPTIMIZATION]
                                   <<<    PREFETCH(HARD) Expected by compiler :
                                   <<<      cnvflg
                                   <<< Loop-information  End >>>
            1611     1  pp   2s            do i = 1, im
            1612     2   p   2m              if(cnvflg(i)) then
            1613     2   p   2s                 k = ktop(i)-1
            1614     2   p   2s                 dt_mf(i,k) = ud_mf(i,k)
            1615     2   p   2v              endif
            1616     1   p   2v            enddo
            1617                     !!
            1618                           return
            1619                           end

 Procedure information
   Lines      : 1619
   Statements : 1020
   Stack(byte): 399088
   Prefetch num: 42

 Scoping unit of external sub-program : samfshalcnv_kh
   Attribute and Cross reference of name
     aa1
      |(Class and Type) : variable name, REAL(8)
      |(Attributes)     : DIMENSION
      |(Declaration)    : 126
      |(Definition)     : 248  832  932  940  965  981
      |(Reference)      : 940  946  965  981  991
     aafac
      |(Class and Type) : variable name, REAL(8)
      |(Attributes)     : 
      |(Declaration)    : 98
      |(Definition)     : 310
      |(Reference)      : 965
     asolfac
      |(Class and Type) : named constant, REAL(8)
      |(Attributes)     : 
      |(Declaration)    : 98  150
      |(Definition)     : 
      |(Reference)      : 
     atan
      |(Class and Type) : intrinsic function name, REAL(8)
      |(Attributes)     : PURE, ELEMENTAL
      |(Declaration)    : 
      |(Definition)     : 
      |(Reference)      : 573
     bb1
      |(Class and Type) : variable name, REAL(8)
      |(Attributes)     : 
      |(Declaration)    : 145
      |(Definition)     : 1055
      |(Reference)      : 1075
     bb2
      |(Class and Type) : variable name, REAL(8)
      |(Attributes)     : 
      |(Declaration)    : 145
      |(Definition)     : 1056
      |(Reference)      : 1076
     bet1
      |(Class and Type) : named constant, REAL(8)
      |(Attributes)     : 
      |(Declaration)    : 145  174
      |(Definition)     : 
      |(Reference)      : 
     betaw
      |(Class and Type) : named constant, REAL(8)
      |(Attributes)     : 
      |(Declaration)    : 98  175
      |(Definition)     : 
      |(Reference)      : 1359
     buo
      |(Class and Type) : variable name, REAL(8)
      |(Attributes)     : DIMENSION
      |(Declaration)    : 181
      |(Definition)     : 412  870  881  885
      |(Reference)      : 870  881  885  940  1076  1076
     c0
      |(Class and Type) : variable name, REAL(8)
      |(Attributes)     : DIMENSION
      |(Declaration)    : 137
      |(Definition)     : 271  273
      |(Reference)      : 281  285
     c0l
      |(Class and Type) : variable name, REAL(8)
      |(Attributes)     : 
      |(Declaration)    : 98
      |(Definition)     : 
      |(Reference)      : 
     c0s
      |(Class and Type) : named constant, REAL(8)
      |(Attributes)     : 
      |(Declaration)    : 98  154
      |(Definition)     : 
      |(Reference)      : 271  271  273
     c0t
      |(Class and Type) : variable name, REAL(8)
      |(Attributes)     : DIMENSION
      |(Declaration)    : 186
      |(Definition)     : 281  285
      |(Reference)      : 864  868  872  1028  1032  1035
     c1
      |(Class and Type) : named constant, REAL(8)
      |(Attributes)     : 
      |(Declaration)    : 98  154
      |(Definition)     : 
      |(Reference)      : 864  866  1028  1030
     cd1
      |(Class and Type) : named constant, REAL(8)
      |(Attributes)     : 
      |(Declaration)    : 145  174
      |(Definition)     : 
      |(Reference)      : 
     cina
      |(Class and Type) : variable name, REAL(8)
      |(Attributes)     : DIMENSION
      |(Declaration)    : 126
      |(Definition)     : 249  735  741
      |(Reference)      : 735  741  781
     cinacr
      |(Class and Type) : variable name, REAL(8)
      |(Attributes)     : 
      |(Declaration)    : 141
      |(Definition)     : 778
      |(Reference)      : 781
     cinacrmn
      |(Class and Type) : named constant, REAL(8)
      |(Attributes)     : 
      |(Declaration)    : 141  171
      |(Definition)     : 
      |(Reference)      : 
     cinacrmx
      |(Class and Type) : named constant, REAL(8)
      |(Attributes)     : 
      |(Declaration)    : 141  171
      |(Definition)     : 
      |(Reference)      : 777  777  778
     cinpcr
      |(Class and Type) : variable name, REAL(8)
      |(Attributes)     : 
      |(Declaration)    : 141
      |(Definition)     : 577
      |(Reference)      : 578
     cinpcri
      |(Class and Type) : variable name, REAL(8)
      |(Attributes)     : DIMENSION
      |(Declaration)    : 201
      |(Definition)     : 578
      |(Reference)      : 580
     cinpcrmn
      |(Class and Type) : named constant, REAL(8)
      |(Attributes)     : 
      |(Declaration)    : 141  168
      |(Definition)     : 
      |(Reference)      : 577  577
     cinpcrmx
      |(Class and Type) : variable name, REAL(8)
      |(Attributes)     : 
      |(Declaration)    : 141
      |(Definition)     : 254
      |(Reference)      : 577
     clam
      |(Class and Type) : variable name, REAL(8)
      |(Attributes)     : 
      |(Declaration)    : 98
      |(Definition)     : 309
      |(Reference)      : 360
     clear
      |(Class and Type) : variable name, REAL(8)
      |(Attributes)     : DIMENSION
      |(Declaration)    : 201
      |(Definition)     : 1140  1141
      |(Reference)      : 1141  1376
     cliq
      |(Class and Type) : named constant, REAL(8)
      |(Attributes)     : use-associated
      |(Declaration)    : 
      |(Definition)     : 
      |(Reference)      : 71  166
     cm
      |(Class and Type) : named constant, REAL(8)
      |(Attributes)     : 
      |(Declaration)    : 98  165
      |(Definition)     : 
      |(Reference)      : 672
     cnvc
      |(Class and Type) : variable name, REAL(8)
      |(Attributes)     : DIMENSION, dummy-argument
      |(Declaration)    : 62  84
      |(Definition)     : 294  1563  1564  1565
      |(Reference)      : 1564  1565
     cnvflg
      |(Class and Type) : variable name, LOGICAL(4)
      |(Attributes)     : DIMENSION
      |(Declaration)    : 196
      |(Definition)     : 234  235  538  581  705  712  781  946  1119  1124  1143
      |(Reference)      : 236  264  371  393  421  440  456  463  475  498  522  537  545  551  559  571  588  597  612  625  649  662  690  704  709  719  729  751  787  797  815  831  840  931  937  946  952  964  970  1006  1072  1103  1117  1129  1137  1151  1166  1191  1197  1207  1226  1239  1282  1308  1323  1330  1341  1354  1365  1375  1389  1413  1437  1454  1458  1477  1534  1547  1561  1578  1603  1612
     cnvw
      |(Class and Type) : variable name, REAL(8)
      |(Attributes)     : DIMENSION, dummy-argument
      |(Declaration)    : 62  84
      |(Definition)     : 293  1549
      |(Reference)      : 
     cnvwt
      |(Class and Type) : variable name, REAL(8)
      |(Attributes)     : DIMENSION
      |(Declaration)    : 186
      |(Definition)     : 414  873  1036
      |(Reference)      : 1549
     con_cliq
      |(Class and Type) : use name
      |(Attributes)     : 
      |(Declaration)    : 
      |(Definition)     : 
      |(Reference)      : 71
     con_cp
      |(Class and Type) : use name
      |(Attributes)     : 
      |(Declaration)    : 
      |(Definition)     : 
      |(Reference)      : 71
     con_cvap
      |(Class and Type) : use name
      |(Attributes)     : 
      |(Declaration)    : 
      |(Definition)     : 
      |(Reference)      : 71
     con_eps
      |(Class and Type) : use name
      |(Attributes)     : 
      |(Declaration)    : 
      |(Definition)     : 
      |(Reference)      : 71
     con_epsm1
      |(Class and Type) : use name
      |(Attributes)     : 
      |(Declaration)    : 
      |(Definition)     : 
      |(Reference)      : 71
     con_fvirt
      |(Class and Type) : use name
      |(Attributes)     : 
      |(Declaration)    : 
      |(Definition)     : 
      |(Reference)      : 71
     con_g
      |(Class and Type) : use name
      |(Attributes)     : 
      |(Declaration)    : 
      |(Definition)     : 
      |(Reference)      : 71
     con_hvap
      |(Class and Type) : use name
      |(Attributes)     : 
      |(Declaration)    : 
      |(Definition)     : 
      |(Reference)      : 71
     con_rd
      |(Class and Type) : use name
      |(Attributes)     : 
      |(Declaration)    : 
      |(Definition)     : 
      |(Reference)      : 71
     con_rv
      |(Class and Type) : use name
      |(Attributes)     : 
      |(Declaration)    : 
      |(Definition)     : 
      |(Reference)      : 71
     con_t0c
      |(Class and Type) : use name
      |(Attributes)     : 
      |(Declaration)    : 
      |(Definition)     : 
      |(Reference)      : 71
     cp
      |(Class and Type) : named constant, REAL(8)
      |(Attributes)     : use-associated
      |(Declaration)    : 
      |(Definition)     : 
      |(Reference)      : 71  152  152  442  486  508  510  735  881  981  1415
     crtlamd
      |(Class and Type) : named constant, REAL(8)
      |(Attributes)     : 
      |(Declaration)    : 139  172
      |(Definition)     : 
      |(Reference)      : 
     cvap
      |(Class and Type) : named constant, REAL(8)
      |(Attributes)     : use-associated
      |(Declaration)    : 
      |(Definition)     : 
      |(Reference)      : 71  166
     d0
      |(Class and Type) : named constant, REAL(8)
      |(Attributes)     : 
      |(Declaration)    : 98  154
      |(Definition)     : 
      |(Reference)      : 283
     dbyo
      |(Class and Type) : variable name, REAL(8)
      |(Attributes)     : DIMENSION
      |(Declaration)    : 186
      |(Definition)     : 402  670
      |(Reference)      : 696  735  803  844  881  981  1010  1169
     del
      |(Class and Type) : variable name, REAL(8)
      |(Attributes)     : DIMENSION
      |(Declaration)    : 84
      |(Definition)     : 223
      |(Reference)      : 819  862  1026  1241  1284  1423  1489
     delhbar
      |(Class and Type) : variable name, REAL(8)
      |(Attributes)     : DIMENSION
      |(Declaration)    : 126
      |(Definition)     : 1404  1424
      |(Reference)      : 1424
     dellah
      |(Class and Type) : variable name, REAL(8)
      |(Attributes)     : DIMENSION
      |(Declaration)    : 186
      |(Definition)     : 1227  1254  1286
      |(Reference)      : 1254  1415  1424
     dellal
      |(Class and Type) : variable name, REAL(8)
      |(Attributes)     : DIMENSION
      |(Declaration)    : 186
      |(Definition)     : 404  866  1030  1298
      |(Reference)      : 1581
     dellaq
      |(Class and Type) : variable name, REAL(8)
      |(Attributes)     : DIMENSION
      |(Declaration)    : 186
      |(Definition)     : 1228  1260  1289
      |(Reference)      : 1260  1415  1417  1425
     dellat
      |(Class and Type) : variable name, REAL(8)
      |(Attributes)     : 
      |(Declaration)    : 98
      |(Definition)     : 1415
      |(Reference)      : 1416  1426
     dellau
      |(Class and Type) : variable name, REAL(8)
      |(Attributes)     : DIMENSION
      |(Declaration)    : 186
      |(Definition)     : 1229  1268  1291
      |(Reference)      : 1268  1421  1427
     dellav
      |(Class and Type) : variable name, REAL(8)
      |(Attributes)     : DIMENSION
      |(Declaration)    : 186
      |(Definition)     : 1230  1272  1293
      |(Reference)      : 1272  1422  1428
     delp
      |(Class and Type) : variable name, REAL(8)
      |(Attributes)     : DIMENSION, dummy-argument
      |(Declaration)    : 62  83
      |(Definition)     : 
      |(Reference)      : 223
     delq
      |(Class and Type) : variable name, REAL(8)
      |(Attributes)     : DIMENSION
      |(Declaration)    : 126
      |(Definition)     : 1475  1512
      |(Reference)      : 1515
     delq2
      |(Class and Type) : variable name, REAL(8)
      |(Attributes)     : DIMENSION
      |(Declaration)    : 126
      |(Definition)     : 1453  1493
      |(Reference)      : 1495
     delqbar
      |(Class and Type) : variable name, REAL(8)
      |(Attributes)     : DIMENSION
      |(Declaration)    : 126
      |(Definition)     : 1405  1425  1515
      |(Reference)      : 1425  1515
     delqev
      |(Class and Type) : variable name, REAL(8)
      |(Attributes)     : DIMENSION
      |(Declaration)    : 126
      |(Definition)     : 1452  1513
      |(Reference)      : 1493  1497  1513
     delt
      |(Class and Type) : variable name, REAL(8)
      |(Attributes)     : dummy-argument
      |(Declaration)    : 62  82
      |(Definition)     : 
      |(Reference)      : 306
     delta
      |(Class and Type) : named constant, REAL(8)
      |(Attributes)     : 
      |(Declaration)    : 98  165
      |(Definition)     : 
      |(Reference)      : 733  733  741  879  879  979  979
     deltbar
      |(Class and Type) : variable name, REAL(8)
      |(Attributes)     : DIMENSION
      |(Declaration)    : 126
      |(Definition)     : 1406  1426  1516
      |(Reference)      : 1426  1516
     deltv
      |(Class and Type) : variable name, REAL(8)
      |(Attributes)     : DIMENSION
      |(Declaration)    : 126
      |(Definition)     : 1474  1511
      |(Reference)      : 1516
     delubar
      |(Class and Type) : variable name, REAL(8)
      |(Attributes)     : DIMENSION
      |(Declaration)    : 126
      |(Definition)     : 1407  1427
      |(Reference)      : 1427
     delvbar
      |(Class and Type) : variable name, REAL(8)
      |(Attributes)     : DIMENSION
      |(Declaration)    : 126
      |(Definition)     : 1408  1428
      |(Reference)      : 1428
     desdt
      |(Class and Type) : variable name, REAL(8)
      |(Attributes)     : 
      |(Declaration)    : 98
      |(Definition)     : 483
      |(Reference)      : 484
     dot
      |(Class and Type) : variable name, REAL(8)
      |(Attributes)     : DIMENSION, dummy-argument
      |(Declaration)    : 62  84
      |(Definition)     : 
      |(Reference)      : 552  1108  1109
     dp
      |(Class and Type) : variable name, REAL(8)
      |(Attributes)     : 
      |(Declaration)    : 98
      |(Definition)     : 477  819  862  1026  1241  1284  1423  1489
      |(Reference)      : 486  487  820  866  873  1030  1036  1254  1260  1268  1272  1286  1289  1291  1293  1298  1424  1425  1426  1427  1428  1492  1493  1497  1501  1513  1515  1516
     dq
      |(Class and Type) : variable name, REAL(8)
      |(Attributes)     : 
      |(Declaration)    : 98
      |(Definition)     : 487  854  1020  1171
      |(Reference)      : 489  860  865  868  1024  1029  1032  1175  1176
     dqsdp
      |(Class and Type) : variable name, REAL(8)
      |(Attributes)     : 
      |(Declaration)    : 98
      |(Definition)     : 482
      |(Reference)      : 486  487
     dqsdt
      |(Class and Type) : variable name, REAL(8)
      |(Attributes)     : 
      |(Declaration)    : 98
      |(Definition)     : 484
      |(Reference)      : 487
     drag
      |(Class and Type) : variable name, REAL(8)
      |(Attributes)     : DIMENSION
      |(Declaration)    : 181
      |(Definition)     : 413  887
      |(Reference)      : 1075  1075
     dt
      |(Class and Type) : variable name, REAL(8)
      |(Attributes)     : 
      |(Declaration)    : 98
      |(Definition)     : 486
      |(Reference)      : 487  488
     dt2
      |(Class and Type) : variable name, REAL(8)
      |(Attributes)     : 
      |(Declaration)    : 98
      |(Definition)     : 306
      |(Reference)      : 820  1316  1416  1417  1421  1422  1460  1479  1491  1511  1512  1549  1581  1605
     dt_mf
      |(Class and Type) : variable name, REAL(8)
      |(Attributes)     : DIMENSION
      |(Declaration)    : 84
      |(Definition)     : 302  1614
      |(Reference)      : 
     dtconv
      |(Class and Type) : variable name, REAL(8)
      |(Attributes)     : DIMENSION
      |(Declaration)    : 126
      |(Definition)     : 1310  1314  1315  1316  1317
      |(Reference)      : 1314  1315  1316  1317  1357
     dthk
      |(Class and Type) : named constant, REAL(8)
      |(Attributes)     : 
      |(Declaration)    : 98  167
      |(Definition)     : 
      |(Reference)      : 711
     dtmax
      |(Class and Type) : named constant, REAL(8)
      |(Attributes)     : 
      |(Declaration)    : 98  173
      |(Definition)     : 
      |(Reference)      : 1317
     dtmin
      |(Class and Type) : named constant, REAL(8)
      |(Attributes)     : 
      |(Declaration)    : 98  173
      |(Definition)     : 
      |(Reference)      : 1315
     dv1h
      |(Class and Type) : variable name, REAL(8)
      |(Attributes)     : 
      |(Declaration)    : 98
      |(Definition)     : 1244  1285
      |(Reference)      : 1254  1286
     dv1q
      |(Class and Type) : variable name, REAL(8)
      |(Attributes)     : 
      |(Declaration)    : 98
      |(Definition)     : 1247  1288
      |(Reference)      : 1260  1289
     dv2h
      |(Class and Type) : variable name, REAL(8)
      |(Attributes)     : 
      |(Declaration)    : 98
      |(Definition)     : 1245
      |(Reference)      : 1254
     dv2q
      |(Class and Type) : variable name, REAL(8)
      |(Attributes)     : 
      |(Declaration)    : 98
      |(Definition)     : 1248
      |(Reference)      : 1260
     dv3h
      |(Class and Type) : variable name, REAL(8)
      |(Attributes)     : 
      |(Declaration)    : 98
      |(Definition)     : 1246
      |(Reference)      : 1254
     dv3q
      |(Class and Type) : variable name, REAL(8)
      |(Attributes)     : 
      |(Declaration)    : 98
      |(Definition)     : 1249
      |(Reference)      : 1260
     dx1km
      |(Class and Type) : named constant, REAL(8)
      |(Attributes)     : 
      |(Declaration)    : 204  206
      |(Definition)     : 
      |(Reference)      : 
     dx250m
      |(Class and Type) : named constant, REAL(8)
      |(Attributes)     : 
      |(Declaration)    : 204  206
      |(Definition)     : 
      |(Reference)      : 
     dx5km
      |(Class and Type) : named constant, REAL(8)
      |(Attributes)     : 
      |(Declaration)    : 204  206
      |(Definition)     : 
      |(Reference)      : 572  572  573  574
     dxcrt
      |(Class and Type) : named constant, REAL(8)
      |(Attributes)     : 
      |(Declaration)    : 98  175
      |(Definition)     : 
      |(Reference)      : 
     dz
      |(Class and Type) : variable name, REAL(8)
      |(Attributes)     : 
      |(Declaration)    : 98
      |(Definition)     : 476  614  631  664  842  1008  1074  1105  1242  1332
      |(Reference)      : 486  616  633  665  666  847  848  865  866  868  872  1013  1014  1029  1030  1032  1035  1075  1076  1107  1110  1111  1254  1254  1260  1260  1334  1335
     dz1
      |(Class and Type) : variable name, REAL(8)
      |(Attributes)     : 
      |(Declaration)    : 98
      |(Definition)     : 731  939  977
      |(Reference)      : 735  741  940  981
     e1
      |(Class and Type) : variable name, REAL(8)
      |(Attributes)     : 
      |(Declaration)    : 98
      |(Definition)     : 1209
      |(Reference)      : 1211
     edt
      |(Class and Type) : variable name, REAL(8)
      |(Attributes)     : DIMENSION
      |(Declaration)    : 126
      |(Definition)     : 247  1211  1213  1215
      |(Reference)      : 1213  1215  1483  1484
     el2orc
      |(Class and Type) : named constant, REAL(8)
      |(Attributes)     : 
      |(Declaration)    : 98  152
      |(Definition)     : 
      |(Reference)      : 485  732  843  978  1009  1168  1487
     elocp
      |(Class and Type) : named constant, REAL(8)
      |(Attributes)     : 
      |(Declaration)    : 98  152
      |(Definition)     : 
      |(Reference)      : 1510  1511
     eps
      |(Class and Type) : named constant, REAL(8)
      |(Attributes)     : use-associated
      |(Declaration)    : 
      |(Definition)     : 
      |(Reference)      : 71  424  481  501  1392  1441
     epsm1
      |(Class and Type) : named constant, REAL(8)
      |(Attributes)     : use-associated
      |(Declaration)    : 
      |(Definition)     : 
      |(Reference)      : 71  424  480  501  1392  1441
     es
      |(Class and Type) : variable name, REAL(8)
      |(Attributes)     : 
      |(Declaration)    : 98
      |(Definition)     : 478
      |(Reference)      : 480  481  483  484
     eta
      |(Class and Type) : variable name, REAL(8)
      |(Attributes)     : DIMENSION
      |(Declaration)    : 186
      |(Definition)     : 395  616  633
      |(Reference)      : 616  633  634  854  861  861  865  868  1020  1025  1025  1029  1032  1254  1254  1254  1254  1260  1260  1260  1260  1266  1267  1270  1271  1286  1289  1291  1293  1298  1563  1605
     etah
      |(Class and Type) : variable name, REAL(8)
      |(Attributes)     : 
      |(Declaration)    : 98
      |(Definition)     : 861  1025
      |(Reference)      : 865  866  868  872  873  1029  1030  1032  1035  1036
     evef
      |(Class and Type) : variable name, REAL(8)
      |(Attributes)     : 
      |(Declaration)    : 98
      |(Definition)     : 1483  1484
      |(Reference)      : 1487
     evfact
      |(Class and Type) : variable name, REAL(8)
      |(Attributes)     : 
      |(Declaration)    : 98
      |(Definition)     : 312
      |(Reference)      : 1483
     evfactl
      |(Class and Type) : variable name, REAL(8)
      |(Attributes)     : 
      |(Declaration)    : 98
      |(Definition)     : 313
      |(Reference)      : 1484
     exp
      |(Class and Type) : intrinsic function name, REAL(8)
      |(Attributes)     : PURE, ELEMENTAL
      |(Declaration)    : 
      |(Definition)     : 
      |(Reference)      : 284  1491
     f1
      |(Class and Type) : named constant, REAL(8)
      |(Attributes)     : 
      |(Declaration)    : 145  174
      |(Definition)     : 
      |(Reference)      : 
     fact1
      |(Class and Type) : named constant, REAL(8)
      |(Attributes)     : 
      |(Declaration)    : 98  166
      |(Definition)     : 
      |(Reference)      : 166  483
     fact2
      |(Class and Type) : named constant, REAL(8)
      |(Attributes)     : 
      |(Declaration)    : 98  166
      |(Definition)     : 
      |(Reference)      : 483
     factor
      |(Class and Type) : variable name, REAL(8)
      |(Attributes)     : 
      |(Declaration)    : 98
      |(Definition)     : 667  673  849  1015
      |(Reference)      : 668  676  678  850  1016
     flg
      |(Class and Type) : variable name, LOGICAL(4)
      |(Attributes)     : DIMENSION
      |(Declaration)    : 196
      |(Definition)     : 371  379  522  530  625  638  690  698  797  805  970  993  1454  1498
      |(Reference)      : 376  523  527  629  695  798  802  975  1482  1535
     fpvs
      |(Class and Type) : external function name, REAL(8)
      |(Attributes)     : 
      |(Declaration)    : 
      |(Definition)     : 
      |(Reference)      : 422  478  499  1390  1439
     fpvs
      |(Class and Type) : variable name, REAL(8)
      |(Attributes)     : 
      |(Declaration)    : 77
      |(Definition)     : 
      |(Reference)      : 
     frh
      |(Class and Type) : variable name, REAL(8)
      |(Attributes)     : DIMENSION
      |(Declaration)    : 186
      |(Definition)     : 396  507
      |(Reference)      : 561
     frh_sum
      |(Class and Type) : variable name, REAL(8)
      |(Attributes)     : DIMENSION
      |(Declaration)    : 201
      |(Definition)     : 257  561
      |(Reference)      : 561  578
     fv
      |(Class and Type) : named constant, REAL(8)
      |(Attributes)     : use-associated
      |(Declaration)    : 
      |(Definition)     : 
      |(Reference)      : 71  165
     g
      |(Class and Type) : named constant, REAL(8)
      |(Attributes)     : 
      |(Declaration)    : 98  150
      |(Definition)     : 
      |(Reference)      : 353  486  508  510  735  741  820  866  870  873  881  885  885  981  1030  1036  1110  1254  1260  1268  1272  1286  1289  1291  1293  1298  1424  1425  1426  1427  1428  1492  1493  1497  1501  1513  1515  1516
     gam1
      |(Class and Type) : named constant, REAL(8)
      |(Attributes)     : 
      |(Declaration)    : 145  174
      |(Definition)     : 
      |(Reference)      : 
     gamma
      |(Class and Type) : variable name, REAL(8)
      |(Attributes)     : 
      |(Declaration)    : 98
      |(Definition)     : 485  732  843  978  1009  1168
      |(Reference)      : 486  733  735  844  844  879  881  979  981  1010  1010  1169  1169
     garea
      |(Class and Type) : variable name, REAL(8)
      |(Attributes)     : DIMENSION, dummy-argument
      |(Declaration)    : 62  84
      |(Definition)     : 
      |(Reference)      : 251  1367
     gdx
      |(Class and Type) : variable name, REAL(8)
      |(Attributes)     : DIMENSION
      |(Declaration)    : 126
      |(Definition)     : 251
      |(Reference)      : 573  574  575  1311  1344
     grav
      |(Class and Type) : named constant, REAL(8)
      |(Attributes)     : use-associated
      |(Declaration)    : 
      |(Definition)     : 
      |(Reference)      : 71  150
     h1
      |(Class and Type) : named constant, REAL(8)
      |(Attributes)     : 
      |(Declaration)    : 98  176
      |(Definition)     : 
      |(Reference)      : 
     hcko
      |(Class and Type) : variable name, REAL(8)
      |(Attributes)     : DIMENSION
      |(Declaration)    : 186
      |(Definition)     : 397  651  668
      |(Reference)      : 668  670  1254  1254  1286
     heo
      |(Class and Type) : variable name, REAL(8)
      |(Attributes)     : DIMENSION
      |(Declaration)    : 186
      |(Definition)     : 443  508
      |(Reference)      : 457  464  466  528  651  668  668  1244  1245  1245  1246  1285
     heso
      |(Class and Type) : variable name, REAL(8)
      |(Attributes)     : DIMENSION
      |(Declaration)    : 186
      |(Definition)     : 444  510
      |(Reference)      : 528  670
     hmax
      |(Class and Type) : variable name, REAL(8)
      |(Attributes)     : DIMENSION
      |(Declaration)    : 126
      |(Definition)     : 457  466
      |(Reference)      : 464
     hpbl
      |(Class and Type) : variable name, REAL(8)
      |(Attributes)     : DIMENSION, dummy-argument
      |(Declaration)    : 62  84
      |(Definition)     : 
      |(Reference)      : 376
     hvap
      |(Class and Type) : named constant, REAL(8)
      |(Attributes)     : use-associated
      |(Declaration)    : 
      |(Definition)     : 
      |(Reference)      : 71  152  152  152  166  443  444  486  508  510  733  844  879  979  1010  1169  1415
     i
      |(Class and Type) : variable name, INTEGER(4)
      |(Attributes)     : 
      |(Declaration)    : 94
      |(Definition)     : 217  221  233  255  263  269  279  292  300  331  338  343  352  358  363  370  375  383  392  420  439  455  462  474  497  521  526  536  544  550  558  570  587  596  611  624  628  648  661  689  694  703  708  718  728  750  786  796  801  814  830  839  930  936  945  951  963  969  974  1005  1071  1089  1096  1102  1116  1128  1136  1150  1165  1190  1196  1206  1225  1238  1281  1307  1322  1329  1340  1353  1364  1374  1388  1403  1412  1436  1450  1457  1472  1533  1546  1560  1577  1602  1611
      |(Reference)      : 218  218  222  222  223  223  234  235  235  236  237  238  240  241  242  243  244  245  246  247  248  249  250  251  251  256  257  258  264  270  271  273  280  281  281  283  285  285  293  294  301  302  332  333  334  334  339  339  339  340  340  340  344  344  344  353  353  359  359  359  360  360  364  364  371  371  372  376  376  376  377  379  384  384  384  393  393  394  394  395  396  397  398  399  400  401  402  403  404  405  405  406  406  407  407  408  408  411  412  413  414  421  421  422  422  424  424  424  424  426  426  428  428  440  440  442  442  443  443  444  444  456  457  457  458  463  463  464  464  465  466  466  475  475  476  476  477  477  478  480  483  483  484  485  485  488  488  489  489  490  490  490  498  498  499  499  501  501  501  501  503  503  505  505  507  507  507  508  508  508  508  508  510  510  510  510  510  512  512  512  513  513  513  522  522  523  523  523  527  527  528  528  528  528  529  530  537  538  538  538  545  551  552  552  552  559  560  560  561  561  561  571  573  573  574  575  575  575  577  578  578  578  578  579  579  579  579  580  581  588  597  598  598  598  612  613  613  614  614  615  615  615  616  616  625  625  629  630  630  631  631  632  632  632  633  633  634  635  636  637  637  637  638  649  650  651  651  652  652  653  653  662  663  663  664  664  665  665  666  668  668  668  668  670  670  670  676  676  676  676  678  678  678  678  690  690  691  691  695  695  696  696  697  698  704  705  705  705  709  710  710  710  710  712  719  729  730  730  731  731  732  732  733  735  735  735  735  741  741  741  741  751  753  764  765  766  767  781  781  787  797  797  798  798  798  802  802  803  803  804  805  815  818  819  820  831  832  833  833  833  833  834  834  834  834  840  841  841  842  842  843  843  844  844  847  847  848  850  850  850  850  852  852  854  854  860  861  861  862  864  865  866  868  868  870  870  871  872  872  873  878  879  881  881  881  881  885  885  885  885  887  887  887  931  932  937  938  938  939  939  940  940  940  946  946  946  952  964  965  965  970  970  971  971  975  976  976  977  977  978  978  979  981  981  981  981  991  992  993  1006  1007  1007  1008  1008  1009  1009  1010  1010  1013  1013  1014  1016  1016  1016  1016  1018  1018  1020  1020  1025  1025  1026  1028  1029  1030  1032  1032  1034  1035  1035  1036  1072  1073  1073  1074  1074  1075  1075  1076  1076  1077  1079  1080  1080  1090  1091  1092  1097  1097  1097  1103  1104  1104  1105  1105  1106  1106  1107  1107  1108  1108  1108  1109  1109  1109  1110  1110  1111  1111  1117  1118  1119  1121  1121  1121  1124  1124  1129  1129  1130  1130  1130  1137  1138  1138  1140  1141  1141  1142  1142  1142  1143  1151  1152  1153  1153  1154  1166  1167  1168  1168  1169  1169  1171  1176  1177  1191  1192  1197  1198  1198  1199  1199  1199  1199  1201  1201  1207  1208  1208  1208  1208  1208  1208  1209  1209  1209  1211  1213  1213  1215  1215  1226  1226  1227  1228  1229  1230  1239  1240  1240  1241  1242  1242  1244  1245  1245  1246  1247  1248  1248  1249  1251  1251  1252  1254  1254  1254  1254  1254  1254  1254  1254  1260  1260  1260  1260  1260  1260  1260  1260  1266  1266  1266  1267  1267  1267  1268  1268  1270  1270  1270  1271  1271  1271  1272  1272  1282  1283  1284  1285  1286  1286  1286  1288  1289  1289  1289  1291  1291  1291  1291  1293  1293  1293  1293  1298  1298  1298  1308  1309  1309  1309  1309  1310  1310  1311  1314  1314  1315  1315  1316  1316  1317  1317  1323  1324  1325  1330  1331  1331  1332  1332  1333  1333  1333  1333  1334  1334  1335  1335  1341  1342  1342  1342  1343  1343  1344  1344  1344  1354  1355  1356  1356  1357  1357  1359  1359  1365  1366  1366  1366  1367  1367  1368  1368  1369  1369  1375  1376  1376  1376  1377  1377  1378  1378  1378  1379  1379  1379  1389  1389  1390  1390  1392  1392  1392  1392  1394  1394  1404  1405  1406  1407  1408  1409  1413  1414  1414  1415  1415  1416  1416  1416  1417  1417  1417  1417  1421  1421  1421  1421  1422  1422  1422  1422  1423  1424  1424  1424  1424  1425  1425  1425  1425  1426  1426  1426  1427  1427  1427  1427  1428  1428  1428  1428  1437  1438  1438  1439  1439  1441  1441  1441  1441  1443  1443  1451  1452  1453  1454  1454  1458  1459  1459  1460  1460  1460  1460  1473  1474  1475  1476  1477  1478  1478  1479  1479  1479  1479  1482  1482  1483  1484  1484  1487  1487  1487  1487  1487  1489  1490  1490  1491  1491  1491  1492  1492  1492  1493  1493  1493  1495  1495  1495  1495  1497  1497  1497  1498  1500  1500  1502  1503  1504  1504  1505  1507  1507  1509  1509  1509  1510  1510  1510  1511  1511  1512  1512  1513  1513  1513  1515  1515  1515  1516  1516  1516  1534  1535  1535  1535  1536  1536  1537  1537  1538  1547  1548  1548  1549  1549  1549  1561  1562  1562  1563  1563  1563  1564  1564  1565  1565  1578  1580  1580  1581  1581  1582  1583  1584  1584  1585  1585  1587  1587  1603  1604  1604  1605  1605  1605  1612  1613  1614  1614
     im
      |(Class and Type) : variable name, INTEGER(4)
      |(Attributes)     : dummy-argument
      |(Declaration)    : 62  79
      |(Definition)     : 
      |(Reference)      : 79  79  79  83  84  84  84  84  84  84  95  96  122  122  122  122  122  122  122  122  126  126  126  126  126  126  126  126  126  126  126  126  126  126  126  126  126  126  126  126  126  126  126  126  126  126  137  178  178  178  178  178  178  181  181  181  182  182  182  186  186  186  186  186  186  186  186  186  186  186  186  186  186  186  186  186  186  186  186  186  186  186  186  196  196  201  201  201  201  201  203  217  221  233  255  263  269  279  292  300  331  338  343  352  358  363  370  375  383  392  420  439  455  462  474  497  521  526  536  544  550  558  570  587  596  611  624  628  648  661  689  694  703  708  718  728  750  786  796  801  814  830  839  930  936  945  951  963  969  974  1005  1071  1089  1096  1102  1116  1128  1136  1150  1165  1190  1196  1206  1225  1238  1281  1307  1322  1329  1340  1353  1364  1374  1388  1403  1412  1436  1450  1457  1472  1533  1546  1560  1577  1602  1611
     indx
      |(Class and Type) : variable name, INTEGER(4)
      |(Attributes)     : 
      |(Declaration)    : 94
      |(Definition)     : 650  1283
      |(Reference)      : 651  651  652  652  653  653  1284  1285  1286  1286  1286  1288  1289  1289  1289  1291  1291  1291  1291  1293  1293  1293  1293  1298  1298
     islimsk
      |(Class and Type) : variable name, INTEGER(4)
      |(Attributes)     : DIMENSION, INTENT(IN), dummy-argument
      |(Declaration)    : 62  96
      |(Definition)     : 
      |(Reference)      : 270  753  1484
     ix
      |(Class and Type) : variable name, INTEGER(4)
      |(Attributes)     : dummy-argument
      |(Declaration)    : 62  79
      |(Definition)     : 
      |(Reference)      : 83  83  84  84  84  84  84  84  84  84  84  84  84  84
     j
      |(Class and Type) : variable name, INTEGER(4)
      |(Attributes)     : 
      |(Declaration)    : 94
      |(Definition)     : 
      |(Reference)      : 
     k
      |(Class and Type) : variable name, INTEGER(4)
      |(Attributes)     : 
      |(Declaration)    : 94
      |(Definition)     : 220  278  291  299  337  351  357  374  391  419  438  461  473  496  525  557  610  627  660  693  727  800  818  838  935  973  1004  1070  1095  1101  1167  1195  1224  1237  1328  1355  1387  1411  1435  1456  1471  1545  1559  1576  1601  1613
      |(Reference)      : 222  222  223  223  280  281  283  285  293  294  301  302  339  339  340  340  353  353  359  359  359  360  360  376  377  393  394  394  395  396  397  398  399  400  401  402  403  404  405  405  406  406  407  407  408  408  411  412  413  414  421  422  422  424  424  424  424  426  426  428  428  440  442  442  443  443  444  444  463  464  465  466  475  476  476  477  477  478  480  483  483  484  485  485  488  488  489  489  490  490  490  498  499  499  501  501  501  501  503  503  505  505  507  507  507  508  508  508  508  508  510  510  510  510  510  512  512  512  513  513  513  527  528  528  529  560  560  561  613  613  614  614  615  615  616  616  630  630  631  631  632  632  633  633  634  635  636  663  663  664  664  665  665  668  668  668  668  670  670  670  676  676  676  676  678  678  678  678  695  696  696  697  730  730  731  731  732  732  733  735  735  741  741  802  803  803  804  819  841  841  842  842  843  843  844  844  847  847  850  850  850  850  852  852  854  854  860  861  861  862  864  865  866  868  868  870  870  871  872  872  873  878  879  881  881  881  881  885  885  885  885  887  887  938  938  939  939  940  976  976  977  977  978  978  979  981  981  992  1007  1007  1008  1008  1009  1009  1010  1010  1013  1013  1016  1016  1016  1016  1018  1018  1020  1020  1025  1025  1026  1028  1029  1030  1032  1032  1034  1035  1035  1036  1073  1073  1074  1074  1075  1075  1076  1076  1077  1079  1080  1080  1097  1097  1097  1104  1104  1105  1105  1106  1106  1108  1108  1108  1109  1109  1109  1168  1168  1169  1169  1171  1177  1198  1198  1199  1199  1199  1199  1226  1227  1228  1229  1230  1240  1240  1241  1242  1242  1244  1245  1245  1246  1247  1248  1248  1249  1251  1251  1254  1254  1254  1254  1254  1254  1254  1254  1260  1260  1260  1260  1260  1260  1260  1260  1266  1266  1266  1267  1267  1267  1268  1268  1270  1270  1270  1271  1271  1271  1272  1272  1331  1331  1332  1332  1333  1333  1333  1333  1356  1356  1389  1390  1390  1392  1392  1392  1392  1394  1394  1414  1414  1415  1415  1416  1416  1417  1417  1417  1421  1421  1421  1422  1422  1422  1423  1424  1425  1427  1428  1438  1438  1439  1439  1441  1441  1441  1441  1443  1443  1459  1459  1460  1473  1478  1478  1479  1482  1487  1487  1487  1487  1489  1509  1509  1510  1510  1548  1548  1549  1549  1562  1562  1563  1563  1564  1564  1565  1565  1580  1580  1581  1582  1583  1584  1584  1585  1585  1587  1587  1604  1604  1605  1605  1614  1614
     kb
      |(Class and Type) : variable name, INTEGER(4)
      |(Attributes)     : DIMENSION
      |(Declaration)    : 122
      |(Definition)     : 244  458  465
      |(Reference)      : 528  528  560  578  579  613  650  663  730  833  833  834  834  841  1198  1208  1240  1414  1438  1459  1478  1604
     kbcon
      |(Class and Type) : variable name, INTEGER(4)
      |(Attributes)     : DIMENSION
      |(Declaration)    : 122
      |(Definition)     : 241  523  529
      |(Reference)      : 538  552  560  578  579  598  613  630  696  710  818  860  878  938  1355  1537  1548  1562  1580
     kbcon1
      |(Class and Type) : variable name, INTEGER(4)
      |(Attributes)     : DIMENSION
      |(Declaration)    : 122
      |(Definition)     : 691  697
      |(Reference)      : 705  710  730  803  1073  1104  1309  1331
     kbm
      |(Class and Type) : variable name, INTEGER(4)
      |(Attributes)     : DIMENSION
      |(Declaration)    : 122
      |(Definition)     : 332  339  344  637
      |(Reference)      : 344  384  527  637  695  798  802  971  976
     kbot
      |(Class and Type) : variable name, INTEGER(4)
      |(Attributes)     : DIMENSION, dummy-argument
      |(Declaration)    : 62  79
      |(Definition)     : 237  1537
      |(Reference)      : 
     kcnv
      |(Class and Type) : variable name, INTEGER(4)
      |(Attributes)     : DIMENSION, dummy-argument
      |(Declaration)    : 62  79
      |(Definition)     : 1538
      |(Reference)      : 235
     kind_phys
      |(Class and Type) : named constant, INTEGER(4)
      |(Attributes)     : use-associated
      |(Declaration)    : 
      |(Definition)     : 
      |(Reference)      : 69  82  83  84  98  126  137  139  141  145  178  181  182  186  198  201  203  204
     kk
      |(Class and Type) : variable name, INTEGER(4)
      |(Attributes)     : 
      |(Declaration)    : 94
      |(Definition)     : 1152
      |(Reference)      : 1154
     km
      |(Class and Type) : variable name, INTEGER(4)
      |(Attributes)     : dummy-argument
      |(Declaration)    : 62  79
      |(Definition)     : 
      |(Reference)      : 83  83  84  84  84  84  84  84  84  84  84  84  84  84  84  84  126  178  178  178  178  178  178  181  181  181  186  186  186  186  186  186  186  186  186  186  186  186  186  186  186  186  186  186  186  186  186  203  220  228  237  241  244  278  291  299  332  333  337  351  364  391  419  438  461  1095  1195  1224  1387  1411  1435  1456  1471  1545  1559  1601
     km1
      |(Class and Type) : variable name, INTEGER(4)
      |(Attributes)     : 
      |(Declaration)    : 94
      |(Definition)     : 228
      |(Reference)      : 357  364  374  473  496  525  557  610  627  660  693  727  800  838  935  973  1004  1070  1101  1237  1328  1576
     kmax
      |(Class and Type) : variable name, INTEGER(4)
      |(Attributes)     : DIMENSION
      |(Declaration)    : 122
      |(Definition)     : 333  340  635
      |(Reference)      : 344  393  421  440  475  498  523  538  630  637  663  691  705  1226  1389  1473
     kpbl
      |(Class and Type) : variable name, INTEGER(4)
      |(Attributes)     : DIMENSION
      |(Declaration)    : 95
      |(Definition)     : 372  377  384
      |(Reference)      : 384  463
     ktcon
      |(Class and Type) : variable name, INTEGER(4)
      |(Attributes)     : DIMENSION
      |(Declaration)    : 122
      |(Definition)     : 242  798  804  1153
      |(Reference)      : 841  938  976  1007  1073  1104  1152  1167  1198  1208  1240  1283  1414  1438  1459  1478  1482  1536  1548  1562  1580
     ktcon1
      |(Class and Type) : variable name, INTEGER(4)
      |(Attributes)     : DIMENSION
      |(Declaration)    : 122
      |(Definition)     : 971  992  1154
      |(Reference)      : 1007  1153  1309  1331
     ktconn
      |(Class and Type) : variable name, INTEGER(4)
      |(Attributes)     : DIMENSION
      |(Declaration)    : 122
      |(Definition)     : 243  636
      |(Reference)      : 
     ktop
      |(Class and Type) : variable name, INTEGER(4)
      |(Attributes)     : DIMENSION, dummy-argument
      |(Declaration)    : 62  79
      |(Definition)     : 238  1536
      |(Reference)      : 1604  1613
     log
      |(Class and Type) : intrinsic function name, REAL(8)
      |(Attributes)     : PURE, ELEMENTAL
      |(Declaration)    : 
      |(Definition)     : 
      |(Reference)      : 1563
     machine
      |(Class and Type) : module name
      |(Attributes)     : 
      |(Declaration)    : 
      |(Definition)     : 
      |(Reference)      : 69
     max
      |(Class and Type) : intrinsic function name, REAL(8)
      |(Attributes)     : PURE, ELEMENTAL
      |(Declaration)    : 
      |(Definition)     : 
      |(Reference)      : 426  428  503  505  741  773  885  887  1080  1139  1141  1215  1315  1316  1343  1368  1377  1394  1443  1565  1582
     min
      |(Class and Type) : intrinsic function name, REAL(8)
      |(Attributes)     : PURE, ELEMENTAL
      |(Declaration)    : 
      |(Definition)     : 
      |(Reference)      : 344  384  507  575  637  775  1141  1213  1317  1358  1369  1377  1379  1492  1564  1582
     n
      |(Class and Type) : variable name, INTEGER(4)
      |(Attributes)     : 
      |(Declaration)    : 94
      |(Definition)     : 
      |(Reference)      : 
     ncloud
      |(Class and Type) : variable name, INTEGER(4)
      |(Attributes)     : dummy-argument
      |(Declaration)    : 62  79
      |(Definition)     : 
      |(Reference)      : 863  1027  1160  1574
     pdot
      |(Class and Type) : variable name, REAL(8)
      |(Attributes)     : DIMENSION
      |(Declaration)    : 126
      |(Definition)     : 245  552
      |(Reference)      : 764  765  766  767
     pfld
      |(Class and Type) : variable name, REAL(8)
      |(Attributes)     : DIMENSION
      |(Declaration)    : 178
      |(Definition)     : 394
      |(Reference)      : 424  477  477  480  484  490  490  579  579  710  710  1097  1097  1392  1441
     pgcon
      |(Class and Type) : variable name, REAL(8)
      |(Attributes)     : 
      |(Declaration)    : 98
      |(Definition)     : 316
      |(Reference)      : 674  675
     phil
      |(Class and Type) : variable name, REAL(8)
      |(Attributes)     : DIMENSION, dummy-argument
      |(Declaration)    : 62  84
      |(Definition)     : 
      |(Reference)      : 353  442
     physcons
      |(Class and Type) : module name
      |(Attributes)     : 
      |(Declaration)    : 
      |(Definition)     : 
      |(Reference)      : 71
     pi
      |(Class and Type) : named constant, REAL(8)
      |(Attributes)     : 
      |(Declaration)    : 204  205
      |(Definition)     : 
      |(Reference)      : 572  573  573
     po
      |(Class and Type) : variable name, REAL(8)
      |(Attributes)     : DIMENSION
      |(Declaration)    : 126
      |(Definition)     : 490
      |(Reference)      : 501  1356
     po1
      |(Class and Type) : variable name, REAL(8)
      |(Attributes)     : DIMENSION
      |(Declaration)    : 203
      |(Definition)     : 1097
      |(Reference)      : 1108  1109
     pprime
      |(Class and Type) : variable name, REAL(8)
      |(Attributes)     : 
      |(Declaration)    : 98
      |(Definition)     : 480
      |(Reference)      : 481  482  484
     prsl
      |(Class and Type) : variable name, REAL(8)
      |(Attributes)     : DIMENSION
      |(Declaration)    : 84
      |(Definition)     : 222
      |(Reference)      : 339  340  394
     prslp
      |(Class and Type) : variable name, REAL(8)
      |(Attributes)     : DIMENSION, dummy-argument
      |(Declaration)    : 62  83
      |(Definition)     : 
      |(Reference)      : 222
     ps
      |(Class and Type) : variable name, REAL(8)
      |(Attributes)     : DIMENSION
      |(Declaration)    : 84
      |(Definition)     : 218
      |(Reference)      : 334
     psp
      |(Class and Type) : variable name, REAL(8)
      |(Attributes)     : DIMENSION, dummy-argument
      |(Declaration)    : 62  83
      |(Definition)     : 
      |(Reference)      : 218
     ptem
      |(Class and Type) : variable name, REAL(8)
      |(Attributes)     : 
      |(Declaration)    : 98
      |(Definition)     : 615  632  674  864  1028  1077
      |(Reference)      : 616  633  676  678  865  1029  1079
     ptem1
      |(Class and Type) : variable name, REAL(8)
      |(Attributes)     : 
      |(Declaration)    : 98
      |(Definition)     : 675  1078
      |(Reference)      : 676  678  1079
     pwo
      |(Class and Type) : variable name, REAL(8)
      |(Attributes)     : DIMENSION
      |(Declaration)    : 186
      |(Definition)     : 403  872  1035
      |(Reference)      : 1460  1479
     q1
      |(Class and Type) : variable name, REAL(8)
      |(Attributes)     : DIMENSION, dummy-argument
      |(Declaration)    : 62  84
      |(Definition)     : 1417  1509
      |(Reference)      : 406  1417  1487  1509
     qcko
      |(Class and Type) : variable name, REAL(8)
      |(Attributes)     : DIMENSION
      |(Declaration)    : 186
      |(Definition)     : 398  833  850  871  1016  1034  1177
      |(Reference)      : 850  852  854  1016  1018  1020  1171  1260  1289
     qcond
      |(Class and Type) : variable name, REAL(8)
      |(Attributes)     : DIMENSION
      |(Declaration)    : 126
      |(Definition)     : 1409  1487
      |(Reference)      : 1490  1491  1495
     qeso
      |(Class and Type) : variable name, REAL(8)
      |(Attributes)     : DIMENSION
      |(Declaration)    : 178
      |(Definition)     : 422  424  426  499  501  503  1390  1392  1394  1439  1441  1443
      |(Reference)      : 424  424  426  444  485  501  501  503  507  510  732  741  843  844  885  978  1009  1010  1168  1169  1392  1392  1394  1441  1441  1443  1487  1487
     qevap
      |(Class and Type) : variable name, REAL(8)
      |(Attributes)     : DIMENSION
      |(Declaration)    : 126
      |(Definition)     : 1476  1491  1492  1497  1504
      |(Reference)      : 1492  1493  1500  1502  1509  1510  1511  1512  1513
     qi
      |(Class and Type) : variable name, REAL(8)
      |(Attributes)     : DIMENSION, dummy-argument
      |(Declaration)    : 62  84
      |(Definition)     : 1584
      |(Reference)      : 1583  1584
     ql
      |(Class and Type) : variable name, REAL(8)
      |(Attributes)     : DIMENSION, dummy-argument
      |(Declaration)    : 62  84
      |(Definition)     : 1585  1587
      |(Reference)      : 1585  1587
     qlk
      |(Class and Type) : variable name, REAL(8)
      |(Attributes)     : 
      |(Declaration)    : 98
      |(Definition)     : 865  868  1029  1032
      |(Reference)      : 866  870  871  872  873  1030  1034  1035  1036
     qlko_ktcon
      |(Class and Type) : variable name, REAL(8)
      |(Attributes)     : DIMENSION
      |(Declaration)    : 186
      |(Definition)     : 246  1176
      |(Reference)      : 1298
     qo
      |(Class and Type) : variable name, REAL(8)
      |(Attributes)     : DIMENSION
      |(Declaration)    : 178
      |(Definition)     : 406  428  489  505
      |(Reference)      : 428  443  489  505  507  508  741  833  834  850  850  885  1016  1016  1247  1248  1248  1249  1288
     qrch
      |(Class and Type) : variable name, REAL(8)
      |(Attributes)     : 
      |(Declaration)    : 98
      |(Definition)     : 844  1010  1169
      |(Reference)      : 854  871  1020  1034  1171  1177
     qrcko
      |(Class and Type) : variable name, REAL(8)
      |(Attributes)     : DIMENSION
      |(Declaration)    : 186
      |(Definition)     : 399  834  852  1018
      |(Reference)      : 1260
     qs
      |(Class and Type) : variable name, REAL(8)
      |(Attributes)     : 
      |(Declaration)    : 98
      |(Definition)     : 481
      |(Reference)      : 482  484
     rd
      |(Class and Type) : named constant, REAL(8)
      |(Attributes)     : use-associated
      |(Declaration)    : 
      |(Definition)     : 
      |(Reference)      : 71  1110  1356
     rfact
      |(Class and Type) : variable name, REAL(8)
      |(Attributes)     : 
      |(Declaration)    : 98
      |(Definition)     : 733  879  979
      |(Reference)      : 735  881  981
     rho
      |(Class and Type) : variable name, REAL(8)
      |(Attributes)     : 
      |(Declaration)    : 98
      |(Definition)     : 1356
      |(Reference)      : 1359
     rn
      |(Class and Type) : variable name, REAL(8)
      |(Attributes)     : DIMENSION, dummy-argument
      |(Declaration)    : 62  84
      |(Definition)     : 240  1479  1505  1507  1535
      |(Reference)      : 1479  1490  1491  1492  1495  1500  1503  1504  1507  1535
     rntot
      |(Class and Type) : variable name, REAL(8)
      |(Attributes)     : DIMENSION
      |(Declaration)    : 126
      |(Definition)     : 1451  1460
      |(Reference)      : 1460  1495  1497
     rv
      |(Class and Type) : named constant, REAL(8)
      |(Attributes)     : use-associated
      |(Declaration)    : 
      |(Definition)     : 
      |(Reference)      : 71  152  166  166
     samfshalcnv_kh
      |(Class and Type) : external subroutine name
      |(Attributes)     : 
      |(Declaration)    : 
      |(Definition)     : 62
      |(Reference)      : 
     scaldfunc
      |(Class and Type) : variable name, REAL(8)
      |(Attributes)     : DIMENSION
      |(Declaration)    : 182
      |(Definition)     : 1376  1377
      |(Reference)      : 1377  1378
     shear
      |(Class and Type) : variable name, REAL(8)
      |(Attributes)     : 
      |(Declaration)    : 98
      |(Definition)     : 1199
      |(Reference)      : 1201
     sigma
      |(Class and Type) : variable name, REAL(8)
      |(Attributes)     : DIMENSION
      |(Declaration)    : 201
      |(Definition)     : 256  573  575
      |(Reference)      : 575  577  1376
     sigma_con
      |(Class and Type) : variable name, REAL(8)
      |(Attributes)     : 
      |(Declaration)    : 204
      |(Definition)     : 572
      |(Reference)      : 573
     sigmagfm
      |(Class and Type) : variable name, REAL(8)
      |(Attributes)     : DIMENSION
      |(Declaration)    : 182
      |(Definition)     : 258  1366  1367  1368  1369
      |(Reference)      : 1368  1369
     sqrt
      |(Class and Type) : intrinsic function name, REAL(8)
      |(Attributes)     : PURE, ELEMENTAL
      |(Declaration)    : 
      |(Definition)     : 
      |(Reference)      : 251  1106  1106  1199  1333  1491
     sumx
      |(Class and Type) : variable name, REAL(8)
      |(Attributes)     : DIMENSION
      |(Declaration)    : 186
      |(Definition)     : 1091  1111  1324  1335
      |(Reference)      : 1111  1118  1121  1129  1130  1335  1342
     t0c
      |(Class and Type) : named constant, REAL(8)
      |(Attributes)     : use-associated
      |(Declaration)    : 
      |(Definition)     : 
      |(Reference)      : 71  166
     t1
      |(Class and Type) : variable name, REAL(8)
      |(Attributes)     : DIMENSION, dummy-argument
      |(Declaration)    : 62  84
      |(Definition)     : 1390  1416  1439  1510
      |(Reference)      : 280  283  405  1416  1487  1510  1582
     tan
      |(Class and Type) : intrinsic function name, REAL(8)
      |(Attributes)     : PURE, ELEMENTAL
      |(Declaration)    : 
      |(Definition)     : 
      |(Reference)      : 572
     tauadv
      |(Class and Type) : variable name, REAL(8)
      |(Attributes)     : DIMENSION
      |(Declaration)    : 126
      |(Definition)     : 1344
      |(Reference)      : 1357
     tcr
      |(Class and Type) : named constant, REAL(8)
      |(Attributes)     : 
      |(Declaration)    : 198  199
      |(Definition)     : 
      |(Reference)      : 199  1582
     tcrf
      |(Class and Type) : named constant, REAL(8)
      |(Attributes)     : 
      |(Declaration)    : 198  199
      |(Definition)     : 
      |(Reference)      : 1582
     tem
      |(Class and Type) : variable name, REAL(8)
      |(Attributes)     : 
      |(Declaration)    : 98
      |(Definition)     : 283  442  665  672  710  765  767  769  773  775  776  847  1013  1075  1106  1108  1138  1139  1251  1309  1333  1501  1581
      |(Reference)      : 284  443  444  667  668  672  673  674  675  676  678  711  773  775  776  778  849  850  1015  1016  1077  1078  1107  1110  1139  1140  1254  1260  1310  1334  1502  1504  1584  1585  1587
     tem1
      |(Class and Type) : variable name, REAL(8)
      |(Attributes)     : 
      |(Declaration)    : 98
      |(Definition)     : 284  579  666  777  848  1014  1076  1109  1252  1266  1270  1502  1582
      |(Reference)      : 285  580  667  668  778  849  850  1015  1016  1079  1110  1254  1260  1268  1272  1367  1503  1507  1584  1585
     tem2
      |(Class and Type) : variable name, REAL(8)
      |(Attributes)     : 
      |(Declaration)    : 98
      |(Definition)     : 1267  1271
      |(Reference)      : 1268  1272
     tf
      |(Class and Type) : named constant, REAL(8)
      |(Attributes)     : 
      |(Declaration)    : 198  199
      |(Definition)     : 
      |(Reference)      : 199
     tfac
      |(Class and Type) : variable name, REAL(8)
      |(Attributes)     : 
      |(Declaration)    : 98
      |(Definition)     : 1311  1357  1358
      |(Reference)      : 1314  1358  1359
     to
      |(Class and Type) : variable name, REAL(8)
      |(Attributes)     : DIMENSION
      |(Declaration)    : 178
      |(Definition)     : 405  422  478  488  499
      |(Reference)      : 442  483  483  485  488  508  510  732  733  735  843  879  881  978  979  981  1009  1108  1109  1168  1356
     totflg
      |(Class and Type) : variable name, LOGICAL(4)
      |(Attributes)     : 
      |(Declaration)    : 196
      |(Definition)     : 262  264  543  545  586  588  717  719  785  787  950  952
      |(Reference)      : 264  266  545  547  588  590  719  721  787  789  952  954
     tx1
      |(Class and Type) : variable name, REAL(8)
      |(Attributes)     : DIMENSION
      |(Declaration)    : 186
      |(Definition)     : 334
      |(Reference)      : 339  340
     u1
      |(Class and Type) : variable name, REAL(8)
      |(Attributes)     : DIMENSION, dummy-argument
      |(Declaration)    : 62  84
      |(Definition)     : 1421
      |(Reference)      : 407  1333  1333  1421
     ucko
      |(Class and Type) : variable name, REAL(8)
      |(Attributes)     : DIMENSION
      |(Declaration)    : 186
      |(Definition)     : 400  652  676
      |(Reference)      : 676  1266  1267  1291
     ud_mf
      |(Class and Type) : variable name, REAL(8)
      |(Attributes)     : DIMENSION
      |(Declaration)    : 84
      |(Definition)     : 301  1605
      |(Reference)      : 1614
     umean
      |(Class and Type) : variable name, REAL(8)
      |(Attributes)     : DIMENSION
      |(Declaration)    : 126
      |(Definition)     : 1325  1334  1342  1343
      |(Reference)      : 1334  1342  1343  1344
     uo
      |(Class and Type) : variable name, REAL(8)
      |(Attributes)     : DIMENSION
      |(Declaration)    : 178
      |(Definition)     : 407  512
      |(Reference)      : 512  512  652  676  676  1199  1199  1266  1267  1291
     v1
      |(Class and Type) : variable name, REAL(8)
      |(Attributes)     : DIMENSION, dummy-argument
      |(Declaration)    : 62  84
      |(Definition)     : 1422
      |(Reference)      : 408  1333  1333  1422
     val
      |(Class and Type) : variable name, REAL(8)
      |(Attributes)     : 
      |(Declaration)    : 98
      |(Definition)     : 740  884  1123  1212  1214  1393  1442
      |(Reference)      : 741  885  1124  1213  1215  1394  1443
     val1
      |(Class and Type) : variable name, REAL(8)
      |(Attributes)     : 
      |(Declaration)    : 98
      |(Definition)     : 425  502  772
      |(Reference)      : 426  503  773
     val2
      |(Class and Type) : variable name, REAL(8)
      |(Attributes)     : 
      |(Declaration)    : 98
      |(Definition)     : 427  504  774
      |(Reference)      : 428  505  775
     vcko
      |(Class and Type) : variable name, REAL(8)
      |(Attributes)     : DIMENSION
      |(Declaration)    : 186
      |(Definition)     : 401  653  678
      |(Reference)      : 678  1270  1271  1293
     vo
      |(Class and Type) : variable name, REAL(8)
      |(Attributes)     : DIMENSION
      |(Declaration)    : 178
      |(Definition)     : 408  513
      |(Reference)      : 513  513  653  678  678  1199  1199  1270  1271  1293
     vshear
      |(Class and Type) : variable name, REAL(8)
      |(Attributes)     : DIMENSION
      |(Declaration)    : 126
      |(Definition)     : 250  1192  1201  1208
      |(Reference)      : 1201  1208  1209  1209  1209
     w1
      |(Class and Type) : variable name, REAL(8)
      |(Attributes)     : 
      |(Declaration)    : 98
      |(Definition)     : 754  759
      |(Reference)      : 
     w1l
      |(Class and Type) : variable name, REAL(8)
      |(Attributes)     : 
      |(Declaration)    : 98
      |(Definition)     : 318
      |(Reference)      : 754
     w1s
      |(Class and Type) : variable name, REAL(8)
      |(Attributes)     : 
      |(Declaration)    : 98
      |(Definition)     : 322
      |(Reference)      : 759
     w2
      |(Class and Type) : variable name, REAL(8)
      |(Attributes)     : 
      |(Declaration)    : 98
      |(Definition)     : 755  760
      |(Reference)      : 
     w2l
      |(Class and Type) : variable name, REAL(8)
      |(Attributes)     : 
      |(Declaration)    : 98
      |(Definition)     : 319
      |(Reference)      : 755
     w2s
      |(Class and Type) : variable name, REAL(8)
      |(Attributes)     : 
      |(Declaration)    : 98
      |(Definition)     : 323
      |(Reference)      : 760
     w3
      |(Class and Type) : variable name, REAL(8)
      |(Attributes)     : 
      |(Declaration)    : 98
      |(Definition)     : 756  761
      |(Reference)      : 765  767
     w3l
      |(Class and Type) : variable name, REAL(8)
      |(Attributes)     : 
      |(Declaration)    : 98
      |(Definition)     : 320
      |(Reference)      : 756
     w3s
      |(Class and Type) : variable name, REAL(8)
      |(Attributes)     : 
      |(Declaration)    : 98
      |(Definition)     : 324
      |(Reference)      : 761
     w4
      |(Class and Type) : variable name, REAL(8)
      |(Attributes)     : 
      |(Declaration)    : 98
      |(Definition)     : 757  762
      |(Reference)      : 764  765  765  766  767  767
     w4l
      |(Class and Type) : variable name, REAL(8)
      |(Attributes)     : 
      |(Declaration)    : 98
      |(Definition)     : 321
      |(Reference)      : 757
     w4s
      |(Class and Type) : variable name, REAL(8)
      |(Attributes)     : 
      |(Declaration)    : 98
      |(Definition)     : 325
      |(Reference)      : 762
     wbar
      |(Class and Type) : variable name, REAL(8)
      |(Attributes)     : DIMENSION
      |(Declaration)    : 201
      |(Definition)     : 1092  1110  1130
      |(Reference)      : 1110  1130  1138  1142  1142  1366
     wc
      |(Class and Type) : variable name, REAL(8)
      |(Attributes)     : DIMENSION
      |(Declaration)    : 182
      |(Definition)     : 1090  1107  1121
      |(Reference)      : 1107  1121  1124  1138  1142  1310  1359  1366
     wu2
      |(Class and Type) : variable name, REAL(8)
      |(Attributes)     : DIMENSION
      |(Declaration)    : 181
      |(Definition)     : 411  1079  1080
      |(Reference)      : 1077  1080  1106  1106
     xlamud
      |(Class and Type) : variable name, REAL(8)
      |(Attributes)     : DIMENSION
      |(Declaration)    : 126
      |(Definition)     : 598
      |(Reference)      : 615  632  666  848  887  1014  1252
     xlamue
      |(Class and Type) : variable name, REAL(8)
      |(Attributes)     : DIMENSION
      |(Declaration)    : 186
      |(Definition)     : 360  364
      |(Reference)      : 364  598  615  615  632  632  665  665  847  847  887  1013  1013  1251  1251
     xmb
      |(Class and Type) : variable name, REAL(8)
      |(Attributes)     : DIMENSION
      |(Declaration)    : 126
      |(Definition)     : 1359  1378  1379
      |(Reference)      : 1378  1379  1416  1417  1421  1422  1424  1425  1426  1427  1428  1460  1479  1549  1563  1581  1605
     xmbmax
      |(Class and Type) : variable name, REAL(8)
      |(Attributes)     : DIMENSION
      |(Declaration)    : 126
      |(Definition)     : 820
      |(Reference)      : 1379
     zi
      |(Class and Type) : variable name, REAL(8)
      |(Attributes)     : DIMENSION
      |(Declaration)    : 186
      |(Definition)     : 359
      |(Reference)      : 360  614  614  631  631  664  664  842  842  1008  1008  1074  1074  1105  1105  1208  1208  1242  1242  1309  1309  1332  1332
     zo
      |(Class and Type) : variable name, REAL(8)
      |(Attributes)     : DIMENSION
      |(Declaration)    : 186
      |(Definition)     : 353
      |(Reference)      : 359  359  376  476  476  508  508  510  510  731  731  939  939  977  977

 Total information
   Procedures       : 1
   Total lines      : 1619
   Total statements : 1020
   Total stack(byte): 399088
   Total prefetch num: 42

