
 Fujitsu Fortran Version 4.6.1  Tue Aug 29 14:57:38 2023

 Compilation information
   Current directory : /IFS/nwpr/gfs/xb169/code_update/tco639l72/src_4cpl
   Source file       : samfdeepcnv_kh.f90

 Option information
   Command line options : -Kident_mpi -f2004 -c -X9 -Free -CcdRR8 -Cpp -Kfast,parallel,openmp,ocl,autoobjstack -x- -fw -Knofp_relaxed -SSL2BLAMP -Kopenmp,parallel -DTIMING -DUSE_FFTW -DRSM -DW3TAG -DGFDLMP_v2 -DCWBSUM -Ec -Nlst=a,lst=d,lst=i,lst=p,lst=t,lst=x -Koptmsg=2 -I. -I/users/xa09/pkg/fx1000/fftw-3.3.10/include -I/package/fx1000/netcdf-4.7.4/include -I/package/fx1000/g2lib-1.4.0_cwb/include -I/nwpr/gfs/xb157/CWBSUMc2/4cpl/components/coupler -I/nwpr/gfs/xb124/package/fx1000/MCT/include -DTIMCOMCPL -L/package/fx1000/netcdf-4.7.4/lib -lnetcdff -lnetcdf -L/package/fx1000/hdf5-1.10.7/lib -lhdf5_hl -lhdf5 -L/package/fx1000/dms/lib -lrdms -lgdbm -L/package/fx1000/operlib/lib -lnwp -L/users/xa09/pkg/fx1000/fftw-3.3.10/lib -lfftw3f_threads -lfftw3f -lfftw3_threads -lfftw3 -SSL2BLAMP -L/nwpr/gfs/xb124/CWBSUMc2/components/rsm/lib/cwb_mpmd -lmpmd -L/package/fx1000/g2lib-1.4.0_cwb/lib -lg2 -L/package/fx1000/libpng-1.6.37/lib -lpng -L/package/fx1000/jasper-1.900.1/lib -ljasper -L/nwpr/gfs/xb157/CWBSUMc2/4cpl/components/coupler -lcpl -L/nwpr/gfs/xb124/package/fx1000/MCT/lib -lmct -lmpeu -I/opt/FJSVxtclanga/.common/MELI025/include/mpi/fujitsu -I/opt/FJSVxtclanga/.common/MELI025/lib64 -Knointentopt
   Cpp options          : -DTIMING -DUSE_FFTW -DRSM -DW3TAG -DGFDLMP_v2 -DCWBSUM -I. -I/users/xa09/pkg/fx1000/fftw-3.3.10/include -I/package/fx1000/netcdf-4.7.4/include -I/package/fx1000/g2lib-1.4.0_cwb/include -I/nwpr/gfs/xb157/CWBSUMc2/4cpl/components/coupler -I/nwpr/gfs/xb124/package/fx1000/MCT/include -DTIMCOMCPL -I/opt/FJSVxtclanga/.common/MELI025/include/mpi/fujitsu -I/opt/FJSVxtclanga/.common/MELI025/lib64 -Dunix -Dlinux -D__FUJITSU -D__FRT_major__=4 -D__FRT_minor__=6 -D__FRT_patchlevel__=1 -D__FRT_version__="4.6.1" -D__aarch64__ -D__unix -D_OPENMP=201511 -D__frt_version=800 -D__ARM_ARCH=8 -D__ARM_FEATURE_SVE -D__ELF__ -D__unix__ -D__linux__ -D__linux -Asystem(unix) -otmp
   Effective options    : -fw -g0 -AE -Ec -Free -O3 -X9
                          -CcdRR8 -x- -xaccept=nomodule_allocatable
                          -KA64FX -KARMV8_3_A -KSVE -Kalign_commons
                          -Kalign_loops -Knoarray_declaration_opt
                          -Kassume=noshortloop -Kassume=nomemory_bandwidth
                          -Kassume=notime_saving_compilation -Kauto
                          -Kautoobjstack -Knocalleralloc -Kcmodel=small
                          -Keval -Keval_noconcurrent -Knoextract_stride_store
                          -Knofenv_access -Kfp_contract -Knofp_relaxed
                          -Kfsimple -Kfz -Khpctag -Kilfunc=procedure
                          -Knointentopt -Klargepage -Kloop_blocking
                          -Kloop_fission -Kloop_nofission_stripmining
                          -Kloop_fission_threshold=50 -Kloop_fusion
                          -Kloop_interchange -Kloop_part_parallel
                          -Kloop_part_simd -Kloop_perfect_nest
                          -Kloop_noversioning -Knolto -Kmfunc=1 -Kocl
                          -Komitfp -Knooptlib_string -Koptmsg=2
                          -Knopc_relative_literal_loads -Kplt -Knopreex
                          -Kprefetch_noconditional -Kprefetch_noindirect
                          -Kprefetch_sequential=auto -Kprefetch_nostride
                          -Kprefetch_cache_level=all -Kprefetch_noinfer
                          -Kprefetch_strong -Kprefetch_strong_L2 -Knopreload
                          -Ksch_post_ra -Ksch_pre_ra -Ksibling_calls
                          -Ksimd=auto -Ksimd_packed_promotion
                          -Ksimd_reduction_product -Ksimd_reg_size=512
                          -Ksimd_nouncounted_loop
                          -Ksimd_use_multiple_structures -Knostriping
                          -Knosubscript_opt -Kswp -Kswp_freg_rate=100
                          -Kswp_ireg_rate=100 -Kswp_preg_rate=100
                          -Kswp_policy=auto -Ktemparraystack -Kunroll
                          -Knounroll_and_jam -Knozfill
                          -Kopenmp -Kopenmp_noassume_norecurrence
                          -Kopenmp_nocollapse_except_innermost
                          -Kopenmp_noordered_reduction -Knoopenmp_simd
                          -Kthreadsafe -Kparallel -Kparallel_nofp_precision
                          -Knoarray_private -Knodynamic_iteration -Kreduction
                          -Kregion_extension
                          -Nallextput -Nnoalloc_assign
                          -Ncancel_overtime_compilation -Nnocheck_global
                          -Nnocoarray -Nnocompdisp -Nnocopyarg -Nnocoverage
                          -Nfjprof -Nfreealloc -Nf90move -Nnohook_func
                          -Nnohook_time -Nlibomp -Nline -Nlst -Nlst=a -Nlst=d
                          -Nlst=i -Nlst=p -Nlst=t -Nlst=x -Nnomallocfree
                          -Nnoobsfun -Nnoprivatealloc -Nquickdbg=noargchk
                          -Nquickdbg=nosubchk -Nquickdbg=noundef -NRnotrap
                          -Nnorecursive -Nnoreordered_variable_stack
                          -Nrt_notune -Nnosave -Nsetvalue=noheap
                          -Nsetvalue=nostack -Nsetvalue=noscalar
                          -Nsetvalue=noarray -Nsetvalue=nostruct -Nuse_rodata

 External subroutine subprogram "samfdeepcnv_kh"
  (inc)(line-no.)(nest)(optimize)
               1                     !> \defgroup SAMF Scale-Aware Mass-Flux Deep Convection
               2                     !! @{
               3                     !!  \brief The scale-aware mass-flux (SAMF) deep convection scheme is an updated version of the previous Simplified Arakawa-Schubert (SAS) scheme with scale and aerosol awareness and parameterizes the effect of deep convection on the environment (represen
               4                     !!
               5                     !!  The SAS scheme uses the working concepts put forth in Arakawa and Schubert (1974) \cite arakawa_and_schubert_1974 but includes modifications and simplifications from Grell (1993) \cite grell_1993 such as saturated downdrafts and only one cloud type (t
               6                     !!
               7                     !! The SAMF scheme updates the SAS scheme with scale- and aerosol-aware parameterizations from Han et al. (2017) \cite han_et_al_2017 based on the studies by Arakawa and Wu (2013) \cite arakawa_and_wu_2013 and Grell and Freitas (2014) \cite grell_and_frei
               8                     !!
               9                     !!  \section diagram Calling Hierarchy Diagram
              10                     !!  \image html SAMF_Flowchart.png "Diagram depicting how the SAMF deep convection scheme is called from the FV3GFS physics time loop" height=2cm
              11                     !!  \section intraphysics Intraphysics Communication
              12                     !!  This space is reserved for a description of how this scheme uses information from other scheme types and/or how information calculated in this scheme is used in other scheme types.
              13                     
              14                     !> \file samfdeepcnv.f
              15                     !!  Contains the entire SAMF deep convection scheme.
              16                     
              17                     !>  \brief This subroutine contains the entirety of the SAMF deep convection scheme.
              18                     !!
              19                     !!  For grid sizes larger than threshold value, as in Grell (1993) \cite grell_1993 , the SAMF deep convection scheme can be described in terms of three types of "controls": static, dynamic, and feedback. The static control component consists of the simpl
              20                     !!
              21                     !! For grid sizes smaller than threshold value, the cloud base mass flux in the SAMF scheme is determined by the cumulus updraft velocity averaged ove the whole cloud depth (Han et al., 2017 \cite han_et_al_2017 ), which in turn, determines changes of the
              22                     !!
              23                     !!  \param[in] im number of used points
              24                     !!  \param[in] ix horizontal dimension
              25                     !!  \param[in] km vertical layer dimension
              26                     !!  \param[in] delt physics time step in seconds
              27                     !!  \param[in] delp pressure difference between level k and k+1 (Pa)
              28                     !!  \param[in] prslp mean layer presure (Pa)
              29                     !!  \param[in] psp surface pressure (Pa)
              30                     !!  \param[in] phil layer geopotential (\f$m^2/s^2\f$)
              31                     !!  \param[inout] ql cloud water (kg/kg)
              32                     !!  \param[inout] qi cloud ice (kg/kg)
              33                     !!  \param[inout] q1 updated tracers (kg/kg)
              34                     !!  \param[inout] t1 updated temperature (K)
              35                     !!  \param[inout] u1 updated zonal wind (\f$m s^{-1}\f$)
              36                     !!  \param[inout] v1 updated meridional wind (\f$m s^{-1}\f$)
              37                     !!  \param[out] cldwrk cloud workfunction (\f$m^2/s^2\f$)
              38                     !!  \param[out] rn convective rain (m)
              39                     !!  \param[out] kbot index for cloud base
              40                     !!  \param[out] ktop index for cloud top
              41                     !!  \param[out] kcnv flag to denote deep convection (0=no, 1=yes)
              42                     !!  \param[in] islimsk sea/land/ice mask (=0/1/2)
              43                     !!  \param[in] garea area of grid box (\f$m^2\f$)
              44                     !!  \param[in] dot layer mean vertical velocity (Pa/s)
              45                     !!  \param[in] ncloud number of cloud species
              46                     !!  \param[out] ud_mf updraft mass flux multiplied by time step (\f$kg/m^2\f$)
              47                     !!  \param[out] dd_mf downdraft mass flux multiplied by time step (\f$kg/m^2\f$)
              48                     !!  \param[out] dt_mf ud_mf at cloud top (\f$kg/m^2\f$)
              49                     !!  \param[out] cnvw convective cloud water (kg/kg)
              50                     !!  \param[out] cnvc convective cloud cover (unitless)
              51                     !!  \param[in] clam coefficient for entrainment rate
              52                     !!  \param[in] c0s convective rain conversion parameter (1/m)
              53                     !!  \param[in] c1 conversion parameter of detrainment from liquid water into grid-scale cloud water (1/m)
              54                     !!  \param[in] betal fraction factor of downdraft air mass reaching ground surface over land
              55                     !!  \param[in] betas fraction factor of downdraft air mass reaching ground surface over sea
              56                     !!  \param[in] evfact evaporation factor from convective rain
              57                     !!  \param[in] evfactl evaporation factor from convective rain over land
              58                     !!  \param[in] pgcon reduction factor in momentum transport due to convection induced pressure gradient force
              59                     !!  \param[in] asolfac aerosol-aware parameter inversely proportional to CCN number concentraion
              60                     !!
              61                     !!  \section general General Algorithm
              62                     !!  -# Compute preliminary quantities needed for static, dynamic, and feedback control portions of the algorithm.
              63                     !!  -# Perform calculations related to the updraft of the entraining/detraining cloud model ("static control").
              64                     !!  -# Perform calculations related to the downdraft of the entraining/detraining cloud model ("static control").
              65                     !!
              66                     !!  -# For grid sizes larger than the threshold value (currently 8 km):
              67                     !!  -# 1) Using the updated temperature and moisture profiles that were modified by the convection on a short time-scale, recalculate the total cloud work function to determine the change in the cloud work function due to convection, or the stabilizing ef
              68                     !!  -# 2) For the "dynamic control", using a reference cloud work function, estimate the change in cloud work function due to the large-scale dynamics. Following the quasi-equilibrium assumption, calculate the cloud base mass flux required to keep the lar
              69                     !!
              70                     !!  -# For grid sizes smaller than the threshold value (currently 8 km):
              71                     !!  -# 1) compute the cloud base mass flux using the cumulus updraft velocity averaged ove the whole cloud depth.
              72                     !!
              73                     !!  -# For scale awareness, the updraft fraction (sigma) is obtained as a function of cloud base entrainment. Then, the final cloud base mass flux is obtained by the original mass flux multiplied by the \f$(1-sigma)^2\f$.
              74                     !!  -# For the "feedback control", calculate updated values of the state variables by multiplying the cloud base mass flux and the tendencies calculated per unit cloud base mass flux from the static control.
              75                     !!  \section detailed Detailed Algorithm
              76                     !!  @{
              77                           subroutine samfdeepcnv_kh(im,ix,km,delt,delp,prslp,psp,phil,ql, &
              78                                qi,q1,t1,u1,v1,cldwrk,rn,kbot,ktop,kcnv,islimsk,garea, &
              79                                dot,ncloud,cnvw,cnvc, &
              80                     !xb110>> for flash parameterization
              81                                snow_flx,ptu,pqu)
              82                     !xb110<<
              83                     !,ud_mf,dd_mf,dt_mf,cnvw,cnvc, &
              84                     !           clam,c0s,c1,betal,betas,evfact,evfactl,pgcon,asolfac)
              85                     !
              86                           use machine , only : kind_phys
              87                     !      use mpe
              88                     !      use rank
              89                     !      use index
              90                     !byl      use funcphys , only : fpvs
              91                           use physcons, grav => con_g, cp => con_cp, hvap => con_hvap &
              92                           ,             rv => con_rv, fv => con_fvirt, t0c => con_t0c &
              93                           ,             rd => con_rd, cvap => con_cvap, cliq => con_cliq &
              94                           ,             eps => con_eps, epsm1 => con_epsm1
              95                           implicit none
              96                     !
              97                           real fpvs
              98                     !
              99                           integer, intent(in)  :: im, ix,  km, ncloud
             100                           integer, intent(in)  :: islimsk(im)
             101                           real(kind=kind_phys), intent(in) ::  delt
             102                           real(kind=kind_phys), intent(in) :: psp(im), delp(ix,km), &
             103                              prslp(ix,km),  garea(im), dot(ix,km), phil(ix,km)
             104                     
             105                           integer, intent(inout)  :: kcnv(im)
             106                           real(kind=kind_phys), intent(inout) ::   ql(ix,km), &
             107                              q1(ix,km), t1(ix,km),   u1(ix,km), v1(ix,km),    &
             108                              qi(ix,km)
             109                     
             110                           integer, intent(out) :: kbot(im), ktop(im)
             111                           real(kind=kind_phys), intent(out) :: cldwrk(im),rn(im)
             112                           real(kind=kind_phys) cnvw(ix,km),  cnvc(ix,km),  &
             113                              ud_mf(im,km),dd_mf(im,km), dt_mf(im,km)
             114                     !
             115                     !------local variables
             116                           integer              i, indx, jmn, k, kk, km1, n
             117                     !     integer              latd,lond
             118                     !
             119                           real(kind=kind_phys) clam,    cxlamu,  cxlamd, &
             120                                                xlamde,  xlamdd, &
             121                                                crtlamu, crtlamd
             122                     !
             123                     !     real(kind=kind_phys) detad
             124                           real(kind=kind_phys) adw,     aup,     aafac, &
             125                                                beta,    betal,   betas, &
             126                                                c0l,     c0s,     d0, &
             127                                                c1,      asolfac, &
             128                                                dellat,  delta,   desdt,   dg, &
             129                                                dh,      dhh,     dp, &
             130                                                dq,      dqsdp,   dqsdt,   dt, &
             131                                                dt2,     dtmax,   dtmin, &
             132                                                dxcrtas, dxcrtuf, &
             133                                                dv1h,    dv2h,    dv3h, &
             134                                                dv1q,    dv2q,    dv3q, &
             135                                                dz,      dz1,     e1,      edtmax, &
             136                                                edtmaxl, edtmaxs, el2orc,  elocp, &
             137                                                es,      etah, &
             138                                                cthk,    dthk, &
             139                                                evef,    evfact,  evfactl, fact1, &
             140                                                fact2,   factor, &
             141                                                g,       gamma,   pprime,  cm, &
             142                                                qlk,     qrch,    qs, &
             143                                                rain,    rfact,   shear,   tfac, &
             144                                                val,     val1,    val2, &
             145                                                w1,      w1l,     w1s,     w2, &
             146                                                w2l,     w2s,     w3,      w3l, &
             147                                                w3s,     w4,      w4l,     w4s, &
             148                                                rho,     betaw, &
             149                                                xdby,    xpw,     xpwd,          &
             150                     !    &                     xqrch,   mbdt,    tem, &
             151                                                xqrch,   tem,     tem1,    tem2, &
             152                                                ptem,    ptem1,   ptem2, &
             153                                                pgcon
             154                     !
             155                           integer              kb(im), kbcon(im), kbcon1(im), &
             156                                                ktcon(im), ktcon1(im), ktconn(im), &
             157                                                jmin(im), lmin(im), kbmax(im), &
             158                                                kbm(im), kmax(im)
             159                     !
             160                     !     real(kind=kind_phys) aa1(im),     acrt(im),   acrtfct(im),
             161                           real(kind=kind_phys) aa1(im), &
             162                                                ps(im), del(ix,km),  prsl(ix,km), &
             163                                                umean(im),   tauadv(im), gdx(im), &
             164                                                delhbar(im), delq(im),   delq2(im), &
             165                                                delqbar(im), delqev(im), deltbar(im), &
             166                                                deltv(im),   dtconv(im), edt(im), &
             167                                                edto(im),    edtx(im),   fld(im), &
             168                                                hcdo(im,km), hmax(im),   hmin(im), &
             169                                                ucdo(im,km), vcdo(im,km),aa2(im), &
             170                                                pdot(im),    po(im,km), &
             171                                                pwavo(im),   pwevo(im),  mbdt(im), &
             172                                                qcdo(im,km), qcond(im),  qevap(im), &
             173                                                rntot(im),   vshear(im), xaa0(im), &
             174                                                xk(im),      xlamd(im),  cina(im), &
             175                                                xmb(im),     xmbmax(im), xpwav(im), &
             176                                                xpwev(im),   xlamx(im), &
             177                                                delubar(im),delvbar(im)
             178                     !
             179                           real(kind=kind_phys) c0(im)
             180                     !cj
             181                           real(kind=kind_phys) cinpcr,  cinpcrmx,  cinpcrmn, &
             182                                                cinacr,  cinacrmx,  cinacrmn
             183                     !cj
             184                     !
             185                     !  parameters for updraft velocity calculation
             186                           real(kind=kind_phys) bet1,    cd1,     f1,      gam1, &
             187                                                bb1,     bb2
             188                     !    &                     bb1,     bb2,     wucb
             189                     !
             190                     !  physical parameters
             191                           parameter(g=grav,asolfac=0.958)
             192                     !byl      parameter(g=grav)
             193                           parameter(elocp=hvap/cp,el2orc=hvap*hvap/(rv*cp))
             194                     !      parameter(c0s=.002,c1=.0015,d0=.01)     !K4
             195                     !      parameter(c0s=.001,c1=.0015,d0=.01)     !K5
             196                           parameter(c0s=.0025,c1=.0015,d0=.01)     !K6
             197                     !byl      parameter(d0=.01)
             198                     !     parameter(c0l=c0s*asolfac)
             199                     !
             200                     ! asolfac: aerosol-aware parameter based on Lim (2011)
             201                     !      asolfac= cx / c0s(=.002)
             202                     !      cx = min([-0.7 ln(Nccn) + 24]*1.e-4, c0s)
             203                     !      Nccn: CCN number concentration in cm^(-3)
             204                     !      Until a realistic Nccn is provided, Nccns are assumed
             205                     !      as Nccn=100 for sea and Nccn=1000 for land
             206                     !
             207                           parameter(cm=1.0,delta=fv)
             208                           parameter(fact1=(cvap-cliq)/rv,fact2=hvap/rv-fact1*t0c)
             209                           parameter(cthk=200.,dthk=25.)
             210                           parameter(cinpcrmn=120.)
             211                     !      parameter(cinpcrmx=180.,cinpcrmn=120.)
             212                     !     parameter(cinacrmx=-120.,cinacrmn=-120.)
             213                           parameter(cinacrmx=-120.,cinacrmn=-80.)
             214                           parameter(bet1=1.875,cd1=.506,f1=2.0,gam1=.5)
             215                           parameter(betaw=.03,dxcrtas=8.e3,dxcrtuf=15.e3)
             216                     !
             217                     !  local variables and arrays
             218                           real(kind=kind_phys) pfld(im,km),    to(im,km),     qo(im,km), &
             219                                                uo(im,km),      vo(im,km),     qeso(im,km)
             220                     !  for updraft velocity calculation
             221                           real(kind=kind_phys) wu2(im,km),     buo(im,km),    drag(im,km)
             222                           real(kind=kind_phys) wc(im),         scaldfunc(im), sigmagfm(im)
             223                     !
             224                     !  cloud water
             225                     !     real(kind=kind_phys) tvo(im,km)
             226                           real(kind=kind_phys) qlko_ktcon(im), dellal(im,km), tvo(im,km), &
             227                                                dbyo(im,km),    zo(im,km), &
             228                                                xlamue(im,km),  xlamud(im,km), &
             229                                                fent1(im,km),   fent2(im,km),  frh(im,km), &
             230                                                heo(im,km),     heso(im,km), &
             231                                                qrcd(im,km),    dellah(im,km), dellaq(im,km), &
             232                                                dellau(im,km),  dellav(im,km), hcko(im,km), &
             233                                                ucko(im,km),    vcko(im,km),   qcko(im,km), &
             234                                                eta(im,km),     etad(im,km),   zi(im,km), &
             235                                                qrcko(im,km),   qrcdo(im,km), &
             236                                                pwo(im,km),     pwdo(im,km),   c0t(im,km), &
             237                                                tx1(im),        sumx(im),      cnvwt(im,km)
             238                     !    &,                    rhbar(im)
             239                     !
             240                           logical totflg, cnvflg(im), asqecflg(im), flg(im)
             241                     !
             242                     !    asqecflg: flag for the quasi-equilibrium assumption of Arakawa-Schubert
             243                     !
             244                     !     real(kind=kind_phys) pcrit(15), acritt(15), acrit(15)
             245                     !!    save pcrit, acritt
             246                     !     data pcrit/850.,800.,750.,700.,650.,600.,550.,500.,450.,400.,
             247                     !    &           350.,300.,250.,200.,150./
             248                     !     data acritt/.0633,.0445,.0553,.0664,.075,.1082,.1521,.2216,
             249                     !    &           .3151,.3677,.41,.5255,.7663,1.1686,1.6851/
             250                     !  gdas derived acrit
             251                     !     data acritt/.203,.515,.521,.566,.625,.665,.659,.688,
             252                     !    &            .743,.813,.886,.947,1.138,1.377,1.896/
             253                           real(kind=kind_phys) tf, tcr, tcrf
             254                           parameter (tf=233.16, tcr=263.16, tcrf=1.0/(tcr-tf))
             255                     !
             256                     !xb110>> for lightning parameterization
             257                           real(kind=kind_phys) snow_flx(ix,km),rainf(ix,km),&
             258                                                ptu(ix,km),pqu(ix,km)
             259                     !<---for scale-aware parameterization (Kwon and Hong 2017)
             260                           real(kind=kind_phys) cinpcri(im), frh_sum(im), wbar(im),      &
             261                                                clear(im),sigma(im)
             262                           real(kind=kind_phys) po1(im,km)
             263                           real(kind=kind_phys) sigma_con, pi, dx1km, dx5km, dx250m
             264                           parameter (pi=3.14159)
             265                           parameter (dx1km = 1000., dx5km = 5000., dx250m = 250.)
             266                     !xb110<<
             267                     !c-----------------------------------------------------------------------
             268                     !>  ## Compute preliminary quantities needed for static, dynamic, and feedback control portions of the algorithm.
             269                     !>  - Convert input pressure terms to centibar units.
             270                     !************************************************************************
             271                     !     convert input Pa terms to Cb terms  -- Moorthi
             272                     !byl      ps   = psp   * 0.001
             273                     !byl      prsl = prslp * 0.001
             274                     !byl      del  = delp  * 0.001
             275                     
             276                     
                                   <<< Loop-information Start >>>
                                   <<<  [PARALLELIZATION]
                                   <<<    Standard iteration count: 1455
                                   <<<  [OPTIMIZATION]
                                   <<<    SIMD(VL: 8)
                                   <<<    SOFTWARE PIPELINING(IPC: 2.00, ITR: 160, MVE: 3, POL: S)
                                   <<<    PREFETCH(HARD) Expected by compiler :
                                   <<<      psp, ps
                                   <<< Loop-information  End >>>
             277     1  pp   4v            do i=1,im
             278     1   p   4v              ps(i) = psp(i)
             279     1   p   4v            enddo
                                   <<< Loop-information Start >>>
                                   <<<  [PARALLELIZATION]
                                   <<<    Standard iteration count: 3
                                   <<<  [OPTIMIZATION]
                                   <<<    PREFETCH(HARD) Expected by compiler :
                                   <<<      delp, prslp, del, prsl
                                   <<< Loop-information  End >>>
             280     1  pp                 do k=1,km
                                   <<< Loop-information Start >>>
                                   <<<  [OPTIMIZATION]
                                   <<<    SIMD(VL: 8)
                                   <<<    SOFTWARE PIPELINING(IPC: 2.33, ITR: 80, MVE: 3, POL: S)
                                   <<<    PREFETCH(HARD) Expected by compiler :
                                   <<<      delp, prslp, del, prsl
                                   <<< Loop-information  End >>>
             281     2   p   2v              do i=1,im
             282     2   p   2v                prsl(i,k) = prslp(i,k)
             283     2   p   2v                del(i,k)  = delp(i,k)
             284     2   p   2v              enddo
             285     1   p                 enddo
             286                     
             287                     !xb110>
                                   <<< Loop-information Start >>>
                                   <<<  [PARALLELIZATION]
                                   <<<    Standard iteration count: 800
                                   <<<  [OPTIMIZATION]
                                   <<<    COLLAPSED
                                   <<<    SIMD(VL: 8)
                                   <<<    PREFETCH(HARD) Expected by compiler :
                                   <<<      snow_flx, rainf, pqu, ptu
                                   <<< Loop-information  End >>>
             288     1  pp   2v            do k = 1,km
                                   <<< Loop-information Start >>>
                                   <<<  [OPTIMIZATION]
                                   <<<    COLLAPSED
                                   <<< Loop-information  End >>>
             289     2   p   2               do i = 1,ix
             290     2   p   2v                ptu(i,k) = 0.
             291     2   p   2v                pqu(i,k) = 0.
             292     2   p   2v                rainf(i,k) = 0.  !xb110, for flash parameterization, total rain flux (kgm-2s-1)
             293     2   p   2v                snow_flx(i,k) = 0. !xb110, snow flux (kgm-2s-1)
             294     2   p   2v              end do
             295     1   p                 end do
             296                     !xb110<
             297                     !************************************************************************
             298                     !
             299                     !
             300                           km1 = km - 1
             301                     !>  - Initialize column-integrated and other single-value-per-column variable arrays.
             302                     !
             303                     !  initialize arrays
             304                     !
                                   <<< Loop-information Start >>>
                                   <<<  [PARALLELIZATION]
                                   <<<    Standard iteration count: 176
                                   <<<  [OPTIMIZATION]
                                   <<<    SIMD(VL: 8)
                                   <<<    PREFETCH(HARD) Expected by compiler :
                                   <<<      garea, gdx, vshear, xpwev, xpwav, pwevo
                                   <<<      pwavo, cina, xaa0, aa2, aa1, edtx, edto
                                   <<<      edt, qlko_ktcon, jmin
                                   <<<    PREFETCH(SOFT) : 24
                                   <<<     SEQUENTIAL : 24
                                   <<<      lmin: 2, pdot: 2, cldwrk: 2, dtconv: 2
                                   <<<      ktconn: 2, ktcon: 2, kbcon: 2, ktop: 2
                                   <<<      kbot: 2, rn: 2, mbdt: 2, cnvflg: 2
                                   <<<    SPILLS :
                                   <<<      GENERAL   : SPILL 0  FILL 2
                                   <<<      SIMD&FP   : SPILL 0  FILL 0
                                   <<<      SCALABLE  : SPILL 0  FILL 0
                                   <<<      PREDICATE : SPILL 0  FILL 0
                                   <<< Loop-information  End >>>
             305     1  pp    v            do i=1,im
             306     1   p    v              cnvflg(i) = .true.
             307     1   p    v              rn(i)=0.
             308     1   p    v              mbdt(i)=10.
             309     1   p    v              kbot(i)=km+1
             310     1   p    v              ktop(i)=0
             311     1   p    v              kbcon(i)=km
             312     1   p    v              ktcon(i)=1
             313     1   p    v              ktconn(i)=1
             314     1   p    v              dtconv(i) = 3600.
             315     1   p    v              cldwrk(i) = 0.
             316     1   p    v              pdot(i) = 0.
             317     1   p    v              lmin(i) = 1
             318     1   p    v              jmin(i) = 1
             319     1   p    v              qlko_ktcon(i) = 0.
             320     1   p    v              edt(i)  = 0.
             321     1   p    v              edto(i) = 0.
             322     1   p    v              edtx(i) = 0.
             323     1               !       acrt(i) = 0.
             324     1               !       acrtfct(i) = 1.
             325     1   p    v              aa1(i)  = 0.
             326     1   p    v              aa2(i)  = 0.
             327     1   p    v              xaa0(i) = 0.
             328     1   p    v              cina(i) = 0.
             329     1   p    v              pwavo(i)= 0.
             330     1   p    v              pwevo(i)= 0.
             331     1   p    v              xpwav(i)= 0.
             332     1   p    v              xpwev(i)= 0.
             333     1   p    v              vshear(i) = 0.
             334     1   p    v              gdx(i) = sqrt(garea(i))
             335     1   p    v            enddo
             336                     
             337                           cinpcrmx=240.
                                   <<< Loop-information Start >>>
                                   <<<  [PARALLELIZATION]
                                   <<<    Standard iteration count: 942
                                   <<<  [OPTIMIZATION]
                                   <<<    SIMD(VL: 8)
                                   <<<    PREFETCH(HARD) Expected by compiler :
                                   <<<      sigmagfm, cinpcri, frh_sum, sigma
                                   <<< Loop-information  End >>>
             338     1  pp   2v            do i = 1, im
             339     1   p   2v              sigma(i) = 0.
             340     1   p   2v              frh_sum(i) = 0.
             341     1   p   2v              cinpcri(i) = 0.
             342     1   p   2v              sigmagfm(i) = 0.
             343     1   p   2v            enddo
             344                     !
             345                     !>  - determine aerosol-aware rain conversion parameter over land
                                   <<< Loop-information Start >>>
                                   <<<  [PARALLELIZATION]
                                   <<<    Standard iteration count: 942
                                   <<<  [OPTIMIZATION]
                                   <<<    SIMD(VL: 8)
                                   <<<    SOFTWARE PIPELINING(IPC: 3.00, ITR: 160, MVE: 4, POL: S)
                                   <<<    PREFETCH(HARD) Expected by compiler :
                                   <<<      c0, islimsk
                                   <<< Loop-information  End >>>
             346     1  pp   2v            do i=1,im
             347     2   p   2v              if(islimsk(i) == 1) then
             348     2   p   2v                 c0(i) = c0s*asolfac
             349     2   p   2v              else
             350     2   p   2v                 c0(i) = c0s
             351     2   p   2v              endif
             352     1   p   2v            enddo
             353                     !>  - determine rain conversion parameter above the freezing level which exponentially decreases with decreasing temperature from Han et al.'s (2017) \cite han_et_al_2017 equation 8.
                                   <<< Loop-information Start >>>
                                   <<<  [PARALLELIZATION]
                                   <<<    Standard iteration count: 2
                                   <<<  [OPTIMIZATION]
                                   <<<    PREFETCH(HARD) Expected by compiler :
                                   <<<      t1, c0, c0t
                                   <<< Loop-information  End >>>
             354     1  pp                 do k = 1, km
                                   <<< Loop-information Start >>>
                                   <<<  [OPTIMIZATION]
                                   <<<    SIMD(VL: 8)
                                   <<<    SOFTWARE PIPELINING(IPC: 0.71, ITR: 48, MVE: 3, POL: S)
                                   <<<    PREFETCH(HARD) Expected by compiler :
                                   <<<      c0, t1, c0t
                                   <<< Loop-information  End >>>
             355     2   p    v              do i = 1, im
             356     3   p    v                if(t1(i,k) > 273.16) then
             357     3   p    v                  c0t(i,k) = c0(i)
             358     3   p    v                else
             359     3   p    v                  tem = d0 * (t1(i,k) - 273.16)
             360     3   p    v                  tem1 = exp(tem)
             361     3   p    v                  c0t(i,k) = c0(i) * tem1
             362     3   p    v                endif
             363     2   p    v              enddo
             364     1   p                 enddo
             365                     !>  - Initialize convective cloud water and cloud cover to zero.
                                   <<< Loop-information Start >>>
                                   <<<  [PARALLELIZATION]
                                   <<<    Standard iteration count: 4
                                   <<< Loop-information  End >>>
             366     1  pp                 do k = 1, km
                                   <<< Loop-information Start >>>
                                   <<<  [OPTIMIZATION]
                                   <<<    SIMD(VL: 8)
                                   <<<    PREFETCH(HARD) Expected by compiler :
                                   <<<      cnvc, cnvw
                                   <<< Loop-information  End >>>
             367     2   p   2v              do i = 1, im
             368     2   p   2v                cnvw(i,k) = 0.
             369     2   p   2v                cnvc(i,k) = 0.
             370     2   p   2v              enddo
             371     1   p                 enddo
             372                     ! hchuang code change
             373                     !>  - Initialize updraft and downdraft mass fluxes to zero.
                                   <<< Loop-information Start >>>
                                   <<<  [PARALLELIZATION]
                                   <<<    Standard iteration count: 942
                                   <<<  [OPTIMIZATION]
                                   <<<    COLLAPSED
                                   <<<    SIMD(VL: 8)
                                   <<<    PREFETCH(HARD) Expected by compiler :
                                   <<<      dt_mf, dd_mf, ud_mf
                                   <<< Loop-information  End >>>
             374     1  pp   2v            do k = 1, km
                                   <<< Loop-information Start >>>
                                   <<<  [OPTIMIZATION]
                                   <<<    COLLAPSED
                                   <<< Loop-information  End >>>
             375     2   p   2               do i = 1, im
             376     2   p   2v                ud_mf(i,k) = 0.
             377     2   p   2v                dd_mf(i,k) = 0.
             378     2   p   2v                dt_mf(i,k) = 0.
             379     2   p   2v              enddo
             380     1   p                 enddo
             381                     !
             382                     !     do k = 1, 15
             383                     !       acrit(k) = acritt(k) * (975. - pcrit(k))
             384                     !     enddo
             385                     !
             386                           dt2 = delt
             387                     !     val   =         1200.
             388                           val   =         600.
             389                           dtmin = max(dt2, val )
             390                     !     val   =         5400.
             391                           val   =         10800.
             392                           dtmax = max(dt2, val )
             393                     !  model tunable parameters are all here
             394                           edtmaxl = .3
             395                           edtmaxs = .3
             396                           clam    = .1
             397                           aafac   = .1
             398                     !     betal   = .15
             399                     !     betas   = .15
             400                           betal   = .05
             401                           betas   = .05
             402                     !     evef    = 0.07
             403                           evfact  = 0.3
             404                           evfactl = 0.3
             405                     !
             406                           crtlamu = 1.0e-4
             407                           crtlamd = 1.0e-4
             408                     !
             409                           cxlamu  = 1.0e-3
             410                           cxlamd  = 1.0e-4
             411                           xlamde  = 1.0e-4
             412                           xlamdd  = 1.0e-4
             413                     !
             414                     !     pgcon   = 0.7     ! Gregory et al. (1997, QJRMS)
             415                           pgcon   = 0.55    ! Zhang & Wu (2003,JAS)
             416                     !
             417                           w1l     = -8.e-3
             418                           w2l     = -4.e-2
             419                           w3l     = -5.e-3
             420                           w4l     = -5.e-4
             421                           w1s     = -2.e-4
             422                           w2s     = -2.e-3
             423                           w3s     = -1.e-3
             424                           w4s     = -2.e-5
             425                     !
             426                     !  define top layer for search of the downdraft originating layer
             427                     !  and the maximum thetae for updraft
             428                     !
             429                     !>  - Determine maximum indices for the parcel starting point (kbm), LFC (kbmax), and cloud top (kmax).
                                   <<< Loop-information Start >>>
                                   <<<  [PARALLELIZATION]
                                   <<<    Standard iteration count: 667
                                   <<<  [OPTIMIZATION]
                                   <<<    SIMD(VL: 8)
                                   <<<    SOFTWARE PIPELINING(IPC: 0.46, ITR: 48, MVE: 2, POL: S)
                                   <<<    PREFETCH(HARD) Expected by compiler :
                                   <<<      ps, tx1, kmax, kbm, kbmax
                                   <<< Loop-information  End >>>
             430     1  pp   2v            do i=1,im
             431     1   p   2v              kbmax(i) = km
             432     1   p   2v              kbm(i)   = km
             433     1   p   2v              kmax(i)  = km
             434     1   p   2v              tx1(i)   = 1.0 / ps(i)
             435     1   p   2v            enddo
             436                     !
                                   <<< Loop-information Start >>>
                                   <<<  [OPTIMIZATION]
                                   <<<    PREFETCH(HARD) Expected by compiler :
                                   <<<      tx1, prsl, kmax, kbmax, kbm
                                   <<< Loop-information  End >>>
             437     1                     do k = 1, km
                                   <<< Loop-information Start >>>
                                   <<<  [PARALLELIZATION]
                                   <<<    Standard iteration count: 696
                                   <<<  [OPTIMIZATION]
                                   <<<    SIMD(VL: 8)
                                   <<<    SOFTWARE PIPELINING(IPC: 2.16, ITR: 80, MVE: 2, POL: S)
                                   <<<    PREFETCH(HARD) Expected by compiler :
                                   <<<      kmax, kbmax, kbm, tx1, prsl
                                   <<< Loop-information  End >>>
             438     2  pp   2v              do i=1,im
             439     2   p   2v                if (prsl(i,k)*tx1(i) > 0.04) kmax(i)  = k + 1
             440     2   p   2v                if (prsl(i,k)*tx1(i) > 0.45) kbmax(i) = k + 1
             441     2   p   2v                if (prsl(i,k)*tx1(i) > 0.70) kbm(i)   = k + 1
             442     2   p   2v              enddo
             443     1                     enddo
                                   <<< Loop-information Start >>>
                                   <<<  [PARALLELIZATION]
                                   <<<    Standard iteration count: 341
                                   <<<  [OPTIMIZATION]
                                   <<<    SIMD(VL: 16)
                                   <<<    SOFTWARE PIPELINING(IPC: 2.60, ITR: 144, MVE: 5, POL: S)
                                   <<<    PREFETCH(HARD) Expected by compiler :
                                   <<<      kbm, kmax, kbmax
                                   <<< Loop-information  End >>>
             444     1  pp    v            do i=1,im
             445     1   p    v              kmax(i)  = min(km,kmax(i))
             446     1   p    v              kbmax(i) = min(kbmax(i),kmax(i))
             447     1   p    v              kbm(i)   = min(kbm(i),kmax(i))
             448     1   p    v            enddo
             449                     !
             450                     !  hydrostatic height assume zero terr and initially assume
             451                     !    updraft entrainment rate as an inverse function of height
             452                     !
             453                     !>  - Calculate hydrostatic height at layer centers assuming a flat surface (no terrain) from the geopotential.
                                   <<< Loop-information Start >>>
                                   <<<  [PARALLELIZATION]
                                   <<<    Standard iteration count: 4
                                   <<<  [OPTIMIZATION]
                                   <<<    PREFETCH(HARD) Expected by compiler :
                                   <<<      phil, zo
                                   <<< Loop-information  End >>>
             454     1  pp                 do k = 1, km
                                   <<< Loop-information Start >>>
                                   <<<  [OPTIMIZATION]
                                   <<<    SIMD(VL: 8)
                                   <<<    SOFTWARE PIPELINING(IPC: 3.66, ITR: 192, MVE: 5, POL: S)
                                   <<<    PREFETCH(HARD) Expected by compiler :
                                   <<<      phil, zo
                                   <<< Loop-information  End >>>
             455     2   p   2v              do i=1,im
             456     2   p   2v                zo(i,k) = phil(i,k) / g
             457     2   p   2v              enddo
             458     1   p                 enddo
             459                     !>  - Calculate interface height and the initial entrainment rate as an inverse function of height.
                                   <<< Loop-information Start >>>
                                   <<<  [PARALLELIZATION]
                                   <<<    Standard iteration count: 616
                                   <<<  [OPTIMIZATION]
                                   <<<    COLLAPSED
                                   <<<    SIMD(VL: 8)
                                   <<<    SOFTWARE PIPELINING(IPC: 0.48, ITR: 48, MVE: 2, POL: S)
                                   <<<    PREFETCH(HARD) Expected by compiler :
                                   <<<      zo, xlamue, zi
                                   <<< Loop-information  End >>>
             460     1  pp   2v            do k = 1, km1
                                   <<< Loop-information Start >>>
                                   <<<  [OPTIMIZATION]
                                   <<<    COLLAPSED
                                   <<< Loop-information  End >>>
             461     2   p   2               do i=1,im
             462     2   p   2v                zi(i,k) = 0.5*(zo(i,k)+zo(i,k+1))
             463     2   p   2v                xlamue(i,k) = clam / zi(i,k)
             464     2               !         xlamue(i,k) = max(xlamue(i,k), crtlamu)
             465     2   p   2v              enddo
             466     1   p                 enddo
             467                     !
             468                     !c!!!!!!!!!!!!!!!!!!!!!!!!!!!!!!!!!!!!!!!!!!!!!!!!!!!!!!!!!
             469                     !   convert surface pressure to mb from cb
             470                     !
             471                     !>  - Convert prsl from centibar to millibar, set normalized mass fluxes to 1, cloud properties to 0, and save model state variables (after advection/turbulence).
                                   <<< Loop-information Start >>>
                                   <<<  [PARALLELIZATION]
                                   <<<    Standard iteration count: 2
                                   <<< Loop-information  End >>>
             472     1  pp                 do k = 1, km
                                   <<< Loop-information Start >>>
                                   <<<  [OPTIMIZATION]
                                   <<<    SIMD(VL: 8)
                                   <<<    PREFETCH(HARD) Expected by compiler :
                                   <<<      kmax, prsl, pfld, eta, fent1, fent2, frh
                                   <<<      hcko, qcko, qrcko, ucko, vcko, etad
                                   <<<      hcdo, qcdo, ucdo
                                   <<<    PREFETCH(SOFT) : 38
                                   <<<     SEQUENTIAL : 38
                                   <<<      vcdo: 2, qrcd: 2, qrcdo: 2, dbyo: 2
                                   <<<      pwo: 2, pwdo: 2, dellal: 2, t1: 2, to: 2
                                   <<<      q1: 2, qo: 2, u1: 2, v1: 2, uo: 2, vo: 2
                                   <<<      wu2: 2, buo: 2, drag: 2, cnvwt: 2
                                   <<<    SPILLS :
                                   <<<      GENERAL   : SPILL 0  FILL 11
                                   <<<      SIMD&FP   : SPILL 0  FILL 0
                                   <<<      SCALABLE  : SPILL 0  FILL 0
                                   <<<      PREDICATE : SPILL 0  FILL 0
                                   <<< Loop-information  End >>>
             473     2   p    v              do i = 1, im
             474     3   p    v                if (k <= kmax(i)) then
             475     3   p    v                  pfld(i,k) = prsl(i,k) * 10.0
             476     3   p    v                  eta(i,k)  = 1.
             477     3   p    v                  fent1(i,k)= 1.
             478     3   p    v                  fent2(i,k)= 1.
             479     3   p    v                  frh(i,k)  = 0.
             480     3   p    v                  hcko(i,k) = 0.
             481     3   p    v                  qcko(i,k) = 0.
             482     3   p    v                  qrcko(i,k)= 0.
             483     3   p    v                  ucko(i,k) = 0.
             484     3   p    v                  vcko(i,k) = 0.
             485     3   p    v                  etad(i,k) = 1.
             486     3   p    v                  hcdo(i,k) = 0.
             487     3   p    v                  qcdo(i,k) = 0.
             488     3   p    v                  ucdo(i,k) = 0.
             489     3   p    v                  vcdo(i,k) = 0.
             490     3   p    v                  qrcd(i,k) = 0.
             491     3   p    v                  qrcdo(i,k)= 0.
             492     3   p    v                  dbyo(i,k) = 0.
             493     3   p    v                  pwo(i,k)  = 0.
             494     3   p    v                  pwdo(i,k) = 0.
             495     3   p    v                  dellal(i,k) = 0.
             496     3   p    v                  to(i,k)   = t1(i,k)
             497     3   p    v                  qo(i,k)   = q1(i,k)
             498     3   p    v                  uo(i,k)   = u1(i,k)
             499     3   p    v                  vo(i,k)   = v1(i,k)
             500     3               !           uo(i,k)   = u1(i,k) * rcs(i)
             501     3               !           vo(i,k)   = v1(i,k) * rcs(i)
             502     3   p    v                  wu2(i,k)  = 0.
             503     3   p    v                  buo(i,k)  = 0.
             504     3   p    v                  drag(i,k) = 0.
             505     3   p    v                  cnvwt(i,k)= 0.
             506     3   p    v                endif
             507     2   p    v              enddo
             508     1   p                 enddo
             509                     !>  - Calculate saturation specific humidity and enforce minimum moisture values.
             510     1                     do k = 1, km
                                   <<< Loop-information Start >>>
                                   <<<  [OPTIMIZATION]
                                   <<<    PREFETCH(HARD) Expected by compiler :
                                   <<<      kmax
                                   <<< Loop-information  End >>>
             511     2   s    s              do i=1,im
             512     3   p    v                if (k <= kmax(i)) then
             513     3   m    m                  qeso(i,k) = 0.01 * fpvs(to(i,k))      ! fpvs is in pa
             514     3               !byl            call qsatq_cwb(1,to(i,k),pfld(i,k),qeso(i,k))
             515     3   p    v                  qeso(i,k) = eps * qeso(i,k) / (pfld(i,k) + epsm1*qeso(i,k))
             516     3   p    v                  val1      =             1.e-8
             517     3   p    v                  qeso(i,k) = max(qeso(i,k), val1)
             518     3   p    v                  val2      =           1.e-10
             519     3   p    v                  qo(i,k)   = max(qo(i,k), val2 )
             520     3               !           qo(i,k)   = min(qo(i,k),qeso(i,k))
             521     3               !           tvo(i,k)  = to(i,k) + delta * to(i,k) * qo(i,k)
             522     3   p    v                endif
             523     2   p    m              enddo
             524     1                     enddo
             525                     !
             526                     !  compute moist static energy
             527                     !
             528                     !>  - Calculate moist static energy (heo) and saturation moist static energy (heso).
                                   <<< Loop-information Start >>>
                                   <<<  [PARALLELIZATION]
                                   <<<    Standard iteration count: 2
                                   <<<  [OPTIMIZATION]
                                   <<<    PREFETCH(HARD) Expected by compiler :
                                   <<<      kmax, phil, to, qo, qeso, heso, heo
                                   <<< Loop-information  End >>>
             529     1  pp                 do k = 1, km
                                   <<< Loop-information Start >>>
                                   <<<  [OPTIMIZATION]
                                   <<<    SIMD(VL: 8)
                                   <<<    SOFTWARE PIPELINING(IPC: 2.71, ITR: 104, MVE: 6, POL: S)
                                   <<<    PREFETCH(HARD) Expected by compiler :
                                   <<<      qeso, kmax, qo, phil, to, heo, heso
                                   <<< Loop-information  End >>>
             530     2   p    v              do i=1,im
             531     3   p    v                if (k <= kmax(i)) then
             532     3               !           tem       = g * zo(i,k) + cp * to(i,k)
             533     3   p    v                  tem       = phil(i,k) + cp * to(i,k)
             534     3   p    v                  heo(i,k)  = tem  + hvap * qo(i,k)
             535     3   p    v                  heso(i,k) = tem  + hvap * qeso(i,k)
             536     3               !           heo(i,k)  = min(heo(i,k),heso(i,k))
             537     3   p    v                endif
             538     2   p    v              enddo
             539     1   p                 enddo
             540                     !
             541                     !  determine level with largest moist static energy
             542                     !  this is the level where updraft starts
             543                     !
             544                     !> ## Perform calculations related to the updraft of the entraining/detraining cloud model ("static control").
             545                     !> - Search below index "kbm" for the level of maximum moist static energy.
                                   <<< Loop-information Start >>>
                                   <<<  [PARALLELIZATION]
                                   <<<    Standard iteration count: 1143
                                   <<<  [OPTIMIZATION]
                                   <<<    SIMD(VL: 8)
                                   <<<    SOFTWARE PIPELINING(IPC: 2.20, ITR: 80, MVE: 3, POL: S)
                                   <<<    PREFETCH(HARD) Expected by compiler :
                                   <<<      heo, hmax, kb
                                   <<< Loop-information  End >>>
             546     1  pp   2v            do i=1,im
             547     1   p   2v              hmax(i) = heo(i,1)
             548     1   p   2v              kb(i)   = 1
             549     1   p   2v            enddo
                                   <<< Loop-information Start >>>
                                   <<<  [OPTIMIZATION]
                                   <<<    PREFETCH(HARD) Expected by compiler :
                                   <<<      kbm, heo, hmax, kb
                                   <<< Loop-information  End >>>
             550     1                     do k = 2, km
                                   <<< Loop-information Start >>>
                                   <<<  [PARALLELIZATION]
                                   <<<    Standard iteration count: 667
                                   <<<  [OPTIMIZATION]
                                   <<<    SIMD(VL: 8)
                                   <<<    SOFTWARE PIPELINING(IPC: 1.75, ITR: 80, MVE: 2, POL: S)
                                   <<<    PREFETCH(HARD) Expected by compiler :
                                   <<<      kbm, heo, hmax, kb
                                   <<< Loop-information  End >>>
             551     2  pp   2v              do i=1,im
             552     3   p   2v                if (k <= kbm(i)) then
             553     4   p   2v                  if(heo(i,k) > hmax(i)) then
             554     4   p   2v                    kb(i)   = k
             555     4   p   2v                    hmax(i) = heo(i,k)
             556     4   p   2v                  endif
             557     3   p   2v                endif
             558     2   p   2v              enddo
             559     1                     enddo
             560                     !
             561                     !> - Calculate the temperature, specific humidity, and pressure at interface levels.
             562     1                     do k = 1, km1
                                   <<< Loop-information Start >>>
                                   <<<  [OPTIMIZATION]
                                   <<<    PREFETCH(HARD) Expected by compiler :
                                   <<<      kmax
                                   <<<    SPILLS :
                                   <<<      GENERAL   : SPILL 2  FILL 3
                                   <<<      SIMD&FP   : SPILL 0  FILL 0
                                   <<<      SCALABLE  : SPILL 0  FILL 0
                                   <<<      PREDICATE : SPILL 0  FILL 0
                                   <<< Loop-information  End >>>
             563     2   s    s              do i=1,im
             564     3   p    v                if (k <= kmax(i)-1) then
             565     3   p    v                  dz      = .5 * (zo(i,k+1) - zo(i,k))
             566     3   p    v                  dp      = .5 * (pfld(i,k+1) - pfld(i,k))
             567     3   s    s                  es      = 0.01 * fpvs(to(i,k+1))      ! fpvs is in pa
             568     3               !byl            call qsatq_cwb(1,to(i,k+1),pfld(i,k+1),es)
             569     3   s    s                  pprime  = pfld(i,k+1) + epsm1 * es
             570     3   s    s                  qs      = eps * es / pprime
             571     3   s    s                  dqsdp   = - qs / pprime
             572     3   s    s                  desdt   = es * (fact1 / to(i,k+1) + fact2 / (to(i,k+1)**2))
             573     3   p    v                  dqsdt   = qs * pfld(i,k+1) * desdt / (es * pprime)
             574     3   m    m                  gamma   = el2orc * qeso(i,k+1) / (to(i,k+1)**2)
             575     3   m    m                  dt      = (g * dz + hvap * dqsdp * dp) / (cp * (1. + gamma))
             576     3   p    v                  dq      = dqsdt * dt + dqsdp * dp
             577     3   s    s                  to(i,k) = to(i,k+1) + dt
             578     3   p    v                  qo(i,k) = qo(i,k+1) + dq
             579     3   p    v                  po(i,k) = .5 * (pfld(i,k) + pfld(i,k+1))
             580     3   p    v                endif
             581     2   p    m              enddo
             582     1                     enddo
             583                     !
             584                     !> - Recalculate saturation specific humidity, moist static energy, saturation moist static energy, and horizontal momentum on interface levels. Enforce minimum specific humidity and calculate \f$(1 - RH)\f$.
             585     1                     do k = 1, km1
                                   <<< Loop-information Start >>>
                                   <<<  [OPTIMIZATION]
                                   <<<    PREFETCH(HARD) Expected by compiler :
                                   <<<      kmax
                                   <<<    SPILLS :
                                   <<<      GENERAL   : SPILL 6  FILL 11
                                   <<<      SIMD&FP   : SPILL 0  FILL 0
                                   <<<      SCALABLE  : SPILL 0  FILL 0
                                   <<<      PREDICATE : SPILL 0  FILL 0
                                   <<< Loop-information  End >>>
             586     2   s    s              do i=1,im
             587     3   p    v                if (k <= kmax(i)-1) then
             588     3   m    m                  qeso(i,k) = 0.01 * fpvs(to(i,k))      ! fpvs is in pa
             589     3               !byl            call qsatq_cwb(1,to(i,k),po(i,k),qeso(i,k))
             590     3   p    v                  qeso(i,k) = eps * qeso(i,k) / (po(i,k) + epsm1*qeso(i,k))
             591     3   p    v                  val1      =             1.e-8
             592     3   p    v                  qeso(i,k) = max(qeso(i,k), val1)
             593     3   p    v                  val2      =           1.e-10
             594     3   p    v                  qo(i,k)   = max(qo(i,k), val2 )
             595     3               !           qo(i,k)   = min(qo(i,k),qeso(i,k))
             596     3   p    v                  frh(i,k)  = 1. - min(qo(i,k)/qeso(i,k), 1.)
             597     3   m    m                  heo(i,k)  = .5 * g * (zo(i,k) + zo(i,k+1)) + &
             598     3                                       cp * to(i,k) + hvap * qo(i,k)
             599     3   p    v                  heso(i,k) = .5 * g * (zo(i,k) + zo(i,k+1)) + &
             600     3                                       cp * to(i,k) + hvap * qeso(i,k)
             601     3   p    v                  uo(i,k)   = .5 * (uo(i,k) + uo(i,k+1))
             602     3   p    v                  vo(i,k)   = .5 * (vo(i,k) + vo(i,k+1))
             603     3   p    v                endif
             604     2   p    m              enddo
             605     1                     enddo
             606                     !
             607                     !  look for the level of free convection as cloud base
             608                     !
             609                     !> - Search below the index "kbmax" for the level of free convection (LFC) where the condition \f$h_b > h^*\f$ is first met, where \f$h_b, h^*\f$ are the state moist static energy at the parcel's starting level and saturation moist static energy, respecti
                                   <<< Loop-information Start >>>
                                   <<<  [PARALLELIZATION]
                                   <<<    Standard iteration count: 1143
                                   <<<  [OPTIMIZATION]
                                   <<<    SIMD(VL: 16)
                                   <<<    SOFTWARE PIPELINING(IPC: 2.20, ITR: 192, MVE: 3, POL: S)
                                   <<<    PREFETCH(HARD) Expected by compiler :
                                   <<<      kbcon, flg, kmax
                                   <<< Loop-information  End >>>
             610     1  pp   2v            do i=1,im
             611     1   p   2v              flg(i)   = .true.
             612     1   p   2v              kbcon(i) = kmax(i)
             613     1   p   2v            enddo
             614     1                     do k = 1, km1
                                   <<< Loop-information Start >>>
                                   <<<  [PARALLELIZATION]
                                   <<<    Standard iteration count: 411
                                   <<<  [OPTIMIZATION]
                                   <<<    PREFETCH(HARD) Expected by compiler :
                                   <<<      flg
                                   <<< Loop-information  End >>>
             615     2  pp    s              do i=1,im
             616     3   p    m                if (flg(i) .and. k <= kbmax(i)) then
             617     4   p    s                  if(k > kb(i) .and. heo(i,kb(i)) > heso(i,k)) then
             618     4   p    s                    kbcon(i) = k
             619     4   p    s                    flg(i)   = .false.
             620     4   p    s                  endif
             621     3   p    v                endif
             622     2   p    v              enddo
             623     1                     enddo
             624                     !
             625                     !> - If no LFC, return to the calling routine without modifying state variables.
                                   <<< Loop-information Start >>>
                                   <<<  [PARALLELIZATION]
                                   <<<    Standard iteration count: 1000
                                   <<<  [OPTIMIZATION]
                                   <<<    SIMD(VL: 16)
                                   <<<    SOFTWARE PIPELINING(IPC: 3.25, ITR: 288, MVE: 4, POL: S)
                                   <<<    PREFETCH(HARD) Expected by compiler :
                                   <<<      cnvflg, kbcon, kmax
                                   <<< Loop-information  End >>>
             626     1  pp   2v            do i=1,im
             627     1   p   2v              if(kbcon(i) == kmax(i)) cnvflg(i) = .false.
             628     1   p   2v            enddo
             629                     !!
             630                           totflg = .true.
                                   <<< Loop-information Start >>>
                                   <<<  [PARALLELIZATION]
                                   <<<    Standard iteration count: 1600
                                   <<<  [OPTIMIZATION]
                                   <<<    SIMD(VL: 16)
                                   <<< Loop-information  End >>>
             631     1  pp    v            do i=1,im
             632     1   p    v              totflg = totflg .and. (.not. cnvflg(i))
             633     1   p    v            enddo
             634                           if(totflg) return
             635                     !!
             636                     !> - Determine the vertical pressure velocity at the LFC. After Han and Pan (2011) \cite han_and_pan_2011 , determine the maximum pressure thickness between a parcel's starting level and the LFC. If a parcel doesn't reach the LFC within the critical thick
                                   <<< Loop-information Start >>>
                                   <<<  [PARALLELIZATION]
                                   <<<    Standard iteration count: 616
                                   <<<  [OPTIMIZATION]
                                   <<<    PREFETCH(HARD) Expected by compiler :
                                   <<<      cnvflg
                                   <<< Loop-information  End >>>
             637     1  pp   2s            do i=1,im
             638     2   p   2m              if(cnvflg(i)) then
             639     2   p   2s                pdot(i)  = 10.* dot(i,kbcon(i))
             640     2               !          pdot(i)  = 0.01 * dot(i,kbcon(i)) ! Now dot is in Pa/s
             641     2   p   2v              endif
             642     1   p   2v            enddo
             643                     
                                   <<< Loop-information Start >>>
                                   <<<  [OPTIMIZATION]
                                   <<<    PREFETCH(HARD) Expected by compiler :
                                   <<<      cnvflg, kb, kbcon, frh, frh_sum
                                   <<< Loop-information  End >>>
             644     1                     do k = 1, km1
                                   <<< Loop-information Start >>>
                                   <<<  [PARALLELIZATION]
                                   <<<    Standard iteration count: 485
                                   <<<  [OPTIMIZATION]
                                   <<<    SIMD(VL: 8)
                                   <<<    SOFTWARE PIPELINING(IPC: 0.48, ITR: 32, MVE: 2, POL: S)
                                   <<<    PREFETCH(HARD) Expected by compiler :
                                   <<<      kb, frh, frh_sum, kbcon, cnvflg
                                   <<< Loop-information  End >>>
             645     2  pp    v             do i = 1, im
             646     3   p    v               if (cnvflg(i)) then
             647     4   p    v                if (k.ge.kb(i).and.k.le.kbcon(i)) then
             648     4   p    v                 frh_sum(i) = frh_sum(i) + (1-frh(i,k))
             649     4   p    v                endif
             650     3   p    v               endif
             651     2   p    v             enddo
             652     1                     enddo
             653                     !
             654                     !   turn off convection if pressure depth between parcel source level
             655                     !      and cloud base is larger than a critical value, cinpcr
             656                     !
                                   <<< Loop-information Start >>>
                                   <<<  [PARALLELIZATION]
                                   <<<    Standard iteration count: 37
                                   <<<  [OPTIMIZATION]
                                   <<<    PREFETCH(HARD) Expected by compiler :
                                   <<<      cnvflg
                                   <<< Loop-information  End >>>
             657     1  pp    s            do i=1,im
             658     2   p    m              if(cnvflg(i)) then
             659     2   p    s                sigma_con = tan(0.4*pi)/(dx5km-dx1km)           !7.7e-4 m-1
             660     2   p    s                sigma(i)  = (1.-1./pi*(atan(sigma_con*(gdx(i)-dx5km))+pi/2.)) !1(1km),0.1(10km)
             661     3   p    s                if (gdx(i).lt.dx5km) then
             662     3   p    s                 sigma(i) = min(sigma(i)-0.01684*gdx(i)/1000.+0.0842,1.0)
             663     3   p    s                endif
             664     2   p    s                cinpcr = cinpcrmn + 0.5*(cinpcrmx-cinpcrmn) * (1.-sigma(i))
             665     2   p    s                cinpcri(i) = cinpcr * frh_sum(i)/(kbcon(i)-kb(i)+1)
             666     2   p    s                tem1 = pfld(i,kb(i)) - pfld(i,kbcon(i))
             667     3   p    s                if(tem1 > cinpcri(i)) then
             668     3   p    s                   cnvflg(i) = .false.
             669     3   p    s                endif
             670     2   p    v              endif
             671     1   p    v            enddo
             672                     !!
             673                           totflg = .true.
                                   <<< Loop-information Start >>>
                                   <<<  [PARALLELIZATION]
                                   <<<    Standard iteration count: 1600
                                   <<<  [OPTIMIZATION]
                                   <<<    SIMD(VL: 16)
                                   <<< Loop-information  End >>>
             674     1  pp    v            do i=1,im
             675     1   p    v              totflg = totflg .and. (.not. cnvflg(i))
             676     1   p    v            enddo
             677                           if(totflg) return
             678                     !!
             679                     !
             680                     !  assume that updraft entrainment rate above cloud base is
             681                     !    same as that at cloud base
             682                     !
             683                     !> - Calculate the entrainment rate according to Han and Pan (2011) \cite han_and_pan_2011 , equation 8, after Bechtold et al. (2008) \cite bechtold_et_al_2008, equation 2 given by:
             684                     !!  \f[
             685                     !!  \epsilon = \epsilon_0F_0 + d_1\left(1-RH\right)F_1
             686                     !!  \f]
             687                     !!  where \f$\epsilon_0\f$ is the cloud base entrainment rate, \f$d_1\f$ is a tunable constant, and \f$F_0=\left(\frac{q_s}{q_{s,b}}\right)^2\f$ and \f$F_1=\left(\frac{q_s}{q_{s,b}}\right)^3\f$ where \f$q_s\f$ and \f$q_{s,b}\f$ are the saturation specific
                                   <<< Loop-information Start >>>
                                   <<<  [PARALLELIZATION]
                                   <<<    Standard iteration count: 640
                                   <<<  [OPTIMIZATION]
                                   <<<    PREFETCH(HARD) Expected by compiler :
                                   <<<      cnvflg
                                   <<< Loop-information  End >>>
             688     1  pp   2s            do i=1,im
             689     2   p   2m              if(cnvflg(i)) then
             690     2   p   2s                xlamx(i) = xlamue(i,kbcon(i))
             691     2   p   2v              endif
             692     1   p   2v            enddo
                                   <<< Loop-information Start >>>
                                   <<<  [PARALLELIZATION]
                                   <<<    Standard iteration count: 3
                                   <<<  [OPTIMIZATION]
                                   <<<    PREFETCH(HARD) Expected by compiler :
                                   <<<      cnvflg, kbcon, kmax, xlamx, xlamue
                                   <<< Loop-information  End >>>
             693     1  pp                 do k = 2, km1
                                   <<< Loop-information Start >>>
                                   <<<  [OPTIMIZATION]
                                   <<<    SIMD(VL: 8)
                                   <<<    SOFTWARE PIPELINING(IPC: 0.34, ITR: 48, MVE: 2, POL: S)
                                   <<<    PREFETCH(HARD) Expected by compiler :
                                   <<<      kmax, cnvflg, kbcon, xlamx, xlamue
                                   <<< Loop-information  End >>>
             694     2   p   2v              do i=1,im
             695     3   p   2v                if(cnvflg(i).and. &
             696     3                           (k > kbcon(i) .and. k < kmax(i))) then
             697     3   p   2v                    xlamue(i,k) = xlamx(i)
             698     3   p   2v                endif
             699     2   p   2v              enddo
             700     1   p                 enddo
             701                     !
             702                     !  specify detrainment rate for the updrafts
             703                     !
             704                     !> - The updraft detrainment rate is set constant and equal to the entrainment rate at cloud base.
                                   <<< Loop-information Start >>>
                                   <<<  [PARALLELIZATION]
                                   <<<    Standard iteration count: 3
                                   <<<  [OPTIMIZATION]
                                   <<<    PREFETCH(HARD) Expected by compiler :
                                   <<<      cnvflg, kmax, xlamx, xlamud
                                   <<< Loop-information  End >>>
             705     1  pp                 do k = 1, km1
                                   <<< Loop-information Start >>>
                                   <<<  [OPTIMIZATION]
                                   <<<    SIMD(VL: 8)
                                   <<<    SOFTWARE PIPELINING(IPC: 0.52, ITR: 48, MVE: 2, POL: S)
                                   <<<    PREFETCH(HARD) Expected by compiler :
                                   <<<      kmax, cnvflg, xlamx, xlamud
                                   <<< Loop-information  End >>>
             706     2   p   2v              do i=1,im
             707     3   p   2v                if(cnvflg(i) .and. k < kmax(i)) then
             708     3   p   2v                  xlamud(i,k) = xlamx(i)
             709     3               !           xlamud(i,k) = crtlamd
             710     3   p   2v                endif
             711     2   p   2v              enddo
             712     1   p                 enddo
             713                     !
             714                     !  functions rapidly decreasing with height, mimicking a cloud ensemble
             715                     !    (Bechtold et al., 2008)
             716                     !
                                   <<< Loop-information Start >>>
                                   <<<  [PARALLELIZATION]
                                   <<<    Standard iteration count: 2
                                   <<< Loop-information  End >>>
             717     1  pp                 do k = 2, km1
                                   <<< Loop-information Start >>>
                                   <<<  [OPTIMIZATION]
                                   <<<    PREFETCH(HARD) Expected by compiler :
                                   <<<      cnvflg
                                   <<< Loop-information  End >>>
             718     2   p    s              do i=1,im
             719     3   p    m                if(cnvflg(i).and. &
             720     3                           (k > kbcon(i) .and. k < kmax(i))) then
             721     3   p    s                    tem = qeso(i,k)/qeso(i,kbcon(i))
             722     3   p    s                    fent1(i,k) = tem**2
             723     3   p    s                    fent2(i,k) = tem**3
             724     3   p    v                endif
             725     2   p    v              enddo
             726     1   p                 enddo
             727                     !
             728                     !  final entrainment and detrainment rates as the sum of turbulent part and
             729                     !    organized entrainment depending on the environmental relative humidity
             730                     !    (Bechtold et al., 2008)
             731                     !
                                   <<< Loop-information Start >>>
                                   <<<  [PARALLELIZATION]
                                   <<<    Standard iteration count: 2
                                   <<<  [OPTIMIZATION]
                                   <<<    PREFETCH(HARD) Expected by compiler :
                                   <<<      cnvflg, kbcon, kmax, fent1, xlamue, frh
                                   <<<      fent2
                                   <<< Loop-information  End >>>
             732     1  pp                 do k = 2, km1
                                   <<< Loop-information Start >>>
                                   <<<  [OPTIMIZATION]
                                   <<<    SIMD(VL: 8)
                                   <<<    SOFTWARE PIPELINING(IPC: 0.62, ITR: 32, MVE: 2, POL: S)
                                   <<<    PREFETCH(HARD) Expected by compiler :
                                   <<<      kbcon, frh, fent2, fent1, xlamue, kmax
                                   <<<      cnvflg
                                   <<< Loop-information  End >>>
             733     2   p    v              do i=1,im
             734     3   p    v                if(cnvflg(i) .and. &
             735     3                           (k > kbcon(i) .and. k < kmax(i))) then
             736     3   p    v                    tem = cxlamu * frh(i,k) * fent2(i,k)
             737     3   p    v                    xlamue(i,k) = xlamue(i,k)*fent1(i,k) + tem
             738     3               !             tem1 = cxlamd * frh(i,k)
             739     3               !             xlamud(i,k) = xlamud(i,k) + tem1
             740     3   p    v                endif
             741     2   p    v              enddo
             742     1   p                 enddo
             743                     !
             744                     !!!!!!!!!!!!!!!!!!!!!!!!!!!!!!!!!!!!!!!!!!!!!!!!!!!!!!!!!!!!!!!!!!!!
             745                     !
             746                     !  determine updraft mass flux for the subcloud layers
             747                     !
             748                     !> - Calculate the normalized mass flux for subcloud and in-cloud layers according to Pan and Wu (1995) \cite pan_and_wu_1995 equation 1:
             749                     !!  \f[
             750                     !!  \frac{1}{\eta}\frac{\partial \eta}{\partial z} = \lambda_e - \lambda_d
             751                     !!  \f]
             752                     !!  where \f$\eta\f$ is the normalized mass flux, \f$\lambda_e\f$ is the entrainment rate and \f$\lambda_d\f$ is the detrainment rate.
                                   <<< Loop-information Start >>>
                                   <<<  [OPTIMIZATION]
                                   <<<    PREFETCH(HARD) Expected by compiler :
                                   <<<      cnvflg, kbcon, kb, zi, xlamud, xlamue
                                   <<<      eta
                                   <<< Loop-information  End >>>
             753     1                     do k = km1, 1, -1
                                   <<< Loop-information Start >>>
                                   <<<  [PARALLELIZATION]
                                   <<<    Standard iteration count: 281
                                   <<<  [OPTIMIZATION]
                                   <<<    SIMD(VL: 8)
                                   <<<    SOFTWARE PIPELINING(IPC: 0.80, ITR: 48, MVE: 3, POL: S)
                                   <<<    PREFETCH(HARD) Expected by compiler :
                                   <<<      zi, kb, cnvflg, eta, xlamud, xlamue
                                   <<<      kbcon
                                   <<< Loop-information  End >>>
             754     2  pp    v              do i = 1, im
             755     3   p    v                if (cnvflg(i)) then
             756     4   p    v                  if(k < kbcon(i) .and. k >= kb(i)) then
             757     4   p    v                    dz       = zi(i,k+1) - zi(i,k)
             758     4   p    v                    tem      = 0.5*(xlamud(i,k)+xlamud(i,k+1))
             759     4   p    v                    ptem     = 0.5*(xlamue(i,k)+xlamue(i,k+1))-tem
             760     4   p    v                    eta(i,k) = eta(i,k+1) / (1. + ptem * dz)
             761     4   p    v                  endif
             762     3   p    v                endif
             763     2   p    v              enddo
             764     1                     enddo
             765                     !
             766                     !  compute mass flux above cloud base
             767                     !
                                   <<< Loop-information Start >>>
                                   <<<  [PARALLELIZATION]
                                   <<<    Standard iteration count: 1455
                                   <<<  [OPTIMIZATION]
                                   <<<    SIMD(VL: 16)
                                   <<<    SOFTWARE PIPELINING(IPC: 2.00, ITR: 320, MVE: 3, POL: S)
                                   <<<    PREFETCH(HARD) Expected by compiler :
                                   <<<      cnvflg, flg
                                   <<< Loop-information  End >>>
             768     1  pp   4v            do i = 1, im
             769     1   p   4v              flg(i) = cnvflg(i)
             770     1   p   4v            enddo
                                   <<< Loop-information Start >>>
                                   <<<  [OPTIMIZATION]
                                   <<<    PREFETCH(HARD) Expected by compiler :
                                   <<<      flg, kbcon, kmax, xlamud, xlamue, zi
                                   <<<      eta, ktconn
                                   <<< Loop-information  End >>>
             771     1                     do k = 2, km1
                                   <<< Loop-information Start >>>
                                   <<<  [PARALLELIZATION]
                                   <<<    Standard iteration count: 254
                                   <<<  [OPTIMIZATION]
                                   <<<    SIMD(VL: 8)
                                   <<<    SOFTWARE PIPELINING(IPC: 1.08, ITR: 56, MVE: 4, POL: S)
                                   <<<    PREFETCH(HARD) Expected by compiler :
                                   <<<      kbcon, xlamud, xlamue, eta, zi, kmax
                                   <<<      flg, ktconn
                                   <<< Loop-information  End >>>
             772     2  pp    v              do i = 1, im
             773     3   p    v               if(flg(i))then
             774     4   p    v                 if(k > kbcon(i) .and. k < kmax(i)) then
             775     4   p    v                    dz       = zi(i,k) - zi(i,k-1)
             776     4   p    v                    tem      = 0.5*(xlamud(i,k)+xlamud(i,k-1))
             777     4   p    v                    ptem     = 0.5*(xlamue(i,k)+xlamue(i,k-1))-tem
             778     4   p    v                    eta(i,k) = eta(i,k-1) * (1 + ptem * dz)
             779     5   p    v                    if(eta(i,k) <= 0.) then
             780     5   p    v                      kmax(i) = k
             781     5   p    v                      ktconn(i) = k
             782     5   p    v                      flg(i)   = .false.
             783     5   p    v                    endif
             784     4   p    v                 endif
             785     3   p    v               endif
             786     2   p    v              enddo
             787     1                     enddo
             788                     !
             789                     !  compute updraft cloud properties
             790                     !
             791                     !> - Set cloud properties equal to the state variables at updraft starting level (kb).
                                   <<< Loop-information Start >>>
                                   <<<  [PARALLELIZATION]
                                   <<<    Standard iteration count: 400
                                   <<<  [OPTIMIZATION]
                                   <<<    PREFETCH(HARD) Expected by compiler :
                                   <<<      cnvflg
                                   <<< Loop-information  End >>>
             792     1  pp    s            do i = 1, im
             793     2   p    m              if(cnvflg(i)) then
             794     2   p    s                indx         = kb(i)
             795     2   p    s                hcko(i,indx) = heo(i,indx)
             796     2   p    s                ucko(i,indx) = uo(i,indx)
             797     2   p    s                vcko(i,indx) = vo(i,indx)
             798     2   p    s                pwavo(i)     = 0.
             799     2   p    v              endif
             800     1   p    v            enddo
             801                     !
             802                     !  cloud property is modified by the entrainment process
             803                     !
             804                     !  cm is an enhancement factor in entrainment rates for momentum
             805                     !
             806                     !> - Calculate the cloud properties as a parcel ascends, modified by entrainment and detrainment. Discretization follows Appendix B of Grell (1993) \cite grell_1993 . Following Han and Pan (2006) \cite han_and_pan_2006, the convective momentum transport i
             807     1                     do k = 2, km1
                                   <<< Loop-information Start >>>
                                   <<<  [PARALLELIZATION]
                                   <<<    Standard iteration count: 128
                                   <<<  [OPTIMIZATION]
                                   <<<    SIMD(VL: 8)
                                   <<<    PREFETCH(HARD) Expected by compiler :
                                   <<<      cnvflg, kb, kmax, heo, xlamue, zi
                                   <<<      xlamud, hcko, heso, dbyo, uo
                                   <<<    PREFETCH(SOFT) : 14
                                   <<<     SEQUENTIAL : 14
                                   <<<      uo: 2, ucko: 4, vo: 4, vcko: 4
                                   <<<    SPILLS :
                                   <<<      GENERAL   : SPILL 0  FILL 1
                                   <<<      SIMD&FP   : SPILL 0  FILL 0
                                   <<<      SCALABLE  : SPILL 0  FILL 0
                                   <<<      PREDICATE : SPILL 0  FILL 0
                                   <<< Loop-information  End >>>
             808     2  pp    v              do i = 1, im
             809     3   p    v                if (cnvflg(i)) then
             810     4   p    v                  if(k > kb(i) .and. k < kmax(i)) then
             811     4   p    v                    dz   = zi(i,k) - zi(i,k-1)
             812     4   p    v                    tem  = 0.5 * (xlamue(i,k)+xlamue(i,k-1)) * dz
             813     4   p    v                    tem1 = 0.25 * (xlamud(i,k)+xlamud(i,k-1)) * dz
             814     4   p    v                    factor = 1. + tem - tem1
             815     4   p    v                    hcko(i,k) = ((1.-tem1)*hcko(i,k-1)+tem*0.5* &
             816     4                                          (heo(i,k)+heo(i,k-1)))/factor
             817     4   p    v                    dbyo(i,k) = hcko(i,k) - heso(i,k)
             818     4               !
             819     4   p    v                    tem  = 0.5 * cm * tem
             820     4   p    v                    factor = 1. + tem
             821     4   p    v                    ptem = tem + pgcon
             822     4   p    v                    ptem1= tem - pgcon
             823     4   p    v                    ucko(i,k) = ((1.-tem)*ucko(i,k-1)+ptem*uo(i,k) &
             824     4                                          +ptem1*uo(i,k-1))/factor
             825     4   p    v                    vcko(i,k) = ((1.-tem)*vcko(i,k-1)+ptem*vo(i,k) &
             826     4                                          +ptem1*vo(i,k-1))/factor
             827     4   p    v                  endif
             828     3   p    v                endif
             829     2   p    v              enddo
             830     1                     enddo
             831                     !
             832                     !   taking account into convection inhibition due to existence of
             833                     !    dry layers below cloud base
             834                     !
             835                     !> - With entrainment, recalculate the LFC as the first level where buoyancy is positive. The difference in pressure levels between LFCs calculated with/without entrainment must be less than a threshold (currently 25 hPa). Otherwise, convection is inhibit
                                   <<< Loop-information Start >>>
                                   <<<  [PARALLELIZATION]
                                   <<<    Standard iteration count: 942
                                   <<<  [OPTIMIZATION]
                                   <<<    SIMD(VL: 16)
                                   <<<    SOFTWARE PIPELINING(IPC: 2.33, ITR: 160, MVE: 3, POL: S)
                                   <<<    PREFETCH(HARD) Expected by compiler :
                                   <<<      kmax, cnvflg, kbcon1, flg
                                   <<< Loop-information  End >>>
             836     1  pp   2v            do i=1,im
             837     1   p   2v              flg(i) = cnvflg(i)
             838     1   p   2v              kbcon1(i) = kmax(i)
             839     1   p   2v            enddo
                                   <<< Loop-information Start >>>
                                   <<<  [OPTIMIZATION]
                                   <<<    PREFETCH(HARD) Expected by compiler :
                                   <<<      flg, kmax, kbcon, dbyo, kbcon1
                                   <<< Loop-information  End >>>
             840     1                     do k = 2, km1
                                   <<< Loop-information Start >>>
                                   <<<  [PARALLELIZATION]
                                   <<<    Standard iteration count: 517
                                   <<<  [OPTIMIZATION]
                                   <<<    SIMD(VL: 8)
                                   <<<    SOFTWARE PIPELINING(IPC: 0.45, ITR: 24, MVE: 2, POL: S)
                                   <<<    PREFETCH(HARD) Expected by compiler :
                                   <<<      kbcon, flg, dbyo, kmax, kbcon1
                                   <<< Loop-information  End >>>
             841     2  pp    v            do i=1,im
             842     3   p    v              if (flg(i) .and. k < kmax(i)) then
             843     4   p    v                if(k >= kbcon(i) .and. dbyo(i,k) > 0.) then
             844     4   p    v                  kbcon1(i) = k
             845     4   p    v                  flg(i)    = .false.
             846     4   p    v                endif
             847     3   p    v              endif
             848     2   p    v            enddo
             849     1                     enddo
                                   <<< Loop-information Start >>>
                                   <<<  [PARALLELIZATION]
                                   <<<    Standard iteration count: 762
                                   <<<  [OPTIMIZATION]
                                   <<<    SIMD(VL: 16)
                                   <<<    SOFTWARE PIPELINING(IPC: 0.47, ITR: 96, MVE: 2, POL: S)
                                   <<<    PREFETCH(HARD) Expected by compiler :
                                   <<<      kbcon1, kmax, cnvflg
                                   <<< Loop-information  End >>>
             850     1  pp   2v            do i=1,im
             851     2   p   2v              if(cnvflg(i)) then
             852     2   p   2v                if(kbcon1(i) == kmax(i)) cnvflg(i) = .false.
             853     2   p   2v              endif
             854     1   p   2v            enddo
                                   <<< Loop-information Start >>>
                                   <<<  [PARALLELIZATION]
                                   <<<    Standard iteration count: 433
                                   <<<  [OPTIMIZATION]
                                   <<<    PREFETCH(HARD) Expected by compiler :
                                   <<<      cnvflg
                                   <<< Loop-information  End >>>
             855     1  pp   2s            do i=1,im
             856     2   p   2m              if(cnvflg(i)) then
             857     2   p   2s                tem = pfld(i,kbcon(i)) - pfld(i,kbcon1(i))
             858     3   p   2s                if(tem > dthk) then
             859     3   p   2s                   cnvflg(i) = .false.
             860     3   p   2s                endif
             861     2   p   2v              endif
             862     1   p   2v            enddo
             863                     !!
             864                           totflg = .true.
                                   <<< Loop-information Start >>>
                                   <<<  [PARALLELIZATION]
                                   <<<    Standard iteration count: 1600
                                   <<<  [OPTIMIZATION]
                                   <<<    SIMD(VL: 16)
                                   <<< Loop-information  End >>>
             865     1  pp    v            do i = 1, im
             866     1   p    v              totflg = totflg .and. (.not. cnvflg(i))
             867     1   p    v            enddo
             868                           if(totflg) return
             869                     !!
             870                     !
             871                     !  calculate convective inhibition
             872                     !
             873                     !> - Calculate additional trigger condition of the convective inhibition (CIN) according to Han et al.'s (2017) \cite han_et_al_2017 equation 13.
                                   <<< Loop-information Start >>>
                                   <<<  [OPTIMIZATION]
                                   <<<    PREFETCH(HARD) Expected by compiler :
                                   <<<      cnvflg, kb, kbcon1, to, qeso, zo, qo
                                   <<<      dbyo, cina
                                   <<< Loop-information  End >>>
             874     1                     do k = 2, km1
                                   <<< Loop-information Start >>>
                                   <<<  [PARALLELIZATION]
                                   <<<    Standard iteration count: 200
                                   <<<  [OPTIMIZATION]
                                   <<<    SIMD(VL: 8)
                                   <<<    SOFTWARE PIPELINING(IPC: 0.97, ITR: 64, MVE: 4, POL: S)
                                   <<<    PREFETCH(HARD) Expected by compiler :
                                   <<<      qo, dbyo, zo, kbcon1, cina, cnvflg, to
                                   <<<      qeso, kb
                                   <<< Loop-information  End >>>
             875     2  pp    v              do i = 1, im
             876     3   p    v                if (cnvflg(i)) then
             877     4   p    v                  if(k > kb(i) .and. k < kbcon1(i)) then
             878     4   p    v                    dz1 = zo(i,k+1) - zo(i,k)
             879     4   p    v                    gamma = el2orc * qeso(i,k) / (to(i,k)**2)
             880     4   p    v                    rfact =  1. + delta * cp * gamma &
             881     4                                      * to(i,k) / hvap
             882     4   p    v                    cina(i) = cina(i) +                 &
             883     4               !    &                 dz1 * eta(i,k) * (g / (cp * to(i,k))) &
             884     4                                      dz1 * (g / (cp * to(i,k))) &
             885     4                                      * dbyo(i,k) / (1. + gamma) &
             886     4                                      * rfact
             887     4   p    v                    val = 0.
             888     4   p    v                    cina(i) = cina(i) +                     &
             889     4               !    &                 dz1 * eta(i,k) * g * delta * &
             890     4                                      dz1 * g * delta *              &
             891     4                                      max(val,(qeso(i,k) - qo(i,k)))
             892     4   p    v                  endif
             893     3   p    v                endif
             894     2   p    v              enddo
             895     1                     enddo
             896                     !> - Turn off convection if the CIN is less than a critical value (cinacr) which is inversely proportional to the large-scale vertical velocity.
                                   <<< Loop-information Start >>>
                                   <<<  [PARALLELIZATION]
                                   <<<    Standard iteration count: 243
                                   <<<  [OPTIMIZATION]
                                   <<<    SIMD(VL: 8)
                                   <<<    SOFTWARE PIPELINING(IPC: 0.55, ITR: 40, MVE: 3, POL: S)
                                   <<<    PREFETCH(HARD) Expected by compiler :
                                   <<<      islimsk, pdot, cina, cnvflg
                                   <<< Loop-information  End >>>
             897     1  pp    v            do i = 1, im
             898     2   p    v              if(cnvflg(i)) then
             899     2               !
             900     3   p    v                if(islimsk(i) == 1) then
             901     3   p    v                  w1 = w1l
             902     3   p    v                  w2 = w2l
             903     3   p    v                  w3 = w3l
             904     3   p    v                  w4 = w4l
             905     3   p    v                else
             906     3   p    v                  w1 = w1s
             907     3   p    v                  w2 = w2s
             908     3   p    v                  w3 = w3s
             909     3   p    v                  w4 = w4s
             910     3   p    v                endif
             911     3   p    v                if(pdot(i) <= w4) then
             912     3   p    v                  tem = (pdot(i) - w4) / (w3 - w4)
             913     3   p    v                elseif(pdot(i) >= -w4) then
             914     3   p    v                  tem = - (pdot(i) + w4) / (w4 - w3)
             915     3   p    v                else
             916     3   p    v                  tem = 0.
             917     3   p    v                endif
             918     2               
             919     2   p    v                val1    =            -1.
             920     2   p    v                tem = max(tem,val1)
             921     2   p    v                val2    =             1.
             922     2   p    v                tem = min(tem,val2)
             923     2   p    v                tem = 1. - tem
             924     2   p    v                tem1= .5*(cinacrmx-cinacrmn)
             925     2   p    v                cinacr = cinacrmx - tem * tem1
             926     2               !
             927     2               !         cinacr = cinacrmx
             928     2   p    v                if(cina(i) < cinacr) cnvflg(i) = .false.
             929     2   p    v              endif
             930     1   p    v            enddo
             931                     !!
             932                           totflg = .true.
                                   <<< Loop-information Start >>>
                                   <<<  [PARALLELIZATION]
                                   <<<    Standard iteration count: 1600
                                   <<<  [OPTIMIZATION]
                                   <<<    SIMD(VL: 16)
                                   <<< Loop-information  End >>>
             933     1  pp    v            do i=1,im
             934     1   p    v              totflg = totflg .and. (.not. cnvflg(i))
             935     1   p    v            enddo
             936                           if(totflg) return
             937                     !!
             938                     !
             939                     !  determine first guess cloud top as the level of zero buoyancy
             940                     !
             941                     !> - Calculate the cloud top as the first level where parcel buoyancy becomes negative. If the thickness of the calculated convection is less than a threshold (currently 200 hPa), then convection is inhibited, and the scheme returns to the calling routine
                                   <<< Loop-information Start >>>
                                   <<<  [PARALLELIZATION]
                                   <<<    Standard iteration count: 1143
                                   <<<  [OPTIMIZATION]
                                   <<<    SIMD(VL: 16)
                                   <<<    SOFTWARE PIPELINING(IPC: 2.20, ITR: 160, MVE: 3, POL: S)
                                   <<<    PREFETCH(HARD) Expected by compiler :
                                   <<<      cnvflg, flg, ktcon
                                   <<< Loop-information  End >>>
             942     1  pp   2v            do i = 1, im
             943     1   p   2v              flg(i) = cnvflg(i)
             944     1   p   2v              ktcon(i) = 1
             945     1   p   2v            enddo
                                   <<< Loop-information Start >>>
                                   <<<  [OPTIMIZATION]
                                   <<<    PREFETCH(HARD) Expected by compiler :
                                   <<<      flg, kmax, kbcon1, dbyo, ktcon
                                   <<< Loop-information  End >>>
             946     1                     do k = 2, km1
                                   <<< Loop-information Start >>>
                                   <<<  [PARALLELIZATION]
                                   <<<    Standard iteration count: 517
                                   <<<  [OPTIMIZATION]
                                   <<<    SIMD(VL: 8)
                                   <<<    SOFTWARE PIPELINING(IPC: 0.45, ITR: 24, MVE: 2, POL: S)
                                   <<<    PREFETCH(HARD) Expected by compiler :
                                   <<<      kbcon1, flg, dbyo, kmax, ktcon
                                   <<< Loop-information  End >>>
             947     2  pp    v            do i = 1, im
             948     3   p    v              if (flg(i) .and. k < kmax(i)) then
             949     4   p    v                if(k > kbcon1(i) .and. dbyo(i,k) < 0.) then
             950     4   p    v                   ktcon(i) = k
             951     4   p    v                   flg(i)   = .false.
             952     4   p    v                endif
             953     3   p    v              endif
             954     2   p    v            enddo
             955     1                     enddo
             956                     !
                                   <<< Loop-information Start >>>
                                   <<<  [PARALLELIZATION]
                                   <<<    Standard iteration count: 320
                                   <<<  [OPTIMIZATION]
                                   <<<    PREFETCH(HARD) Expected by compiler :
                                   <<<      cnvflg
                                   <<< Loop-information  End >>>
             957     1  pp    s            do i = 1, im
             958     2   p    m              if(cnvflg(i)) then
             959     3   p    s                if(ktcon(i) == 1 .and. ktconn(i) > 1) then
             960     3   p    s                   ktcon(i) = ktconn(i)
             961     3   p    s                endif
             962     2   p    s                tem = pfld(i,kbcon(i))-pfld(i,ktcon(i))
             963     2   p    s                if(tem < cthk) cnvflg(i) = .false.
             964     2   p    v              endif
             965     1   p    v            enddo
             966                     !!
             967                           totflg = .true.
                                   <<< Loop-information Start >>>
                                   <<<  [PARALLELIZATION]
                                   <<<    Standard iteration count: 1600
                                   <<<  [OPTIMIZATION]
                                   <<<    SIMD(VL: 16)
                                   <<< Loop-information  End >>>
             968     1  pp    v            do i = 1, im
             969     1   p    v              totflg = totflg .and. (.not. cnvflg(i))
             970     1   p    v            enddo
             971                           if(totflg) return
             972                     !!
             973                     !
             974                     !  search for downdraft originating level above theta-e minimum
             975                     !
             976                     !> - To originate the downdraft, search for the level above the minimum in moist static energy. Return to the calling routine without modification if this level is determined to be outside of the convective cloud layers.
                                   <<< Loop-information Start >>>
                                   <<<  [PARALLELIZATION]
                                   <<<    Standard iteration count: 471
                                   <<<  [OPTIMIZATION]
                                   <<<    PREFETCH(HARD) Expected by compiler :
                                   <<<      cnvflg
                                   <<< Loop-information  End >>>
             977     1  pp   2s            do i = 1, im
             978     2   p   2m              if(cnvflg(i)) then
             979     2   p   2s                 hmin(i) = heo(i,kbcon1(i))
             980     2   p   2s                 lmin(i) = kbmax(i)
             981     2   p   2s                 jmin(i) = kbmax(i)
             982     2   p   2v              endif
             983     1   p   2v            enddo
                                   <<< Loop-information Start >>>
                                   <<<  [OPTIMIZATION]
                                   <<<    PREFETCH(HARD) Expected by compiler :
                                   <<<      cnvflg, kbmax, kbcon1, heo, hmin, lmin
                                   <<< Loop-information  End >>>
             984     1                     do k = 2, km1
                                   <<< Loop-information Start >>>
                                   <<<  [PARALLELIZATION]
                                   <<<    Standard iteration count: 471
                                   <<<  [OPTIMIZATION]
                                   <<<    SIMD(VL: 8)
                                   <<<    SOFTWARE PIPELINING(IPC: 0.51, ITR: 24, MVE: 2, POL: S)
                                   <<<    PREFETCH(HARD) Expected by compiler :
                                   <<<      kbcon1, cnvflg, heo, hmin, kbmax, lmin
                                   <<< Loop-information  End >>>
             985     2  pp    v              do i = 1, im
             986     3   p    v                if (cnvflg(i) .and. k <= kbmax(i)) then
             987     4   p    v                  if(k > kbcon1(i) .and. heo(i,k) < hmin(i)) then
             988     4   p    v                     lmin(i) = k + 1
             989     4   p    v                     hmin(i) = heo(i,k)
             990     4   p    v                  endif
             991     3   p    v                endif
             992     2   p    v              enddo
             993     1                     enddo
             994                     !
             995                     !  make sure that jmin is within the cloud
             996                     !
                                   <<< Loop-information Start >>>
                                   <<<  [PARALLELIZATION]
                                   <<<    Standard iteration count: 356
                                   <<<  [OPTIMIZATION]
                                   <<<    SIMD(VL: 16)
                                   <<<    SOFTWARE PIPELINING(IPC: 0.60, ITR: 48, MVE: 2, POL: S)
                                   <<<    PREFETCH(HARD) Expected by compiler :
                                   <<<      ktcon, kbcon1, lmin, cnvflg, jmin
                                   <<< Loop-information  End >>>
             997     1  pp    v            do i = 1, im
             998     2   p    v              if(cnvflg(i)) then
             999     2   p    v                jmin(i) = min(lmin(i),ktcon(i)-1)
            1000     2   p    v                jmin(i) = max(jmin(i),kbcon1(i)+1)
            1001     2   p    v                if(jmin(i) >= ktcon(i)) cnvflg(i) = .false.
            1002     2   p    v              endif
            1003     1   p    v            enddo
            1004                     !
            1005                     !  specify upper limit of mass flux at cloud base
            1006                     !
            1007                     !> - Calculate the maximum value of the cloud base mass flux using the CFL-criterion-based formula of Han and Pan (2011) \cite han_and_pan_2011, equation 7.
                                   <<< Loop-information Start >>>
                                   <<<  [PARALLELIZATION]
                                   <<<    Standard iteration count: 534
                                   <<<  [OPTIMIZATION]
                                   <<<    PREFETCH(HARD) Expected by compiler :
                                   <<<      cnvflg
                                   <<< Loop-information  End >>>
            1008     1  pp   2s            do i = 1, im
            1009     2   p   2m              if(cnvflg(i)) then
            1010     2               !         xmbmax(i) = .1
            1011     2               !
            1012     2   p   2s                k = kbcon(i)
            1013     2   p   2s                dp = 1000. * del(i,k)
            1014     2   p   2s                xmbmax(i) = dp / (g * dt2)
            1015     2               !
            1016     2               !         mbdt(i) = 0.1 * dp / g
            1017     2               !
            1018     2               !         tem = dp / (g * dt2)
            1019     2               !         xmbmax(i) = min(tem, xmbmax(i))
            1020     2   p   2v              endif
            1021     1   p   2v            enddo
            1022                     !
            1023                     !  compute cloud moisture property and precipitation
            1024                     !
            1025                     !> - Set cloud moisture property equal to the enviromental moisture at updraft starting level (kb).
                                   <<< Loop-information Start >>>
                                   <<<  [PARALLELIZATION]
                                   <<<    Standard iteration count: 572
                                   <<<  [OPTIMIZATION]
                                   <<<    PREFETCH(HARD) Expected by compiler :
                                   <<<      cnvflg
                                   <<< Loop-information  End >>>
            1026     1  pp   2s            do i = 1, im
            1027     2   p   2m              if (cnvflg(i)) then
            1028     2               !         aa1(i) = 0.
            1029     2   p   2s                qcko(i,kb(i)) = qo(i,kb(i))
            1030     2   p   2s                qrcko(i,kb(i)) = qo(i,kb(i))
            1031     2               !         rhbar(i) = 0.
            1032     2   p   2v              endif
            1033     1   p   2v            enddo
            1034                     !> - Calculate the moisture content of the entraining/detraining parcel (qcko) and the value it would have if just saturated (qrch), according to equation A.14 in Grell (1993) \cite grell_1993 . Their difference is the amount of convective cloud water (ql
                                   <<< Loop-information Start >>>
                                   <<<  [OPTIMIZATION]
                                   <<<    UNSWITCHING
                                   <<< Loop-information  End >>>
            1035     1                     do k = 2, km1
                                   <<< Loop-information Start >>>
                                   <<<  [PARALLELIZATION]
                                   <<<    Standard iteration count: 69
                                   <<<  [OPTIMIZATION]
                                   <<<    SIMD(VL: 8)
                                   <<<    PREFETCH(HARD) Expected by compiler :
                                   <<<      cnvflg, kb, ktcon, zi, xlamue, qo
                                   <<<      xlamud, qcko, kbcon, drag, eta, qrcko
                                   <<<    PREFETCH(SOFT) : 48
                                   <<<     SEQUENTIAL : 48
                                   <<<      to: 4, qeso: 4, dbyo: 4, eta: 4, c0t: 4
                                   <<<      buo: 4, qcko: 4, pwo: 4, pwavo: 4
                                   <<<      del: 4, cnvwt: 4, jmin: 2, dellal: 2
                                   <<<    SPILLS :
                                   <<<      GENERAL   : SPILL 0  FILL 8
                                   <<<      SIMD&FP   : SPILL 0  FILL 0
                                   <<<      SCALABLE  : SPILL 0  FILL 0
                                   <<<      PREDICATE : SPILL 0  FILL 0
                                   <<< Loop-information  End >>>
            1036     2  pp    v              do i = 1, im
            1037     3   p    v                if (cnvflg(i)) then
            1038     4   p    v                  if(k > kb(i) .and. k < ktcon(i)) then
            1039     4   p    v                    dz    = zi(i,k) - zi(i,k-1)
            1040     4   p    v                    gamma = el2orc * qeso(i,k) / (to(i,k)**2)
            1041     4   p    v                    qrch = qeso(i,k) &
            1042     4                                  + gamma * dbyo(i,k) / (hvap * (1. + gamma))
            1043     4               !cj
            1044     4   p    v                    tem  = 0.5 * (xlamue(i,k)+xlamue(i,k-1)) * dz
            1045     4   p    v                    tem1 = 0.25 * (xlamud(i,k)+xlamud(i,k-1)) * dz
            1046     4   p    v                    factor = 1. + tem - tem1
            1047     4   p    v                    qcko(i,k) = ((1.-tem1)*qcko(i,k-1)+tem*0.5* &
            1048     4                                          (qo(i,k)+qo(i,k-1)))/factor
            1049     4   p    v                    qrcko(i,k) = qcko(i,k)
            1050     4               !cj
            1051     4   p    v                    dq = eta(i,k) * (qcko(i,k) - qrch)
            1052     4               !
            1053     4               !             rhbar(i) = rhbar(i) + qo(i,k) / qeso(i,k)
            1054     4               !
            1055     4               !  check if there is excess moisture to release latent heat
            1056     4               !
            1057     5   p    v                    if(k >= kbcon(i) .and. dq > 0.) then
            1058     5   p    v                      etah = .5 * (eta(i,k) + eta(i,k-1))
            1059     5   p    v                      dp = 1000. * del(i,k)
            1060     6   p    v                      if(ncloud > 0 .and. k > jmin(i)) then
            1061     6   p    v                        ptem = c0t(i,k) + c1
            1062     6   p    v                        qlk = dq / (eta(i,k) + etah * ptem * dz)
            1063     6   p    v                        dellal(i,k) = etah * c1 * dz * qlk * g / dp
            1064     6   p    v                      else
            1065     6   p    v                        qlk = dq / (eta(i,k) + etah * c0t(i,k) * dz)
            1066     6   p    v                      endif
            1067     5               !               aa1(i) = aa1(i) - dz * g * qlk * etah
            1068     5               !               aa1(i) = aa1(i) - dz * g * qlk
            1069     5   p    v                      buo(i,k) = buo(i,k) - g * qlk
            1070     5   p    v                      qcko(i,k) = qlk + qrch
            1071     5   p    v                      pwo(i,k) = etah * c0t(i,k) * dz * qlk
            1072     5   p    v                      pwavo(i) = pwavo(i) + pwo(i,k)
            1073     5               !               cnvwt(i,k) = (etah*qlk + pwo(i,k)) * g / dp
            1074     5   p    v                      cnvwt(i,k) = etah * qlk * g / dp
            1075     5   p    v                    endif
            1076     4               !
            1077     4               !  compute buoyancy and drag for updraft velocity
            1078     4               !
            1079     5   p    v                    if(k >= kbcon(i)) then
            1080     5   p    v                      rfact =  1. + delta * cp * gamma &
            1081     5                                        * to(i,k) / hvap
            1082     5   p    v                      buo(i,k) = buo(i,k) + (g / (cp * to(i,k))) &
            1083     5                                        * dbyo(i,k) / (1. + gamma) &
            1084     5                                        * rfact
            1085     5   p    v                      val = 0.
            1086     5   p    v                      buo(i,k) = buo(i,k) + g * delta * &
            1087     5                                          max(val,(qeso(i,k) - qo(i,k)))
            1088     5   p    v                      drag(i,k) = max(xlamue(i,k),xlamud(i,k))
            1089     5   p    v                    endif
            1090     4               !
            1091     4   p    v                  endif
            1092     3   p    v                endif
            1093     2   p    v              enddo
            1094     1                     enddo
            1095                     !
            1096                     !     do i = 1, im
            1097                     !       if(cnvflg(i)) then
            1098                     !         indx = ktcon(i) - kb(i) - 1
            1099                     !         rhbar(i) = rhbar(i) / float(indx)
            1100                     !       endif
            1101                     !     enddo
            1102                     !
            1103                     !  calculate cloud work function
            1104                     !
            1105                     !     do k = 2, km1
            1106                     !       do i = 1, im
            1107                     !         if (cnvflg(i)) then
            1108                     !           if(k >= kbcon(i) .and. k < ktcon(i)) then
            1109                     !             dz1 = zo(i,k+1) - zo(i,k)
            1110                     !             gamma = el2orc * qeso(i,k) / (to(i,k)**2)
            1111                     !             rfact =  1. + delta * cp * gamma
            1112                     !    &                 * to(i,k) / hvap
            1113                     !             aa1(i) = aa1(i) +
            1114                     !!   &                 dz1 * eta(i,k) * (g / (cp * to(i,k)))
            1115                     !    &                 dz1 * (g / (cp * to(i,k)))
            1116                     !    &                 * dbyo(i,k) / (1. + gamma)
            1117                     !    &                 * rfact
            1118                     !             val = 0.
            1119                     !             aa1(i) = aa1(i) +
            1120                     !!   &                 dz1 * eta(i,k) * g * delta *
            1121                     !    &                 dz1 * g * delta *
            1122                     !    &                 max(val,(qeso(i,k) - qo(i,k)))
            1123                     !           endif
            1124                     !         endif
            1125                     !       enddo
            1126                     !     enddo
            1127                     !
            1128                     !  calculate cloud work function
            1129                     !
            1130                     !> - Calculate the cloud work function according to Pan and Wu (1995) \cite pan_and_wu_1995 equation 4:
            1131                     !!  \f[
            1132                     !!  A_u=\int_{z_0}^{z_t}\frac{g}{c_pT(z)}\frac{\eta}{1 + \gamma}[h(z)-h^*(z)]dz
            1133                     !!  \f]
            1134                     !! (discretized according to Grell (1993) \cite grell_1993 equation B.10 using B.2 and B.3 of Arakawa and Schubert (1974) \cite arakawa_and_schubert_1974 and assuming \f$\eta=1\f$) where \f$A_u\f$ is the updraft cloud work function, \f$z_0\f$ and \f$z_t\f
                                   <<< Loop-information Start >>>
                                   <<<  [PARALLELIZATION]
                                   <<<    Standard iteration count: 1231
                                   <<<  [OPTIMIZATION]
                                   <<<    SIMD(VL: 8)
                                   <<<    SOFTWARE PIPELINING(IPC: 2.50, ITR: 144, MVE: 4, POL: S)
                                   <<<    PREFETCH(HARD) Expected by compiler :
                                   <<<      aa1, cnvflg
                                   <<< Loop-information  End >>>
            1135     1  pp   2v            do i = 1, im
            1136     2   p   2v              if (cnvflg(i)) then
            1137     2   p   2v                aa1(i) = 0.
            1138     2   p   2v              endif
            1139     1   p   2v            enddo
                                   <<< Loop-information Start >>>
                                   <<<  [OPTIMIZATION]
                                   <<<    PREFETCH(HARD) Expected by compiler :
                                   <<<      cnvflg, kbcon, ktcon, zo, buo, aa1
                                   <<< Loop-information  End >>>
            1140     1                     do k = 2, km1
                                   <<< Loop-information Start >>>
                                   <<<  [PARALLELIZATION]
                                   <<<    Standard iteration count: 400
                                   <<<  [OPTIMIZATION]
                                   <<<    SIMD(VL: 8)
                                   <<<    SOFTWARE PIPELINING(IPC: 0.60, ITR: 32, MVE: 2, POL: S)
                                   <<<    PREFETCH(HARD) Expected by compiler :
                                   <<<      kbcon, zo, buo, aa1, ktcon, cnvflg
                                   <<< Loop-information  End >>>
            1141     2  pp    v              do i = 1, im
            1142     3   p    v                if (cnvflg(i)) then
            1143     4   p    v                  if(k >= kbcon(i) .and. k < ktcon(i)) then
            1144     4   p    v                    dz1 = zo(i,k+1) - zo(i,k)
            1145     4               !             aa1(i) = aa1(i) + buo(i,k) * dz1 * eta(i,k)
            1146     4   p    v                    aa1(i) = aa1(i) + buo(i,k) * dz1
            1147     4   p    v                  endif
            1148     3   p    v                endif
            1149     2   p    v              enddo
            1150     1                     enddo
            1151                     !
            1152                     !> - If the updraft cloud work function is negative, convection does not occur, and the scheme returns to the calling routine.
                                   <<< Loop-information Start >>>
                                   <<<  [PARALLELIZATION]
                                   <<<    Standard iteration count: 1000
                                   <<<  [OPTIMIZATION]
                                   <<<    SIMD(VL: 8)
                                   <<<    SOFTWARE PIPELINING(IPC: 1.55, ITR: 128, MVE: 5, POL: S)
                                   <<<    PREFETCH(HARD) Expected by compiler :
                                   <<<      cnvflg, aa1
                                   <<< Loop-information  End >>>
            1153     1  pp   2v            do i = 1, im
            1154     1   p   2v              if(cnvflg(i) .and. aa1(i) <= 0.) cnvflg(i) = .false.
            1155     1   p   2v            enddo
            1156                     !!
            1157                           totflg = .true.
                                   <<< Loop-information Start >>>
                                   <<<  [PARALLELIZATION]
                                   <<<    Standard iteration count: 1600
                                   <<<  [OPTIMIZATION]
                                   <<<    SIMD(VL: 16)
                                   <<< Loop-information  End >>>
            1158     1  pp    v            do i=1,im
            1159     1   p    v              totflg = totflg .and. (.not. cnvflg(i))
            1160     1   p    v            enddo
            1161                           if(totflg) return
            1162                     !!
            1163                     !
            1164                     !  estimate the onvective overshooting as the level
            1165                     !    where the [aafac * cloud work function] becomes zero,
            1166                     !    which is the final cloud top
            1167                     !
            1168                     !> - Continue calculating the cloud work function past the point of neutral buoyancy to represent overshooting according to Han and Pan (2011) \cite han_and_pan_2011 . Convective overshooting stops when \f$ cA_u < 0\f$ where \f$c\f$ is currently 10%, or w
                                   <<< Loop-information Start >>>
                                   <<<  [PARALLELIZATION]
                                   <<<    Standard iteration count: 942
                                   <<<  [OPTIMIZATION]
                                   <<<    SIMD(VL: 8)
                                   <<<    SOFTWARE PIPELINING(IPC: 1.36, ITR: 96, MVE: 3, POL: S)
                                   <<<    PREFETCH(HARD) Expected by compiler :
                                   <<<      aa1, cnvflg, aa2
                                   <<< Loop-information  End >>>
            1169     1  pp   2v            do i = 1, im
            1170     2   p   2v              if (cnvflg(i)) then
            1171     2   p   2v                aa2(i) = aafac * aa1(i)
            1172     2   p   2v              endif
            1173     1   p   2v            enddo
            1174                     !
                                   <<< Loop-information Start >>>
                                   <<<  [PARALLELIZATION]
                                   <<<    Standard iteration count: 942
                                   <<<  [OPTIMIZATION]
                                   <<<    SIMD(VL: 16)
                                   <<<    SOFTWARE PIPELINING(IPC: 2.33, ITR: 160, MVE: 3, POL: S)
                                   <<<    PREFETCH(HARD) Expected by compiler :
                                   <<<      kmax, cnvflg, ktcon1, flg
                                   <<< Loop-information  End >>>
            1175     1  pp   2v            do i = 1, im
            1176     1   p   2v              flg(i) = cnvflg(i)
            1177     1   p   2v              ktcon1(i) = kmax(i)
            1178     1   p   2v            enddo
                                   <<< Loop-information Start >>>
                                   <<<  [OPTIMIZATION]
                                   <<<    PREFETCH(HARD) Expected by compiler :
                                   <<<      flg, ktcon, kmax, to, qeso, zo, dbyo
                                   <<<      aa2, ktcon1
                                   <<< Loop-information  End >>>
            1179     1                     do k = 2, km1
                                   <<< Loop-information Start >>>
                                   <<<  [PARALLELIZATION]
                                   <<<    Standard iteration count: 226
                                   <<<  [OPTIMIZATION]
                                   <<<    SIMD(VL: 8)
                                   <<<    SOFTWARE PIPELINING(IPC: 1.00, ITR: 72, MVE: 5, POL: S)
                                   <<<    PREFETCH(HARD) Expected by compiler :
                                   <<<      flg, to, aa2, ktcon, qeso, kmax, zo
                                   <<<      dbyo, ktcon1
                                   <<< Loop-information  End >>>
            1180     2  pp    v              do i = 1, im
            1181     3   p    v                if (flg(i)) then
            1182     4   p    v                  if(k >= ktcon(i) .and. k < kmax(i)) then
            1183     4   p    v                    dz1 = zo(i,k+1) - zo(i,k)
            1184     4   p    v                    gamma = el2orc * qeso(i,k) / (to(i,k)**2)
            1185     4   p    v                    rfact =  1. + delta * cp * gamma &
            1186     4                                      * to(i,k) / hvap
            1187     4   p    v                    aa2(i) = aa2(i) +                   &
            1188     4               !    &                 dz1 * eta(i,k) * (g / (cp * to(i,k))) &
            1189     4                                      dz1 * (g / (cp * to(i,k))) &
            1190     4                                      * dbyo(i,k) / (1. + gamma) &
            1191     4                                      * rfact
            1192     4               !             val = 0.
            1193     4               !             aa2(i) = aa2(i) +
            1194     4               !!   &                 dz1 * eta(i,k) * g * delta *
            1195     4               !    &                 dz1 * g * delta *
            1196     4               !    &                 max(val,(qeso(i,k) - qo(i,k)))
            1197     5   p    v                    if(aa2(i) < 0.) then
            1198     5   p    v                      ktcon1(i) = k
            1199     5   p    v                      flg(i) = .false.
            1200     5   p    v                    endif
            1201     4   p    v                  endif
            1202     3   p    v                endif
            1203     2   p    v              enddo
            1204     1                     enddo
            1205                     !
            1206                     !  compute cloud moisture property, detraining cloud water
            1207                     !    and precipitation in overshooting layers
            1208                     !
            1209                     !> - For the overshooting convection, calculate the moisture content of the entraining/detraining parcel as before. Partition convective cloud water and precipitation and detrain convective cloud water above the mimimum in moist static energy.
                                   <<< Loop-information Start >>>
                                   <<<  [OPTIMIZATION]
                                   <<<    UNSWITCHING
                                   <<< Loop-information  End >>>
            1210     1                     do k = 2, km1
                                   <<< Loop-information Start >>>
                                   <<<  [PARALLELIZATION]
                                   <<<    Standard iteration count: 109
                                   <<<  [OPTIMIZATION]
                                   <<<    SIMD(VL: 8)
                                   <<<    PREFETCH(HARD) Expected by compiler :
                                   <<<      cnvflg, ktcon, ktcon1, qo, xlamue, zi
                                   <<<      xlamud, qcko, qrcko, to, qeso, dbyo
                                   <<<    PREFETCH(SOFT) : 34
                                   <<<     SEQUENTIAL : 34
                                   <<<      eta: 8, c0t: 4, del: 4, dellal: 2
                                   <<<      qcko: 4, pwo: 4, pwavo: 4, cnvwt: 4
                                   <<<    SPILLS :
                                   <<<      GENERAL   : SPILL 0  FILL 2
                                   <<<      SIMD&FP   : SPILL 0  FILL 0
                                   <<<      SCALABLE  : SPILL 0  FILL 0
                                   <<<      PREDICATE : SPILL 0  FILL 0
                                   <<< Loop-information  End >>>
            1211     2  pp    v              do i = 1, im
            1212     3   p    v                if (cnvflg(i)) then
            1213     4   p    v                  if(k >= ktcon(i) .and. k < ktcon1(i)) then
            1214     4   p    v                    dz    = zi(i,k) - zi(i,k-1)
            1215     4   p    v                    gamma = el2orc * qeso(i,k) / (to(i,k)**2)
            1216     4   p    v                    qrch = qeso(i,k) &
            1217     4                                  + gamma * dbyo(i,k) / (hvap * (1. + gamma))
            1218     4               !cj
            1219     4   p    v                    tem  = 0.5 * (xlamue(i,k)+xlamue(i,k-1)) * dz
            1220     4   p    v                    tem1 = 0.25 * (xlamud(i,k)+xlamud(i,k-1)) * dz
            1221     4   p    v                    factor = 1. + tem - tem1
            1222     4   p    v                    qcko(i,k) = ((1.-tem1)*qcko(i,k-1)+tem*0.5* &
            1223     4                                          (qo(i,k)+qo(i,k-1)))/factor
            1224     4   p    v                    qrcko(i,k) = qcko(i,k)
            1225     4               !cj
            1226     4   p    v                    dq = eta(i,k) * (qcko(i,k) - qrch)
            1227     4               !
            1228     4               !  check if there is excess moisture to release latent heat
            1229     4               !
            1230     5   p    v                    if(dq > 0.) then
            1231     5   p    v                      etah = .5 * (eta(i,k) + eta(i,k-1))
            1232     5   p    v                      dp = 1000. * del(i,k)
            1233     6   p    v                      if(ncloud > 0) then
            1234     6   p    v                        ptem = c0t(i,k) + c1
            1235     6   p    v                        qlk = dq / (eta(i,k) + etah * ptem * dz)
            1236     6   p    v                        dellal(i,k) = etah * c1 * dz * qlk * g / dp
            1237     6   p    v                      else
            1238     6   p    v                        qlk = dq / (eta(i,k) + etah * c0t(i,k) * dz)
            1239     6   p    v                      endif
            1240     5   p    v                      qcko(i,k) = qlk + qrch
            1241     5   p    v                      pwo(i,k) = etah * c0t(i,k) * dz * qlk
            1242     5   p    v                      pwavo(i) = pwavo(i) + pwo(i,k)
            1243     5               !               cnvwt(i,k) = (etah*qlk + pwo(i,k)) * g / dp
            1244     5   p    v                      cnvwt(i,k) = etah * qlk * g / dp
            1245     5   p    v                    endif
            1246     4   p    v                  endif
            1247     3   p    v                endif
            1248     2   p    v              enddo
            1249     1                     enddo
            1250                     !
            1251                     !  compute updraft velocity square(wu2)
            1252                     !> - Calculate updraft velocity square(wu2) according to Han et al.'s (2017) \cite han_et_al_2017 equation 7.
            1253                     !
            1254                     !     bb1 = 2. * (1.+bet1*cd1)
            1255                     !     bb2 = 2. / (f1*(1.+gam1))
            1256                     !
            1257                     !     bb1 = 3.9
            1258                     !     bb2 = 0.67
            1259                     !
            1260                     !      bb1 = 2.0
            1261                     !      bb2 = 4.0
            1262                     !
            1263                           bb1 = 4.0
            1264                           bb2 = 0.8
            1265                     !
            1266                     !     do i = 1, im
            1267                     !       if (cnvflg(i)) then
            1268                     !         k = kbcon1(i)
            1269                     !         tem = po(i,k) / (rd * to(i,k))
            1270                     !         wucb = -0.01 * dot(i,k) / (tem * g)
            1271                     !         if(wucb > 0.) then
            1272                     !           wu2(i,k) = wucb * wucb
            1273                     !         else
            1274                     !           wu2(i,k) = 0.
            1275                     !         endif
            1276                     !       endif
            1277                     !     enddo
                                   <<< Loop-information Start >>>
                                   <<<  [OPTIMIZATION]
                                   <<<    PREFETCH(HARD) Expected by compiler :
                                   <<<      cnvflg, kbcon1, ktcon, drag, zi, buo
                                   <<<      wu2
                                   <<< Loop-information  End >>>
            1278     1                     do k = 2, km1
                                   <<< Loop-information Start >>>
                                   <<<  [PARALLELIZATION]
                                   <<<    Standard iteration count: 236
                                   <<<  [OPTIMIZATION]
                                   <<<    SIMD(VL: 8)
                                   <<<    SOFTWARE PIPELINING(IPC: 0.86, ITR: 48, MVE: 3, POL: S)
                                   <<<    PREFETCH(HARD) Expected by compiler :
                                   <<<      buo, ktcon, wu2, cnvflg, drag, zi
                                   <<<      kbcon1
                                   <<< Loop-information  End >>>
            1279     2  pp    v              do i = 1, im
            1280     3   p    v                if (cnvflg(i)) then
            1281     4   p    v                  if(k > kbcon1(i) .and. k < ktcon(i)) then
            1282     4   p    v                    dz    = zi(i,k) - zi(i,k-1)
            1283     4   p    v                    tem  = 0.25 * bb1 * (drag(i,k)+drag(i,k-1)) * dz
            1284     4   p    v                    tem1 = 0.5 * bb2 * (buo(i,k)+buo(i,k-1)) * dz
            1285     4   p    v                    ptem = (1. - tem) * wu2(i,k-1)
            1286     4   p    v                    ptem1 = 1. + tem
            1287     4   p    v                    wu2(i,k) = (ptem + tem1) / ptem1
            1288     4   p    v                    wu2(i,k) = max(wu2(i,k), 0.)
            1289     4   p    v                  endif
            1290     3   p    v                endif
            1291     2   p    v              enddo
            1292     1                     enddo
            1293                     !
            1294                     !  compute updraft velocity average over the whole cumulus
            1295                     !
            1296                     !> - Calculate the mean updraft velocity within the cloud (wc).
                                   <<< Loop-information Start >>>
                                   <<<  [PARALLELIZATION]
                                   <<<    Standard iteration count: 1143
                                   <<<  [OPTIMIZATION]
                                   <<<    SIMD(VL: 8)
                                   <<<    PREFETCH(HARD) Expected by compiler :
                                   <<<      wbar, sumx, wc
                                   <<< Loop-information  End >>>
            1297     1  pp   2v            do i = 1, im
            1298     1   p   2v              wc(i) = 0.
            1299     1   p   2v              sumx(i) = 0.
            1300     1   p   2v              wbar(i) = 0.
            1301     1   p   2v            enddo
            1302                     
            1303                     !        ptem = -0.5 * rd/g
                                   <<< Loop-information Start >>>
                                   <<<  [PARALLELIZATION]
                                   <<<    Standard iteration count: 843
                                   <<<  [OPTIMIZATION]
                                   <<<    COLLAPSED
                                   <<<    SIMD(VL: 8)
                                   <<<    SOFTWARE PIPELINING(IPC: 3.75, ITR: 160, MVE: 3, POL: S)
                                   <<<    PREFETCH(HARD) Expected by compiler :
                                   <<<      pfld, po1
                                   <<< Loop-information  End >>>
            1304     1  pp   2v            do k = 1,km
                                   <<< Loop-information Start >>>
                                   <<<  [OPTIMIZATION]
                                   <<<    COLLAPSED
                                   <<< Loop-information  End >>>
            1305     2   p   2               do i = 1,im
            1306     2   p   2v                po1(i,k) = .5 * (pfld(i,k) + pfld(i,k+1))
            1307     2   p   2v              enddo
            1308     1   p                 enddo
            1309                     
                                   <<< Loop-information Start >>>
                                   <<<  [OPTIMIZATION]
                                   <<<    PREFETCH(HARD) Expected by compiler :
                                   <<<      cnvflg, kbcon1, ktcon, po1, to, wu2, dot
                                   <<<      wc, zi, sumx, wbar
                                   <<< Loop-information  End >>>
            1310     1                     do k = 2, km1
                                   <<< Loop-information Start >>>
                                   <<<  [PARALLELIZATION]
                                   <<<    Standard iteration count: 165
                                   <<<  [OPTIMIZATION]
                                   <<<    SIMD(VL: 8)
                                   <<<    SOFTWARE PIPELINING(IPC: 0.70, ITR: 32, MVE: 2, POL: S)
                                   <<<    PREFETCH(HARD) Expected by compiler :
                                   <<<      wu2, ktcon, dot, po1, to, zi, cnvflg, wc
                                   <<<      wbar, sumx, kbcon1
                                   <<< Loop-information  End >>>
            1311     2  pp    v              do i = 1, im
            1312     3   p    v                if (cnvflg(i)) then
            1313     4   p    v                  if(k > kbcon1(i) .and. k < ktcon(i)) then
            1314     4   p    v                    dz = zi(i,k) - zi(i,k-1)
            1315     4   p    v                    tem = 0.5 * (sqrt(wu2(i,k)) + sqrt(wu2(i,k-1)))
            1316     4   p    v                    wc(i) = wc(i) + tem * dz
            1317     4   p    v                    tem=10.0*dot(i,k)*to(i,k)/po1(i,k)
            1318     4   p    v                    tem1=10.0*dot(i,k-1)*to(i,k-1)/po1(i,k-1)
            1319     4   p    v                    wbar(i)=wbar(i)+(-0.5*rd/g)*(tem+tem1)*dz
            1320     4   p    v                    sumx(i) = sumx(i) + dz
            1321     4   p    v                  endif
            1322     3   p    v                endif
            1323     2   p    v              enddo
            1324     1                     enddo
                                   <<< Loop-information Start >>>
                                   <<<  [PARALLELIZATION]
                                   <<<    Standard iteration count: 458
                                   <<<  [OPTIMIZATION]
                                   <<<    SIMD(VL: 8)
                                   <<<    SOFTWARE PIPELINING(IPC: 0.31, ITR: 24, MVE: 2, POL: S)
                                   <<<    PREFETCH(HARD) Expected by compiler :
                                   <<<      cnvflg, sumx, wc
                                   <<< Loop-information  End >>>
            1325     1  pp    v            do i = 1, im
            1326     2   p    v              if(cnvflg(i)) then
            1327     3   p    v                if(sumx(i) == 0.) then
            1328     3   p    v                   cnvflg(i)=.false.
            1329     3   p    v                else
            1330     3   p    v                   wc(i) = wc(i) / sumx(i)
            1331     3   p    v                endif
            1332     2   p    v                val = 1.e-4
            1333     2   p    v                if (wc(i) < val) cnvflg(i)=.false.
            1334     2   p    v              endif
            1335     1   p    v            enddo
            1336                     
                                   <<< Loop-information Start >>>
                                   <<<  [PARALLELIZATION]
                                   <<<    Standard iteration count: 696
                                   <<<  [OPTIMIZATION]
                                   <<<    SIMD(VL: 8)
                                   <<<    SOFTWARE PIPELINING(IPC: 0.46, ITR: 64, MVE: 2, POL: S)
                                   <<<    PREFETCH(HARD) Expected by compiler :
                                   <<<      sumx, wbar, cnvflg
                                   <<< Loop-information  End >>>
            1337     1  pp   2v            do i = 1, im
            1338     2   p   2v              if(cnvflg(i) .and. sumx(i) > 0.) then
            1339     2   p   2v                   wbar(i) = wbar(i) / sumx(i)
            1340     2   p   2v              endif
            1341     1   p   2v            enddo
            1342                     ! compute mean cloud core fraction
            1343                     ! assume mean cloud core fraction to be the ratio of
            1344                     ! mean grid-scale vertical velocity (wbar) and mean updraft velocity
                                   <<< Loop-information Start >>>
                                   <<<  [PARALLELIZATION]
                                   <<<    Standard iteration count: 314
                                   <<<  [OPTIMIZATION]
                                   <<<    SIMD(VL: 8)
                                   <<<    SOFTWARE PIPELINING(IPC: 0.43, ITR: 40, MVE: 3, POL: S)
                                   <<<    PREFETCH(HARD) Expected by compiler :
                                   <<<      wbar, wc, cnvflg, clear
                                   <<< Loop-information  End >>>
            1345     1  pp    v            do i = 1,im
            1346     2   p    v              if (cnvflg(i)) then
            1347     2   p    v                tem = wbar(i) / wc(i)
            1348     2   p    v                tem = max(tem, 0.)
            1349     2   p    v                clear(i) = 1. - tem
            1350     2   p    v                clear(i) = max(min(clear(i), 1.0), 0.)
            1351     3   p    v                if (wbar(i).gt.0. .and. wbar(i).gt.wc(i)) then
            1352     3   p    v                  cnvflg(i) = .false.
            1353     3   p    v                endif
            1354     2   p    v              endif
            1355     1   p    v            enddo
            1356                     !
            1357                     ! exchange ktcon with ktcon1
            1358                     !
            1359                     !> - Swap the indices of the convective cloud top (ktcon) and the overshooting convection top (ktcon1) to use the same cloud top level in the calculations of \f$A^+\f$ and \f$A^*\f$.
                                   <<< Loop-information Start >>>
                                   <<<  [PARALLELIZATION]
                                   <<<    Standard iteration count: 728
                                   <<<  [OPTIMIZATION]
                                   <<<    SIMD(VL: 16)
                                   <<<    SOFTWARE PIPELINING(IPC: 2.12, ITR: 256, MVE: 3, POL: S)
                                   <<<    PREFETCH(HARD) Expected by compiler :
                                   <<<      ktcon, ktcon1, cnvflg
                                   <<< Loop-information  End >>>
            1360     1  pp   2v            do i = 1, im
            1361     2   p   2v              if(cnvflg(i)) then
            1362     2   p   2v                kk = ktcon(i)
            1363     2   p   2v                ktcon(i) = ktcon1(i)
            1364     2   p   2v                ktcon1(i) = kk
            1365     2   p   2v              endif
            1366     1   p   2v            enddo
            1367                     !
            1368                     !  this section is ready for cloud water
            1369                     !
            1370                     !> - Separate the total updraft cloud water at cloud top into vapor and condensate.
            1371     1                     if(ncloud > 0) then
            1372     1               !
            1373     1               !  compute liquid and vapor separation at cloud top
            1374     1               !
                                   <<< Loop-information Start >>>
                                   <<<  [PARALLELIZATION]
                                   <<<    Standard iteration count: 302
                                   <<<  [OPTIMIZATION]
                                   <<<    SIMD(VL: 8)
                                   <<<    SOFTWARE PIPELINING(IPC: 0.73, ITR: 80, MVE: 5, POL: S)
                                   <<<    PREFETCH(HARD) Expected by compiler :
                                   <<<      ktcon, cnvflg, qlko_ktcon
                                   <<< Loop-information  End >>>
            1375     2  pp    v            do i = 1, im
            1376     3   p    v              if(cnvflg(i)) then
            1377     3   p    v                k = ktcon(i) - 1
            1378     3   p    v                gamma = el2orc * qeso(i,k) / (to(i,k)**2)
            1379     3   p    v                qrch = qeso(i,k) &
            1380     3                              + gamma * dbyo(i,k) / (hvap * (1. + gamma))
            1381     3   p    v                dq = qcko(i,k) - qrch
            1382     3               !
            1383     3               !  check if there is excess moisture to release latent heat
            1384     3               !
            1385     4   p    v                if(dq > 0.) then
            1386     4   p    v                  qlko_ktcon(i) = dq
            1387     4   p    v                  qcko(i,k) = qrch
            1388     4   p    v                endif
            1389     3   p    v              endif
            1390     2   p    v            enddo
            1391     1                     endif
            1392                     !
            1393                     !ccccc if(lat.==.latd.and.lon.==.lond.and.cnvflg(i)) then
            1394                     !ccccc   print *, ' aa1(i) before dwndrft =', aa1(i)
            1395                     !ccccc endif
            1396                     !
            1397                     !c------- downdraft calculations
            1398                     !
            1399                     !c--- compute precipitation efficiency in terms of windshear
            1400                     !
            1401                     !> ## Perform calculations related to the downdraft of the entraining/detraining cloud model ("static control").
            1402                     !! - First, in order to calculate the downdraft mass flux (as a fraction of the updraft mass flux), calculate the wind shear and precipitation efficiency according to equation 58 in Fritsch and Chappell (1980) \cite fritsch_and_chappell_1980 :
            1403                     !! \f[
            1404                     !! E = 1.591 - 0.639\frac{\Delta V}{\Delta z} + 0.0953\left(\frac{\Delta V}{\Delta z}\right)^2 - 0.00496\left(\frac{\Delta V}{\Delta z}\right)^3
            1405                     !! \f]
            1406                     !! where \f$\Delta V\f$ is the integrated horizontal shear over the cloud depth, \f$\Delta z\f$, (the ratio is converted to units of \f$10^{-3} s^{-1}\f$). The variable "edto" is \f$1-E\f$ and is constrained to the range \f$[0,0.9]\f$.
                                   <<< Loop-information Start >>>
                                   <<<  [PARALLELIZATION]
                                   <<<    Standard iteration count: 1231
                                   <<<  [OPTIMIZATION]
                                   <<<    SIMD(VL: 8)
                                   <<<    SOFTWARE PIPELINING(IPC: 2.50, ITR: 144, MVE: 4, POL: S)
                                   <<<    PREFETCH(HARD) Expected by compiler :
                                   <<<      vshear, cnvflg
                                   <<< Loop-information  End >>>
            1407     1  pp   2v            do i = 1, im
            1408     2   p   2v              if(cnvflg(i)) then
            1409     2   p   2v                vshear(i) = 0.
            1410     2   p   2v              endif
            1411     1   p   2v            enddo
                                   <<< Loop-information Start >>>
                                   <<<  [OPTIMIZATION]
                                   <<<    PREFETCH(HARD) Expected by compiler :
                                   <<<      cnvflg, kb, ktcon, uo, vo, vshear
                                   <<< Loop-information  End >>>
            1412     1                     do k = 2, km
                                   <<< Loop-information Start >>>
                                   <<<  [PARALLELIZATION]
                                   <<<    Standard iteration count: 334
                                   <<<  [OPTIMIZATION]
                                   <<<    SIMD(VL: 8)
                                   <<<    SOFTWARE PIPELINING(IPC: 0.65, ITR: 48, MVE: 3, POL: S)
                                   <<<    PREFETCH(HARD) Expected by compiler :
                                   <<<      vo, ktcon, vshear, cnvflg, uo, kb
                                   <<< Loop-information  End >>>
            1413     2  pp    v              do i = 1, im
            1414     3   p    v                if (cnvflg(i)) then
            1415     4   p    v                  if(k > kb(i) .and. k <= ktcon(i)) then
            1416     4   p    v                    shear= sqrt((uo(i,k)-uo(i,k-1)) ** 2 &
            1417     4                                       + (vo(i,k)-vo(i,k-1)) ** 2)
            1418     4   p    v                    vshear(i) = vshear(i) + shear
            1419     4   p    v                  endif
            1420     3   p    v                endif
            1421     2   p    v              enddo
            1422     1                     enddo
                                   <<< Loop-information Start >>>
                                   <<<  [PARALLELIZATION]
                                   <<<    Standard iteration count: 206
                                   <<<  [OPTIMIZATION]
                                   <<<    PREFETCH(HARD) Expected by compiler :
                                   <<<      cnvflg
                                   <<< Loop-information  End >>>
            1423     1  pp    s            do i = 1, im
            1424     2   p    m              if(cnvflg(i)) then
            1425     2   p    s                vshear(i) = 1.e3 * vshear(i) / (zi(i,ktcon(i))-zi(i,kb(i)))
            1426     2   p    s                e1=1.591-.639*vshear(i) &
            1427     2                            +.0953*(vshear(i)**2)-.00496*(vshear(i)**3)
            1428     2   p    s                edt(i)=1.-e1
            1429     2   p    s                val =         .9
            1430     2   p    s                edt(i) = min(edt(i),val)
            1431     2   p    s                val =         .0
            1432     2   p    s                edt(i) = max(edt(i),val)
            1433     2   p    s                edto(i)=edt(i)
            1434     2   p    s                edtx(i)=edt(i)
            1435     2   p    v              endif
            1436     1   p    v            enddo
            1437                     !
            1438                     !  determine detrainment rate between 1 and kbcon
            1439                     !
            1440                     !> - Next, calculate the variable detrainment rate between the surface and the LFC according to:
            1441                     !! \f[
            1442                     !! \lambda_d = \frac{1-\beta^{\frac{1}{k_{LFC}}}}{\overline{\Delta z}}
            1443                     !! \f]
            1444                     !! \f$\lambda_d\f$ is the detrainment rate, \f$\beta\f$ is a constant currently set to 0.05, implying that only 5% of downdraft mass flux at LFC reaches the ground surface due to detrainment, \f$k_{LFC}\f$ is the vertical index of the LFC level, and \f$\o
                                   <<< Loop-information Start >>>
                                   <<<  [PARALLELIZATION]
                                   <<<    Standard iteration count: 1231
                                   <<<  [OPTIMIZATION]
                                   <<<    SIMD(VL: 8)
                                   <<<    SOFTWARE PIPELINING(IPC: 2.50, ITR: 144, MVE: 4, POL: S)
                                   <<<    PREFETCH(HARD) Expected by compiler :
                                   <<<      sumx, cnvflg
                                   <<< Loop-information  End >>>
            1445     1  pp   2v            do i = 1, im
            1446     2   p   2v              if(cnvflg(i)) then
            1447     2   p   2v                sumx(i) = 0.
            1448     2   p   2v              endif
            1449     1   p   2v            enddo
                                   <<< Loop-information Start >>>
                                   <<<  [OPTIMIZATION]
                                   <<<    PREFETCH(HARD) Expected by compiler :
                                   <<<      cnvflg, kbcon, zi, sumx
                                   <<< Loop-information  End >>>
            1450     1                     do k = 1, km1
                                   <<< Loop-information Start >>>
                                   <<<  [PARALLELIZATION]
                                   <<<    Standard iteration count: 485
                                   <<<  [OPTIMIZATION]
                                   <<<    SIMD(VL: 8)
                                   <<<    SOFTWARE PIPELINING(IPC: 0.70, ITR: 32, MVE: 2, POL: S)
                                   <<<    PREFETCH(HARD) Expected by compiler :
                                   <<<      kbcon, cnvflg, sumx, zi
                                   <<< Loop-information  End >>>
            1451     2  pp    v            do i = 1, im
            1452     3   p    v              if(cnvflg(i)) then
            1453     4   p    v                if(k >= 1 .and. k < kbcon(i)) then
            1454     4   p    v                  dz = zi(i,k+1) - zi(i,k)
            1455     4   p    v                  sumx(i) = sumx(i) + dz
            1456     4   p    v                endif
            1457     3   p    v              endif
            1458     2   p    v            enddo
            1459     1                     enddo
                                   <<< Loop-information Start >>>
                                   <<<  [PARALLELIZATION]
                                   <<<    Standard iteration count: 40
                                   <<<  [OPTIMIZATION]
                                   <<<    SIMD(VL: 8)
                                   <<<    PREFETCH(HARD) Expected by compiler :
                                   <<<      cnvflg, kbcon, zi, sumx, xlamd
                                   <<< Loop-information  End >>>
            1460     1  pp    v            do i = 1, im
            1461     1   p    v              beta = betas
            1462     1   p    v              if(islimsk(i) == 1) beta = betal
            1463     2   p    v              if(cnvflg(i)) then
            1464     2   p    v                dz  = (sumx(i)+zi(i,1))/float(kbcon(i))
            1465     2   p    v                tem = 1./float(kbcon(i))
            1466     2   p    v                xlamd(i) = (1.-beta**tem)/dz
            1467     2   p    v              endif
            1468     1   p    v            enddo
            1469                     !
            1470                     !  determine downdraft mass flux
            1471                     !
            1472                     !> - Calculate the normalized downdraft mass flux from equation 1 of Pan and Wu (1995) \cite pan_and_wu_1995 . Downdraft entrainment and detrainment rates are constants from the downdraft origination to the LFC.
                                   <<< Loop-information Start >>>
                                   <<<  [OPTIMIZATION]
                                   <<<    PREFETCH(HARD) Expected by compiler :
                                   <<<      cnvflg, kmax, jmin, kbcon, xlamd, zi
                                   <<<      etad
                                   <<< Loop-information  End >>>
            1473     1                     do k = km1, 1, -1
                                   <<< Loop-information Start >>>
                                   <<<  [PARALLELIZATION]
                                   <<<    Standard iteration count: 263
                                   <<<  [OPTIMIZATION]
                                   <<<    SIMD(VL: 8)
                                   <<<    SOFTWARE PIPELINING(IPC: 0.50, ITR: 24, MVE: 2, POL: S)
                                   <<<    PREFETCH(HARD) Expected by compiler :
                                   <<<      kbcon, cnvflg, xlamd, kmax, zi, jmin
                                   <<<      etad
                                   <<< Loop-information  End >>>
            1474     2  pp    v              do i = 1, im
            1475     3   p    v                if (cnvflg(i) .and. k <= kmax(i)-1) then
            1476     4   p    v                 if(k < jmin(i) .and. k >= kbcon(i)) then
            1477     4   p    v                    dz        = zi(i,k+1) - zi(i,k)
            1478     4   p    v                    ptem      = xlamdd - xlamde
            1479     4   p    v                    etad(i,k) = etad(i,k+1) * (1. - ptem * dz)
            1480     4   p    v                 else if(k < kbcon(i)) then
            1481     4   p    v                    dz        = zi(i,k+1) - zi(i,k)
            1482     4   p    v                    ptem      = xlamd(i) + xlamdd - xlamde
            1483     4   p    v                    etad(i,k) = etad(i,k+1) * (1. - ptem * dz)
            1484     4   p    v                 endif
            1485     3   p    v                endif
            1486     2   p    v              enddo
            1487     1                     enddo
            1488                     !
            1489                     !c--- downdraft moisture properties
            1490                     !
            1491                     !> - Set initial cloud downdraft properties equal to the state variables at the downdraft origination level.
                                   <<< Loop-information Start >>>
                                   <<<  [PARALLELIZATION]
                                   <<<    Standard iteration count: 327
                                   <<<  [OPTIMIZATION]
                                   <<<    PREFETCH(HARD) Expected by compiler :
                                   <<<      cnvflg
                                   <<< Loop-information  End >>>
            1492     1  pp    s            do i = 1, im
            1493     2   p    m              if(cnvflg(i)) then
            1494     2   p    s                jmn = jmin(i)
            1495     2   p    s                hcdo(i,jmn) = heo(i,jmn)
            1496     2   p    s                qcdo(i,jmn) = qo(i,jmn)
            1497     2   p    s                qrcdo(i,jmn)= qo(i,jmn)
            1498     2   p    s                ucdo(i,jmn) = uo(i,jmn)
            1499     2   p    s                vcdo(i,jmn) = vo(i,jmn)
            1500     2   p    s                pwevo(i) = 0.
            1501     2   p    v              endif
            1502     1   p    v            enddo
            1503                     !cj
            1504                     !> - Calculate the cloud properties as a parcel descends, modified by entrainment and detrainment. Discretization follows Appendix B of Grell (1993) \cite grell_1993 .
            1505     1                     do k = km1, 1, -1
                                   <<< Loop-information Start >>>
                                   <<<  [PARALLELIZATION]
                                   <<<    Standard iteration count: 137
                                   <<<  [OPTIMIZATION]
                                   <<<    SIMD(VL: 8)
                                   <<<    SOFTWARE PIPELINING(IPC: 0.90, ITR: 32, MVE: 2, POL: S)
                                   <<<    PREFETCH(HARD) Expected by compiler :
                                   <<<      heo, jmin, uo, zi, ucdo, kbcon, vo
                                   <<<      xlamd, vcdo, cnvflg
                                   <<<    PREFETCH(SOFT) : 16
                                   <<<     SEQUENTIAL : 16
                                   <<<      hcdo: 8, heso: 4, dbyo: 4
                                   <<<    SPILLS :
                                   <<<      GENERAL   : SPILL 0  FILL 4
                                   <<<      SIMD&FP   : SPILL 0  FILL 0
                                   <<<      SCALABLE  : SPILL 0  FILL 0
                                   <<<      PREDICATE : SPILL 0  FILL 0
                                   <<< Loop-information  End >>>
            1506     2  pp    v              do i = 1, im
            1507     3   p    v                if (cnvflg(i) .and. k < jmin(i)) then
            1508     3   p    v                    dz = zi(i,k+1) - zi(i,k)
            1509     4   p    v                    if(k >= kbcon(i)) then
            1510     4   p    v                       tem  = xlamde * dz
            1511     4   p    v                       tem1 = 0.5 * xlamdd * dz
            1512     4   p    v                    else
            1513     4   p    v                       tem  = xlamde * dz
            1514     4   p    v                       tem1 = 0.5 * (xlamd(i)+xlamdd) * dz
            1515     4   p    v                    endif
            1516     3   p    v                    factor = 1. + tem - tem1
            1517     3   p    v                    hcdo(i,k) = ((1.-tem1)*hcdo(i,k+1)+tem*0.5* &
            1518     3                                          (heo(i,k)+heo(i,k+1)))/factor
            1519     3   p    v                    dbyo(i,k) = hcdo(i,k) - heso(i,k)
            1520     3               !
            1521     3   p    v                    tem  = 0.5 * cm * tem
            1522     3   p    v                    factor = 1. + tem
            1523     3   p    v                    ptem = tem - pgcon
            1524     3   p    v                    ptem1= tem + pgcon
            1525     3   p    v                    ucdo(i,k) = ((1.-tem)*ucdo(i,k+1)+ptem*uo(i,k+1) &
            1526     3                                          +ptem1*uo(i,k))/factor
            1527     3   p    v                    vcdo(i,k) = ((1.-tem)*vcdo(i,k+1)+ptem*vo(i,k+1) &
            1528     3                                          +ptem1*vo(i,k))/factor
            1529     3   p    v                endif
            1530     2   p    v              enddo
            1531     1                     enddo
            1532                     !
            1533                     !> - Compute the amount of moisture that is necessary to keep the downdraft saturated.
            1534     1                     do k = km1, 1, -1
                                   <<< Loop-information Start >>>
                                   <<<  [PARALLELIZATION]
                                   <<<    Standard iteration count: 154
                                   <<<  [OPTIMIZATION]
                                   <<<    SIMD(VL: 8)
                                   <<<    SOFTWARE PIPELINING(IPC: 0.75, ITR: 40, MVE: 3, POL: S)
                                   <<<    PREFETCH(HARD) Expected by compiler :
                                   <<<      kbcon, cnvflg, dbyo, jmin, xlamd, to, zi
                                   <<<      etad, qeso, pwevo, qo, qrcdo, pwdo
                                   <<<    PREFETCH(SOFT) : 6
                                   <<<     SEQUENTIAL : 6
                                   <<<      qcdo: 6
                                   <<< Loop-information  End >>>
            1535     2  pp    v              do i = 1, im
            1536     3   p    v                if (cnvflg(i) .and. k < jmin(i)) then
            1537     3   p    v                    gamma      = el2orc * qeso(i,k) / (to(i,k)**2)
            1538     3   p    v                    qrcdo(i,k) = qeso(i,k)+ &
            1539     3                                     (1./hvap)*(gamma/(1.+gamma))*dbyo(i,k)
            1540     3               !             detad      = etad(i,k+1) - etad(i,k)
            1541     3               !cj
            1542     3   p    v                    dz = zi(i,k+1) - zi(i,k)
            1543     4   p    v                    if(k >= kbcon(i)) then
            1544     4   p    v                       tem  = xlamde * dz
            1545     4   p    v                       tem1 = 0.5 * xlamdd * dz
            1546     4   p    v                    else
            1547     4   p    v                       tem  = xlamde * dz
            1548     4   p    v                       tem1 = 0.5 * (xlamd(i)+xlamdd) * dz
            1549     4   p    v                    endif
            1550     3   p    v                    factor = 1. + tem - tem1
            1551     3   p    v                    qcdo(i,k) = ((1.-tem1)*qrcdo(i,k+1)+tem*0.5* &
            1552     3                                          (qo(i,k)+qo(i,k+1)))/factor
            1553     3               !cj
            1554     3               !             pwdo(i,k)  = etad(i,k+1) * qcdo(i,k+1) -
            1555     3               !    &                     etad(i,k) * qrcdo(i,k)
            1556     3               !             pwdo(i,k)  = pwdo(i,k) - detad *
            1557     3               !    &                    .5 * (qrcdo(i,k) + qrcdo(i,k+1))
            1558     3               !cj
            1559     3   p    v                    pwdo(i,k)  = etad(i,k) * (qcdo(i,k) - qrcdo(i,k))
            1560     3   p    v                    pwevo(i)   = pwevo(i) + pwdo(i,k)
            1561     3   p    v                endif
            1562     2   p    v              enddo
            1563     1                     enddo
            1564                     !
            1565                     !c--- final downdraft strength dependent on precip
            1566                     !c--- efficiency (edt), normalized condensate (pwav), and
            1567                     !c--- evaporate (pwev)
            1568                     !
            1569                     !> - Update the precipitation efficiency (edto) based on the ratio of normalized cloud condensate (pwavo) to normalized cloud evaporate (pwevo).
                                   <<< Loop-information Start >>>
                                   <<<  [PARALLELIZATION]
                                   <<<    Standard iteration count: 341
                                   <<<  [OPTIMIZATION]
                                   <<<    SIMD(VL: 8)
                                   <<<    SOFTWARE PIPELINING(IPC: 0.51, ITR: 32, MVE: 2, POL: S)
                                   <<<    PREFETCH(HARD) Expected by compiler :
                                   <<<      edto, cnvflg, pwavo, pwevo
                                   <<< Loop-information  End >>>
            1570     1  pp    v            do i = 1, im
            1571     1   p    v              edtmax = edtmaxl
            1572     1   p    v              if(islimsk(i) == 0) edtmax = edtmaxs
            1573     2   p    v              if(cnvflg(i)) then
            1574     3   p    v                if(pwevo(i) < 0.) then
            1575     3   p    v                  edto(i) = -edto(i) * pwavo(i) / pwevo(i)
            1576     3   p    v                  edto(i) = min(edto(i),edtmax)
            1577     3   p    v                else
            1578     3   p    v                  edto(i) = 0.
            1579     3   p    v                endif
            1580     2   p    v              endif
            1581     1   p    v            enddo
            1582                     !
            1583                     !c--- downdraft cloudwork functions
            1584                     !
            1585                     !> - Calculate downdraft cloud work function (\f$A_d\f$) according to equation A.42 (discretized by B.11) in Grell (1993) \cite grell_1993 . Add it to the updraft cloud work function, \f$A_u\f$.
                                   <<< Loop-information Start >>>
                                   <<<  [OPTIMIZATION]
                                   <<<    PREFETCH(HARD) Expected by compiler :
                                   <<<      cnvflg, jmin, to, qeso, zo, heso, hcdo
                                   <<<      edto, qo, aa1
                                   <<< Loop-information  End >>>
            1586     1                     do k = km1, 1, -1
                                   <<< Loop-information Start >>>
                                   <<<  [PARALLELIZATION]
                                   <<<    Standard iteration count: 191
                                   <<<  [OPTIMIZATION]
                                   <<<    SIMD(VL: 8)
                                   <<<    SOFTWARE PIPELINING(IPC: 1.06, ITR: 64, MVE: 4, POL: S)
                                   <<<    PREFETCH(HARD) Expected by compiler :
                                   <<<      qo, zo, jmin, aa1, to, qeso, cnvflg
                                   <<<      heso, hcdo, edto
                                   <<< Loop-information  End >>>
            1587     2  pp    v              do i = 1, im
            1588     3   p    v                if (cnvflg(i) .and. k < jmin(i)) then
            1589     3   p    v                    gamma = el2orc * qeso(i,k) / to(i,k)**2
            1590     3   p    v                    dhh=hcdo(i,k)
            1591     3   p    v                    dt=to(i,k)
            1592     3   p    v                    dg=gamma
            1593     3   p    v                    dh=heso(i,k)
            1594     3   p    v                    dz=-1.*(zo(i,k+1)-zo(i,k))
            1595     3               !             aa1(i)=aa1(i)+edto(i)*dz*etad(i,k)
            1596     3   p    v                    aa1(i)=aa1(i)+edto(i)*dz &
            1597     3                                    *(g/(cp*dt))*((dhh-dh)/(1.+dg)) &
            1598     3                                    *(1.+delta*cp*dg*dt/hvap)
            1599     3   p    v                    val=0.
            1600     3               !             aa1(i)=aa1(i)+edto(i)*dz*etad(i,k)
            1601     3   p    v                    aa1(i)=aa1(i)+edto(i)*dz &
            1602     3                                    *g*delta*max(val,(qeso(i,k)-qo(i,k)))
            1603     3   p    v                endif
            1604     2   p    v              enddo
            1605     1                     enddo
            1606                     !> - Check for negative total cloud work function; if found, return to calling routine without modifying state variables.
                                   <<< Loop-information Start >>>
                                   <<<  [PARALLELIZATION]
                                   <<<    Standard iteration count: 1000
                                   <<<  [OPTIMIZATION]
                                   <<<    SIMD(VL: 8)
                                   <<<    SOFTWARE PIPELINING(IPC: 1.55, ITR: 128, MVE: 5, POL: S)
                                   <<<    PREFETCH(HARD) Expected by compiler :
                                   <<<      cnvflg, aa1
                                   <<< Loop-information  End >>>
            1607     1  pp   2v            do i = 1, im
            1608     2   p   2v              if(cnvflg(i) .and. aa1(i) <= 0.) then
            1609     2   p   2v                 cnvflg(i) = .false.
            1610     2   p   2v              endif
            1611     1   p   2v            enddo
            1612                     !!
            1613                           totflg = .true.
                                   <<< Loop-information Start >>>
                                   <<<  [PARALLELIZATION]
                                   <<<    Standard iteration count: 1600
                                   <<<  [OPTIMIZATION]
                                   <<<    SIMD(VL: 16)
                                   <<< Loop-information  End >>>
            1614     1  pp    v            do i=1,im
            1615     1   p    v              totflg = totflg .and. (.not. cnvflg(i))
            1616     1   p    v            enddo
            1617                           if(totflg) return
            1618                     !!
            1619                     !
            1620                     !c--- what would the change be, that a cloud with unit mass
            1621                     !c--- will do to the environment?
            1622                     !
            1623                     !> - Calculate the change in moist static energy, moisture mixing ratio, and horizontal winds per unit cloud base mass flux near the surface using equations B.18 and B.19 from Grell (1993) \cite grell_1993, for all layers below cloud top from equations B.
                                   <<< Loop-information Start >>>
                                   <<<  [PARALLELIZATION]
                                   <<<    Standard iteration count: 3
                                   <<<  [OPTIMIZATION]
                                   <<<    PREFETCH(HARD) Expected by compiler :
                                   <<<      cnvflg, kmax, dellah, dellaq, dellau
                                   <<<      dellav
                                   <<< Loop-information  End >>>
            1624     1  pp                 do k = 1, km
                                   <<< Loop-information Start >>>
                                   <<<  [OPTIMIZATION]
                                   <<<    SIMD(VL: 8)
                                   <<<    SOFTWARE PIPELINING(IPC: 0.83, ITR: 32, MVE: 2, POL: S)
                                   <<<    PREFETCH(HARD) Expected by compiler :
                                   <<<      cnvflg, kmax, dellah, dellaq, dellau
                                   <<<      dellav
                                   <<< Loop-information  End >>>
            1625     2   p    v              do i = 1, im
            1626     3   p    v                if(cnvflg(i) .and. k <= kmax(i)) then
            1627     3   p    v                  dellah(i,k) = 0.
            1628     3   p    v                  dellaq(i,k) = 0.
            1629     3   p    v                  dellau(i,k) = 0.
            1630     3   p    v                  dellav(i,k) = 0.
            1631     3   p    v                endif
            1632     2   p    v              enddo
            1633     1   p                 enddo
                                   <<< Loop-information Start >>>
                                   <<<  [PARALLELIZATION]
                                   <<<    Standard iteration count: 189
                                   <<<  [OPTIMIZATION]
                                   <<<    SIMD(VL: 8)
                                   <<<    SOFTWARE PIPELINING(IPC: 0.69, ITR: 24, MVE: 2, POL: S)
                                   <<<    PREFETCH(HARD) Expected by compiler :
                                   <<<      cnvflg, ucdo, uo, vcdo, vo, etad, edto
                                   <<<      del, dellah, hcdo, heo, qrcdo, qo
                                   <<<      dellaq, dellau, dellav
                                   <<< Loop-information  End >>>
            1634     1  pp    v            do i = 1, im
            1635     2   p    v              if(cnvflg(i)) then
            1636     2   p    v                dp = 1000. * del(i,1)
            1637     2   p    v                dellah(i,1) = edto(i) * etad(i,1) * (hcdo(i,1) &
            1638     2                                        - heo(i,1)) * g / dp
            1639     2   p    v                dellaq(i,1) = edto(i) * etad(i,1) * (qrcdo(i,1) &
            1640     2                                        - qo(i,1)) * g / dp
            1641     2   p    v                dellau(i,1) = edto(i) * etad(i,1) * (ucdo(i,1) &
            1642     2                                        - uo(i,1)) * g / dp
            1643     2   p    v                dellav(i,1) = edto(i) * etad(i,1) * (vcdo(i,1) &
            1644     2                                        - vo(i,1)) * g / dp
            1645     2   p    v              endif
            1646     1   p    v            enddo
            1647                     !
            1648                     !c--- changed due to subsidence and entrainment
            1649                     !
                                   <<< Loop-information Start >>>
                                   <<<  [PARALLELIZATION]
                                   <<<    Standard iteration count: 2
                                   <<< Loop-information  End >>>
            1650     1  pp                 do k = 2, km1
                                   <<< Loop-information Start >>>
                                   <<<  [OPTIMIZATION]
                                   <<<    SIMD(VL: 8)
                                   <<<    PREFETCH(HARD) Expected by compiler :
                                   <<<      cnvflg, ktcon, kbcon, kb, xlamud, zi
                                   <<<      qcko, jmin, etad, qrcko, eta, edto, qo
                                   <<<      xlamue
                                   <<<    PREFETCH(SOFT) : 60
                                   <<<     SEQUENTIAL : 60
                                   <<<      xlamd: 2, xlamue: 2, etad: 2, qo: 2
                                   <<<      eta: 2, qcdo: 2, qrcdo: 2, del: 2
                                   <<<      dellaq: 2, hcko: 4, heo: 4, hcdo: 4
                                   <<<      dellah: 2, ucko: 4, uo: 4, ucdo: 4
                                   <<<      dellau: 2, vcko: 4, vo: 4, vcdo: 4
                                   <<<      dellav: 2
                                   <<<    SPILLS :
                                   <<<      GENERAL   : SPILL 0  FILL 22
                                   <<<      SIMD&FP   : SPILL 0  FILL 0
                                   <<<      SCALABLE  : SPILL 0  FILL 0
                                   <<<      PREDICATE : SPILL 0  FILL 0
                                   <<< Loop-information  End >>>
            1651     2   p    v              do i = 1, im
            1652     3   p    v                if (cnvflg(i) .and. k < ktcon(i)) then
            1653     3   p    v                    aup = 1.
            1654     3   p    v                    if(k <= kb(i)) aup = 0.
            1655     3   p    v                    adw = 1.
            1656     3   p    v                    if(k > jmin(i)) adw = 0.
            1657     3   p    v                    dp = 1000. * del(i,k)
            1658     3   p    v                    dz = zi(i,k) - zi(i,k-1)
            1659     3               !
            1660     3   p    v                    dv1h = heo(i,k)
            1661     3   p    v                    dv2h = .5 * (heo(i,k) + heo(i,k-1))
            1662     3   p    v                    dv3h = heo(i,k-1)
            1663     3   p    v                    dv1q = qo(i,k)
            1664     3   p    v                    dv2q = .5 * (qo(i,k) + qo(i,k-1))
            1665     3   p    v                    dv3q = qo(i,k-1)
            1666     3               !
            1667     3   p    v                    tem  = 0.5 * (xlamue(i,k)+xlamue(i,k-1))
            1668     3   p    v                    tem1 = 0.5 * (xlamud(i,k)+xlamud(i,k-1))
            1669     3               !
            1670     4   p    v                    if(k <= kbcon(i)) then
            1671     4   p    v                      ptem  = xlamde
            1672     4   p    v                      ptem1 = xlamd(i)+xlamdd
            1673     4   p    v                    else
            1674     4   p    v                      ptem  = xlamde
            1675     4   p    v                      ptem1 = xlamdd
            1676     4   p    v                    endif
            1677     3               !cj
            1678     3   p    v                    dellah(i,k) = dellah(i,k) + &
            1679     3                          ((aup*eta(i,k)-adw*edto(i)*etad(i,k))*dv1h &
            1680     3                         - (aup*eta(i,k-1)-adw*edto(i)*etad(i,k-1))*dv3h &
            1681     3                         - (aup*tem*eta(i,k-1)+adw*edto(i)*ptem*etad(i,k))*dv2h*dz &
            1682     3                         +  aup*tem1*eta(i,k-1)*.5*(hcko(i,k)+hcko(i,k-1))*dz &
            1683     3                         +  adw*edto(i)*ptem1*etad(i,k)*.5*(hcdo(i,k)+hcdo(i,k-1))*dz &
            1684     3                              ) *g/dp
            1685     3               !cj
            1686     3   p    v                    dellaq(i,k) = dellaq(i,k) + &
            1687     3                          ((aup*eta(i,k)-adw*edto(i)*etad(i,k))*dv1q &
            1688     3                         - (aup*eta(i,k-1)-adw*edto(i)*etad(i,k-1))*dv3q &
            1689     3                         - (aup*tem*eta(i,k-1)+adw*edto(i)*ptem*etad(i,k))*dv2q*dz &
            1690     3                         +  aup*tem1*eta(i,k-1)*.5*(qrcko(i,k)+qcko(i,k-1))*dz &
            1691     3                         +  adw*edto(i)*ptem1*etad(i,k)*.5*(qrcdo(i,k)+qcdo(i,k-1))*dz &
            1692     3                              ) *g/dp
            1693     3               !cj
            1694     3   p    v                    tem1=eta(i,k)*(uo(i,k)-ucko(i,k))
            1695     3   p    v                    tem2=eta(i,k-1)*(uo(i,k-1)-ucko(i,k-1))
            1696     3   p    v                    ptem1=etad(i,k)*(uo(i,k)-ucdo(i,k))
            1697     3   p    v                    ptem2=etad(i,k-1)*(uo(i,k-1)-ucdo(i,k-1))
            1698     3   p    v                    dellau(i,k) = dellau(i,k) + &
            1699     3                                (aup*(tem1-tem2)-adw*edto(i)*(ptem1-ptem2))*g/dp
            1700     3               !cj
            1701     3   p    v                    tem1=eta(i,k)*(vo(i,k)-vcko(i,k))
            1702     3   p    v                    tem2=eta(i,k-1)*(vo(i,k-1)-vcko(i,k-1))
            1703     3   p    v                    ptem1=etad(i,k)*(vo(i,k)-vcdo(i,k))
            1704     3   p    v                    ptem2=etad(i,k-1)*(vo(i,k-1)-vcdo(i,k-1))
            1705     3   p    v                    dellav(i,k) = dellav(i,k) + &
            1706     3                                (aup*(tem1-tem2)-adw*edto(i)*(ptem1-ptem2))*g/dp
            1707     3               !cj
            1708     3   p    v                endif
            1709     2   p    v              enddo
            1710     1   p                 enddo
            1711                     !
            1712                     !c------- cloud top
            1713                     !
                                   <<< Loop-information Start >>>
                                   <<<  [PARALLELIZATION]
                                   <<<    Standard iteration count: 159
                                   <<<  [OPTIMIZATION]
                                   <<<    PREFETCH(HARD) Expected by compiler :
                                   <<<      cnvflg
                                   <<< Loop-information  End >>>
            1714     1  pp    s            do i = 1, im
            1715     2   p    m              if(cnvflg(i)) then
            1716     2   p    s                indx = ktcon(i)
            1717     2   p    s                dp = 1000. * del(i,indx)
            1718     2   p    s                dv1h = heo(i,indx-1)
            1719     2   p    s                dellah(i,indx) = eta(i,indx-1) * &
            1720     2                                          (hcko(i,indx-1) - dv1h) * g / dp
            1721     2   p    s                dv1q = qo(i,indx-1)
            1722     2   p    s                dellaq(i,indx) = eta(i,indx-1) * &
            1723     2                                          (qcko(i,indx-1) - dv1q) * g / dp
            1724     2   p    s                dellau(i,indx) = eta(i,indx-1) * &
            1725     2                                  (ucko(i,indx-1) - uo(i,indx-1)) * g / dp
            1726     2   p    s                dellav(i,indx) = eta(i,indx-1) * &
            1727     2                                  (vcko(i,indx-1) - vo(i,indx-1)) * g / dp
            1728     2               !
            1729     2               !  cloud water
            1730     2               !
            1731     2   p    s                dellal(i,indx) = eta(i,indx-1) * &
            1732     2                                          qlko_ktcon(i) * g / dp
            1733     2   p    v              endif
            1734     1   p    v            enddo
            1735                     !
            1736                     !c------- final changed variable per unit mass flux
            1737                     !
            1738                     !> - If grid size is less than a threshold value (dxcrtas: currently 8km), the quasi-equilibrium assumption of Arakawa-Schubert is not used any longer.
            1739                     !
                                   <<< Loop-information Start >>>
                                   <<<  [PARALLELIZATION]
                                   <<<    Standard iteration count: 843
                                   <<<  [OPTIMIZATION]
                                   <<<    SIMD(VL: 8)
                                   <<<    SOFTWARE PIPELINING(IPC: 1.88, ITR: 112, MVE: 4, POL: S)
                                   <<<    PREFETCH(HARD) Expected by compiler :
                                   <<<      cnvflg, gdx, asqecflg
                                   <<< Loop-information  End >>>
            1740     1  pp   2v            do i = 1, im
            1741     1   p   2v               asqecflg(i) = cnvflg(i)
            1742     2   p   2v               if(asqecflg(i) .and. gdx(i) < dxcrtas) then
            1743     2   p   2v                  asqecflg(i) = .false.
            1744     2   p   2v               endif
            1745     1   p   2v            enddo
            1746                     !
            1747                     !> - If grid size is larger than the threshold value (i.e., asqecflg=.true.), the quasi-equilibrium assumption is used to obtain the cloud base mass flux. To begin with, calculate the change in the temperature and moisture profiles per unit cloud base mas
                                   <<< Loop-information Start >>>
                                   <<<  [PARALLELIZATION]
                                   <<<    Standard iteration count: 2
                                   <<<  [OPTIMIZATION]
                                   <<<    PREFETCH(HARD) Expected by compiler :
                                   <<<      asqecflg, kmax, ktcon, q1, mbdt, t1
                                   <<<      dellaq, dellah, qo, to
                                   <<< Loop-information  End >>>
            1748     1  pp                 do k = 1, km
                                   <<< Loop-information Start >>>
                                   <<<  [OPTIMIZATION]
                                   <<<    SIMD(VL: 8)
                                   <<<    SOFTWARE PIPELINING(IPC: 0.94, ITR: 32, MVE: 2, POL: S)
                                   <<<    PREFETCH(HARD) Expected by compiler :
                                   <<<      mbdt, dellaq, dellah, q1, ktcon
                                   <<<      asqecflg, t1, kmax, qo, to
                                   <<< Loop-information  End >>>
            1749     2   p    v              do i = 1, im
            1750     3   p    v                if (asqecflg(i) .and. k <= kmax(i)) then
            1751     4   p    v                  if(k > ktcon(i)) then
            1752     4   p    v                    qo(i,k) = q1(i,k)
            1753     4   p    v                    to(i,k) = t1(i,k)
            1754     4   p    v                  endif
            1755     4   p    v                  if(k <= ktcon(i)) then
            1756     4   p    v                    qo(i,k) = dellaq(i,k) * mbdt(i) + q1(i,k)
            1757     4   p    v                    dellat = (dellah(i,k) - hvap * dellaq(i,k)) / cp
            1758     4   p    v                    to(i,k) = dellat * mbdt(i) + t1(i,k)
            1759     4   p    v                    val   =           1.e-10
            1760     4   p    v                    qo(i,k) = max(qo(i,k), val  )
            1761     4   p    v                  endif
            1762     3   p    v                endif
            1763     2   p    v              enddo
            1764     1   p                 enddo
            1765                     !c!!!!!!!!!!!!!!!!!!!!!!!!!!!!!!!!!!!!!!!!!!!!!!!!!!!!!!!!!!!!!!!!!!!!
            1766                     !
            1767                     !c--- the above changed environment is now used to calulate the
            1768                     !c--- effect the arbitrary cloud (with unit mass flux)
            1769                     !c--- would have on the stability,
            1770                     !c--- which then is used to calculate the real mass flux,
            1771                     !c--- necessary to keep this change in balance with the large-scale
            1772                     !c--- destabilization.
            1773                     !
            1774                     !c--- environmental conditions again, first heights
            1775                     !
            1776                     !> ## Using the updated temperature and moisture profiles that were modified by the convection on a short time-scale, recalculate the total cloud work function to determine the change in the cloud work function due to convection, or the stabilizing effect
            1777                     !! - Using notation from Pan and Wu (1995) \cite pan_and_wu_1995, the previously calculated cloud work function is denoted by \f$A^+\f$. Now, it is necessary to use the entraining/detraining cloud model ("static control") to determine the cloud work funct
            1778                     !! - Recalculate saturation specific humidity.
            1779     1                     do k = 1, km
                                   <<< Loop-information Start >>>
                                   <<<  [OPTIMIZATION]
                                   <<<    PREFETCH(HARD) Expected by compiler :
                                   <<<      asqecflg
                                   <<< Loop-information  End >>>
            1780     2   s    s              do i = 1, im
            1781     3   p    v                if(asqecflg(i) .and. k <= kmax(i)) then
            1782     3   m    m                  qeso(i,k) = 0.01 * fpvs(to(i,k))      ! fpvs is in pa
            1783     3               !byl            call qsatq_cwb(1,to(i,k),pfld(i,k),qeso(i,k))
            1784     3   p    v                  qeso(i,k) = eps * qeso(i,k) / (pfld(i,k)+epsm1*qeso(i,k))
            1785     3   p    v                  val       =             1.e-8
            1786     3   p    v                  qeso(i,k) = max(qeso(i,k), val )
            1787     3               !           tvo(i,k)  = to(i,k) + delta * to(i,k) * qo(i,k)
            1788     3   p    v                endif
            1789     2   p    m              enddo
            1790     1                     enddo
            1791                     !
            1792                     !c--- moist static energy
            1793                     !
            1794                     !! - Recalculate moist static energy and saturation moist static energy.
            1795     1                     do k = 1, km1
                                   <<< Loop-information Start >>>
                                   <<<  [OPTIMIZATION]
                                   <<<    PREFETCH(HARD) Expected by compiler :
                                   <<<      asqecflg
                                   <<<    SPILLS :
                                   <<<      GENERAL   : SPILL 2  FILL 3
                                   <<<      SIMD&FP   : SPILL 0  FILL 0
                                   <<<      SCALABLE  : SPILL 0  FILL 0
                                   <<<      PREDICATE : SPILL 0  FILL 0
                                   <<< Loop-information  End >>>
            1796     2   s    s              do i = 1, im
            1797     3   p    v                if(asqecflg(i) .and. k <= kmax(i)-1) then
            1798     3   p    v                  dz = .5 * (zo(i,k+1) - zo(i,k))
            1799     3   p    v                  dp = .5 * (pfld(i,k+1) - pfld(i,k))
            1800     3   s    s                  es = 0.01 * fpvs(to(i,k+1))      ! fpvs is in pa
            1801     3               !byl            call qsatq_cwb(1,to(i,k+1),pfld(i,k+1),es)
            1802     3   s    s                  pprime = pfld(i,k+1) + epsm1 * es
            1803     3   s    s                  qs = eps * es / pprime
            1804     3   s    s                  dqsdp = - qs / pprime
            1805     3   s    s                  desdt = es * (fact1 / to(i,k+1) + fact2 / (to(i,k+1)**2))
            1806     3   p    v                  dqsdt = qs * pfld(i,k+1) * desdt / (es * pprime)
            1807     3   m    m                  gamma = el2orc * qeso(i,k+1) / (to(i,k+1)**2)
            1808     3   m    m                  dt = (g * dz + hvap * dqsdp * dp) / (cp * (1. + gamma))
            1809     3   p    v                  dq = dqsdt * dt + dqsdp * dp
            1810     3   s    s                  to(i,k) = to(i,k+1) + dt
            1811     3   p    v                  qo(i,k) = qo(i,k+1) + dq
            1812     3   p    v                  po(i,k) = .5 * (pfld(i,k) + pfld(i,k+1))
            1813     3   p    v                endif
            1814     2   p    m              enddo
            1815     1                     enddo
            1816     1                     do k = 1, km1
                                   <<< Loop-information Start >>>
                                   <<<  [OPTIMIZATION]
                                   <<<    PREFETCH(HARD) Expected by compiler :
                                   <<<      asqecflg
                                   <<<    SPILLS :
                                   <<<      GENERAL   : SPILL 2  FILL 6
                                   <<<      SIMD&FP   : SPILL 0  FILL 0
                                   <<<      SCALABLE  : SPILL 0  FILL 0
                                   <<<      PREDICATE : SPILL 0  FILL 0
                                   <<< Loop-information  End >>>
            1817     2   s    s              do i = 1, im
            1818     3   p    v                if(asqecflg(i) .and. k <= kmax(i)-1) then
            1819     3   m    m                  qeso(i,k) = 0.01 * fpvs(to(i,k))      ! fpvs is in pa
            1820     3               !byl            call qsatq_cwb(1,to(i,k),po(i,k),qeso(i,k))
            1821     3   p    v                  qeso(i,k) = eps * qeso(i,k) / (po(i,k) + epsm1 * qeso(i,k))
            1822     3   p    v                  val1      =             1.e-8
            1823     3   p    v                  qeso(i,k) = max(qeso(i,k), val1)
            1824     3   p    v                  val2      =           1.e-10
            1825     3   p    v                  qo(i,k)   = max(qo(i,k), val2 )
            1826     3               !           qo(i,k)   = min(qo(i,k),qeso(i,k))
            1827     3   m    m                  heo(i,k)   = .5 * g * (zo(i,k) + zo(i,k+1)) + &
            1828     3                                         cp * to(i,k) + hvap * qo(i,k)
            1829     3   p    v                  heso(i,k) = .5 * g * (zo(i,k) + zo(i,k+1)) + &
            1830     3                                       cp * to(i,k) + hvap * qeso(i,k)
            1831     3   p    v                endif
            1832     2   p    m              enddo
            1833     1                     enddo
                                   <<< Loop-information Start >>>
                                   <<<  [PARALLELIZATION]
                                   <<<    Standard iteration count: 356
                                   <<<  [OPTIMIZATION]
                                   <<<    PREFETCH(HARD) Expected by compiler :
                                   <<<      asqecflg
                                   <<< Loop-information  End >>>
            1834     1  pp    s            do i = 1, im
            1835     2   p    m              if(asqecflg(i)) then
            1836     2   p    s                k = kmax(i)
            1837     2   p    s                heo(i,k) = g * zo(i,k) + cp * to(i,k) + hvap * qo(i,k)
            1838     2   p    s                heso(i,k) = g * zo(i,k) + cp * to(i,k) + hvap * qeso(i,k)
            1839     2               !         heo(i,k) = min(heo(i,k),heso(i,k))
            1840     2   p    v              endif
            1841     1   p    v            enddo
            1842                     !
            1843                     !c**************************** static control
            1844                     !
            1845                     !c------- moisture and cloud work functions
            1846                     !
            1847                     !> - As before, recalculate the updraft cloud work function.
                                   <<< Loop-information Start >>>
                                   <<<  [PARALLELIZATION]
                                   <<<    Standard iteration count: 1000
                                   <<<  [OPTIMIZATION]
                                   <<<    SIMD(VL: 8)
                                   <<<    SOFTWARE PIPELINING(IPC: 2.16, ITR: 96, MVE: 3, POL: S)
                                   <<<    PREFETCH(HARD) Expected by compiler :
                                   <<<      asqecflg, xaa0, xpwav
                                   <<< Loop-information  End >>>
            1848     1  pp   2v            do i = 1, im
            1849     2   p   2v              if(asqecflg(i)) then
            1850     2   p   2v                xaa0(i) = 0.
            1851     2   p   2v                xpwav(i) = 0.
            1852     2   p   2v              endif
            1853     1   p   2v            enddo
            1854                     !
                                   <<< Loop-information Start >>>
                                   <<<  [PARALLELIZATION]
                                   <<<    Standard iteration count: 517
                                   <<<  [OPTIMIZATION]
                                   <<<    PREFETCH(HARD) Expected by compiler :
                                   <<<      asqecflg
                                   <<< Loop-information  End >>>
            1855     1  pp   2s            do i = 1, im
            1856     2   p   2m              if(asqecflg(i)) then
            1857     2   p   2s                indx = kb(i)
            1858     2   p   2s                hcko(i,indx) = heo(i,indx)
            1859     2   p   2s                qcko(i,indx) = qo(i,indx)
            1860     2   p   2v              endif
            1861     1   p   2v            enddo
                                   <<< Loop-information Start >>>
                                   <<<  [OPTIMIZATION]
                                   <<<    PREFETCH(HARD) Expected by compiler :
                                   <<<      asqecflg, kb, ktcon, xlamue, xlamud, zi
                                   <<<      heo, hcko
                                   <<< Loop-information  End >>>
            1862     1                     do k = 2, km1
                                   <<< Loop-information Start >>>
                                   <<<  [PARALLELIZATION]
                                   <<<    Standard iteration count: 226
                                   <<<  [OPTIMIZATION]
                                   <<<    SIMD(VL: 8)
                                   <<<    SOFTWARE PIPELINING(IPC: 1.02, ITR: 48, MVE: 3, POL: S)
                                   <<<    PREFETCH(HARD) Expected by compiler :
                                   <<<      heo, ktcon, hcko, asqecflg, xlamud
                                   <<<      xlamue, zi, kb
                                   <<< Loop-information  End >>>
            1863     2  pp    v              do i = 1, im
            1864     3   p    v                if (asqecflg(i)) then
            1865     4   p    v                  if(k > kb(i) .and. k <= ktcon(i)) then
            1866     4   p    v                    dz = zi(i,k) - zi(i,k-1)
            1867     4   p    v                    tem  = 0.5 * (xlamue(i,k)+xlamue(i,k-1)) * dz
            1868     4   p    v                    tem1 = 0.25 * (xlamud(i,k)+xlamud(i,k-1)) * dz
            1869     4   p    v                    factor = 1. + tem - tem1
            1870     4   p    v                    hcko(i,k) = ((1.-tem1)*hcko(i,k-1)+tem*0.5* &
            1871     4                                          (heo(i,k)+heo(i,k-1)))/factor
            1872     4   p    v                  endif
            1873     3   p    v                endif
            1874     2   p    v              enddo
            1875     1                     enddo
                                   <<< Loop-information Start >>>
                                   <<<  [OPTIMIZATION]
                                   <<<    UNSWITCHING
                                   <<< Loop-information  End >>>
            1876     1                     do k = 2, km1
                                   <<< Loop-information Start >>>
                                   <<<  [OPTIMIZATION]
                                   <<<    PREFETCH(HARD) Expected by compiler :
                                   <<<      asqecflg
                                   <<<    SPILLS :
                                   <<<      GENERAL   : SPILL 0  FILL 15
                                   <<<      SIMD&FP   : SPILL 0  FILL 0
                                   <<<      SCALABLE  : SPILL 0  FILL 0
                                   <<<      PREDICATE : SPILL 0  FILL 0
                                   <<< Loop-information  End >>>
            1877     2   s    s              do i = 1, im
            1878     3   p    v                if (asqecflg(i)) then
            1879     4   p    v                  if(k > kb(i) .and. k < ktcon(i)) then
            1880     4   p    v                    dz = zi(i,k) - zi(i,k-1)
            1881     4   p    v                    gamma = el2orc * qeso(i,k) / (to(i,k)**2)
            1882     4   s    s                    xdby = hcko(i,k) - heso(i,k)
            1883     4   p    v                    xqrch = qeso(i,k) &
            1884     4                                   + gamma * xdby / (hvap * (1. + gamma))
            1885     4               !cj
            1886     4   p    v                    tem  = 0.5 * (xlamue(i,k)+xlamue(i,k-1)) * dz
            1887     4   p    v                    tem1 = 0.25 * (xlamud(i,k)+xlamud(i,k-1)) * dz
            1888     4   p    v                    factor = 1. + tem - tem1
            1889     4   p    v                    qcko(i,k) = ((1.-tem1)*qcko(i,k-1)+tem*0.5* &
            1890     4                                          (qo(i,k)+qo(i,k-1)))/factor
            1891     4               !cj
            1892     4   p    v                    dq = eta(i,k) * (qcko(i,k) - xqrch)
            1893     4               !
            1894     5   p    v                    if(k >= kbcon(i) .and. dq > 0.) then
            1895     5   p    v                      etah = .5 * (eta(i,k) + eta(i,k-1))
            1896     6   p    v                      if(ncloud > 0 .and. k > jmin(i)) then
            1897     6   p    v                        ptem = c0t(i,k) + c1
            1898     6   p    v                        qlk = dq / (eta(i,k) + etah * ptem * dz)
            1899     6   p    v                      else
            1900     6   p    v                        qlk = dq / (eta(i,k) + etah * c0t(i,k) * dz)
            1901     6   p    v                      endif
            1902     6   p    v                      if(k < ktcon1(i)) then
            1903     6               !                 xaa0(i) = xaa0(i) - dz * g * qlk * etah
            1904     6   p    v                        xaa0(i) = xaa0(i) - dz * g * qlk
            1905     6   p    v                      endif
            1906     5   p    v                      qcko(i,k) = qlk + xqrch
            1907     5   p    v                      xpw = etah * c0t(i,k) * dz * qlk
            1908     5   p    v                      xpwav(i) = xpwav(i) + xpw
            1909     5   p    v                    endif
            1910     4   p    v                  endif
            1911     4   p    v                  if(k >= kbcon(i) .and. k < ktcon1(i)) then
            1912     4   p    v                    dz1 = zo(i,k+1) - zo(i,k)
            1913     4   p    v                    gamma = el2orc * qeso(i,k) / (to(i,k)**2)
            1914     4   p    v                    rfact =  1. + delta * cp * gamma &
            1915     4                                      * to(i,k) / hvap
            1916     4   p    v                    xaa0(i) = xaa0(i)                       &
            1917     4               !    &                + dz1 * eta(i,k) * (g / (cp * to(i,k))) &
            1918     4                                     + dz1 * (g / (cp * to(i,k))) &
            1919     4                                     * xdby / (1. + gamma) &
            1920     4                                     * rfact
            1921     4   p    v                    val=0.
            1922     4   m    m                    xaa0(i) = xaa0(i) +                     &
            1923     4               !    &                 dz1 * eta(i,k) * g * delta * &
            1924     4                                      dz1 * g * delta * &
            1925     4                                      max(val,(qeso(i,k) - qo(i,k)))
            1926     4   p    v                  endif
            1927     3   p    v                endif
            1928     2   p    v              enddo
            1929     1                     enddo
            1930                     !
            1931                     !c------- downdraft calculations
            1932                     !
            1933                     !c--- downdraft moisture properties
            1934                     !
            1935                     !> - As before, recalculate the downdraft cloud work function.
                                   <<< Loop-information Start >>>
                                   <<<  [PARALLELIZATION]
                                   <<<    Standard iteration count: 433
                                   <<<  [OPTIMIZATION]
                                   <<<    PREFETCH(HARD) Expected by compiler :
                                   <<<      asqecflg
                                   <<< Loop-information  End >>>
            1936     1  pp   2s            do i = 1, im
            1937     2   p   2m              if(asqecflg(i)) then
            1938     2   p   2s                jmn = jmin(i)
            1939     2   p   2s                hcdo(i,jmn) = heo(i,jmn)
            1940     2   p   2s                qcdo(i,jmn) = qo(i,jmn)
            1941     2   p   2s                qrcd(i,jmn) = qo(i,jmn)
            1942     2   p   2s                xpwev(i) = 0.
            1943     2   p   2v              endif
            1944     1   p   2v            enddo
            1945                     !cj
                                   <<< Loop-information Start >>>
                                   <<<  [OPTIMIZATION]
                                   <<<    PREFETCH(HARD) Expected by compiler :
                                   <<<      asqecflg, jmin, kbcon, zi, xlamd, heo
                                   <<<      hcdo
                                   <<< Loop-information  End >>>
            1946     1                     do k = km1, 1, -1
                                   <<< Loop-information Start >>>
                                   <<<  [PARALLELIZATION]
                                   <<<    Standard iteration count: 254
                                   <<<  [OPTIMIZATION]
                                   <<<    SIMD(VL: 8)
                                   <<<    SOFTWARE PIPELINING(IPC: 0.95, ITR: 72, MVE: 4, POL: L)
                                   <<<    PREFETCH(HARD) Expected by compiler :
                                   <<<      xlamd, jmin, hcdo, zi, kbcon, heo
                                   <<<      asqecflg
                                   <<< Loop-information  End >>>
            1947     2  pp    v              do i = 1, im
            1948     3   p    v                if (asqecflg(i) .and. k < jmin(i)) then
            1949     3   p    v                    dz = zi(i,k+1) - zi(i,k)
            1950     4   p    v                    if(k >= kbcon(i)) then
            1951     4   p    v                       tem  = xlamde * dz
            1952     4   p    v                       tem1 = 0.5 * xlamdd * dz
            1953     4   p    v                    else
            1954     4   p    v                       tem  = xlamde * dz
            1955     4   p    v                       tem1 = 0.5 * (xlamd(i)+xlamdd) * dz
            1956     4   p    v                    endif
            1957     3   p    v                    factor = 1. + tem - tem1
            1958     3   p    v                    hcdo(i,k) = ((1.-tem1)*hcdo(i,k+1)+tem*0.5* &
            1959     3                                          (heo(i,k)+heo(i,k+1)))/factor
            1960     3   p    v                endif
            1961     2   p    v              enddo
            1962     1                     enddo
            1963                     !cj
            1964     1                     do k = km1, 1, -1
                                   <<< Loop-information Start >>>
                                   <<<  [PARALLELIZATION]
                                   <<<    Standard iteration count: 153
                                   <<<  [OPTIMIZATION]
                                   <<<    SIMD(VL: 8)
                                   <<<    SOFTWARE PIPELINING(IPC: 0.78, ITR: 40, MVE: 3, POL: S)
                                   <<<    PREFETCH(HARD) Expected by compiler :
                                   <<<      kbcon, asqecflg, hcdo, heso, jmin, xlamd
                                   <<<      to, zi, qeso, etad, xpwev, qo, qrcd
                                   <<<    PREFETCH(SOFT) : 6
                                   <<<     SEQUENTIAL : 6
                                   <<<      qcdo: 6
                                   <<< Loop-information  End >>>
            1965     2  pp    v              do i = 1, im
            1966     3   p    v                if (asqecflg(i) .and. k < jmin(i)) then
            1967     3   p    v                    dq = qeso(i,k)
            1968     3   p    v                    dt = to(i,k)
            1969     3   p    v                    gamma    = el2orc * dq / dt**2
            1970     3   p    v                    dh       = hcdo(i,k) - heso(i,k)
            1971     3   p    v                    qrcd(i,k)=dq+(1./hvap)*(gamma/(1.+gamma))*dh
            1972     3               !             detad    = etad(i,k+1) - etad(i,k)
            1973     3               !cj
            1974     3   p    v                    dz = zi(i,k+1) - zi(i,k)
            1975     4   p    v                    if(k >= kbcon(i)) then
            1976     4   p    v                       tem  = xlamde * dz
            1977     4   p    v                       tem1 = 0.5 * xlamdd * dz
            1978     4   p    v                    else
            1979     4   p    v                       tem  = xlamde * dz
            1980     4   p    v                       tem1 = 0.5 * (xlamd(i)+xlamdd) * dz
            1981     4   p    v                    endif
            1982     3   p    v                    factor = 1. + tem - tem1
            1983     3   p    v                    qcdo(i,k) = ((1.-tem1)*qrcd(i,k+1)+tem*0.5* &
            1984     3                                          (qo(i,k)+qo(i,k+1)))/factor
            1985     3               !cj
            1986     3               !             xpwd     = etad(i,k+1) * qcdo(i,k+1) -
            1987     3               !    &                   etad(i,k) * qrcd(i,k)
            1988     3               !             xpwd     = xpwd - detad *
            1989     3               !    &                 .5 * (qrcd(i,k) + qrcd(i,k+1))
            1990     3               !cj
            1991     3   p    v                    xpwd     = etad(i,k) * (qcdo(i,k) - qrcd(i,k))
            1992     3   p    v                    xpwev(i) = xpwev(i) + xpwd
            1993     3   p    v                endif
            1994     2   p    v              enddo
            1995     1                     enddo
            1996                     !
                                   <<< Loop-information Start >>>
                                   <<<  [PARALLELIZATION]
                                   <<<    Standard iteration count: 341
                                   <<<  [OPTIMIZATION]
                                   <<<    SIMD(VL: 8)
                                   <<<    SOFTWARE PIPELINING(IPC: 0.51, ITR: 40, MVE: 3, POL: S)
                                   <<<    PREFETCH(HARD) Expected by compiler :
                                   <<<      asqecflg, edtx, xpwav, xpwev
                                   <<< Loop-information  End >>>
            1997     1  pp    v            do i = 1, im
            1998     1   p    v              edtmax = edtmaxl
            1999     1   p    v              if(islimsk(i) == 0) edtmax = edtmaxs
            2000     2   p    v              if(asqecflg(i)) then
            2001     3   p    v                if(xpwev(i) >= 0.) then
            2002     3   p    v                  edtx(i) = 0.
            2003     3   p    v                else
            2004     3   p    v                  edtx(i) = -edtx(i) * xpwav(i) / xpwev(i)
            2005     3   p    v                  edtx(i) = min(edtx(i),edtmax)
            2006     3   p    v                endif
            2007     2   p    v              endif
            2008     1   p    v            enddo
            2009                     !
            2010                     !
            2011                     !c--- downdraft cloudwork functions
            2012                     !
            2013                     !
                                   <<< Loop-information Start >>>
                                   <<<  [OPTIMIZATION]
                                   <<<    PREFETCH(HARD) Expected by compiler :
                                   <<<      asqecflg, jmin, to, qeso, zo, heso, hcdo
                                   <<<      edtx, qo, xaa0
                                   <<< Loop-information  End >>>
            2014     1                     do k = km1, 1, -1
                                   <<< Loop-information Start >>>
                                   <<<  [PARALLELIZATION]
                                   <<<    Standard iteration count: 191
                                   <<<  [OPTIMIZATION]
                                   <<<    SIMD(VL: 8)
                                   <<<    SOFTWARE PIPELINING(IPC: 1.06, ITR: 64, MVE: 4, POL: S)
                                   <<<    PREFETCH(HARD) Expected by compiler :
                                   <<<      qo, zo, jmin, xaa0, to, qeso, asqecflg
                                   <<<      heso, hcdo, edtx
                                   <<< Loop-information  End >>>
            2015     2  pp    v              do i = 1, im
            2016     3   p    v                if (asqecflg(i) .and. k < jmin(i)) then
            2017     3   p    v                    gamma = el2orc * qeso(i,k) / to(i,k)**2
            2018     3   p    v                    dhh=hcdo(i,k)
            2019     3   p    v                    dt= to(i,k)
            2020     3   p    v                    dg= gamma
            2021     3   p    v                    dh= heso(i,k)
            2022     3   p    v                    dz=-1.*(zo(i,k+1)-zo(i,k))
            2023     3               !             xaa0(i)=xaa0(i)+edtx(i)*dz*etad(i,k)
            2024     3   p    v                    xaa0(i)=xaa0(i)+edtx(i)*dz &
            2025     3                                     *(g/(cp*dt))*((dhh-dh)/(1.+dg)) &
            2026     3                                     *(1.+delta*cp*dg*dt/hvap)
            2027     3   p    v                    val=0.
            2028     3               !             xaa0(i)=xaa0(i)+edtx(i)*dz*etad(i,k)
            2029     3   p    v                    xaa0(i)=xaa0(i)+edtx(i)*dz &
            2030     3                                     *g*delta*max(val,(qeso(i,k)-qo(i,k)))
            2031     3   p    v                endif
            2032     2   p    v              enddo
            2033     1                     enddo
            2034                     !
            2035                     !  calculate critical cloud work function
            2036                     !
            2037                     !     do i = 1, im
            2038                     !       if(cnvflg(i)) then
            2039                     !         if(pfld(i,ktcon(i)) < pcrit(15))then
            2040                     !           acrt(i)=acrit(15)*(975.-pfld(i,ktcon(i)))
            2041                     !    &              /(975.-pcrit(15))
            2042                     !         else if(pfld(i,ktcon(i)) > pcrit(1))then
            2043                     !           acrt(i)=acrit(1)
            2044                     !         else
            2045                     !           k =  int((850. - pfld(i,ktcon(i)))/50.) + 2
            2046                     !           k = min(k,15)
            2047                     !           k = max(k,2)
            2048                     !           acrt(i)=acrit(k)+(acrit(k-1)-acrit(k))*
            2049                     !    &           (pfld(i,ktcon(i))-pcrit(k))/(pcrit(k-1)-pcrit(k))
            2050                     !         endif
            2051                     !       endif
            2052                     !     enddo
            2053                     !     do i = 1, im
            2054                     !       if(cnvflg(i)) then
            2055                     !         if(islimsk(i) == 1) then
            2056                     !           w1 = w1l
            2057                     !           w2 = w2l
            2058                     !           w3 = w3l
            2059                     !           w4 = w4l
            2060                     !         else
            2061                     !           w1 = w1s
            2062                     !           w2 = w2s
            2063                     !           w3 = w3s
            2064                     !           w4 = w4s
            2065                     !         endif
            2066                     !
            2067                     !  modify critical cloud workfunction by cloud base vertical velocity
            2068                     !
            2069                     !         if(pdot(i) <= w4) then
            2070                     !           acrtfct(i) = (pdot(i) - w4) / (w3 - w4)
            2071                     !         elseif(pdot(i) >= -w4) then
            2072                     !           acrtfct(i) = - (pdot(i) + w4) / (w4 - w3)
            2073                     !         else
            2074                     !           acrtfct(i) = 0.
            2075                     !         endif
            2076                     !         val1    =            -1.
            2077                     !         acrtfct(i) = max(acrtfct(i),val1)
            2078                     !         val2    =             1.
            2079                     !         acrtfct(i) = min(acrtfct(i),val2)
            2080                     !         acrtfct(i) = 1. - acrtfct(i)
            2081                     !
            2082                     !  modify acrtfct(i) by colume mean rh if rhbar(i) is greater than 80 percent
            2083                     !
            2084                     !         if(rhbar(i) >= .8) then
            2085                     !           acrtfct(i) = acrtfct(i) * (.9 - min(rhbar(i),.9)) * 10.
            2086                     !         endif
            2087                     !
            2088                     !  modify adjustment time scale by cloud base vertical velocity
            2089                     !
            2090                     !         dtconv(i) = dt2 + max((1800. - dt2),0.) *
            2091                     !    &                (pdot(i) - w2) / (w1 - w2)
            2092                     !         dtconv(i) = max(dtconv(i), dt2)
            2093                     !         dtconv(i) = 1800. * (pdot(i) - w2) / (w1 - w2)
            2094                     !
            2095                     !         dtconv(i) = max(dtconv(i),dtmin)
            2096                     !         dtconv(i) = min(dtconv(i),dtmax)
            2097                     !
            2098                     !       endif
            2099                     !     enddo
            2100                     !
            2101                     !  compute convective turn-over time
            2102                     !
            2103                     !> - Following Bechtold et al. (2008) \cite bechtold_et_al_2008, the convective adjustment time (dtconv) is set to be proportional to the convective turnover time, which is computed using the mean updraft velocity (wc) and the cloud depth. It is also prop
                                   <<< Loop-information Start >>>
                                   <<<  [PARALLELIZATION]
                                   <<<    Standard iteration count: 243
                                   <<<  [OPTIMIZATION]
                                   <<<    PREFETCH(HARD) Expected by compiler :
                                   <<<      cnvflg
                                   <<< Loop-information  End >>>
            2104     1  pp    s            do i= 1, im
            2105     2   p    m              if(cnvflg(i)) then
            2106     2   p    s                tem = zi(i,ktcon1(i)) - zi(i,kbcon1(i))
            2107     2   p    s                dtconv(i) = tem / wc(i)
            2108     2   p    s                tfac = 1. + gdx(i) / 75000.
            2109     2               ! reference from eq.3 in Zheng et al. 2016
            2110     2               !byl          tfac = 1. + log(25000./gdx(i))
            2111     2   p    s                dtconv(i) = tfac * dtconv(i)
            2112     2   p    s                dtconv(i) = max(dtconv(i),dtmin)
            2113     2   p    s                dtconv(i) = min(dtconv(i),dtmax)
            2114     2   p    v              endif
            2115     1   p    v            enddo
            2116                     !
            2117                     !> - Calculate advective time scale (tauadv) using a mean cloud layer wind speed.
                                   <<< Loop-information Start >>>
                                   <<<  [PARALLELIZATION]
                                   <<<    Standard iteration count: 1000
                                   <<<  [OPTIMIZATION]
                                   <<<    SIMD(VL: 8)
                                   <<<    SOFTWARE PIPELINING(IPC: 2.16, ITR: 96, MVE: 3, POL: S)
                                   <<<    PREFETCH(HARD) Expected by compiler :
                                   <<<      cnvflg, sumx, umean
                                   <<< Loop-information  End >>>
            2118     1  pp   2v            do i= 1, im
            2119     2   p   2v              if(cnvflg(i)) then
            2120     2   p   2v                sumx(i) = 0.
            2121     2   p   2v                umean(i) = 0.
            2122     2   p   2v              endif
            2123     1   p   2v            enddo
                                   <<< Loop-information Start >>>
                                   <<<  [OPTIMIZATION]
                                   <<<    PREFETCH(HARD) Expected by compiler :
                                   <<<      cnvflg, kbcon1, ktcon1, u1, v1, zi, sumx
                                   <<<      umean
                                   <<< Loop-information  End >>>
            2124     1                     do k = 2, km1
                                   <<< Loop-information Start >>>
                                   <<<  [PARALLELIZATION]
                                   <<<    Standard iteration count: 286
                                   <<<  [OPTIMIZATION]
                                   <<<    SIMD(VL: 8)
                                   <<<    SOFTWARE PIPELINING(IPC: 0.73, ITR: 48, MVE: 3, POL: S)
                                   <<<    PREFETCH(HARD) Expected by compiler :
                                   <<<      u1, kbcon1, v1, zi, umean, sumx, ktcon1
                                   <<<      cnvflg
                                   <<< Loop-information  End >>>
            2125     2  pp    v              do i = 1, im
            2126     3   p    v                if(cnvflg(i)) then
            2127     4   p    v                  if(k >= kbcon1(i) .and. k < ktcon1(i)) then
            2128     4   p    v                    dz = zi(i,k) - zi(i,k-1)
            2129     4   p    v                    tem = sqrt(u1(i,k)*u1(i,k)+v1(i,k)*v1(i,k))
            2130     4   p    v                    umean(i) = umean(i) + tem * dz
            2131     4   p    v                    sumx(i) = sumx(i) + dz
            2132     4   p    v                  endif
            2133     3   p    v                endif
            2134     2   p    v              enddo
            2135     1                     enddo
                                   <<< Loop-information Start >>>
                                   <<<  [PARALLELIZATION]
                                   <<<    Standard iteration count: 391
                                   <<<  [OPTIMIZATION]
                                   <<<    SIMD(VL: 8)
                                   <<<    SOFTWARE PIPELINING(IPC: 0.39, ITR: 40, MVE: 3, POL: S)
                                   <<<    PREFETCH(HARD) Expected by compiler :
                                   <<<      cnvflg, umean, sumx, gdx, tauadv
                                   <<< Loop-information  End >>>
            2136     1  pp    v            do i= 1, im
            2137     2   p    v              if(cnvflg(i)) then
            2138     2   p    v                 umean(i) = umean(i) / sumx(i)
            2139     2   p    v                 umean(i) = max(umean(i), 1.)
            2140     2   p    v                 tauadv(i) = gdx(i) / umean(i)
            2141     2   p    v              endif
            2142     1   p    v            enddo
            2143                     !> - From Han et al.'s (2017) \cite han_et_al_2017 equation 6, calculate cloud base mass flux as a function of the mean updraft velcoity for the grid sizes where the quasi-equilibrium assumption of Arakawa-Schubert is not valid any longer.
            2144                     !!  As discussed in Han et al. (2017) \cite han_et_al_2017 , when dtconv is larger than tauadv, the convective mixing is not fully conducted before the cumulus cloud is advected out of the grid cell. In this case, therefore, the cloud base mass flux is fu
                                   <<< Loop-information Start >>>
                                   <<<  [PARALLELIZATION]
                                   <<<    Standard iteration count: 259
                                   <<<  [OPTIMIZATION]
                                   <<<    PREFETCH(HARD) Expected by compiler :
                                   <<<      cnvflg
                                   <<< Loop-information  End >>>
            2145     1  pp    s            do i= 1, im
            2146     2   p    m              if(cnvflg(i) .and. .not.asqecflg(i)) then
            2147     2   p    s                k = kbcon(i)
            2148     2   p    s                rho = po(i,k)*100. / (rd*to(i,k))
            2149     2   p    s                tfac = tauadv(i) / dtconv(i)
            2150     2   p    s                tfac = min(tfac, 1.)
            2151     2   p    s                xmb(i) = tfac*betaw*rho*wc(i)
            2152     2   p    v              endif
            2153     1   p    v            enddo
            2154                     !> - For the cases where the quasi-equilibrium assumption of Arakawa-Schubert is valid, first calculate the large scale destabilization as in equation 5 of Pan and Wu (1995) \cite pan_and_wu_1995 :
            2155                     !! \f[
            2156                     !!  \frac{\partial A}{\partial t}_{LS}=\frac{A^+-cA^0}{\Delta t_{LS}}
            2157                     !! \f]
            2158                     !! Here \f$A^0\f$ is set to zero following  Han et al.'s (2017) \cite han_et_al_2017 , implying that the instability is completely eliminated after the convective adjustment time, \f$\Delta t_{LS}\f$.
                                   <<< Loop-information Start >>>
                                   <<<  [PARALLELIZATION]
                                   <<<    Standard iteration count: 169
                                   <<<  [OPTIMIZATION]
                                   <<<    SIMD(VL: 8)
                                   <<<    SOFTWARE PIPELINING(IPC: 0.25, ITR: 40, MVE: 2, POL: L)
                                   <<<    PREFETCH(HARD) Expected by compiler :
                                   <<<      fld, xk, dtconv, aa1, tauadv, asqecflg
                                   <<<      cnvflg, xaa0, mbdt, xmb
                                   <<< Loop-information  End >>>
            2159     1  pp    v            do i= 1, im
            2160     2   p    v              if(asqecflg(i)) then
            2161     2               !         fld(i)=(aa1(i)-acrt(i)*acrtfct(i))/dtconv(i)
            2162     2   p    v                fld(i)=aa1(i)/dtconv(i)
            2163     3   p    v                if(fld(i) <= 0.) then
            2164     3   p    v                  asqecflg(i) = .false.
            2165     3   p    v                  cnvflg(i) = .false.
            2166     3   p    v                endif
            2167     2   p    v              endif
            2168     1               !> - Calculate the stabilization effect of the convection (per unit cloud base mass flux) as in equation 6 of Pan and Wu (1995) \cite pan_and_wu_1995 :
            2169     1               !! \f[
            2170     1               !! \frac{\partial A}{\partial t}_{cu}=\frac{A^*-A^+}{\Delta t_{cu}}
            2171     1               !! \f]
            2172     1               !! \f$\Delta t_{cu}\f$ is the short timescale of the convection.
            2173     2   p    v              if(asqecflg(i)) then
            2174     2               !         xaa0(i) = max(xaa0(i),0.)
            2175     2   p    v                xk(i) = (xaa0(i) - aa1(i)) / mbdt(i)
            2176     3   p    v                if(xk(i) >= 0.) then
            2177     3   p    v                  asqecflg(i) = .false.
            2178     3   p    v                  cnvflg(i) = .false.
            2179     3   p    v                endif
            2180     2   p    v              endif
            2181     1               !
            2182     1               !c--- kernel, cloud base mass flux
            2183     1               !
            2184     1               !> - The cloud base mass flux (xmb) is then calculated from equation 7 of Pan and Wu (1995) \cite pan_and_wu_1995
            2185     1               !! \f[
            2186     1               !! M_c=\frac{-\frac{\partial A}{\partial t}_{LS}}{\frac{\partial A}{\partial t}_{cu}}
            2187     1               !! \f]
            2188     1               !!
            2189     1               !!  Again when dtconv is larger than tauadv, the cloud base mass flux is further reduced in proportion to the ratio of tauadv to dtconv.
            2190     2   p    v              if(asqecflg(i)) then
            2191     2   p    v                tfac = tauadv(i) / dtconv(i)
            2192     2   p    v                tfac = min(tfac, 1.)
            2193     2   p    v                xmb(i) = -tfac * fld(i) / xk(i)
            2194     2               !         xmb(i) = min(xmb(i),xmbmax(i))
            2195     2   p    v              endif
            2196     1   p    v            enddo
            2197                     !!
            2198                     !> - If the large scale destabilization is less than zero, or the stabilization by the convection is greater than zero, then the scheme returns to the calling routine without modifying the state variables.
            2199                           totflg = .true.
                                   <<< Loop-information Start >>>
                                   <<<  [PARALLELIZATION]
                                   <<<    Standard iteration count: 1600
                                   <<<  [OPTIMIZATION]
                                   <<<    SIMD(VL: 16)
                                   <<< Loop-information  End >>>
            2200     1  pp    v            do i=1,im
            2201     1   p    v              totflg = totflg .and. (.not. cnvflg(i))
            2202     1   p    v            enddo
            2203                           if(totflg) return
            2204                     !!
            2205                     !
            2206                     !> - For scale-aware parameterization, the updraft fraction (sigmagfm) is first computed as a function of the lateral entrainment rate at cloud base (see Han et al.'s (2017) \cite han_et_al_2017 equation 4 and 5), following the study by Grell and Freitas
                                   <<< Loop-information Start >>>
                                   <<<  [PARALLELIZATION]
                                   <<<    Standard iteration count: 411
                                   <<<  [OPTIMIZATION]
                                   <<<    SIMD(VL: 8)
                                   <<<    SOFTWARE PIPELINING(IPC: 0.53, ITR: 48, MVE: 2, POL: S)
                                   <<<    PREFETCH(HARD) Expected by compiler :
                                   <<<      cnvflg, wbar, wc, sigmagfm
                                   <<< Loop-information  End >>>
            2207     1  pp   2v            do i = 1, im
            2208     2   p   2v              if(cnvflg(i)) then
            2209     2   p   2v                sigmagfm(i) = wbar(i) / wc(i) !scale-aware parameterization (Kwon and Hung 2017)
            2210     2   p   2v                sigmagfm(i) = max(sigmagfm(i), 0.001)
            2211     2   p   2v                sigmagfm(i) = min(sigmagfm(i), 0.999)
            2212     2   p   2v              endif
            2213     1   p   2v            enddo
            2214                     !
            2215                     !> - Then, calculate the reduction factor (scaldfunc) of the vertical convective eddy transport of mass flux as a function of updraft fraction from the studies by Arakawa and Wu (2013) \cite arakawa_and_wu_2013 (also see Han et al.'s (2017) \cite han_et_a
                                   <<< Loop-information Start >>>
                                   <<<  [PARALLELIZATION]
                                   <<<    Standard iteration count: 291
                                   <<<  [OPTIMIZATION]
                                   <<<    SIMD(VL: 8)
                                   <<<    SOFTWARE PIPELINING(IPC: 1.90, ITR: 96, MVE: 6, POL: S)
                                   <<<    PREFETCH(HARD) Expected by compiler :
                                   <<<      clear, sigma, xmbmax, cnvflg, xmb
                                   <<<      scaldfunc
                                   <<< Loop-information  End >>>
            2216     1  pp    v            do i = 1, im
            2217     2   p    v              if(cnvflg(i)) then
            2218     2   p    v                scaldfunc(i) = clear(i) * (1.-sigma(i))
            2219     2   p    v                scaldfunc(i) = max(min(scaldfunc(i), 1.0), 0.)
            2220     2   p    v                xmb(i) = xmb(i) * scaldfunc(i)
            2221     2   p    v                xmb(i) = min(xmb(i),xmbmax(i))
            2222     2   p    v              endif
            2223     1   p    v            enddo
            2224                     !
            2225                     !  restore to,qo,uo,vo to t1,q1,u1,v1 in case convection stops
            2226                     !
            2227     1                     do k = 1, km
                                   <<< Loop-information Start >>>
                                   <<<  [OPTIMIZATION]
                                   <<<    PREFETCH(HARD) Expected by compiler :
                                   <<<      cnvflg
                                   <<<    SPILLS :
                                   <<<      GENERAL   : SPILL 4  FILL 9
                                   <<<      SIMD&FP   : SPILL 0  FILL 0
                                   <<<      SCALABLE  : SPILL 0  FILL 0
                                   <<<      PREDICATE : SPILL 0  FILL 0
                                   <<< Loop-information  End >>>
            2228     2   s    s              do i = 1, im
            2229     3   p    v                if (cnvflg(i) .and. k <= kmax(i)) then
            2230     3   s    s                  to(i,k) = t1(i,k)
            2231     3   p    v                  qo(i,k) = q1(i,k)
            2232     3   p    v                  uo(i,k) = u1(i,k)
            2233     3   p    v                  vo(i,k) = v1(i,k)
            2234     3   m    m                  qeso(i,k) = 0.01 * fpvs(t1(i,k))      ! fpvs is in pa
            2235     3               !byl            call qsatq_cwb(1,t1(i,k),pfld(i,k),qeso(i,k))
            2236     3   p    v                  qeso(i,k) = eps * qeso(i,k) / (pfld(i,k) + epsm1*qeso(i,k))
            2237     3   p    v                  val     =             1.e-8
            2238     3   p    v                  qeso(i,k) = max(qeso(i,k), val )
            2239     3   p    v                endif
            2240     2   p    m              enddo
            2241     1                     enddo
            2242                     !c!!!!!!!!!!!!!!!!!!!!!!!!!!!!!!!!!!!!!!!!!!!!!!!!!!!!!!!!!!!!!!!!!!!!!
            2243                     !
            2244                     !c--- feedback: simply the changes from the cloud with unit mass flux
            2245                     !c---           multiplied by  the mass flux necessary to keep the
            2246                     !c---           equilibrium with the larger-scale.
            2247                     !
            2248                     !> ## For the "feedback" control, calculate updated values of the state variables by multiplying the cloud base mass flux and the tendencies calculated per unit cloud base mass flux from the static control.
            2249                     !> - Calculate the temperature tendency from the moist static energy and specific humidity tendencies.
            2250                     !> - Update the temperature, specific humidity, and horiztonal wind state variables by multiplying the cloud base mass flux-normalized tendencies by the cloud base mass flux.
            2251                     !> - Accumulate column-integrated tendencies.
                                   <<< Loop-information Start >>>
                                   <<<  [PARALLELIZATION]
                                   <<<    Standard iteration count: 696
                                   <<<  [OPTIMIZATION]
                                   <<<    SIMD(VL: 8)
                                   <<<    PREFETCH(HARD) Expected by compiler :
                                   <<<      qcond, delvbar, delubar, deltbar
                                   <<<      delqbar, delhbar
                                   <<< Loop-information  End >>>
            2252     1  pp   2v            do i = 1, im
            2253     1   p   2v              delhbar(i) = 0.
            2254     1   p   2v              delqbar(i) = 0.
            2255     1   p   2v              deltbar(i) = 0.
            2256     1   p   2v              delubar(i) = 0.
            2257     1   p   2v              delvbar(i) = 0.
            2258     1   p   2v              qcond(i) = 0.
            2259     1   p   2v            enddo
            2260     1                     do k = 1, km
                                   <<< Loop-information Start >>>
                                   <<<  [PARALLELIZATION]
                                   <<<    Standard iteration count: 125
                                   <<<  [OPTIMIZATION]
                                   <<<    SIMD(VL: 8)
                                   <<<    PREFETCH(HARD) Expected by compiler :
                                   <<<      cnvflg, kmax, ktcon, dellah, dellaq, xmb
                                   <<<      t1, q1, dellau, u1, dellav, v1, del
                                   <<<      delhbar, delqbar, deltbar
                                   <<<    PREFETCH(SOFT) : 4
                                   <<<     SEQUENTIAL : 4
                                   <<<      delubar: 2, delvbar: 2
                                   <<<    SPILLS :
                                   <<<      GENERAL   : SPILL 0  FILL 1
                                   <<<      SIMD&FP   : SPILL 0  FILL 0
                                   <<<      SCALABLE  : SPILL 0  FILL 0
                                   <<<      PREDICATE : SPILL 0  FILL 0
                                   <<< Loop-information  End >>>
            2261     2  pp    v              do i = 1, im
            2262     3   p    v                if (cnvflg(i) .and. k <= kmax(i)) then
            2263     4   p    v                  if(k <= ktcon(i)) then
            2264     4   p    v                    dellat = (dellah(i,k) - hvap * dellaq(i,k)) / cp
            2265     4   p    v                    t1(i,k) = t1(i,k) + dellat * xmb(i) * dt2
            2266     4   p    v                    q1(i,k) = q1(i,k) + dellaq(i,k) * xmb(i) * dt2
            2267     4               !             tem = 1./rcs(i)
            2268     4               !             u1(i,k) = u1(i,k) + dellau(i,k) * xmb(i) * dt2 * tem
            2269     4               !             v1(i,k) = v1(i,k) + dellav(i,k) * xmb(i) * dt2 * tem
            2270     4   p    v                    u1(i,k) = u1(i,k) + dellau(i,k) * xmb(i) * dt2
            2271     4   p    v                    v1(i,k) = v1(i,k) + dellav(i,k) * xmb(i) * dt2
            2272     4   p    v                    dp = 1000. * del(i,k)
            2273     4   p    v                    delhbar(i) = delhbar(i) + dellah(i,k)*xmb(i)*dp/g
            2274     4   p    v                    delqbar(i) = delqbar(i) + dellaq(i,k)*xmb(i)*dp/g
            2275     4   p    v                    deltbar(i) = deltbar(i) + dellat*xmb(i)*dp/g
            2276     4   p    v                    delubar(i) = delubar(i) + dellau(i,k)*xmb(i)*dp/g
            2277     4   p    v                    delvbar(i) = delvbar(i) + dellav(i,k)*xmb(i)*dp/g
            2278     4   p    v                  endif
            2279     3   p    v                endif
            2280     2   p    v              enddo
            2281     1                     enddo
            2282                     !> - Recalculate saturation specific humidity using the updated temperature.
            2283     1                     do k = 1, km
                                   <<< Loop-information Start >>>
                                   <<<  [OPTIMIZATION]
                                   <<<    PREFETCH(HARD) Expected by compiler :
                                   <<<      cnvflg
                                   <<< Loop-information  End >>>
            2284     2   s    s              do i = 1, im
            2285     3   p    v                if (cnvflg(i) .and. k <= kmax(i)) then
            2286     4   p    v                  if(k <= ktcon(i)) then
            2287     4   m    m                    qeso(i,k) = 0.01 * fpvs(t1(i,k))      ! fpvs is in pa
            2288     4               !byl              call qsatq_cwb(1,t1(i,k),pfld(i,k),qeso(i,k))
            2289     4   p    v                    qeso(i,k) = eps * qeso(i,k)/(pfld(i,k) + epsm1*qeso(i,k))
            2290     4   p    v                    val     =             1.e-8
            2291     4   p    v                    qeso(i,k) = max(qeso(i,k), val )
            2292     4   p    v                  endif
            2293     3   p    v                endif
            2294     2   p    m              enddo
            2295     1                     enddo
            2296                     !
            2297                     !> - Add up column-integrated convective precipitation by multiplying the normalized value by the cloud base mass flux.
                                   <<< Loop-information Start >>>
                                   <<<  [PARALLELIZATION]
                                   <<<    Standard iteration count: 800
                                   <<<  [OPTIMIZATION]
                                   <<<    SIMD(VL: 8)
                                   <<<    SOFTWARE PIPELINING(IPC: 1.88, ITR: 64, MVE: 2, POL: S)
                                   <<<    PREFETCH(HARD) Expected by compiler :
                                   <<<      flg, delq2, delqev, cnvflg, rntot
                                   <<< Loop-information  End >>>
            2298     1  pp   2v            do i = 1, im
            2299     1   p   2v              rntot(i) = 0.
            2300     1   p   2v              delqev(i) = 0.
            2301     1   p   2v              delq2(i) = 0.
            2302     1   p   2v              flg(i) = cnvflg(i)
            2303     1   p   2v            enddo
            2304                     
            2305                     
                                   <<< Loop-information Start >>>
                                   <<<  [OPTIMIZATION]
                                   <<<    PREFETCH(HARD) Expected by compiler :
                                   <<<      cnvflg, kmax, ktcon, kb, jmin, pwdo, pwo
                                   <<<      edto, xmb, rntot, rainf
                                   <<< Loop-information  End >>>
            2306     1                     do k = km, 1, -1
                                   <<< Loop-information Start >>>
                                   <<<  [PARALLELIZATION]
                                   <<<    Standard iteration count: 243
                                   <<<  [OPTIMIZATION]
                                   <<<    SIMD(VL: 8)
                                   <<<    SOFTWARE PIPELINING(IPC: 0.69, ITR: 24, MVE: 2, POL: S)
                                   <<<    PREFETCH(HARD) Expected by compiler :
                                   <<<      kb, jmin, cnvflg, pwo, pwdo, edto, kmax
                                   <<<      xmb, rntot, ktcon, rainf
                                   <<< Loop-information  End >>>
            2307     2  pp    v              do i = 1, im
            2308     3   p    v                if (cnvflg(i) .and. k <= kmax(i)) then
            2309     4   p    v                  if(k < ktcon(i)) then
            2310     4   p    v                    aup = 1.
            2311     4   p    v                    if(k <= kb(i)) aup = 0.
            2312     4   p    v                    adw = 1.
            2313     4   p    v                    if(k >= jmin(i)) adw = 0.
            2314     4   p    v                    rain =  aup * pwo(i,k) + adw * edto(i) * pwdo(i,k)
            2315     4   p    v                    rainf(i,k) = rain * xmb(i)    !xb110
            2316     4   p    v                    rntot(i) = rntot(i) + rain * xmb(i) * .001 * dt2
            2317     4   p    v                  endif
            2318     3   p    v                endif
            2319     2   p    v              enddo
            2320     1                     enddo
            2321                     
            2322                     !xb110>  for lightning parameterization
                                   <<< Loop-information Start >>>
                                   <<<  [PARALLELIZATION]
                                   <<<    Standard iteration count: 2
                                   <<<  [OPTIMIZATION]
                                   <<<    PREFETCH(HARD) Expected by compiler :
                                   <<<      cnvflg, kmax, ktcon, t1, rainf, snow_flx
                                   <<< Loop-information  End >>>
            2323     1  pp                 do k = km, 1, -1
                                   <<< Loop-information Start >>>
                                   <<<  [OPTIMIZATION]
                                   <<<    SIMD(VL: 8)
                                   <<<    SOFTWARE PIPELINING(IPC: 0.60, ITR: 32, MVE: 2, POL: S)
                                   <<<    PREFETCH(HARD) Expected by compiler :
                                   <<<      ktcon, cnvflg, rainf, kmax, t1, snow_flx
                                   <<< Loop-information  End >>>
            2324     2   p    v              do i = 1, im
            2325     3   p    v                if (cnvflg(i) .and. k <= kmax(i)) then
            2326     4   p    v                  if(k < ktcon(i)) then
            2327     4   p    v                    tem1 = max(0.0, min(1.0, (tcr-t1(i,k))*tcrf))
            2328     4   p    v                    snow_flx(i,k) = rainf(i,k)*tem1 !snow flux
            2329     4   p    v                  end if
            2330     3   p    v                end if
            2331     2   p    v              end do
            2332     1   p                 end do
            2333                     
            2334                     !xb110<
            2335                     
            2336                     !> - Determine the evaporation of the convective precipitation and update the integrated convective precipitation.
            2337                     !> - Update state temperature and moisture to account for evaporation of convective precipitation.
            2338                     !> - Update column-integrated tendencies to account for evaporation of convective precipitation.
            2339     1                     do k = km, 1, -1
                                   <<< Loop-information Start >>>
                                   <<<  [PARALLELIZATION]
                                   <<<    Standard iteration count: 28
                                   <<<  [OPTIMIZATION]
                                   <<<    SIMD(VL: 8)
                                   <<<    PREFETCH(HARD) Expected by compiler :
                                   <<<      kmax, flg, ktcon, edt, t1, qeso, q1
                                   <<<      qcond, cnvflg, kb, pwo, jmin, pwdo, edto
                                   <<<      xmb, rn
                                   <<<    PREFETCH(SOFT) : 18
                                   <<<     SEQUENTIAL : 18
                                   <<<      del: 2, delq2: 2, delqev: 2, rntot: 2
                                   <<<      qevap: 2, deltv: 2, deltbar: 2, delq: 2
                                   <<<      delqbar: 2
                                   <<<    SPILLS :
                                   <<<      GENERAL   : SPILL 0  FILL 7
                                   <<<      SIMD&FP   : SPILL 0  FILL 0
                                   <<<      SCALABLE  : SPILL 0  FILL 0
                                   <<<      PREDICATE : SPILL 0  FILL 0
                                   <<< Loop-information  End >>>
            2340     2  pp    v              do i = 1, im
            2341     3   p    v                if (k <= kmax(i)) then
            2342     3   p    v                  deltv(i) = 0.
            2343     3   p    v                  delq(i) = 0.
            2344     3   p    v                  qevap(i) = 0.
            2345     4   p    v                  if(cnvflg(i) .and. k < ktcon(i)) then
            2346     4   p    v                    aup = 1.
            2347     4   p    v                    if(k <= kb(i)) aup = 0.
            2348     4   p    v                    adw = 1.
            2349     4   p    v                    if(k >= jmin(i)) adw = 0.
            2350     4   p    v                    rain =  aup * pwo(i,k) + adw * edto(i) * pwdo(i,k)
            2351     4   p    v                    rn(i) = rn(i) + rain * xmb(i) * .001 * dt2
            2352     4   p    v                  endif
            2353     4   p    v                  if(flg(i) .and. k < ktcon(i)) then
            2354     4   p    v                    evef = edt(i) * evfact
            2355     4   p    v                    if(islimsk(i) == 1) evef=edt(i) * evfactl
            2356     4               !             if(islimsk(i) == 1) evef=.07
            2357     4               !             if(islimsk(i) == 1) evef = 0.
            2358     4   p    v                    qcond(i) = evef * (q1(i,k) - qeso(i,k)) &
            2359     4                                      / (1. + el2orc * qeso(i,k) / t1(i,k)**2)
            2360     4   p    v                    dp = 1000. * del(i,k)
            2361     5   p    v                    if(rn(i) > 0. .and. qcond(i) < 0.) then
            2362     5   p    v                      qevap(i) = -qcond(i) * (1.-exp(-.32*sqrt(dt2*rn(i))))
            2363     5   p    v                      qevap(i) = min(qevap(i), rn(i)*1000.*g/dp)
            2364     5   p    v                      delq2(i) = delqev(i) + .001 * qevap(i) * dp / g
            2365     5   p    v                    endif
            2366     5   p    v                    if(rn(i) > 0. .and. qcond(i) < 0. .and. &
            2367     5                                delq2(i) > rntot(i)) then
            2368     5   p    v                      qevap(i) = 1000.* g * (rntot(i) - delqev(i)) / dp
            2369     5   p    v                      flg(i) = .false.
            2370     5   p    v                    endif
            2371     5   p    v                    if(rn(i) > 0. .and. qevap(i) > 0.) then
            2372     5   p    v                      q1(i,k) = q1(i,k) + qevap(i)
            2373     5   p    v                      t1(i,k) = t1(i,k) - elocp * qevap(i)
            2374     5   p    v                      rn(i) = rn(i) - .001 * qevap(i) * dp / g
            2375     5   p    v                      deltv(i) = - elocp*qevap(i)/dt2
            2376     5   p    v                      delq(i) =  + qevap(i)/dt2
            2377     5   p    v                      delqev(i) = delqev(i) + .001*dp*qevap(i)/g
            2378     5   p    v                    endif
            2379     4   p    v                    delqbar(i) = delqbar(i) + delq(i)*dp/g
            2380     4   p    v                    deltbar(i) = deltbar(i) + deltv(i)*dp/g
            2381     4   p    v                  endif
            2382     3   p    v                endif
            2383     2   p    v              enddo
            2384     1                     enddo
            2385                     !cj
            2386                     !     do i = 1, im
            2387                     !     if(me == 31 .and. cnvflg(i)) then
            2388                     !     if(cnvflg(i)) then
            2389                     !       print *, ' deep delhbar, delqbar, deltbar = ',
            2390                     !    &             delhbar(i),hvap*delqbar(i),cp*deltbar(i)
            2391                     !       print *, ' deep delubar, delvbar = ',delubar(i),delvbar(i)
            2392                     !       print *, ' precip =', hvap*rn(i)*1000./dt2
            2393                     !       print*,'pdif= ',pfld(i,kbcon(i))-pfld(i,ktcon(i))
            2394                     !     endif
            2395                     !     enddo
            2396                     !
            2397                     !  precipitation rate converted to actual precip
            2398                     !  in unit of m instead of kg
            2399                     !
                                   <<< Loop-information Start >>>
                                   <<<  [PARALLELIZATION]
                                   <<<    Standard iteration count: 327
                                   <<<  [OPTIMIZATION]
                                   <<<    SIMD(VL: 8)
                                   <<<    SOFTWARE PIPELINING(IPC: 0.93, ITR: 40, MVE: 3, POL: S)
                                   <<<    PREFETCH(HARD) Expected by compiler :
                                   <<<      flg, cnvflg, ktcon, kbcon, aa1, rn, ktop
                                   <<<      kbot, kcnv, cldwrk
                                   <<< Loop-information  End >>>
            2400     1  pp    v            do i = 1, im
            2401     2   p    v              if(cnvflg(i)) then
            2402     2               !
            2403     2               !  in the event of upper level rain evaporation and lower level downdraft
            2404     2               !    moistening, rn can become negative, in this case, we back out of the
            2405     2               !    heating and the moistening
            2406     2               !
            2407     2   p    v                if(rn(i) < 0. .and. .not.flg(i)) rn(i) = 0.
            2408     3   p    v                if(rn(i) <= 0.) then
            2409     3   p    v                  rn(i) = 0.
            2410     3   p    v                else
            2411     3   p    v                  ktop(i) = ktcon(i)
            2412     3   p    v                  kbot(i) = kbcon(i)
            2413     3   p    v                  kcnv(i) = 1
            2414     3   p    v                  cldwrk(i) = aa1(i)
            2415     3   p    v                endif
            2416     2   p    v              endif
            2417     1   p    v            enddo
            2418                     !
            2419                     !  convective cloud water
            2420                     !
            2421                     !> - Calculate convective cloud water.
                                   <<< Loop-information Start >>>
                                   <<<  [PARALLELIZATION]
                                   <<<    Standard iteration count: 2
                                   <<<  [OPTIMIZATION]
                                   <<<    PREFETCH(HARD) Expected by compiler :
                                   <<<      cnvflg, rn, kbcon, ktcon, cnvwt, xmb
                                   <<<      cnvw
                                   <<< Loop-information  End >>>
            2422     1  pp                 do k = 1, km
                                   <<< Loop-information Start >>>
                                   <<<  [OPTIMIZATION]
                                   <<<    SIMD(VL: 8)
                                   <<<    SOFTWARE PIPELINING(IPC: 0.42, ITR: 24, MVE: 2, POL: S)
                                   <<<    PREFETCH(HARD) Expected by compiler :
                                   <<<      ktcon, cnvflg, cnvwt, xmb, rn, kbcon
                                   <<<      cnvw
                                   <<< Loop-information  End >>>
            2423     2   p    v              do i = 1, im
            2424     3   p    v                if (cnvflg(i) .and. rn(i) > 0.) then
            2425     4   p    v                  if (k >= kbcon(i) .and. k < ktcon(i)) then
            2426     4   p    v                    cnvw(i,k) = cnvwt(i,k) * xmb(i) * dt2
            2427     4   p    v                  endif
            2428     3   p    v                endif
            2429     2   p    v              enddo
            2430     1   p                 enddo
            2431                     !
            2432                     !  convective cloud cover
            2433                     !
            2434                     !> - Calculate convective cloud cover, which is used when pdf-based cloud fraction is used (i.e., pdfcld=.true.).
                                   <<< Loop-information Start >>>
                                   <<<  [PARALLELIZATION]
                                   <<<    Standard iteration count: 2
                                   <<<  [OPTIMIZATION]
                                   <<<    PREFETCH(HARD) Expected by compiler :
                                   <<<      cnvflg, rn, kbcon, ktcon, xmb, eta, cnvc
                                   <<< Loop-information  End >>>
            2435     1  pp                 do k = 1, km
                                   <<< Loop-information Start >>>
                                   <<<  [OPTIMIZATION]
                                   <<<    SIMD(VL: 8)
                                   <<<    SOFTWARE PIPELINING(IPC: 0.55, ITR: 48, MVE: 2, POL: L)
                                   <<<    PREFETCH(HARD) Expected by compiler :
                                   <<<      rn, cnvc, kbcon, ktcon, xmb, eta, cnvflg
                                   <<< Loop-information  End >>>
            2436     2   p    v              do i = 1, im
            2437     3   p    v                if (cnvflg(i) .and. rn(i) > 0.) then
            2438     4   p    v                  if (k >= kbcon(i) .and. k < ktcon(i)) then
            2439     4   p    v                    cnvc(i,k) = 0.04 * log(1. + 675. * eta(i,k) * xmb(i))
            2440     4   p    v                    cnvc(i,k) = min(cnvc(i,k), 0.6)
            2441     4   p    v                    cnvc(i,k) = max(cnvc(i,k), 0.0)
            2442     4   p    v                  endif
            2443     3   p    v                endif
            2444     2   p    v              enddo
            2445     1   p                 enddo
            2446                     !
            2447                     !  cloud water
            2448                     !
            2449                     !> - Separate detrained cloud water into liquid and ice species as a function of temperature only.
            2450     1                     if (ncloud > 0) then
            2451     1               !
                                   <<< Loop-information Start >>>
                                   <<<  [PARALLELIZATION]
                                   <<<    Standard iteration count: 2
                                   <<<  [OPTIMIZATION]
                                   <<<    PREFETCH(HARD) Expected by compiler :
                                   <<<      cnvflg, rn, kbcon, ktcon, t1, xmb, qi
                                   <<<      dellal, ql
                                   <<< Loop-information  End >>>
            2452     2  pp                 do k = 1, km
                                   <<< Loop-information Start >>>
                                   <<<  [OPTIMIZATION]
                                   <<<    SIMD(VL: 8)
                                   <<<    SOFTWARE PIPELINING(IPC: 0.56, ITR: 32, MVE: 2, POL: S)
                                   <<<    PREFETCH(HARD) Expected by compiler :
                                   <<<      qi, xmb, dellal, rn, ql, kbcon, ktcon
                                   <<<      t1, cnvflg
                                   <<< Loop-information  End >>>
            2453     3   p    v              do i = 1, im
            2454     4   p    v                if (cnvflg(i) .and. rn(i) > 0.) then
            2455     4               !           if (k > kb(i) .and. k <= ktcon(i)) then
            2456     5   p    v                  if (k >= kbcon(i) .and. k <= ktcon(i)) then
            2457     5   p    v                    tem  = dellal(i,k) * xmb(i) * dt2
            2458     5   p    v                    tem1 = max(0.0, min(1.0, (tcr-t1(i,k))*tcrf))
            2459     6   p    v                    if (qi(i,k) > -999.0) then
            2460     6   p    v                      qi(i,k) = qi(i,k) + tem * tem1            ! ice
            2461     6   p    v                      ql(i,k) = ql(i,k) + tem *(1.0-tem1)       ! water
            2462     6   p    v                    else
            2463     6   p    v                      ql(i,k) = ql(i,k) + tem
            2464     6   p    v                    endif
            2465     5   p    v                  endif
            2466     4   p    v                endif
            2467     3   p    v              enddo
            2468     2   p                 enddo
            2469     1               !
            2470     1                     endif
            2471                     !
            2472                     !> - If convective precipitation is zero or negative, reset the updated state variables back to their original values (negating convective changes).
                                   <<< Loop-information Start >>>
                                   <<<  [PARALLELIZATION]
                                   <<<    Standard iteration count: 2
                                   <<<  [OPTIMIZATION]
                                   <<<    PREFETCH(HARD) Expected by compiler :
                                   <<<      cnvflg, rn, kmax, to, qo, uo, vo, t1, q1
                                   <<<      u1, v1
                                   <<< Loop-information  End >>>
            2473     1  pp                 do k = 1, km
                                   <<< Loop-information Start >>>
                                   <<<  [OPTIMIZATION]
                                   <<<    SIMD(VL: 8)
                                   <<<    SOFTWARE PIPELINING(IPC: 0.78, ITR: 32, MVE: 2, POL: S)
                                   <<<    PREFETCH(HARD) Expected by compiler :
                                   <<<      rn, to, qo, uo, vo, kmax, cnvflg, t1, q1
                                   <<<      u1, v1
                                   <<< Loop-information  End >>>
            2474     2   p    v              do i = 1, im
            2475     3   p    v                if(cnvflg(i) .and. rn(i) <= 0.) then
            2476     4   p    v                  if (k <= kmax(i)) then
            2477     4   p    v                    t1(i,k) = to(i,k)
            2478     4   p    v                    q1(i,k) = qo(i,k)
            2479     4   p    v                    u1(i,k) = uo(i,k)
            2480     4   p    v                    v1(i,k) = vo(i,k)
            2481     4   p    v                  endif
            2482     3   p    v                endif
            2483     2   p    v              enddo
            2484     1   p                 enddo
            2485                     !
            2486                     ! hchuang code change
            2487                     !
            2488                     !> - Calculate and retain the updraft and downdraft mass fluxes for dust transport by cumulus convection.
            2489                     !
            2490                     !> - Calculate the updraft convective mass flux.
                                   <<< Loop-information Start >>>
                                   <<<  [PARALLELIZATION]
                                   <<<    Standard iteration count: 2
                                   <<<  [OPTIMIZATION]
                                   <<<    PREFETCH(HARD) Expected by compiler :
                                   <<<      cnvflg, rn, kb, ktop, eta, xmb, ud_mf
                                   <<< Loop-information  End >>>
            2491     1  pp                 do k = 1, km
                                   <<< Loop-information Start >>>
                                   <<<  [OPTIMIZATION]
                                   <<<    SIMD(VL: 8)
                                   <<<    SOFTWARE PIPELINING(IPC: 0.42, ITR: 24, MVE: 2, POL: S)
                                   <<<    PREFETCH(HARD) Expected by compiler :
                                   <<<      ktop, cnvflg, eta, xmb, rn, kb, ud_mf
                                   <<< Loop-information  End >>>
            2492     2   p    v              do i = 1, im
            2493     3   p    v                if(cnvflg(i) .and. rn(i) > 0.) then
            2494     4   p    v                  if(k >= kb(i) .and. k < ktop(i)) then
            2495     4   p    v                    ud_mf(i,k) = eta(i,k) * xmb(i) * dt2
            2496     4   p    v                  endif
            2497     3   p    v                endif
            2498     2   p    v              enddo
            2499     1   p                 enddo
            2500                     !> - save the updraft convective mass flux at cloud top.
                                   <<< Loop-information Start >>>
                                   <<<  [PARALLELIZATION]
                                   <<<    Standard iteration count: 552
                                   <<<  [OPTIMIZATION]
                                   <<<    PREFETCH(HARD) Expected by compiler :
                                   <<<      cnvflg
                                   <<< Loop-information  End >>>
            2501     1  pp   2s            do i = 1, im
            2502     2   p   2m              if(cnvflg(i) .and. rn(i) > 0.) then
            2503     2   p   2s                 k = ktop(i)-1
            2504     2   p   2s                 dt_mf(i,k) = ud_mf(i,k)
            2505     2   p   2v              endif
            2506     1   p   2v            enddo
            2507                     !> - Calculate the downdraft convective mass flux.
                                   <<< Loop-information Start >>>
                                   <<<  [PARALLELIZATION]
                                   <<<    Standard iteration count: 2
                                   <<<  [OPTIMIZATION]
                                   <<<    PREFETCH(HARD) Expected by compiler :
                                   <<<      cnvflg, rn, jmin, etad, xmb, edto, dd_mf
                                   <<< Loop-information  End >>>
            2508     1  pp                 do k = 1, km
                                   <<< Loop-information Start >>>
                                   <<<  [OPTIMIZATION]
                                   <<<    SIMD(VL: 8)
                                   <<<    SOFTWARE PIPELINING(IPC: 0.56, ITR: 32, MVE: 2, POL: S)
                                   <<<    PREFETCH(HARD) Expected by compiler :
                                   <<<      rn, etad, xmb, edto, jmin, cnvflg, dd_mf
                                   <<< Loop-information  End >>>
            2509     2   p    v              do i = 1, im
            2510     3   p    v                if(cnvflg(i) .and. rn(i) > 0.) then
            2511     4   p    v                  if(k >= 1 .and. k <= jmin(i)) then
            2512     4   p    v                    dd_mf(i,k) = edto(i) * etad(i,k) * xmb(i) * dt2
            2513     4   p    v                  endif
            2514     3   p    v                endif
            2515     2   p    v              enddo
            2516     1   p                 enddo
            2517                     !!
            2518                     !xb110>> storage the updarft T and q for flash parameterization
                                   <<< Loop-information Start >>>
                                   <<<  [PARALLELIZATION]
                                   <<<    Standard iteration count: 2
                                   <<<  [OPTIMIZATION]
                                   <<<    PREFETCH(HARD) Expected by compiler :
                                   <<<      cnvflg, kbcon, ktcon, qcko, phil, hcko
                                   <<<      pqu, ptu
                                   <<< Loop-information  End >>>
            2519     1  pp                 do k = 1, km
                                   <<< Loop-information Start >>>
                                   <<<  [OPTIMIZATION]
                                   <<<    SIMD(VL: 8)
                                   <<<    SOFTWARE PIPELINING(IPC: 0.65, ITR: 32, MVE: 2, POL: S)
                                   <<<    PREFETCH(HARD) Expected by compiler :
                                   <<<      hcko, ktcon, cnvflg, kbcon, qcko, phil
                                   <<<      ptu, pqu
                                   <<< Loop-information  End >>>
            2520     2   p    v              do i = 1, im
            2521     3   p    v                if (cnvflg(i))then
            2522     4   p    v                 if(k >= kbcon(i) .and. k < ktcon(i)) then
            2523     4   p    v                   ptu(i,k) = (hcko(i,k)-hvap*qcko(i,k)-phil(i,k))/cp
            2524     4   p    v                   pqu(i,k) = qcko(i,k)
            2525     4   p    v                 end if
            2526     3   p    v                end if
            2527     2   p    v              end do
            2528     1   p                 end do
            2529                     !      if (myrank .eq.0) print*,"max ptu:",maxval(ptu)
            2530                     !      if (myrank .eq.0) print*,"max pqu:",maxval(pqu)
            2531                     !b110<<
            2532                           return
            2533                           end

 Procedure information
   Lines      : 2533
   Statements : 1557
   Stack(byte): 140896
   Prefetch num: 292

 Scoping unit of external sub-program : samfdeepcnv_kh
   Attribute and Cross reference of name
     aa1
      |(Class and Type) : variable name, REAL(8)
      |(Attributes)     : DIMENSION
      |(Declaration)    : 161
      |(Definition)     : 325  1137  1146  1596  1601
      |(Reference)      : 1146  1154  1171  1596  1601  1608  2162  2175  2414
     aa2
      |(Class and Type) : variable name, REAL(8)
      |(Attributes)     : DIMENSION
      |(Declaration)    : 161
      |(Definition)     : 326  1171  1187
      |(Reference)      : 1187  1197
     aafac
      |(Class and Type) : variable name, REAL(8)
      |(Attributes)     : 
      |(Declaration)    : 124
      |(Definition)     : 397
      |(Reference)      : 1171
     adw
      |(Class and Type) : variable name, REAL(8)
      |(Attributes)     : 
      |(Declaration)    : 124
      |(Definition)     : 1655  1656  2312  2313  2348  2349
      |(Reference)      : 1678  1678  1678  1678  1686  1686  1686  1686  1698  1705  2314  2350
     asolfac
      |(Class and Type) : named constant, REAL(8)
      |(Attributes)     : 
      |(Declaration)    : 124  191
      |(Definition)     : 
      |(Reference)      : 
     asqecflg
      |(Class and Type) : variable name, LOGICAL(4)
      |(Attributes)     : DIMENSION
      |(Declaration)    : 240
      |(Definition)     : 1741  1743  2164  2177
      |(Reference)      : 1742  1750  1781  1797  1818  1835  1849  1856  1864  1878  1937  1948  1966  2000  2016  2146  2160  2173  2190
     atan
      |(Class and Type) : intrinsic function name, REAL(8)
      |(Attributes)     : PURE, ELEMENTAL
      |(Declaration)    : 
      |(Definition)     : 
      |(Reference)      : 660
     aup
      |(Class and Type) : variable name, REAL(8)
      |(Attributes)     : 
      |(Declaration)    : 124
      |(Definition)     : 1653  1654  2310  2311  2346  2347
      |(Reference)      : 1678  1678  1678  1678  1686  1686  1686  1686  1698  1705  2314  2350
     bb1
      |(Class and Type) : variable name, REAL(8)
      |(Attributes)     : 
      |(Declaration)    : 186
      |(Definition)     : 1263
      |(Reference)      : 1283
     bb2
      |(Class and Type) : variable name, REAL(8)
      |(Attributes)     : 
      |(Declaration)    : 186
      |(Definition)     : 1264
      |(Reference)      : 1284
     bet1
      |(Class and Type) : named constant, REAL(8)
      |(Attributes)     : 
      |(Declaration)    : 186  214
      |(Definition)     : 
      |(Reference)      : 
     beta
      |(Class and Type) : variable name, REAL(8)
      |(Attributes)     : 
      |(Declaration)    : 124
      |(Definition)     : 1461  1462
      |(Reference)      : 1466
     betal
      |(Class and Type) : variable name, REAL(8)
      |(Attributes)     : 
      |(Declaration)    : 124
      |(Definition)     : 400
      |(Reference)      : 1462
     betas
      |(Class and Type) : variable name, REAL(8)
      |(Attributes)     : 
      |(Declaration)    : 124
      |(Definition)     : 401
      |(Reference)      : 1461
     betaw
      |(Class and Type) : named constant, REAL(8)
      |(Attributes)     : 
      |(Declaration)    : 124  215
      |(Definition)     : 
      |(Reference)      : 2151
     buo
      |(Class and Type) : variable name, REAL(8)
      |(Attributes)     : DIMENSION
      |(Declaration)    : 221
      |(Definition)     : 503  1069  1082  1086
      |(Reference)      : 1069  1082  1086  1146  1284  1284
     c0
      |(Class and Type) : variable name, REAL(8)
      |(Attributes)     : DIMENSION
      |(Declaration)    : 179
      |(Definition)     : 348  350
      |(Reference)      : 357  361
     c0l
      |(Class and Type) : variable name, REAL(8)
      |(Attributes)     : 
      |(Declaration)    : 124
      |(Definition)     : 
      |(Reference)      : 
     c0s
      |(Class and Type) : named constant, REAL(8)
      |(Attributes)     : 
      |(Declaration)    : 124  196
      |(Definition)     : 
      |(Reference)      : 348  348  350
     c0t
      |(Class and Type) : variable name, REAL(8)
      |(Attributes)     : DIMENSION
      |(Declaration)    : 226
      |(Definition)     : 357  361
      |(Reference)      : 1061  1065  1071  1234  1238  1241  1897  1900  1907
     c1
      |(Class and Type) : named constant, REAL(8)
      |(Attributes)     : 
      |(Declaration)    : 124  196
      |(Definition)     : 
      |(Reference)      : 1061  1063  1234  1236  1897
     cd1
      |(Class and Type) : named constant, REAL(8)
      |(Attributes)     : 
      |(Declaration)    : 186  214
      |(Definition)     : 
      |(Reference)      : 
     cina
      |(Class and Type) : variable name, REAL(8)
      |(Attributes)     : DIMENSION
      |(Declaration)    : 161
      |(Definition)     : 328  882  888
      |(Reference)      : 882  888  928
     cinacr
      |(Class and Type) : variable name, REAL(8)
      |(Attributes)     : 
      |(Declaration)    : 181
      |(Definition)     : 925
      |(Reference)      : 928
     cinacrmn
      |(Class and Type) : named constant, REAL(8)
      |(Attributes)     : 
      |(Declaration)    : 181  213
      |(Definition)     : 
      |(Reference)      : 
     cinacrmx
      |(Class and Type) : named constant, REAL(8)
      |(Attributes)     : 
      |(Declaration)    : 181  213
      |(Definition)     : 
      |(Reference)      : 924  924  925
     cinpcr
      |(Class and Type) : variable name, REAL(8)
      |(Attributes)     : 
      |(Declaration)    : 181
      |(Definition)     : 664
      |(Reference)      : 665
     cinpcri
      |(Class and Type) : variable name, REAL(8)
      |(Attributes)     : DIMENSION
      |(Declaration)    : 260
      |(Definition)     : 341  665
      |(Reference)      : 667
     cinpcrmn
      |(Class and Type) : named constant, REAL(8)
      |(Attributes)     : 
      |(Declaration)    : 181  210
      |(Definition)     : 
      |(Reference)      : 664  664
     cinpcrmx
      |(Class and Type) : variable name, REAL(8)
      |(Attributes)     : 
      |(Declaration)    : 181
      |(Definition)     : 337
      |(Reference)      : 664
     clam
      |(Class and Type) : variable name, REAL(8)
      |(Attributes)     : 
      |(Declaration)    : 119
      |(Definition)     : 396
      |(Reference)      : 463
     cldwrk
      |(Class and Type) : variable name, REAL(8)
      |(Attributes)     : DIMENSION, INTENT(OUT), dummy-argument
      |(Declaration)    : 77  111
      |(Definition)     : 315  2414
      |(Reference)      : 
     clear
      |(Class and Type) : variable name, REAL(8)
      |(Attributes)     : DIMENSION
      |(Declaration)    : 260
      |(Definition)     : 1349  1350
      |(Reference)      : 1350  2218
     cliq
      |(Class and Type) : named constant, REAL(8)
      |(Attributes)     : use-associated
      |(Declaration)    : 
      |(Definition)     : 
      |(Reference)      : 91  208
     cm
      |(Class and Type) : named constant, REAL(8)
      |(Attributes)     : 
      |(Declaration)    : 124  207
      |(Definition)     : 
      |(Reference)      : 819  1521
     cnvc
      |(Class and Type) : variable name, REAL(8)
      |(Attributes)     : DIMENSION, dummy-argument
      |(Declaration)    : 77  112
      |(Definition)     : 369  2439  2440  2441
      |(Reference)      : 2440  2441
     cnvflg
      |(Class and Type) : variable name, LOGICAL(4)
      |(Attributes)     : DIMENSION
      |(Declaration)    : 240
      |(Definition)     : 306  627  668  852  859  928  963  1001  1154  1328  1333  1352  1609  2165  2178
      |(Reference)      : 632  638  646  658  675  689  695  707  719  734  755  769  793  809  837  851  856  866  876  898  934  943  958  969  978  986  998  1009  1027  1037  1136  1142  1154  1159  1170  1176  1212  1280  1312  1326  1338  1346  1361  1376  1408  1414  1424  1446  1452  1463  1475  1493  1507  1536  1573  1588  1608  1615  1626  1635  1652  1715  1741  2105  2119  2126  2137  2146  2201  2208  2217  2229  2262  2285  2302  2308  2325  2345  2401  2424  2437  2454  2475  2493  2502  2510  2521
     cnvw
      |(Class and Type) : variable name, REAL(8)
      |(Attributes)     : DIMENSION, dummy-argument
      |(Declaration)    : 77  112
      |(Definition)     : 368  2426
      |(Reference)      : 
     cnvwt
      |(Class and Type) : variable name, REAL(8)
      |(Attributes)     : DIMENSION
      |(Declaration)    : 226
      |(Definition)     : 505  1074  1244
      |(Reference)      : 2426
     con_cliq
      |(Class and Type) : use name
      |(Attributes)     : 
      |(Declaration)    : 
      |(Definition)     : 
      |(Reference)      : 91
     con_cp
      |(Class and Type) : use name
      |(Attributes)     : 
      |(Declaration)    : 
      |(Definition)     : 
      |(Reference)      : 91
     con_cvap
      |(Class and Type) : use name
      |(Attributes)     : 
      |(Declaration)    : 
      |(Definition)     : 
      |(Reference)      : 91
     con_eps
      |(Class and Type) : use name
      |(Attributes)     : 
      |(Declaration)    : 
      |(Definition)     : 
      |(Reference)      : 91
     con_epsm1
      |(Class and Type) : use name
      |(Attributes)     : 
      |(Declaration)    : 
      |(Definition)     : 
      |(Reference)      : 91
     con_fvirt
      |(Class and Type) : use name
      |(Attributes)     : 
      |(Declaration)    : 
      |(Definition)     : 
      |(Reference)      : 91
     con_g
      |(Class and Type) : use name
      |(Attributes)     : 
      |(Declaration)    : 
      |(Definition)     : 
      |(Reference)      : 91
     con_hvap
      |(Class and Type) : use name
      |(Attributes)     : 
      |(Declaration)    : 
      |(Definition)     : 
      |(Reference)      : 91
     con_rd
      |(Class and Type) : use name
      |(Attributes)     : 
      |(Declaration)    : 
      |(Definition)     : 
      |(Reference)      : 91
     con_rv
      |(Class and Type) : use name
      |(Attributes)     : 
      |(Declaration)    : 
      |(Definition)     : 
      |(Reference)      : 91
     con_t0c
      |(Class and Type) : use name
      |(Attributes)     : 
      |(Declaration)    : 
      |(Definition)     : 
      |(Reference)      : 91
     cp
      |(Class and Type) : named constant, REAL(8)
      |(Attributes)     : use-associated
      |(Declaration)    : 
      |(Definition)     : 
      |(Reference)      : 91  193  193  533  575  597  599  882  1082  1187  1596  1757  1808  1827  1829  1837  1838  1916  2024  2264  2523
     crtlamd
      |(Class and Type) : variable name, REAL(8)
      |(Attributes)     : 
      |(Declaration)    : 119
      |(Definition)     : 407
      |(Reference)      : 
     crtlamu
      |(Class and Type) : variable name, REAL(8)
      |(Attributes)     : 
      |(Declaration)    : 119
      |(Definition)     : 406
      |(Reference)      : 
     cthk
      |(Class and Type) : named constant, REAL(8)
      |(Attributes)     : 
      |(Declaration)    : 124  209
      |(Definition)     : 
      |(Reference)      : 963
     cvap
      |(Class and Type) : named constant, REAL(8)
      |(Attributes)     : use-associated
      |(Declaration)    : 
      |(Definition)     : 
      |(Reference)      : 91  208
     cxlamd
      |(Class and Type) : variable name, REAL(8)
      |(Attributes)     : 
      |(Declaration)    : 119
      |(Definition)     : 410
      |(Reference)      : 
     cxlamu
      |(Class and Type) : variable name, REAL(8)
      |(Attributes)     : 
      |(Declaration)    : 119
      |(Definition)     : 409
      |(Reference)      : 736
     d0
      |(Class and Type) : named constant, REAL(8)
      |(Attributes)     : 
      |(Declaration)    : 124  196
      |(Definition)     : 
      |(Reference)      : 359
     dbyo
      |(Class and Type) : variable name, REAL(8)
      |(Attributes)     : DIMENSION
      |(Declaration)    : 226
      |(Definition)     : 492  817  1519
      |(Reference)      : 843  882  949  1041  1082  1187  1216  1379  1538
     dd_mf
      |(Class and Type) : variable name, REAL(8)
      |(Attributes)     : DIMENSION
      |(Declaration)    : 112
      |(Definition)     : 377  2512
      |(Reference)      : 
     del
      |(Class and Type) : variable name, REAL(8)
      |(Attributes)     : DIMENSION
      |(Declaration)    : 161
      |(Definition)     : 283
      |(Reference)      : 1013  1059  1232  1636  1657  1717  2272  2360
     delhbar
      |(Class and Type) : variable name, REAL(8)
      |(Attributes)     : DIMENSION
      |(Declaration)    : 161
      |(Definition)     : 2253  2273
      |(Reference)      : 2273
     dellah
      |(Class and Type) : variable name, REAL(8)
      |(Attributes)     : DIMENSION
      |(Declaration)    : 226
      |(Definition)     : 1627  1637  1678  1719
      |(Reference)      : 1678  1757  2264  2273
     dellal
      |(Class and Type) : variable name, REAL(8)
      |(Attributes)     : DIMENSION
      |(Declaration)    : 226
      |(Definition)     : 495  1063  1236  1731
      |(Reference)      : 2457
     dellaq
      |(Class and Type) : variable name, REAL(8)
      |(Attributes)     : DIMENSION
      |(Declaration)    : 226
      |(Definition)     : 1628  1639  1686  1722
      |(Reference)      : 1686  1756  1757  2264  2266  2274
     dellat
      |(Class and Type) : variable name, REAL(8)
      |(Attributes)     : 
      |(Declaration)    : 124
      |(Definition)     : 1757  2264
      |(Reference)      : 1758  2265  2275
     dellau
      |(Class and Type) : variable name, REAL(8)
      |(Attributes)     : DIMENSION
      |(Declaration)    : 226
      |(Definition)     : 1629  1641  1698  1724
      |(Reference)      : 1698  2270  2276
     dellav
      |(Class and Type) : variable name, REAL(8)
      |(Attributes)     : DIMENSION
      |(Declaration)    : 226
      |(Definition)     : 1630  1643  1705  1726
      |(Reference)      : 1705  2271  2277
     delp
      |(Class and Type) : variable name, REAL(8)
      |(Attributes)     : DIMENSION, INTENT(IN), dummy-argument
      |(Declaration)    : 77  102
      |(Definition)     : 
      |(Reference)      : 283
     delq
      |(Class and Type) : variable name, REAL(8)
      |(Attributes)     : DIMENSION
      |(Declaration)    : 161
      |(Definition)     : 2343  2376
      |(Reference)      : 2379
     delq2
      |(Class and Type) : variable name, REAL(8)
      |(Attributes)     : DIMENSION
      |(Declaration)    : 161
      |(Definition)     : 2301  2364
      |(Reference)      : 2366
     delqbar
      |(Class and Type) : variable name, REAL(8)
      |(Attributes)     : DIMENSION
      |(Declaration)    : 161
      |(Definition)     : 2254  2274  2379
      |(Reference)      : 2274  2379
     delqev
      |(Class and Type) : variable name, REAL(8)
      |(Attributes)     : DIMENSION
      |(Declaration)    : 161
      |(Definition)     : 2300  2377
      |(Reference)      : 2364  2368  2377
     delt
      |(Class and Type) : variable name, REAL(8)
      |(Attributes)     : INTENT(IN), dummy-argument
      |(Declaration)    : 77  101
      |(Definition)     : 
      |(Reference)      : 386
     delta
      |(Class and Type) : named constant, REAL(8)
      |(Attributes)     : 
      |(Declaration)    : 124  207
      |(Definition)     : 
      |(Reference)      : 880  880  888  1080  1080  1185  1185  1596  1596  1601  1914  1914  1922  2024  2024  2029
     deltbar
      |(Class and Type) : variable name, REAL(8)
      |(Attributes)     : DIMENSION
      |(Declaration)    : 161
      |(Definition)     : 2255  2275  2380
      |(Reference)      : 2275  2380
     deltv
      |(Class and Type) : variable name, REAL(8)
      |(Attributes)     : DIMENSION
      |(Declaration)    : 161
      |(Definition)     : 2342  2375
      |(Reference)      : 2380
     delubar
      |(Class and Type) : variable name, REAL(8)
      |(Attributes)     : DIMENSION
      |(Declaration)    : 161
      |(Definition)     : 2256  2276
      |(Reference)      : 2276
     delvbar
      |(Class and Type) : variable name, REAL(8)
      |(Attributes)     : DIMENSION
      |(Declaration)    : 161
      |(Definition)     : 2257  2277
      |(Reference)      : 2277
     desdt
      |(Class and Type) : variable name, REAL(8)
      |(Attributes)     : 
      |(Declaration)    : 124
      |(Definition)     : 572  1805
      |(Reference)      : 573  1806
     dg
      |(Class and Type) : variable name, REAL(8)
      |(Attributes)     : 
      |(Declaration)    : 124
      |(Definition)     : 1592  2020
      |(Reference)      : 1596  1596  2024  2024
     dh
      |(Class and Type) : variable name, REAL(8)
      |(Attributes)     : 
      |(Declaration)    : 124
      |(Definition)     : 1593  1970  2021
      |(Reference)      : 1596  1971  2024
     dhh
      |(Class and Type) : variable name, REAL(8)
      |(Attributes)     : 
      |(Declaration)    : 124
      |(Definition)     : 1590  2018
      |(Reference)      : 1596  2024
     dot
      |(Class and Type) : variable name, REAL(8)
      |(Attributes)     : DIMENSION, INTENT(IN), dummy-argument
      |(Declaration)    : 77  102
      |(Definition)     : 
      |(Reference)      : 639  1317  1318
     dp
      |(Class and Type) : variable name, REAL(8)
      |(Attributes)     : 
      |(Declaration)    : 124
      |(Definition)     : 566  1013  1059  1232  1636  1657  1717  1799  2272  2360
      |(Reference)      : 575  576  1014  1063  1074  1236  1244  1637  1639  1641  1643  1678  1686  1698  1705  1719  1722  1724  1726  1731  1808  1809  2273  2274  2275  2276  2277  2363  2364  2368  2374  2377  2379  2380
     dq
      |(Class and Type) : variable name, REAL(8)
      |(Attributes)     : 
      |(Declaration)    : 124
      |(Definition)     : 576  1051  1226  1381  1809  1892  1967
      |(Reference)      : 578  1057  1062  1065  1230  1235  1238  1385  1386  1811  1894  1898  1900  1969  1971
     dqsdp
      |(Class and Type) : variable name, REAL(8)
      |(Attributes)     : 
      |(Declaration)    : 124
      |(Definition)     : 571  1804
      |(Reference)      : 575  576  1808  1809
     dqsdt
      |(Class and Type) : variable name, REAL(8)
      |(Attributes)     : 
      |(Declaration)    : 124
      |(Definition)     : 573  1806
      |(Reference)      : 576  1809
     drag
      |(Class and Type) : variable name, REAL(8)
      |(Attributes)     : DIMENSION
      |(Declaration)    : 221
      |(Definition)     : 504  1088
      |(Reference)      : 1283  1283
     dt
      |(Class and Type) : variable name, REAL(8)
      |(Attributes)     : 
      |(Declaration)    : 124
      |(Definition)     : 575  1591  1808  1968  2019
      |(Reference)      : 576  577  1596  1596  1809  1810  1969  2024  2024
     dt2
      |(Class and Type) : variable name, REAL(8)
      |(Attributes)     : 
      |(Declaration)    : 124
      |(Definition)     : 386
      |(Reference)      : 389  392  1014  2265  2266  2270  2271  2316  2351  2362  2375  2376  2426  2457  2495  2512
     dt_mf
      |(Class and Type) : variable name, REAL(8)
      |(Attributes)     : DIMENSION
      |(Declaration)    : 112
      |(Definition)     : 378  2504
      |(Reference)      : 
     dtconv
      |(Class and Type) : variable name, REAL(8)
      |(Attributes)     : DIMENSION
      |(Declaration)    : 161
      |(Definition)     : 314  2107  2111  2112  2113
      |(Reference)      : 2111  2112  2113  2149  2162  2191
     dthk
      |(Class and Type) : named constant, REAL(8)
      |(Attributes)     : 
      |(Declaration)    : 124  209
      |(Definition)     : 
      |(Reference)      : 858
     dtmax
      |(Class and Type) : variable name, REAL(8)
      |(Attributes)     : 
      |(Declaration)    : 124
      |(Definition)     : 392
      |(Reference)      : 2113
     dtmin
      |(Class and Type) : variable name, REAL(8)
      |(Attributes)     : 
      |(Declaration)    : 124
      |(Definition)     : 389
      |(Reference)      : 2112
     dv1h
      |(Class and Type) : variable name, REAL(8)
      |(Attributes)     : 
      |(Declaration)    : 124
      |(Definition)     : 1660  1718
      |(Reference)      : 1678  1719
     dv1q
      |(Class and Type) : variable name, REAL(8)
      |(Attributes)     : 
      |(Declaration)    : 124
      |(Definition)     : 1663  1721
      |(Reference)      : 1686  1722
     dv2h
      |(Class and Type) : variable name, REAL(8)
      |(Attributes)     : 
      |(Declaration)    : 124
      |(Definition)     : 1661
      |(Reference)      : 1678
     dv2q
      |(Class and Type) : variable name, REAL(8)
      |(Attributes)     : 
      |(Declaration)    : 124
      |(Definition)     : 1664
      |(Reference)      : 1686
     dv3h
      |(Class and Type) : variable name, REAL(8)
      |(Attributes)     : 
      |(Declaration)    : 124
      |(Definition)     : 1662
      |(Reference)      : 1678
     dv3q
      |(Class and Type) : variable name, REAL(8)
      |(Attributes)     : 
      |(Declaration)    : 124
      |(Definition)     : 1665
      |(Reference)      : 1686
     dx1km
      |(Class and Type) : named constant, REAL(8)
      |(Attributes)     : 
      |(Declaration)    : 263  265
      |(Definition)     : 
      |(Reference)      : 
     dx250m
      |(Class and Type) : named constant, REAL(8)
      |(Attributes)     : 
      |(Declaration)    : 263  265
      |(Definition)     : 
      |(Reference)      : 
     dx5km
      |(Class and Type) : named constant, REAL(8)
      |(Attributes)     : 
      |(Declaration)    : 263  265
      |(Definition)     : 
      |(Reference)      : 659  659  660  661
     dxcrtas
      |(Class and Type) : named constant, REAL(8)
      |(Attributes)     : 
      |(Declaration)    : 124  215
      |(Definition)     : 
      |(Reference)      : 1742
     dxcrtuf
      |(Class and Type) : named constant, REAL(8)
      |(Attributes)     : 
      |(Declaration)    : 124  215
      |(Definition)     : 
      |(Reference)      : 
     dz
      |(Class and Type) : variable name, REAL(8)
      |(Attributes)     : 
      |(Declaration)    : 124
      |(Definition)     : 565  757  775  811  1039  1214  1282  1314  1454  1464  1477  1481  1508  1542  1594  1658  1798  1866  1880  1949  1974  2022  2128
      |(Reference)      : 575  760  778  812  813  1044  1045  1062  1063  1065  1071  1219  1220  1235  1236  1238  1241  1283  1284  1316  1319  1320  1455  1466  1479  1483  1510  1511  1513  1514  1544  1545  1547  1548  1596  1601  1678  1678  1678  1686  1686  1686  1808  1867  1868  1886  1887  1898  1900  1904  1907  1951  1952  1954  1955  1976  1977  1979  1980  2024  2029  2130  2131
     dz1
      |(Class and Type) : variable name, REAL(8)
      |(Attributes)     : 
      |(Declaration)    : 124
      |(Definition)     : 878  1144  1183  1912
      |(Reference)      : 882  888  1146  1187  1916  1922
     e1
      |(Class and Type) : variable name, REAL(8)
      |(Attributes)     : 
      |(Declaration)    : 124
      |(Definition)     : 1426
      |(Reference)      : 1428
     edt
      |(Class and Type) : variable name, REAL(8)
      |(Attributes)     : DIMENSION
      |(Declaration)    : 161
      |(Definition)     : 320  1428  1430  1432
      |(Reference)      : 1430  1432  1433  1434  2354  2355
     edtmax
      |(Class and Type) : variable name, REAL(8)
      |(Attributes)     : 
      |(Declaration)    : 124
      |(Definition)     : 1571  1572  1998  1999
      |(Reference)      : 1576  2005
     edtmaxl
      |(Class and Type) : variable name, REAL(8)
      |(Attributes)     : 
      |(Declaration)    : 124
      |(Definition)     : 394
      |(Reference)      : 1571  1998
     edtmaxs
      |(Class and Type) : variable name, REAL(8)
      |(Attributes)     : 
      |(Declaration)    : 124
      |(Definition)     : 395
      |(Reference)      : 1572  1999
     edto
      |(Class and Type) : variable name, REAL(8)
      |(Attributes)     : DIMENSION
      |(Declaration)    : 161
      |(Definition)     : 321  1433  1575  1576  1578
      |(Reference)      : 1575  1576  1596  1601  1637  1639  1641  1643  1678  1678  1678  1678  1686  1686  1686  1686  1698  1705  2314  2350  2512
     edtx
      |(Class and Type) : variable name, REAL(8)
      |(Attributes)     : DIMENSION
      |(Declaration)    : 161
      |(Definition)     : 322  1434  2002  2004  2005
      |(Reference)      : 2004  2005  2024  2029
     el2orc
      |(Class and Type) : named constant, REAL(8)
      |(Attributes)     : 
      |(Declaration)    : 124  193
      |(Definition)     : 
      |(Reference)      : 574  879  1040  1184  1215  1378  1537  1589  1807  1881  1913  1969  2017  2358
     elocp
      |(Class and Type) : named constant, REAL(8)
      |(Attributes)     : 
      |(Declaration)    : 124  193
      |(Definition)     : 
      |(Reference)      : 2373  2375
     eps
      |(Class and Type) : named constant, REAL(8)
      |(Attributes)     : use-associated
      |(Declaration)    : 
      |(Definition)     : 
      |(Reference)      : 91  515  570  590  1784  1803  1821  2236  2289
     epsm1
      |(Class and Type) : named constant, REAL(8)
      |(Attributes)     : use-associated
      |(Declaration)    : 
      |(Definition)     : 
      |(Reference)      : 91  515  569  590  1784  1802  1821  2236  2289
     es
      |(Class and Type) : variable name, REAL(8)
      |(Attributes)     : 
      |(Declaration)    : 124
      |(Definition)     : 567  1800
      |(Reference)      : 569  570  572  573  1802  1803  1805  1806
     eta
      |(Class and Type) : variable name, REAL(8)
      |(Attributes)     : DIMENSION
      |(Declaration)    : 226
      |(Definition)     : 476  760  778
      |(Reference)      : 760  778  779  1051  1058  1058  1062  1065  1226  1231  1231  1235  1238  1678  1678  1678  1678  1686  1686  1686  1686  1694  1695  1701  1702  1719  1722  1724  1726  1731  1892  1895  1895  1898  1900  2439  2495
     etad
      |(Class and Type) : variable name, REAL(8)
      |(Attributes)     : DIMENSION
      |(Declaration)    : 226
      |(Definition)     : 485  1479  1483
      |(Reference)      : 1479  1483  1559  1637  1639  1641  1643  1678  1678  1678  1678  1686  1686  1686  1686  1696  1697  1703  1704  1991  2512
     etah
      |(Class and Type) : variable name, REAL(8)
      |(Attributes)     : 
      |(Declaration)    : 124
      |(Definition)     : 1058  1231  1895
      |(Reference)      : 1062  1063  1065  1071  1074  1235  1236  1238  1241  1244  1898  1900  1907
     evef
      |(Class and Type) : variable name, REAL(8)
      |(Attributes)     : 
      |(Declaration)    : 124
      |(Definition)     : 2354  2355
      |(Reference)      : 2358
     evfact
      |(Class and Type) : variable name, REAL(8)
      |(Attributes)     : 
      |(Declaration)    : 124
      |(Definition)     : 403
      |(Reference)      : 2354
     evfactl
      |(Class and Type) : variable name, REAL(8)
      |(Attributes)     : 
      |(Declaration)    : 124
      |(Definition)     : 404
      |(Reference)      : 2355
     exp
      |(Class and Type) : intrinsic function name, REAL(8)
      |(Attributes)     : PURE, ELEMENTAL
      |(Declaration)    : 
      |(Definition)     : 
      |(Reference)      : 360  2362
     f1
      |(Class and Type) : named constant, REAL(8)
      |(Attributes)     : 
      |(Declaration)    : 186  214
      |(Definition)     : 
      |(Reference)      : 
     fact1
      |(Class and Type) : named constant, REAL(8)
      |(Attributes)     : 
      |(Declaration)    : 124  208
      |(Definition)     : 
      |(Reference)      : 208  572  1805
     fact2
      |(Class and Type) : named constant, REAL(8)
      |(Attributes)     : 
      |(Declaration)    : 124  208
      |(Definition)     : 
      |(Reference)      : 572  1805
     factor
      |(Class and Type) : variable name, REAL(8)
      |(Attributes)     : 
      |(Declaration)    : 124
      |(Definition)     : 814  820  1046  1221  1516  1522  1550  1869  1888  1957  1982
      |(Reference)      : 815  823  825  1047  1222  1517  1525  1527  1551  1870  1889  1958  1983
     fent1
      |(Class and Type) : variable name, REAL(8)
      |(Attributes)     : DIMENSION
      |(Declaration)    : 226
      |(Definition)     : 477  722
      |(Reference)      : 737
     fent2
      |(Class and Type) : variable name, REAL(8)
      |(Attributes)     : DIMENSION
      |(Declaration)    : 226
      |(Definition)     : 478  723
      |(Reference)      : 736
     fld
      |(Class and Type) : variable name, REAL(8)
      |(Attributes)     : DIMENSION
      |(Declaration)    : 161
      |(Definition)     : 2162
      |(Reference)      : 2163  2193
     flg
      |(Class and Type) : variable name, LOGICAL(4)
      |(Attributes)     : DIMENSION
      |(Declaration)    : 240
      |(Definition)     : 611  619  769  782  837  845  943  951  1176  1199  2302  2369
      |(Reference)      : 616  773  842  948  1181  2353  2407
     float
      |(Class and Type) : intrinsic function name, REAL(8)
      |(Attributes)     : PURE, ELEMENTAL
      |(Declaration)    : 
      |(Definition)     : 
      |(Reference)      : 1464  1465
     fpvs
      |(Class and Type) : external function name, REAL(8)
      |(Attributes)     : 
      |(Declaration)    : 
      |(Definition)     : 
      |(Reference)      : 513  567  588  1782  1800  1819  2234  2287
     fpvs
      |(Class and Type) : variable name, REAL(8)
      |(Attributes)     : 
      |(Declaration)    : 97
      |(Definition)     : 
      |(Reference)      : 
     frh
      |(Class and Type) : variable name, REAL(8)
      |(Attributes)     : DIMENSION
      |(Declaration)    : 226
      |(Definition)     : 479  596
      |(Reference)      : 648  736
     frh_sum
      |(Class and Type) : variable name, REAL(8)
      |(Attributes)     : DIMENSION
      |(Declaration)    : 260
      |(Definition)     : 340  648
      |(Reference)      : 648  665
     fv
      |(Class and Type) : named constant, REAL(8)
      |(Attributes)     : use-associated
      |(Declaration)    : 
      |(Definition)     : 
      |(Reference)      : 91  207
     g
      |(Class and Type) : named constant, REAL(8)
      |(Attributes)     : 
      |(Declaration)    : 124  191
      |(Definition)     : 
      |(Reference)      : 456  575  597  599  882  888  1014  1063  1069  1074  1082  1086  1086  1187  1236  1244  1319  1596  1601  1637  1639  1641  1643  1678  1686  1698  1705  1719  1722  1724  1726  1731  1808  1827  1829  1837  1838  1904  1916  1922  2024  2029  2273  2274  2275  2276  2277  2363  2364  2368  2374  2377  2379  2380
     gam1
      |(Class and Type) : named constant, REAL(8)
      |(Attributes)     : 
      |(Declaration)    : 186  214
      |(Definition)     : 
      |(Reference)      : 
     gamma
      |(Class and Type) : variable name, REAL(8)
      |(Attributes)     : 
      |(Declaration)    : 124
      |(Definition)     : 574  879  1040  1184  1215  1378  1537  1589  1807  1881  1913  1969  2017
      |(Reference)      : 575  880  882  1041  1041  1080  1082  1185  1187  1216  1216  1379  1379  1538  1538  1592  1808  1883  1883  1914  1916  1971  1971  2020
     garea
      |(Class and Type) : variable name, REAL(8)
      |(Attributes)     : DIMENSION, INTENT(IN), dummy-argument
      |(Declaration)    : 77  102
      |(Definition)     : 
      |(Reference)      : 334
     gdx
      |(Class and Type) : variable name, REAL(8)
      |(Attributes)     : DIMENSION
      |(Declaration)    : 161
      |(Definition)     : 334
      |(Reference)      : 660  661  662  1742  2108  2140
     grav
      |(Class and Type) : named constant, REAL(8)
      |(Attributes)     : use-associated
      |(Declaration)    : 
      |(Definition)     : 
      |(Reference)      : 91  191
     hcdo
      |(Class and Type) : variable name, REAL(8)
      |(Attributes)     : DIMENSION
      |(Declaration)    : 161
      |(Definition)     : 486  1495  1517  1939  1958
      |(Reference)      : 1517  1519  1590  1637  1678  1678  1958  1970  2018
     hcko
      |(Class and Type) : variable name, REAL(8)
      |(Attributes)     : DIMENSION
      |(Declaration)    : 226
      |(Definition)     : 480  795  815  1858  1870
      |(Reference)      : 815  817  1678  1678  1719  1870  1882  2523
     heo
      |(Class and Type) : variable name, REAL(8)
      |(Attributes)     : DIMENSION
      |(Declaration)    : 226
      |(Definition)     : 534  597  1827  1837
      |(Reference)      : 547  553  555  617  795  815  815  979  987  989  1495  1517  1517  1637  1660  1661  1661  1662  1718  1858  1870  1870  1939  1958  1958
     heso
      |(Class and Type) : variable name, REAL(8)
      |(Attributes)     : DIMENSION
      |(Declaration)    : 226
      |(Definition)     : 535  599  1829  1838
      |(Reference)      : 617  817  1519  1593  1882  1970  2021
     hmax
      |(Class and Type) : variable name, REAL(8)
      |(Attributes)     : DIMENSION
      |(Declaration)    : 161
      |(Definition)     : 547  555
      |(Reference)      : 553
     hmin
      |(Class and Type) : variable name, REAL(8)
      |(Attributes)     : DIMENSION
      |(Declaration)    : 161
      |(Definition)     : 979  989
      |(Reference)      : 987
     hvap
      |(Class and Type) : named constant, REAL(8)
      |(Attributes)     : use-associated
      |(Declaration)    : 
      |(Definition)     : 
      |(Reference)      : 91  193  193  193  208  534  535  575  597  599  880  1041  1080  1185  1216  1379  1538  1596  1757  1808  1827  1829  1837  1838  1883  1914  1971  2024  2264  2523
     i
      |(Class and Type) : variable name, INTEGER(4)
      |(Attributes)     : 
      |(Declaration)    : 116
      |(Definition)     : 277  281  289  305  338  346  355  367  375  430  438  444  455  461  473  511  530  546  551  563  586  610  615  626  631  637  645  657  674  688  694  706  718  733  754  768  772  792  808  836  841  850  855  865  875  897  933  942  947  957  968  977  985  997  1008  1026  1036  1135  1141  1153  1158  1169  1175  1180  1211  1279  1297  1305  1311  1325  1337  1345  1360  1375  1407  1413  1423  1445  1451  1460  1474  1492  1506  1535  1570  1587  1607  1614  1625  1634  1651  1714  1740  1749  1780  1796  1817  1834  1848  1855  1863  1877  1936  1947  1965  1997  2015  2104  2118  2125  2136  2145  2159  2200  2207  2216  2228  2252  2261  2284  2298  2307  2324  2340  2400  2423  2436  2453  2474  2492  2501  2509  2520
      |(Reference)      : 278  278  282  282  283  283  290  291  292  293  306  307  308  309  310  311  312  313  314  315  316  317  318  319  320  321  322  325  326  327  328  329  330  331  332  333  334  334  339  340  341  342  347  348  350  356  357  357  359  361  361  368  369  376  377  378  431  432  433  434  434  439  439  439  440  440  440  441  441  441  445  445  446  446  446  447  447  447  456  456  462  462  462  463  463  474  475  475  476  477  478  479  480  481  482  483  484  485  486  487  488  489  490  491  492  493  494  495  496  496  497  497  498  498  499  499  502  503  504  505  512  513  513  515  515  515  515  517  517  519  519  531  533  533  534  534  535  535  547  547  548  552  553  553  554  555  555  564  565  565  566  566  567  569  572  572  573  574  574  577  577  578  578  579  579  579  587  588  588  590  590  590  590  592  592  594  594  596  596  596  597  597  597  597  597  599  599  599  599  599  601  601  601  602  602  602  611  612  612  616  616  617  617  617  617  618  619  627  627  627  632  638  639  639  639  646  647  647  648  648  648  658  660  660  661  662  662  662  664  665  665  665  665  666  666  666  666  667  668  675  689  690  690  690  695  695  695  697  697  707  707  708  708  719  719  719  721  721  721  722  723  734  734  734  736  736  737  737  737  755  756  756  757  757  758  758  759  759  760  760  769  769  773  774  774  775  775  776  776  777  777  778  778  779  780  781  782  793  794  795  795  796  796  797  797  798  809  810  810  811  811  812  812  813  813  815  815  815  815  817  817  817  823  823  823  823  825  825  825  825  837  837  838  838  842  842  843  843  844  845  851  852  852  852  856  857  857  857  857  859  866  876  877  877  878  878  879  879  880  882  882  882  882  888  888  888  888  898  900  911  912  913  914  928  928  934  943  943  944  948  948  949  949  950  951  958  959  959  960  960  962  962  962  962  963  969  978  979  979  979  980  980  981  981  986  986  987  987  987  988  989  989  998  999  999  999  1000  1000  1000  1001  1001  1001  1009  1012  1013  1014  1027  1029  1029  1029  1029  1030  1030  1030  1030  1037  1038  1038  1039  1039  1040  1040  1041  1041  1044  1044  1045  1045  1047  1047  1047  1047  1049  1049  1051  1051  1057  1058  1058  1059  1060  1061  1062  1063  1065  1065  1069  1069  1070  1071  1071  1072  1072  1072  1074  1079  1080  1082  1082  1082  1082  1086  1086  1086  1086  1088  1088  1088  1136  1137  1142  1143  1143  1144  1144  1146  1146  1146  1154  1154  1154  1159  1170  1171  1171  1176  1176  1177  1177  1181  1182  1182  1183  1183  1184  1184  1185  1187  1187  1187  1187  1197  1198  1199  1212  1213  1213  1214  1214  1215  1215  1216  1216  1219  1219  1220  1220  1222  1222  1222  1222  1224  1224  1226  1226  1231  1231  1232  1234  1235  1236  1238  1238  1240  1241  1241  1242  1242  1242  1244  1280  1281  1281  1282  1282  1283  1283  1284  1284  1285  1287  1288  1288  1298  1299  1300  1306  1306  1306  1312  1313  1313  1314  1314  1315  1315  1316  1316  1317  1317  1317  1318  1318  1318  1319  1319  1320  1320  1326  1327  1328  1330  1330  1330  1333  1333  1338  1338  1339  1339  1339  1346  1347  1347  1349  1350  1350  1351  1351  1351  1352  1361  1362  1363  1363  1364  1376  1377  1378  1378  1379  1379  1381  1386  1387  1408  1409  1414  1415  1415  1416  1416  1416  1416  1418  1418  1424  1425  1425  1425  1425  1425  1425  1426  1426  1426  1428  1430  1430  1432  1432  1433  1433  1434  1434  1446  1447  1452  1453  1454  1454  1455  1455  1462  1463  1464  1464  1464  1465  1466  1475  1475  1476  1476  1477  1477  1479  1479  1480  1481  1481  1482  1483  1483  1493  1494  1495  1495  1496  1496  1497  1497  1498  1498  1499  1499  1500  1507  1507  1508  1508  1509  1514  1517  1517  1517  1517  1519  1519  1519  1525  1525  1525  1525  1527  1527  1527  1527  1536  1536  1537  1537  1538  1538  1538  1542  1542  1543  1548  1551  1551  1551  1551  1559  1559  1559  1559  1560  1560  1560  1572  1573  1574  1575  1575  1575  1575  1576  1576  1578  1588  1588  1589  1589  1590  1591  1593  1594  1594  1596  1596  1596  1601  1601  1601  1601  1601  1608  1608  1609  1615  1626  1626  1627  1628  1629  1630  1635  1636  1637  1637  1637  1637  1637  1639  1639  1639  1639  1639  1641  1641  1641  1641  1641  1643  1643  1643  1643  1643  1652  1652  1654  1656  1657  1658  1658  1660  1661  1661  1662  1663  1664  1664  1665  1667  1667  1668  1668  1670  1672  1678  1678  1678  1678  1678  1678  1678  1678  1678  1678  1678  1678  1678  1678  1678  1678  1678  1678  1686  1686  1686  1686  1686  1686  1686  1686  1686  1686  1686  1686  1686  1686  1686  1686  1686  1686  1694  1694  1694  1695  1695  1695  1696  1696  1696  1697  1697  1697  1698  1698  1698  1701  1701  1701  1702  1702  1702  1703  1703  1703  1704  1704  1704  1705  1705  1705  1715  1716  1717  1718  1719  1719  1719  1721  1722  1722  1722  1724  1724  1724  1724  1726  1726  1726  1726  1731  1731  1731  1741  1741  1742  1742  1743  1750  1750  1751  1752  1752  1753  1753  1755  1756  1756  1756  1756  1757  1757  1758  1758  1758  1760  1760  1781  1781  1782  1782  1784  1784  1784  1784  1786  1786  1797  1797  1798  1798  1799  1799  1800  1802  1805  1805  1806  1807  1807  1810  1810  1811  1811  1812  1812  1812  1818  1818  1819  1819  1821  1821  1821  1821  1823  1823  1825  1825  1827  1827  1827  1827  1827  1829  1829  1829  1829  1829  1835  1836  1837  1837  1837  1837  1838  1838  1838  1838  1849  1850  1851  1856  1857  1858  1858  1859  1859  1864  1865  1865  1866  1866  1867  1867  1868  1868  1870  1870  1870  1870  1878  1879  1879  1880  1880  1881  1881  1882  1882  1883  1886  1886  1887  1887  1889  1889  1889  1889  1892  1892  1894  1895  1895  1896  1897  1898  1900  1900  1902  1904  1904  1906  1907  1908  1908  1911  1911  1912  1912  1913  1913  1914  1916  1916  1916  1922  1922  1922  1922  1937  1938  1939  1939  1940  1940  1941  1941  1942  1948  1948  1949  1949  1950  1955  1958  1958  1958  1958  1966  1966  1967  1968  1970  1970  1971  1974  1974  1975  1980  1983  1983  1983  1983  1991  1991  1991  1992  1992  1999  2000  2001  2002  2004  2004  2004  2004  2005  2005  2016  2016  2017  2017  2018  2019  2021  2022  2022  2024  2024  2024  2029  2029  2029  2029  2029  2105  2106  2106  2106  2106  2107  2107  2108  2111  2111  2112  2112  2113  2113  2119  2120  2121  2126  2127  2127  2128  2128  2129  2129  2129  2129  2130  2130  2131  2131  2137  2138  2138  2138  2139  2139  2140  2140  2140  2146  2146  2147  2148  2148  2149  2149  2151  2151  2160  2162  2162  2162  2163  2164  2165  2173  2175  2175  2175  2175  2176  2177  2178  2190  2191  2191  2193  2193  2193  2201  2208  2209  2209  2209  2210  2210  2211  2211  2217  2218  2218  2218  2219  2219  2220  2220  2220  2221  2221  2221  2229  2229  2230  2230  2231  2231  2232  2232  2233  2233  2234  2234  2236  2236  2236  2236  2238  2238  2253  2254  2255  2256  2257  2258  2262  2262  2263  2264  2264  2265  2265  2265  2266  2266  2266  2266  2270  2270  2270  2270  2271  2271  2271  2271  2272  2273  2273  2273  2273  2274  2274  2274  2274  2275  2275  2275  2276  2276  2276  2276  2277  2277  2277  2277  2285  2285  2286  2287  2287  2289  2289  2289  2289  2291  2291  2299  2300  2301  2302  2302  2308  2308  2309  2311  2313  2314  2314  2314  2315  2315  2316  2316  2316  2325  2325  2326  2327  2328  2328  2341  2342  2343  2344  2345  2345  2347  2349  2350  2350  2350  2351  2351  2351  2353  2353  2354  2355  2355  2358  2358  2358  2358  2358  2360  2361  2361  2362  2362  2362  2363  2363  2363  2364  2364  2364  2366  2366  2366  2366  2368  2368  2368  2369  2371  2371  2372  2372  2372  2373  2373  2373  2374  2374  2374  2375  2375  2376  2376  2377  2377  2377  2379  2379  2379  2380  2380  2380  2401  2407  2407  2407  2408  2409  2411  2411  2412  2412  2413  2414  2414  2424  2424  2425  2425  2426  2426  2426  2437  2437  2438  2438  2439  2439  2439  2440  2440  2441  2441  2454  2454  2456  2456  2457  2457  2458  2459  2460  2460  2461  2461  2463  2463  2475  2475  2476  2477  2477  2478  2478  2479  2479  2480  2480  2493  2493  2494  2494  2495  2495  2495  2502  2502  2503  2504  2504  2510  2510  2511  2512  2512  2512  2512  2521  2522  2522  2523  2523  2523  2523  2524  2524
     im
      |(Class and Type) : variable name, INTEGER(4)
      |(Attributes)     : INTENT(IN), dummy-argument
      |(Declaration)    : 77  99
      |(Definition)     : 
      |(Reference)      : 100  102  102  105  110  110  111  111  112  112  112  155  155  155  155  155  155  155  155  155  155  155  161  161  161  161  161  161  161  161  161  161  161  161  161  161  161  161  161  161  161  161  161  161  161  161  161  161  161  161  161  161  161  161  161  161  161  161  161  161  161  161  161  161  161  161  179  218  218  218  218  218  218  221  221  221  222  222  222  226  226  226  226  226  226  226  226  226  226  226  226  226  226  226  226  226  226  226  226  226  226  226  226  226  226  226  226  226  226  226  226  240  240  240  260  260  260  260  260  262  277  281  305  338  346  355  367  375  430  438  444  455  461  473  511  530  546  551  563  586  610  615  626  631  637  645  657  674  688  694  706  718  733  754  768  772  792  808  836  841  850  855  865  875  897  933  942  947  957  968  977  985  997  1008  1026  1036  1135  1141  1153  1158  1169  1175  1180  1211  1279  1297  1305  1311  1325  1337  1345  1360  1375  1407  1413  1423  1445  1451  1460  1474  1492  1506  1535  1570  1587  1607  1614  1625  1634  1651  1714  1740  1749  1780  1796  1817  1834  1848  1855  1863  1877  1936  1947  1965  1997  2015  2104  2118  2125  2136  2145  2159  2200  2207  2216  2228  2252  2261  2284  2298  2307  2324  2340  2400  2423  2436  2453  2474  2492  2501  2509  2520
     indx
      |(Class and Type) : variable name, INTEGER(4)
      |(Attributes)     : 
      |(Declaration)    : 116
      |(Definition)     : 794  1716  1857
      |(Reference)      : 795  795  796  796  797  797  1717  1718  1719  1719  1719  1721  1722  1722  1722  1724  1724  1724  1724  1726  1726  1726  1726  1731  1731  1858  1858  1859  1859
     islimsk
      |(Class and Type) : variable name, INTEGER(4)
      |(Attributes)     : DIMENSION, INTENT(IN), dummy-argument
      |(Declaration)    : 77  100
      |(Definition)     : 
      |(Reference)      : 347  900  1462  1572  1999  2355
     ix
      |(Class and Type) : variable name, INTEGER(4)
      |(Attributes)     : INTENT(IN), dummy-argument
      |(Declaration)    : 77  99
      |(Definition)     : 
      |(Reference)      : 102  102  102  102  106  106  106  106  106  106  112  112  161  161  257  257  257  257  289
     jmin
      |(Class and Type) : variable name, INTEGER(4)
      |(Attributes)     : DIMENSION
      |(Declaration)    : 155
      |(Definition)     : 318  981  999  1000
      |(Reference)      : 1000  1001  1060  1476  1494  1507  1536  1588  1656  1896  1938  1948  1966  2016  2313  2349  2511
     jmn
      |(Class and Type) : variable name, INTEGER(4)
      |(Attributes)     : 
      |(Declaration)    : 116
      |(Definition)     : 1494  1938
      |(Reference)      : 1495  1495  1496  1496  1497  1497  1498  1498  1499  1499  1939  1939  1940  1940  1941  1941
     k
      |(Class and Type) : variable name, INTEGER(4)
      |(Attributes)     : 
      |(Declaration)    : 116
      |(Definition)     : 280  288  354  366  374  437  454  460  472  510  529  550  562  585  614  644  693  705  717  732  753  771  807  840  874  946  984  1012  1035  1140  1179  1210  1278  1304  1310  1377  1412  1450  1473  1505  1534  1586  1624  1650  1748  1779  1795  1816  1836  1862  1876  1946  1964  2014  2124  2147  2227  2260  2283  2306  2323  2339  2422  2435  2452  2473  2491  2503  2508  2519
      |(Reference)      : 282  282  283  283  290  291  292  293  356  357  359  361  368  369  376  377  378  439  439  440  440  441  441  456  456  462  462  462  463  463  474  475  475  476  477  478  479  480  481  482  483  484  485  486  487  488  489  490  491  492  493  494  495  496  496  497  497  498  498  499  499  502  503  504  505  512  513  513  515  515  515  515  517  517  519  519  531  533  533  534  534  535  535  552  553  554  555  564  565  565  566  566  567  569  572  572  573  574  574  577  577  578  578  579  579  579  587  588  588  590  590  590  590  592  592  594  594  596  596  596  597  597  597  597  597  599  599  599  599  599  601  601  601  602  602  602  616  617  617  618  647  647  648  695  695  697  707  708  719  719  721  722  723  734  734  736  736  737  737  737  756  756  757  757  758  758  759  759  760  760  774  774  775  775  776  776  777  777  778  778  779  780  781  810  810  811  811  812  812  813  813  815  815  815  815  817  817  817  823  823  823  823  825  825  825  825  842  843  843  844  877  877  878  878  879  879  880  882  882  888  888  948  949  949  950  986  987  987  988  989  1013  1038  1038  1039  1039  1040  1040  1041  1041  1044  1044  1045  1045  1047  1047  1047  1047  1049  1049  1051  1051  1057  1058  1058  1059  1060  1061  1062  1063  1065  1065  1069  1069  1070  1071  1071  1072  1074  1079  1080  1082  1082  1082  1082  1086  1086  1086  1086  1088  1088  1088  1143  1143  1144  1144  1146  1182  1182  1183  1183  1184  1184  1185  1187  1187  1198  1213  1213  1214  1214  1215  1215  1216  1216  1219  1219  1220  1220  1222  1222  1222  1222  1224  1224  1226  1226  1231  1231  1232  1234  1235  1236  1238  1238  1240  1241  1241  1242  1244  1281  1281  1282  1282  1283  1283  1284  1284  1285  1287  1288  1288  1306  1306  1306  1313  1313  1314  1314  1315  1315  1317  1317  1317  1318  1318  1318  1378  1378  1379  1379  1381  1387  1415  1415  1416  1416  1416  1416  1453  1453  1454  1454  1475  1476  1476  1477  1477  1479  1479  1480  1481  1481  1483  1483  1507  1508  1508  1509  1517  1517  1517  1517  1519  1519  1519  1525  1525  1525  1525  1527  1527  1527  1527  1536  1537  1537  1538  1538  1538  1542  1542  1543  1551  1551  1551  1551  1559  1559  1559  1559  1560  1588  1589  1589  1590  1591  1593  1594  1594  1601  1601  1626  1627  1628  1629  1630  1652  1654  1656  1657  1658  1658  1660  1661  1661  1662  1663  1664  1664  1665  1667  1667  1668  1668  1670  1678  1678  1678  1678  1678  1678  1678  1678  1678  1678  1678  1678  1678  1678  1686  1686  1686  1686  1686  1686  1686  1686  1686  1686  1686  1686  1686  1686  1694  1694  1694  1695  1695  1695  1696  1696  1696  1697  1697  1697  1698  1698  1701  1701  1701  1702  1702  1702  1703  1703  1703  1704  1704  1704  1705  1705  1750  1751  1752  1752  1753  1753  1755  1756  1756  1756  1757  1757  1758  1758  1760  1760  1781  1782  1782  1784  1784  1784  1784  1786  1786  1797  1798  1798  1799  1799  1800  1802  1805  1805  1806  1807  1807  1810  1810  1811  1811  1812  1812  1812  1818  1819  1819  1821  1821  1821  1821  1823  1823  1825  1825  1827  1827  1827  1827  1827  1829  1829  1829  1829  1829  1837  1837  1837  1837  1838  1838  1838  1838  1865  1865  1866  1866  1867  1867  1868  1868  1870  1870  1870  1870  1879  1879  1880  1880  1881  1881  1882  1882  1883  1886  1886  1887  1887  1889  1889  1889  1889  1892  1892  1894  1895  1895  1896  1897  1898  1900  1900  1902  1906  1907  1911  1911  1912  1912  1913  1913  1914  1916  1922  1922  1948  1949  1949  1950  1958  1958  1958  1958  1966  1967  1968  1970  1970  1971  1974  1974  1975  1983  1983  1983  1983  1991  1991  1991  2016  2017  2017  2018  2019  2021  2022  2022  2029  2029  2127  2127  2128  2128  2129  2129  2129  2129  2148  2148  2229  2230  2230  2231  2231  2232  2232  2233  2233  2234  2234  2236  2236  2236  2236  2238  2238  2262  2263  2264  2264  2265  2265  2266  2266  2266  2270  2270  2270  2271  2271  2271  2272  2273  2274  2276  2277  2285  2286  2287  2287  2289  2289  2289  2289  2291  2291  2308  2309  2311  2313  2314  2314  2315  2325  2326  2327  2328  2328  2341  2345  2347  2349  2350  2350  2353  2358  2358  2358  2358  2360  2372  2372  2373  2373  2425  2425  2426  2426  2438  2438  2439  2439  2440  2440  2441  2441  2456  2456  2457  2458  2459  2460  2460  2461  2461  2463  2463  2476  2477  2477  2478  2478  2479  2479  2480  2480  2494  2494  2495  2495  2504  2504  2511  2511  2512  2512  2522  2522  2523  2523  2523  2523  2524  2524
     kb
      |(Class and Type) : variable name, INTEGER(4)
      |(Attributes)     : DIMENSION
      |(Declaration)    : 155
      |(Definition)     : 548  554
      |(Reference)      : 617  617  647  665  666  756  794  810  877  1029  1029  1030  1030  1038  1415  1425  1654  1857  1865  1879  2311  2347  2494
     kbcon
      |(Class and Type) : variable name, INTEGER(4)
      |(Attributes)     : DIMENSION
      |(Declaration)    : 155
      |(Definition)     : 311  612  618
      |(Reference)      : 627  639  647  665  666  690  695  719  721  734  756  774  843  857  962  1012  1057  1079  1143  1453  1464  1465  1476  1480  1509  1543  1670  1894  1911  1950  1975  2147  2412  2425  2438  2456  2522
     kbcon1
      |(Class and Type) : variable name, INTEGER(4)
      |(Attributes)     : DIMENSION
      |(Declaration)    : 155
      |(Definition)     : 838  844
      |(Reference)      : 852  857  877  949  979  987  1000  1281  1313  2106  2127
     kbm
      |(Class and Type) : variable name, INTEGER(4)
      |(Attributes)     : DIMENSION
      |(Declaration)    : 155
      |(Definition)     : 432  441  447
      |(Reference)      : 447  552
     kbmax
      |(Class and Type) : variable name, INTEGER(4)
      |(Attributes)     : DIMENSION
      |(Declaration)    : 155
      |(Definition)     : 431  440  446
      |(Reference)      : 446  616  980  981  986
     kbot
      |(Class and Type) : variable name, INTEGER(4)
      |(Attributes)     : DIMENSION, INTENT(OUT), dummy-argument
      |(Declaration)    : 77  110
      |(Definition)     : 309  2412
      |(Reference)      : 
     kcnv
      |(Class and Type) : variable name, INTEGER(4)
      |(Attributes)     : DIMENSION, INTENT(INOUT), dummy-argument
      |(Declaration)    : 77  105
      |(Definition)     : 2413
      |(Reference)      : 
     kind_phys
      |(Class and Type) : named constant, INTEGER(4)
      |(Attributes)     : use-associated
      |(Declaration)    : 
      |(Definition)     : 
      |(Reference)      : 86  101  102  106  111  112  119  124  161  179  181  186  218  221  222  226  253  257  260  262  263
     kk
      |(Class and Type) : variable name, INTEGER(4)
      |(Attributes)     : 
      |(Declaration)    : 116
      |(Definition)     : 1362
      |(Reference)      : 1364
     km
      |(Class and Type) : variable name, INTEGER(4)
      |(Attributes)     : INTENT(IN), dummy-argument
      |(Declaration)    : 77  99
      |(Definition)     : 
      |(Reference)      : 102  102  102  102  106  106  106  106  106  106  112  112  112  112  112  161  161  161  161  161  161  161  218  218  218  218  218  218  221  221  221  226  226  226  226  226  226  226  226  226  226  226  226  226  226  226  226  226  226  226  226  226  226  226  226  226  226  226  226  226  257  257  257  257  262  280  288  300  309  311  354  366  374  431  432  433  437  445  454  472  510  529  550  1304  1412  1624  1748  1779  2227  2260  2283  2306  2323  2339  2422  2435  2452  2473  2491  2508  2519
     km1
      |(Class and Type) : variable name, INTEGER(4)
      |(Attributes)     : 
      |(Declaration)    : 116
      |(Definition)     : 300
      |(Reference)      : 460  562  585  614  644  693  705  717  732  753  771  807  840  874  946  984  1035  1140  1179  1210  1278  1310  1450  1473  1505  1534  1586  1650  1795  1816  1862  1876  1946  1964  2014  2124
     kmax
      |(Class and Type) : variable name, INTEGER(4)
      |(Attributes)     : DIMENSION
      |(Declaration)    : 155
      |(Definition)     : 433  439  445  780
      |(Reference)      : 445  446  447  474  512  531  564  587  612  627  695  707  719  734  774  810  838  842  852  948  1177  1182  1475  1626  1750  1781  1797  1818  1836  2229  2262  2285  2308  2325  2341  2476
     ktcon
      |(Class and Type) : variable name, INTEGER(4)
      |(Attributes)     : DIMENSION
      |(Declaration)    : 155
      |(Definition)     : 312  944  950  960  1363
      |(Reference)      : 959  962  999  1001  1038  1143  1182  1213  1281  1313  1362  1377  1415  1425  1652  1716  1751  1755  1865  1879  2263  2286  2309  2326  2345  2353  2411  2425  2438  2456  2522
     ktcon1
      |(Class and Type) : variable name, INTEGER(4)
      |(Attributes)     : DIMENSION
      |(Declaration)    : 155
      |(Definition)     : 1177  1198  1364
      |(Reference)      : 1213  1363  1902  1911  2106  2127
     ktconn
      |(Class and Type) : variable name, INTEGER(4)
      |(Attributes)     : DIMENSION
      |(Declaration)    : 155
      |(Definition)     : 313  781
      |(Reference)      : 959  960
     ktop
      |(Class and Type) : variable name, INTEGER(4)
      |(Attributes)     : DIMENSION, INTENT(OUT), dummy-argument
      |(Declaration)    : 77  110
      |(Definition)     : 310  2411
      |(Reference)      : 2494  2503
     lmin
      |(Class and Type) : variable name, INTEGER(4)
      |(Attributes)     : DIMENSION
      |(Declaration)    : 155
      |(Definition)     : 317  980  988
      |(Reference)      : 999
     log
      |(Class and Type) : intrinsic function name, REAL(8)
      |(Attributes)     : PURE, ELEMENTAL
      |(Declaration)    : 
      |(Definition)     : 
      |(Reference)      : 2439
     machine
      |(Class and Type) : module name
      |(Attributes)     : 
      |(Declaration)    : 
      |(Definition)     : 
      |(Reference)      : 86
     max
      |(Class and Type) : intrinsic function name, REAL(8)
      |(Attributes)     : PURE, ELEMENTAL
      |(Declaration)    : 
      |(Definition)     : 
      |(Reference)      : 389  392  517  519  592  594  888  920  1000  1086  1088  1288  1348  1350  1432  1601  1760  1786  1823  1825  1922  2029  2112  2139  2210  2219  2238  2291  2327  2441  2458
     mbdt
      |(Class and Type) : variable name, REAL(8)
      |(Attributes)     : DIMENSION
      |(Declaration)    : 161
      |(Definition)     : 308
      |(Reference)      : 1756  1758  2175
     min
      |(Class and Type) : intrinsic function name, REAL(8)
      |(Attributes)     : PURE, ELEMENTAL
      |(Declaration)    : 
      |(Definition)     : 
      |(Reference)      : 445  446  447  596  662  922  999  1350  1430  1576  2005  2113  2150  2192  2211  2219  2221  2327  2363  2440  2458
     n
      |(Class and Type) : variable name, INTEGER(4)
      |(Attributes)     : 
      |(Declaration)    : 116
      |(Definition)     : 
      |(Reference)      : 
     ncloud
      |(Class and Type) : variable name, INTEGER(4)
      |(Attributes)     : INTENT(IN), dummy-argument
      |(Declaration)    : 77  99
      |(Definition)     : 
      |(Reference)      : 1060  1233  1371  1896  2450
     pdot
      |(Class and Type) : variable name, REAL(8)
      |(Attributes)     : DIMENSION
      |(Declaration)    : 161
      |(Definition)     : 316  639
      |(Reference)      : 911  912  913  914
     pfld
      |(Class and Type) : variable name, REAL(8)
      |(Attributes)     : DIMENSION
      |(Declaration)    : 218
      |(Definition)     : 475
      |(Reference)      : 515  566  566  569  573  579  579  666  666  857  857  962  962  1306  1306  1784  1799  1799  1802  1806  1812  1812  2236  2289
     pgcon
      |(Class and Type) : variable name, REAL(8)
      |(Attributes)     : 
      |(Declaration)    : 124
      |(Definition)     : 415
      |(Reference)      : 821  822  1523  1524
     phil
      |(Class and Type) : variable name, REAL(8)
      |(Attributes)     : DIMENSION, INTENT(IN), dummy-argument
      |(Declaration)    : 77  102
      |(Definition)     : 
      |(Reference)      : 456  533  2523
     physcons
      |(Class and Type) : module name
      |(Attributes)     : 
      |(Declaration)    : 
      |(Definition)     : 
      |(Reference)      : 91
     pi
      |(Class and Type) : named constant, REAL(8)
      |(Attributes)     : 
      |(Declaration)    : 263  264
      |(Definition)     : 
      |(Reference)      : 659  660  660
     po
      |(Class and Type) : variable name, REAL(8)
      |(Attributes)     : DIMENSION
      |(Declaration)    : 161
      |(Definition)     : 579  1812
      |(Reference)      : 590  1821  2148
     po1
      |(Class and Type) : variable name, REAL(8)
      |(Attributes)     : DIMENSION
      |(Declaration)    : 262
      |(Definition)     : 1306
      |(Reference)      : 1317  1318
     pprime
      |(Class and Type) : variable name, REAL(8)
      |(Attributes)     : 
      |(Declaration)    : 124
      |(Definition)     : 569  1802
      |(Reference)      : 570  571  573  1803  1804  1806
     pqu
      |(Class and Type) : variable name, REAL(8)
      |(Attributes)     : DIMENSION, dummy-argument
      |(Declaration)    : 77  257
      |(Definition)     : 291  2524
      |(Reference)      : 
     prsl
      |(Class and Type) : variable name, REAL(8)
      |(Attributes)     : DIMENSION
      |(Declaration)    : 161
      |(Definition)     : 282
      |(Reference)      : 439  440  441  475
     prslp
      |(Class and Type) : variable name, REAL(8)
      |(Attributes)     : DIMENSION, INTENT(IN), dummy-argument
      |(Declaration)    : 77  102
      |(Definition)     : 
      |(Reference)      : 282
     ps
      |(Class and Type) : variable name, REAL(8)
      |(Attributes)     : DIMENSION
      |(Declaration)    : 161
      |(Definition)     : 278
      |(Reference)      : 434
     psp
      |(Class and Type) : variable name, REAL(8)
      |(Attributes)     : DIMENSION, INTENT(IN), dummy-argument
      |(Declaration)    : 77  102
      |(Definition)     : 
      |(Reference)      : 278
     ptem
      |(Class and Type) : variable name, REAL(8)
      |(Attributes)     : 
      |(Declaration)    : 124
      |(Definition)     : 759  777  821  1061  1234  1285  1478  1482  1523  1671  1674  1897
      |(Reference)      : 760  778  823  825  1062  1235  1287  1479  1483  1525  1527  1678  1686  1898
     ptem1
      |(Class and Type) : variable name, REAL(8)
      |(Attributes)     : 
      |(Declaration)    : 124
      |(Definition)     : 822  1286  1524  1672  1675  1696  1703
      |(Reference)      : 823  825  1287  1525  1527  1678  1686  1698  1705
     ptem2
      |(Class and Type) : variable name, REAL(8)
      |(Attributes)     : 
      |(Declaration)    : 124
      |(Definition)     : 1697  1704
      |(Reference)      : 1698  1705
     ptu
      |(Class and Type) : variable name, REAL(8)
      |(Attributes)     : DIMENSION, dummy-argument
      |(Declaration)    : 77  257
      |(Definition)     : 290  2523
      |(Reference)      : 
     pwavo
      |(Class and Type) : variable name, REAL(8)
      |(Attributes)     : DIMENSION
      |(Declaration)    : 161
      |(Definition)     : 329  798  1072  1242
      |(Reference)      : 1072  1242  1575
     pwdo
      |(Class and Type) : variable name, REAL(8)
      |(Attributes)     : DIMENSION
      |(Declaration)    : 226
      |(Definition)     : 494  1559
      |(Reference)      : 1560  2314  2350
     pwevo
      |(Class and Type) : variable name, REAL(8)
      |(Attributes)     : DIMENSION
      |(Declaration)    : 161
      |(Definition)     : 330  1500  1560
      |(Reference)      : 1560  1574  1575
     pwo
      |(Class and Type) : variable name, REAL(8)
      |(Attributes)     : DIMENSION
      |(Declaration)    : 226
      |(Definition)     : 493  1071  1241
      |(Reference)      : 1072  1242  2314  2350
     q1
      |(Class and Type) : variable name, REAL(8)
      |(Attributes)     : DIMENSION, INTENT(INOUT), dummy-argument
      |(Declaration)    : 77  106
      |(Definition)     : 2266  2372  2478
      |(Reference)      : 497  1752  1756  2231  2266  2358  2372
     qcdo
      |(Class and Type) : variable name, REAL(8)
      |(Attributes)     : DIMENSION
      |(Declaration)    : 161
      |(Definition)     : 487  1496  1551  1940  1983
      |(Reference)      : 1559  1686  1991
     qcko
      |(Class and Type) : variable name, REAL(8)
      |(Attributes)     : DIMENSION
      |(Declaration)    : 226
      |(Definition)     : 481  1029  1047  1070  1222  1240  1387  1859  1889  1906
      |(Reference)      : 1047  1049  1051  1222  1224  1226  1381  1686  1722  1889  1892  2523  2524
     qcond
      |(Class and Type) : variable name, REAL(8)
      |(Attributes)     : DIMENSION
      |(Declaration)    : 161
      |(Definition)     : 2258  2358
      |(Reference)      : 2361  2362  2366
     qeso
      |(Class and Type) : variable name, REAL(8)
      |(Attributes)     : DIMENSION
      |(Declaration)    : 218
      |(Definition)     : 513  515  517  588  590  592  1782  1784  1786  1819  1821  1823  2234  2236  2238  2287  2289  2291
      |(Reference)      : 515  515  517  535  574  590  590  592  596  599  721  721  879  888  1040  1041  1086  1184  1215  1216  1378  1379  1537  1538  1589  1601  1784  1784  1786  1807  1821  1821  1823  1829  1838  1881  1883  1913  1922  1967  2017  2029  2236  2236  2238  2289  2289  2291  2358  2358
     qevap
      |(Class and Type) : variable name, REAL(8)
      |(Attributes)     : DIMENSION
      |(Declaration)    : 161
      |(Definition)     : 2344  2362  2363  2368
      |(Reference)      : 2363  2364  2371  2372  2373  2374  2375  2376  2377
     qi
      |(Class and Type) : variable name, REAL(8)
      |(Attributes)     : DIMENSION, INTENT(INOUT), dummy-argument
      |(Declaration)    : 77  106
      |(Definition)     : 2460
      |(Reference)      : 2459  2460
     ql
      |(Class and Type) : variable name, REAL(8)
      |(Attributes)     : DIMENSION, INTENT(INOUT), dummy-argument
      |(Declaration)    : 77  106
      |(Definition)     : 2461  2463
      |(Reference)      : 2461  2463
     qlk
      |(Class and Type) : variable name, REAL(8)
      |(Attributes)     : 
      |(Declaration)    : 124
      |(Definition)     : 1062  1065  1235  1238  1898  1900
      |(Reference)      : 1063  1069  1070  1071  1074  1236  1240  1241  1244  1904  1906  1907
     qlko_ktcon
      |(Class and Type) : variable name, REAL(8)
      |(Attributes)     : DIMENSION
      |(Declaration)    : 226
      |(Definition)     : 319  1386
      |(Reference)      : 1731
     qo
      |(Class and Type) : variable name, REAL(8)
      |(Attributes)     : DIMENSION
      |(Declaration)    : 218
      |(Definition)     : 497  519  578  594  1752  1756  1760  1811  1825  2231
      |(Reference)      : 519  534  578  594  596  597  888  1029  1030  1047  1047  1086  1222  1222  1496  1497  1551  1551  1601  1639  1663  1664  1664  1665  1721  1760  1811  1825  1827  1837  1859  1889  1889  1922  1940  1941  1983  1983  2029  2478
     qrcd
      |(Class and Type) : variable name, REAL(8)
      |(Attributes)     : DIMENSION
      |(Declaration)    : 226
      |(Definition)     : 490  1941  1971
      |(Reference)      : 1983  1991
     qrcdo
      |(Class and Type) : variable name, REAL(8)
      |(Attributes)     : DIMENSION
      |(Declaration)    : 226
      |(Definition)     : 491  1497  1538
      |(Reference)      : 1551  1559  1639  1686
     qrch
      |(Class and Type) : variable name, REAL(8)
      |(Attributes)     : 
      |(Declaration)    : 124
      |(Definition)     : 1041  1216  1379
      |(Reference)      : 1051  1070  1226  1240  1381  1387
     qrcko
      |(Class and Type) : variable name, REAL(8)
      |(Attributes)     : DIMENSION
      |(Declaration)    : 226
      |(Definition)     : 482  1030  1049  1224
      |(Reference)      : 1686
     qs
      |(Class and Type) : variable name, REAL(8)
      |(Attributes)     : 
      |(Declaration)    : 124
      |(Definition)     : 570  1803
      |(Reference)      : 571  573  1804  1806
     rain
      |(Class and Type) : variable name, REAL(8)
      |(Attributes)     : 
      |(Declaration)    : 124
      |(Definition)     : 2314  2350
      |(Reference)      : 2315  2316  2351
     rainf
      |(Class and Type) : variable name, REAL(8)
      |(Attributes)     : DIMENSION
      |(Declaration)    : 257
      |(Definition)     : 292  2315
      |(Reference)      : 2328
     rd
      |(Class and Type) : named constant, REAL(8)
      |(Attributes)     : use-associated
      |(Declaration)    : 
      |(Definition)     : 
      |(Reference)      : 91  1319  2148
     rfact
      |(Class and Type) : variable name, REAL(8)
      |(Attributes)     : 
      |(Declaration)    : 124
      |(Definition)     : 880  1080  1185  1914
      |(Reference)      : 882  1082  1187  1916
     rho
      |(Class and Type) : variable name, REAL(8)
      |(Attributes)     : 
      |(Declaration)    : 124
      |(Definition)     : 2148
      |(Reference)      : 2151
     rn
      |(Class and Type) : variable name, REAL(8)
      |(Attributes)     : DIMENSION, INTENT(OUT), dummy-argument
      |(Declaration)    : 77  111
      |(Definition)     : 307  2351  2374  2407  2409
      |(Reference)      : 2351  2361  2362  2363  2366  2371  2374  2407  2408  2424  2437  2454  2475  2493  2502  2510
     rntot
      |(Class and Type) : variable name, REAL(8)
      |(Attributes)     : DIMENSION
      |(Declaration)    : 161
      |(Definition)     : 2299  2316
      |(Reference)      : 2316  2366  2368
     rv
      |(Class and Type) : named constant, REAL(8)
      |(Attributes)     : use-associated
      |(Declaration)    : 
      |(Definition)     : 
      |(Reference)      : 91  193  208  208
     samfdeepcnv_kh
      |(Class and Type) : external subroutine name
      |(Attributes)     : 
      |(Declaration)    : 
      |(Definition)     : 77
      |(Reference)      : 
     scaldfunc
      |(Class and Type) : variable name, REAL(8)
      |(Attributes)     : DIMENSION
      |(Declaration)    : 222
      |(Definition)     : 2218  2219
      |(Reference)      : 2219  2220
     shear
      |(Class and Type) : variable name, REAL(8)
      |(Attributes)     : 
      |(Declaration)    : 124
      |(Definition)     : 1416
      |(Reference)      : 1418
     sigma
      |(Class and Type) : variable name, REAL(8)
      |(Attributes)     : DIMENSION
      |(Declaration)    : 260
      |(Definition)     : 339  660  662
      |(Reference)      : 662  664  2218
     sigma_con
      |(Class and Type) : variable name, REAL(8)
      |(Attributes)     : 
      |(Declaration)    : 263
      |(Definition)     : 659
      |(Reference)      : 660
     sigmagfm
      |(Class and Type) : variable name, REAL(8)
      |(Attributes)     : DIMENSION
      |(Declaration)    : 222
      |(Definition)     : 342  2209  2210  2211
      |(Reference)      : 2210  2211
     snow_flx
      |(Class and Type) : variable name, REAL(8)
      |(Attributes)     : DIMENSION, dummy-argument
      |(Declaration)    : 77  257
      |(Definition)     : 293  2328
      |(Reference)      : 
     sqrt
      |(Class and Type) : intrinsic function name, REAL(8)
      |(Attributes)     : PURE, ELEMENTAL
      |(Declaration)    : 
      |(Definition)     : 
      |(Reference)      : 334  1315  1315  1416  2129  2362
     sumx
      |(Class and Type) : variable name, REAL(8)
      |(Attributes)     : DIMENSION
      |(Declaration)    : 226
      |(Definition)     : 1299  1320  1447  1455  2120  2131
      |(Reference)      : 1320  1327  1330  1338  1339  1455  1464  2131  2138
     t0c
      |(Class and Type) : named constant, REAL(8)
      |(Attributes)     : use-associated
      |(Declaration)    : 
      |(Definition)     : 
      |(Reference)      : 91  208
     t1
      |(Class and Type) : variable name, REAL(8)
      |(Attributes)     : DIMENSION, INTENT(INOUT), dummy-argument
      |(Declaration)    : 77  106
      |(Definition)     : 2234  2265  2287  2373  2477
      |(Reference)      : 356  359  496  1753  1758  2230  2265  2327  2358  2373  2458
     tan
      |(Class and Type) : intrinsic function name, REAL(8)
      |(Attributes)     : PURE, ELEMENTAL
      |(Declaration)    : 
      |(Definition)     : 
      |(Reference)      : 659
     tauadv
      |(Class and Type) : variable name, REAL(8)
      |(Attributes)     : DIMENSION
      |(Declaration)    : 161
      |(Definition)     : 2140
      |(Reference)      : 2149  2191
     tcr
      |(Class and Type) : named constant, REAL(8)
      |(Attributes)     : 
      |(Declaration)    : 253  254
      |(Definition)     : 
      |(Reference)      : 254  2327  2458
     tcrf
      |(Class and Type) : named constant, REAL(8)
      |(Attributes)     : 
      |(Declaration)    : 253  254
      |(Definition)     : 
      |(Reference)      : 2327  2458
     tem
      |(Class and Type) : variable name, REAL(8)
      |(Attributes)     : 
      |(Declaration)    : 124
      |(Definition)     : 359  533  721  736  758  776  812  819  857  912  914  916  920  922  923  962  1044  1219  1283  1315  1317  1347  1348  1465  1510  1513  1521  1544  1547  1667  1867  1886  1951  1954  1976  1979  2106  2129  2457
      |(Reference)      : 360  534  535  722  723  737  759  777  814  815  819  820  821  822  823  825  858  920  922  923  925  963  1046  1047  1221  1222  1285  1286  1316  1319  1348  1349  1466  1516  1517  1521  1522  1523  1524  1525  1527  1550  1551  1678  1686  1869  1870  1888  1889  1957  1958  1982  1983  2107  2130  2460  2461  2463
     tem1
      |(Class and Type) : variable name, REAL(8)
      |(Attributes)     : 
      |(Declaration)    : 124
      |(Definition)     : 360  666  813  924  1045  1220  1284  1318  1511  1514  1545  1548  1668  1694  1701  1868  1887  1952  1955  1977  1980  2327  2458
      |(Reference)      : 361  667  814  815  925  1046  1047  1221  1222  1287  1319  1516  1517  1550  1551  1678  1686  1698  1705  1869  1870  1888  1889  1957  1958  1982  1983  2328  2460  2461
     tem2
      |(Class and Type) : variable name, REAL(8)
      |(Attributes)     : 
      |(Declaration)    : 124
      |(Definition)     : 1695  1702
      |(Reference)      : 1698  1705
     tf
      |(Class and Type) : named constant, REAL(8)
      |(Attributes)     : 
      |(Declaration)    : 253  254
      |(Definition)     : 
      |(Reference)      : 254
     tfac
      |(Class and Type) : variable name, REAL(8)
      |(Attributes)     : 
      |(Declaration)    : 124
      |(Definition)     : 2108  2149  2150  2191  2192
      |(Reference)      : 2111  2150  2151  2192  2193
     to
      |(Class and Type) : variable name, REAL(8)
      |(Attributes)     : DIMENSION
      |(Declaration)    : 218
      |(Definition)     : 496  513  567  577  588  1753  1758  1782  1800  1810  1819  2230
      |(Reference)      : 533  572  572  574  577  597  599  879  880  882  1040  1080  1082  1184  1185  1187  1215  1317  1318  1378  1537  1589  1591  1805  1805  1807  1810  1827  1829  1837  1838  1881  1913  1914  1916  1968  2017  2019  2148  2477
     totflg
      |(Class and Type) : variable name, LOGICAL(4)
      |(Attributes)     : 
      |(Declaration)    : 240
      |(Definition)     : 630  632  673  675  864  866  932  934  967  969  1157  1159  1613  1615  2199  2201
      |(Reference)      : 632  634  675  677  866  868  934  936  969  971  1159  1161  1615  1617  2201  2203
     tvo
      |(Class and Type) : variable name, REAL(8)
      |(Attributes)     : DIMENSION
      |(Declaration)    : 226
      |(Definition)     : 
      |(Reference)      : 
     tx1
      |(Class and Type) : variable name, REAL(8)
      |(Attributes)     : DIMENSION
      |(Declaration)    : 226
      |(Definition)     : 434
      |(Reference)      : 439  440  441
     u1
      |(Class and Type) : variable name, REAL(8)
      |(Attributes)     : DIMENSION, INTENT(INOUT), dummy-argument
      |(Declaration)    : 77  106
      |(Definition)     : 2270  2479
      |(Reference)      : 498  2129  2129  2232  2270
     ucdo
      |(Class and Type) : variable name, REAL(8)
      |(Attributes)     : DIMENSION
      |(Declaration)    : 161
      |(Definition)     : 488  1498  1525
      |(Reference)      : 1525  1641  1696  1697
     ucko
      |(Class and Type) : variable name, REAL(8)
      |(Attributes)     : DIMENSION
      |(Declaration)    : 226
      |(Definition)     : 483  796  823
      |(Reference)      : 823  1694  1695  1724
     ud_mf
      |(Class and Type) : variable name, REAL(8)
      |(Attributes)     : DIMENSION
      |(Declaration)    : 112
      |(Definition)     : 376  2495
      |(Reference)      : 2504
     umean
      |(Class and Type) : variable name, REAL(8)
      |(Attributes)     : DIMENSION
      |(Declaration)    : 161
      |(Definition)     : 2121  2130  2138  2139
      |(Reference)      : 2130  2138  2139  2140
     uo
      |(Class and Type) : variable name, REAL(8)
      |(Attributes)     : DIMENSION
      |(Declaration)    : 218
      |(Definition)     : 498  601  2232
      |(Reference)      : 601  601  796  823  823  1416  1416  1498  1525  1525  1641  1694  1695  1696  1697  1724  2479
     v1
      |(Class and Type) : variable name, REAL(8)
      |(Attributes)     : DIMENSION, INTENT(INOUT), dummy-argument
      |(Declaration)    : 77  106
      |(Definition)     : 2271  2480
      |(Reference)      : 499  2129  2129  2233  2271
     val
      |(Class and Type) : variable name, REAL(8)
      |(Attributes)     : 
      |(Declaration)    : 124
      |(Definition)     : 388  391  887  1085  1332  1429  1431  1599  1759  1785  1921  2027  2237  2290
      |(Reference)      : 389  392  888  1086  1333  1430  1432  1601  1760  1786  1922  2029  2238  2291
     val1
      |(Class and Type) : variable name, REAL(8)
      |(Attributes)     : 
      |(Declaration)    : 124
      |(Definition)     : 516  591  919  1822
      |(Reference)      : 517  592  920  1823
     val2
      |(Class and Type) : variable name, REAL(8)
      |(Attributes)     : 
      |(Declaration)    : 124
      |(Definition)     : 518  593  921  1824
      |(Reference)      : 519  594  922  1825
     vcdo
      |(Class and Type) : variable name, REAL(8)
      |(Attributes)     : DIMENSION
      |(Declaration)    : 161
      |(Definition)     : 489  1499  1527
      |(Reference)      : 1527  1643  1703  1704
     vcko
      |(Class and Type) : variable name, REAL(8)
      |(Attributes)     : DIMENSION
      |(Declaration)    : 226
      |(Definition)     : 484  797  825
      |(Reference)      : 825  1701  1702  1726
     vo
      |(Class and Type) : variable name, REAL(8)
      |(Attributes)     : DIMENSION
      |(Declaration)    : 218
      |(Definition)     : 499  602  2233
      |(Reference)      : 602  602  797  825  825  1416  1416  1499  1527  1527  1643  1701  1702  1703  1704  1726  2480
     vshear
      |(Class and Type) : variable name, REAL(8)
      |(Attributes)     : DIMENSION
      |(Declaration)    : 161
      |(Definition)     : 333  1409  1418  1425
      |(Reference)      : 1418  1425  1426  1426  1426
     w1
      |(Class and Type) : variable name, REAL(8)
      |(Attributes)     : 
      |(Declaration)    : 124
      |(Definition)     : 901  906
      |(Reference)      : 
     w1l
      |(Class and Type) : variable name, REAL(8)
      |(Attributes)     : 
      |(Declaration)    : 124
      |(Definition)     : 417
      |(Reference)      : 901
     w1s
      |(Class and Type) : variable name, REAL(8)
      |(Attributes)     : 
      |(Declaration)    : 124
      |(Definition)     : 421
      |(Reference)      : 906
     w2
      |(Class and Type) : variable name, REAL(8)
      |(Attributes)     : 
      |(Declaration)    : 124
      |(Definition)     : 902  907
      |(Reference)      : 
     w2l
      |(Class and Type) : variable name, REAL(8)
      |(Attributes)     : 
      |(Declaration)    : 124
      |(Definition)     : 418
      |(Reference)      : 902
     w2s
      |(Class and Type) : variable name, REAL(8)
      |(Attributes)     : 
      |(Declaration)    : 124
      |(Definition)     : 422
      |(Reference)      : 907
     w3
      |(Class and Type) : variable name, REAL(8)
      |(Attributes)     : 
      |(Declaration)    : 124
      |(Definition)     : 903  908
      |(Reference)      : 912  914
     w3l
      |(Class and Type) : variable name, REAL(8)
      |(Attributes)     : 
      |(Declaration)    : 124
      |(Definition)     : 419
      |(Reference)      : 903
     w3s
      |(Class and Type) : variable name, REAL(8)
      |(Attributes)     : 
      |(Declaration)    : 124
      |(Definition)     : 423
      |(Reference)      : 908
     w4
      |(Class and Type) : variable name, REAL(8)
      |(Attributes)     : 
      |(Declaration)    : 124
      |(Definition)     : 904  909
      |(Reference)      : 911  912  912  913  914  914
     w4l
      |(Class and Type) : variable name, REAL(8)
      |(Attributes)     : 
      |(Declaration)    : 124
      |(Definition)     : 420
      |(Reference)      : 904
     w4s
      |(Class and Type) : variable name, REAL(8)
      |(Attributes)     : 
      |(Declaration)    : 124
      |(Definition)     : 424
      |(Reference)      : 909
     wbar
      |(Class and Type) : variable name, REAL(8)
      |(Attributes)     : DIMENSION
      |(Declaration)    : 260
      |(Definition)     : 1300  1319  1339
      |(Reference)      : 1319  1339  1347  1351  1351  2209
     wc
      |(Class and Type) : variable name, REAL(8)
      |(Attributes)     : DIMENSION
      |(Declaration)    : 222
      |(Definition)     : 1298  1316  1330
      |(Reference)      : 1316  1330  1333  1347  1351  2107  2151  2209
     wu2
      |(Class and Type) : variable name, REAL(8)
      |(Attributes)     : DIMENSION
      |(Declaration)    : 221
      |(Definition)     : 502  1287  1288
      |(Reference)      : 1285  1288  1315  1315
     xaa0
      |(Class and Type) : variable name, REAL(8)
      |(Attributes)     : DIMENSION
      |(Declaration)    : 161
      |(Definition)     : 327  1850  1904  1916  1922  2024  2029
      |(Reference)      : 1904  1916  1922  2024  2029  2175
     xdby
      |(Class and Type) : variable name, REAL(8)
      |(Attributes)     : 
      |(Declaration)    : 124
      |(Definition)     : 1882
      |(Reference)      : 1883  1916
     xk
      |(Class and Type) : variable name, REAL(8)
      |(Attributes)     : DIMENSION
      |(Declaration)    : 161
      |(Definition)     : 2175
      |(Reference)      : 2176  2193
     xlamd
      |(Class and Type) : variable name, REAL(8)
      |(Attributes)     : DIMENSION
      |(Declaration)    : 161
      |(Definition)     : 1466
      |(Reference)      : 1482  1514  1548  1672  1955  1980
     xlamdd
      |(Class and Type) : variable name, REAL(8)
      |(Attributes)     : 
      |(Declaration)    : 119
      |(Definition)     : 412
      |(Reference)      : 1478  1482  1511  1514  1545  1548  1672  1675  1952  1955  1977  1980
     xlamde
      |(Class and Type) : variable name, REAL(8)
      |(Attributes)     : 
      |(Declaration)    : 119
      |(Definition)     : 411
      |(Reference)      : 1478  1482  1510  1513  1544  1547  1671  1674  1951  1954  1976  1979
     xlamud
      |(Class and Type) : variable name, REAL(8)
      |(Attributes)     : DIMENSION
      |(Declaration)    : 226
      |(Definition)     : 708
      |(Reference)      : 758  758  776  776  813  813  1045  1045  1088  1220  1220  1668  1668  1868  1868  1887  1887
     xlamue
      |(Class and Type) : variable name, REAL(8)
      |(Attributes)     : DIMENSION
      |(Declaration)    : 226
      |(Definition)     : 463  697  737
      |(Reference)      : 690  737  759  759  777  777  812  812  1044  1044  1088  1219  1219  1667  1667  1867  1867  1886  1886
     xlamx
      |(Class and Type) : variable name, REAL(8)
      |(Attributes)     : DIMENSION
      |(Declaration)    : 161
      |(Definition)     : 690
      |(Reference)      : 697  708
     xmb
      |(Class and Type) : variable name, REAL(8)
      |(Attributes)     : DIMENSION
      |(Declaration)    : 161
      |(Definition)     : 2151  2193  2220  2221
      |(Reference)      : 2220  2221  2265  2266  2270  2271  2273  2274  2275  2276  2277  2315  2316  2351  2426  2439  2457  2495  2512
     xmbmax
      |(Class and Type) : variable name, REAL(8)
      |(Attributes)     : DIMENSION
      |(Declaration)    : 161
      |(Definition)     : 1014
      |(Reference)      : 2221
     xpw
      |(Class and Type) : variable name, REAL(8)
      |(Attributes)     : 
      |(Declaration)    : 124
      |(Definition)     : 1907
      |(Reference)      : 1908
     xpwav
      |(Class and Type) : variable name, REAL(8)
      |(Attributes)     : DIMENSION
      |(Declaration)    : 161
      |(Definition)     : 331  1851  1908
      |(Reference)      : 1908  2004
     xpwd
      |(Class and Type) : variable name, REAL(8)
      |(Attributes)     : 
      |(Declaration)    : 124
      |(Definition)     : 1991
      |(Reference)      : 1992
     xpwev
      |(Class and Type) : variable name, REAL(8)
      |(Attributes)     : DIMENSION
      |(Declaration)    : 161
      |(Definition)     : 332  1942  1992
      |(Reference)      : 1992  2001  2004
     xqrch
      |(Class and Type) : variable name, REAL(8)
      |(Attributes)     : 
      |(Declaration)    : 124
      |(Definition)     : 1883
      |(Reference)      : 1892  1906
     zi
      |(Class and Type) : variable name, REAL(8)
      |(Attributes)     : DIMENSION
      |(Declaration)    : 226
      |(Definition)     : 462
      |(Reference)      : 463  757  757  775  775  811  811  1039  1039  1214  1214  1282  1282  1314  1314  1425  1425  1454  1454  1464  1477  1477  1481  1481  1508  1508  1542  1542  1658  1658  1866  1866  1880  1880  1949  1949  1974  1974  2106  2106  2128  2128
     zo
      |(Class and Type) : variable name, REAL(8)
      |(Attributes)     : DIMENSION
      |(Declaration)    : 226
      |(Definition)     : 456
      |(Reference)      : 462  462  565  565  597  597  599  599  878  878  1144  1144  1183  1183  1594  1594  1798  1798  1827  1827  1829  1829  1837  1838  1912  1912  2022  2022

 Total information
   Procedures       : 1
   Total lines      : 2533
   Total statements : 1557
   Total stack(byte): 140896
   Total prefetch num: 292

