
 Fujitsu Fortran Version 4.6.1  Wed Jan 17 08:42:50 2024

 Compilation information
   Current directory : /IFS/nwpr/gfs/xb169/code_update/tco639l72_sp/src
   Source file       : outflds.f90

 Option information
   Command line options : -Kident_mpi -f2004 -c -X9 -Free -CcdRR8 -Cpp -Kfast,parallel,openmp,ocl,autoobjstack -x- -fw -Knofp_relaxed -SSL2BLAMP -Kopenmp,parallel -DTIMING -DUSE_FFTW -DW3TAG -DGFDLMP_v2 -DSP -Ec -Nlst=a,lst=d,lst=i,lst=p,lst=t,lst=x -Koptmsg=2 -I. -I/users/xa09/pkg/fx1000/fftw-3.3.10/include -I/package/fx1000/netcdf-4.7.4/include -I/package/fx1000/g2lib-1.4.0_cwb/include -I/nwpr/gfs/xb157/CWBSUMc2/4cpl/components/coupler -I/nwpr/gfs/xb124/package/fx1000/MCT/include -DTIMCOMCPL -L/package/fx1000/netcdf-4.7.4/lib -lnetcdff -lnetcdf -L/package/fx1000/hdf5-1.10.7/lib -lhdf5_hl -lhdf5 -L/package/fx1000/dms/lib -lrdms -lgdbm -L/package/fx1000/operlib/lib -lnwp -L/users/xa09/pkg/fx1000/fftw-3.3.10/lib -lfftw3f_threads -lfftw3f -lfftw3_threads -lfftw3 -SSL2BLAMP -L/nwpr/gfs/xb124/CWBSUMc2/components/rsm/lib/cwb_mpmd -lmpmd -L/package/fx1000/g2lib-1.4.0_cwb/lib -lg2 -L/package/fx1000/libpng-1.6.37/lib -lpng -L/package/fx1000/jasper-1.900.1/lib -ljasper -L/nwpr/gfs/xb157/CWBSUMc2/4cpl/components/coupler -lcpl -L/nwpr/gfs/xb124/package/fx1000/MCT/lib -lmct -lmpeu -I/opt/FJSVxtclanga/.common/MELI025/include/mpi/fujitsu -I/opt/FJSVxtclanga/.common/MELI025/lib64 -Knointentopt
   Cpp options          : -DTIMING -DUSE_FFTW -DW3TAG -DGFDLMP_v2 -DSP -I. -I/users/xa09/pkg/fx1000/fftw-3.3.10/include -I/package/fx1000/netcdf-4.7.4/include -I/package/fx1000/g2lib-1.4.0_cwb/include -I/nwpr/gfs/xb157/CWBSUMc2/4cpl/components/coupler -I/nwpr/gfs/xb124/package/fx1000/MCT/include -DTIMCOMCPL -I/opt/FJSVxtclanga/.common/MELI025/include/mpi/fujitsu -I/opt/FJSVxtclanga/.common/MELI025/lib64 -Dunix -Dlinux -D__FUJITSU -D__FRT_major__=4 -D__FRT_minor__=6 -D__FRT_patchlevel__=1 -D__FRT_version__="4.6.1" -D__aarch64__ -D__unix -D_OPENMP=201511 -D__frt_version=800 -D__ARM_ARCH=8 -D__ARM_FEATURE_SVE -D__ELF__ -D__unix__ -D__linux__ -D__linux -Asystem(unix) -otmp
   Effective options    : -fw -g0 -AE -Ec -Free -O3 -X9
                          -CcdRR8 -x- -xaccept=nomodule_allocatable
                          -KA64FX -KARMV8_3_A -KSVE -Kalign_commons
                          -Kalign_loops -Knoarray_declaration_opt
                          -Kassume=noshortloop -Kassume=nomemory_bandwidth
                          -Kassume=notime_saving_compilation -Kauto
                          -Kautoobjstack -Knocalleralloc -Kcmodel=small
                          -Keval -Keval_noconcurrent -Knoextract_stride_store
                          -Knofenv_access -Kfp_contract -Knofp_relaxed
                          -Kfsimple -Kfz -Khpctag -Kilfunc=procedure
                          -Knointentopt -Klargepage -Kloop_blocking
                          -Kloop_fission -Kloop_nofission_stripmining
                          -Kloop_fission_threshold=50 -Kloop_fusion
                          -Kloop_interchange -Kloop_part_parallel
                          -Kloop_part_simd -Kloop_perfect_nest
                          -Kloop_noversioning -Knolto -Kmfunc=1 -Kocl
                          -Komitfp -Knooptlib_string -Koptmsg=2
                          -Knopc_relative_literal_loads -Kplt -Knopreex
                          -Kprefetch_noconditional -Kprefetch_noindirect
                          -Kprefetch_sequential=auto -Kprefetch_nostride
                          -Kprefetch_cache_level=all -Kprefetch_noinfer
                          -Kprefetch_strong -Kprefetch_strong_L2 -Knopreload
                          -Ksch_post_ra -Ksch_pre_ra -Ksibling_calls
                          -Ksimd=auto -Ksimd_packed_promotion
                          -Ksimd_reduction_product -Ksimd_reg_size=512
                          -Ksimd_nouncounted_loop
                          -Ksimd_use_multiple_structures -Knostriping
                          -Knosubscript_opt -Kswp -Kswp_freg_rate=100
                          -Kswp_ireg_rate=100 -Kswp_preg_rate=100
                          -Kswp_policy=auto -Ktemparraystack -Kunroll
                          -Knounroll_and_jam -Knozfill
                          -Kopenmp -Kopenmp_noassume_norecurrence
                          -Kopenmp_nocollapse_except_innermost
                          -Kopenmp_noordered_reduction -Knoopenmp_simd
                          -Kthreadsafe -Kparallel -Kparallel_nofp_precision
                          -Knoarray_private -Knodynamic_iteration -Kreduction
                          -Kregion_extension
                          -Nallextput -Nnoalloc_assign
                          -Ncancel_overtime_compilation -Nnocheck_global
                          -Nnocoarray -Nnocompdisp -Nnocopyarg -Nnocoverage
                          -Nfjprof -Nfreealloc -Nf90move -Nnohook_func
                          -Nnohook_time -Nlibomp -Nline -Nlst -Nlst=a -Nlst=d
                          -Nlst=i -Nlst=p -Nlst=t -Nlst=x -Nnomallocfree
                          -Nnoobsfun -Nnoprivatealloc -Nquickdbg=noargchk
                          -Nquickdbg=nosubchk -Nquickdbg=noundef -NRnotrap
                          -Nnorecursive -Nnoreordered_variable_stack
                          -Nrt_notune -Nnosave -Nsetvalue=noheap
                          -Nsetvalue=nostack -Nsetvalue=noscalar
                          -Nsetvalue=noarray -Nsetvalue=nostruct -Nuse_rodata

 External subroutine subprogram "outflds"
  (inc)(line-no.)(nest)(optimize)
               1                           subroutine outflds( itau,nx,my,my_max,lev,ncld                 &
               2                                  , lmax,numout,idtg,ifilout                              &
               3                                  , outdir,ktrop,ptop,capa,cp,rgas,grav,sigma,sgeo        &
               4                                  , ptend,pt,plt,pk,pk2,phi,ut,vt,vvel                    &
               5                                  , tt,qt_org,rdiv,rvor,tg,gwet,z0,hflux,qflux,snr        &
               6                                  , raintot,raincu,rainlp,plcl,cumtop,ss,rs,alb,gwclim    &
               7                                  , acld,cosl,drag,ugws,vgws,t2,q2,rh2,rh10,u10,v10,gfx,rld,sld &
               8                     !byl             , km,smc,slc,stc,canopy,ggdef,slptyp,v850,v700,h850,h500   &
               9                                  , km,smc,slc,stc,canopy,ggdef,typtrk                    &
              10                     !xb110             , ctot,chig,cmid,clow,hpbl,lwrite,flash,lwritesit)
              11                                  , ctot,chig,cmid,clow,hpbl,lwrite,lwritesit)
              12                     !
              13                     !  modify to f90 by C-H Lee and sort by River Chen in 2015
              14                     !
              15                     !  output driver subroutine to process sigma level data to standard
              16                     !  pressure surfaces and standard grids
              17                     !
              18                           use mpe
              19                           use rank
              20                           use index
              21                           use mod_outflds
              22                           use radn, only : ntcw,ntiw,ntoz
              23                           use const, only : RTYPE,nmmiph,outgrb2,ifilout_grb
              24                           use mod_grb2_param , only :ofdir
              25                           use raddiag, only:clds !cloud fraction on sigma levels
              26                           implicit  none
              27                     
              28                           integer   itau,nx,my,my_max,lev,ncld,lmax,numout,ktrop,km
              29                           real      ptop,capa,cp,rgas,grav
              30                     
              31                           real      pdiff(nxp,my_max)                                                   &
              32                                   , t1000(nxp,my_max),plt(nxp,lev,my_max)                               &
              33                     !              , qt(nxp,lev*ncld,my_max),rdiv(nxp,lev,my_max)                        &
              34                     !              , rvor(nxp,lev,my_max),tg(nxp,my_max),gwet(nxp,my_max)                &
              35                                   , tg(nxp,my_max),gwet(nxp,my_max)                                     &
              36                                   , z0(nxp,my_max),hflux(nxp,my_max),qflux(nxp,my_max),snr(nxp,my_max)  &
              37                                   , raincu(nxp,my_max),rainlp(nxp,my_max),plcl(nxp,my_max),cumtop(nxp,my_max) &
              38                                   , ss(nxp,my_max),rs(nxp,my_max),alb(nxp,my_max),gwclim(nxp,my_max)    &
              39                                   , acld(lev,my),drag(nxp,lev,my_max)                                   &
              40                                   , ugws(nxp,my_max),vgws(nxp,my_max),t2(nxp,my_max)                    &
              41                                   , q2(nxp,my_max),rh2(nxp,my_max),rh10(nxp,my_max)                     &
              42                                   , u10(nxp,my_max),v10(nxp,my_max),gfx(nxp,my_max),rld(nxp,my_max)     &
              43                                   , sld(nxp,my_max),raintot(nxp,my_max)                                 &
              44                     !soil
              45                                   , smc(nxp,km,my_max),stc(nxp,km,my_max),canopy(nxp,my_max)            &
              46                     !noah
              47                                   , slc(nxp,km,my_max)                                                  &
              48                     ! rad-cloud
              49                                   , ctot(nxp,my_max),chig(nxp,my_max),cmid(nxp,my_max),clow(nxp,my_max) &
              50                     ! pbl
              51                                   , hpbl(nxp,my_max)
              52                     ! river
              53                     !byl              , slptyp(nxp,my_max),v850(nx,my),v700(nx,my),h850(nx,my),h500(nx,my)
              54                     !byl              , slptyp(nx,my),v850(nx,my),v700(nx,my),h850(nx,my),h500(nx,my)
              55                           real(kind=RTYPE) rdiv(nxp,lev,my_max),rvor(nxp,lev,my_max)    &
              56                                          , ut(nxp,lev,my_max),vt(nxp,lev,my_max)        &
              57                                          , tt(nxp,lev,my_max),qt(nxp,lev*ncld,my_max)   &
              58                                          , qt_org(nxp,lev*ncld,my_max),phi(nxp,lev,my_max) &
              59                                          , sgeo(nxp,my_max),ptend(nxp,my_max)           &
              60                                          , pt(nxp,my_max),vvel(nxp,lev,my_max)          &
              61                                          , sigma(lev+1,2)                               &
              62                                          , pk(nxp,lev,my_max),pk2(nxp,lev,my_max)       &
              63                                          , cosl(my),typtrk(nxp,my_max,5)
              64                     !
              65                           character ifilout*80, ggdef*4
              66                           integer*8 idtg
              67                     !
              68                     ! local work arrays
              69                     !
              70                           real      tmp(nxp,lev,my_max),plog(nxp,lev,my_max),pllp(nxp,my_max)
              71                           real(kind=RTYPE) glob(nx,my)
              72                           real      slp(nxp,my_max)
              73                     !
              74                     !  pout(16) chnaged into pout(26) to increase p output to 26 levels
              75                     !  to respond to the request from regional model
              76                     !
              77                           integer,  parameter :: lpout = 31
              78                           real      wrk1(nxp,lev),pout(lpout),pkout(lpout),phistd(lpout) &
              79                     !              , bt1(nx,my),bt2(nx,my)                               &
              80                                   , bt1(nxp,my_max),bt2(nxp,my_max)                      &
              81                                   , hld1(nxp,my_max),hld2(nxp,my_max)
              82                     !
              83                           real(kind=RTYPE) pres3d(nxp,my_max,lpout)
              84                     !
              85                           real(kind=RTYPE) wk_xy(nxp,my_max,12)   ! the last dim is changable
              86                           real      tmpin(nxp),tmpout(nxp)
              87                     !
              88                           real(kind=RTYPE) soil_xy(nxp,my_max,12)   ! the last dim is changable
              89                     !
              90                           real      whtlev(100),whtlevq(100),whtlevz(100)
              91                           character*16 taudir(numout),outdir(numout)
              92                           character*6 labx
              93                     
              94                           integer   nxmy,nxlev,nxly,ntau,jj,j,nxj,k,i,n,nk,ngq,ntt,kk,ntrac
              95                           integer   llts,numz,numq,numt,iqwout,num,nclds
              96                           real      rad,ograv,alaps,rdg,ttb,ttp,ttt,ttt1,ttt2,anlslp
              97                           real      apha,pl1000,splog,ax,bx,cx,dx,tmid,tsf,tadia,xx,deltap
              98                     !
              99                     !
             100                           logical :: lwrite,lwritesit
             101                     !xb110>
             102                     !      real      flash(nxp,my_max)         !flash density
             103                     !xb110<
             104                     !
             105                     !p16  data pout/10.0,20.0,30.0,50.0,70.0,100.0,150.0,200.0,250.0
             106                     !p16 1         ,300.0,400.0,500.0,700.0,850.0,925.0,1000.0/
             107                     !
             108                     !      data pout/10.0,20.0,30.0,50.0,70.0,100.0,150.0,200.0,250.0
             109                           data pout/ 1.0, 2.0, 3.0, 5.0, 7.0                          &
             110                                    ,10.0,20.0,30.0,50.0,70.0,100.0,150.0,200.0,250.0  &
             111                                    ,300.0,350.0,400.0,450.0,500.0,550.0,600.0,650.0   &
             112                                    ,700.0,750.0,800.0,850.0,900.0,925.0,950.0,975.0   &
             113                                    ,1000.0/
             114                     !
             115                           data rad/6.371e6/
             116                     !
             117                           nxmy = nx*my
             118                           nxlev= nx*lev
             119                           nxly = nx*lev*my
             120                     !
             121     1                     if ( ntoz .gt. 0 ) then
             122     1                       nclds=ntoz-1
             123     1                     else
             124     1                       nclds=ncld
             125     1                     endif
             126                     !
                                   <<< Loop-information Start >>>
                                   <<<  [PARALLELIZATION]
                                   <<<    Standard iteration count: 2
                                   <<<  [OPTIMIZATION]
                                   <<<    SIMD(VL: 16)
                                   <<<    PREFETCH(HARD) Expected by compiler :
                                   <<<      wk_xy
                                   <<< Loop-information  End >>>
             127        pp   4v            wk_xy = 0.
                                   <<< Loop-information Start >>>
                                   <<<  [PARALLELIZATION]
                                   <<<    Standard iteration count: 1600
                                   <<<  [OPTIMIZATION]
                                   <<<    SIMD(VL: 8)
                                   <<<    PREFETCH(HARD) Expected by compiler :
                                   <<<      tmpout, tmpin
                                   <<< Loop-information  End >>>
             128        pp   2v            tmpin = 0.
             129         p   2v            tmpout= 0.
             130                     
                                   <<< Loop-information Start >>>
                                   <<<  [PARALLELIZATION]
                                   <<<    Standard iteration count: 6
                                   <<<  [OPTIMIZATION]
                                   <<<    SIMD(VL: 8)
                                   <<<    PREFETCH(HARD) Expected by compiler :
                                   <<<      bt2, bt1, pllp
                                   <<< Loop-information  End >>>
             131        pp   2v            pllp=0.
             132         p   2v            bt1=0.
             133         p   2v            bt2=0.
                                   <<< Loop-information Start >>>
                                   <<<  [PARALLELIZATION]
                                   <<<    Standard iteration count: 2
                                   <<<  [OPTIMIZATION]
                                   <<<    SIMD(VL: 16)
                                   <<<    PREFETCH(HARD) Expected by compiler :
                                   <<<      pres3d
                                   <<< Loop-information  End >>>
             134        pp   4v            pres3d=0.
                                   <<< Loop-information Start >>>
                                   <<<  [PARALLELIZATION]
                                   <<<    Standard iteration count: 2
                                   <<<  [OPTIMIZATION]
                                   <<<    SIMD(VL: 16)
                                   <<<    PREFETCH(HARD) Expected by compiler :
                                   <<<      soil_xy
                                   <<< Loop-information  End >>>
             135        pp   4v            soil_xy=0.
             136                     !
             137                           if(myrank .eq. 0) print*,'   in outflds for tau= ',itau
             138                     !
             139                           call whttau (itau,numout,outdir,ntau,taudir)
             140                           if(ntau.eq.0) return
             141                     
             142     1                     if( outgrb2 == 1)then
             143     1                134                    format( A  ,A ,I10.10 , i4.4       )
             144     1                          write(ofdir,134 )trim(ifilout_grb),'/',idtg/100 ,itau
             145     1                          if(myrank==0) call system("mkdir -p "//trim(ofdir) )
             146     1                     endif
             147                     
             148                     !
             149                     !  copy qt into local qt arrays
             150                     !
                                   <<< Loop-information Start >>>
                                   <<<  [PARALLELIZATION]
                                   <<<    Standard iteration count: 2
                                   <<< Loop-information  End >>>
             151     1  pp                 do jj = 1, jlistnum
             152     1   p                   j=jlist1(jj)
             153     1   p                   nxj=nxdef_2d(j)
                                   <<< Loop-information Start >>>
                                   <<<  [OPTIMIZATION]
                                   <<<    PREFETCH(HARD) Expected by compiler :
                                   <<<      qt_org, qt
                                   <<< Loop-information  End >>>
             154     2   p                   do k = 1, lev*ncld
                                   <<< Loop-information Start >>>
                                   <<<  [OPTIMIZATION]
                                   <<<    SIMD(VL: 16)
                                   <<<    SOFTWARE PIPELINING(IPC: 2.00, ITR: 320, MVE: 3, POL: S)
                                   <<<    PREFETCH(HARD) Expected by compiler :
                                   <<<      qt_org, qt
                                   <<< Loop-information  End >>>
             155     3   p   4v                do i = 1,nxj
             156     3   p   4v                  qt(i,k,jj) = qt_org(i,k,jj)
             157     3   p   4v                enddo
             158     2   p                   enddo
             159     1   p                 enddo
             160                     !
             161     1                     if(ncld.ge.2)then
             162     1                       ntrac=2
             163     1                     else
             164     1                       ntrac=ncld
             165     1                     endif
             166     1                     do n=1,ntrac
             167     1                       nk=(n-1)*lev
             168     1                       ngq = 0
             169     1                       ntt = 0
             170     2                       do jj =1,jlistnum
             171     2                         j=jlist1(jj)
             172     2                         nxj=nxdef_2d(j)
                                   <<< Loop-information Start >>>
                                   <<<  [PARALLELIZATION]
                                   <<<    Standard iteration count: 5
                                   <<<  [OPTIMIZATION]
                                   <<<    PREFETCH(HARD) Expected by compiler :
                                   <<<      qt
                                   <<< Loop-information  End >>>
             173     3  pp                     do k = 1, lev
             174     3   p                       kk=nk+k
                                   <<< Loop-information Start >>>
                                   <<<  [OPTIMIZATION]
                                   <<<    SIMD(VL: 16)
                                   <<<    SOFTWARE PIPELINING(IPC: 1.72, ITR: 224, MVE: 4, POL: S)
                                   <<<    PREFETCH(HARD) Expected by compiler :
                                   <<<      qt
                                   <<< Loop-information  End >>>
             175     4   p   2v                  do i = 1,nxj
             176     5   p   2v                    if ( qt(i,kk,jj) .lt. 0.0 )  then
             177     5   p   2v                      ngq = ngq + 1
             178     5   p   2v                      qt(i,kk,jj) = 0.0
             179     5   p   2v                    endif
             180     4   p   2v                  enddo
             181     3   p                     enddo
             182     2               !         ntt = ntt + nxj*lev
             183     2                         ntt = ntt + nxjp(j)*lev
             184     2                       enddo
             185     1                       call mpe_global_sum(ngq,1,mpe_integer)
             186     1                       call mpe_global_sum(ntt,1,mpe_integer)
             187     1                       if( n.eq.1 .and. myrank.eq.0 .and. ngq.ne.0 )  print 901, ngq
             188     1                       if( n.eq.2 .and. myrank.eq.0 .and. ngq.ne.0 )  print 902, ntt-ngq
             189     1                     enddo
             190                     
             191                       901 format ( 1x, " *** warning: in outflds, there are grid points"  &
             192                                  , " with q < 0. , total number = ",i8,// )
             193                       902 format ( 1x, " *** checking: in outflds, there are grid points" &
             194                                  , " with qc > 0. , total number = ",i8,// )
             195                     !
             196                     !                 compute interpolation coeffs
             197                     !
             198                           ograv= 1.0/grav
             199                     !
             200                     !  generate structure variables
             201                     !
             202                     !  first, the log(p) quantities
             203                     !
                                   <<< Loop-information Start >>>
                                   <<<  [PARALLELIZATION]
                                   <<<    Standard iteration count: 45
                                   <<<  [OPTIMIZATION]
                                   <<<    SIMD(VL: 8)
                                   <<<    FULL UNROLLING
                                   <<< Loop-information  End >>>
             204     1   s   fv            do k=1,lpout
             205     1   p   fv              pkout(k)= log(pout(k))
             206     1   p   fv            enddo
             207                     !
             208                     !  generate std height at p levels
             209                     !
             210                           call geostd(lpout,pout,phistd)
             211                     !
             212                           alaps = 0.0065
             213                           rdg = rgas/grav
             214                     !
             215                     !  hydrostatic equation
             216                     !
                                   <<< Loop-information Start >>>
                                   <<<  [PARALLELIZATION]
                                   <<<    Standard iteration count: 2
                                   <<<  [OPTIMIZATION]
                                   <<<    PREFETCH(HARD) Expected by compiler :
                                   <<<      pk2, pk, tt, sgeo, phi
                                   <<< Loop-information  End >>>
             217     1  pp                 do jj =1,jlistnum
             218     1   p                   j=jlist1(jj)
             219     1   p                   nxj=nxdef_2d(j)
                                   <<< Loop-information Start >>>
                                   <<<  [OPTIMIZATION]
                                   <<<    SIMD(VL: 8)
                                   <<<    SOFTWARE PIPELINING(IPC: 2.57, ITR: 72, MVE: 2, POL: S)
                                   <<<    PREFETCH(HARD) Expected by compiler :
                                   <<<      pk2, pk, sgeo, tt, phi
                                   <<< Loop-information  End >>>
             220     2   p    v              do i=1,nxj
             221     2   p    v                phi(i,lev,jj)= cp*tt(i,lev,jj)*(pk2(i,lev,jj)-pk(i,lev,jj)) &
             222     2                                      + sgeo(i,jj)
             223     2   p    v              enddo
                                   <<< Loop-information Start >>>
                                   <<<  [OPTIMIZATION]
                                   <<<    PREFETCH(HARD) Expected by compiler :
                                   <<<      pk, pk2, tt, phi
                                   <<< Loop-information  End >>>
             224     2   p                   do k=lev-1,1,-1
                                   <<< Loop-information Start >>>
                                   <<<  [OPTIMIZATION]
                                   <<<    SIMD(VL: 8)
                                   <<<    SOFTWARE PIPELINING(IPC: 3.28, ITR: 104, MVE: 4, POL: S)
                                   <<<    PREFETCH(HARD) Expected by compiler :
                                   <<<      pk, tt, pk2, phi
                                   <<< Loop-information  End >>>
             225     3   p    v                do i=1,nxj
             226     3   p    v                  phi(i,k,jj)= phi(i,k+1,jj)+cp*(tt(i,k,jj)*(pk2(i,k,jj)-pk(i,k,jj)) &
             227     3                                      + tt(i,k+1,jj)*(pk(i,k+1,jj)-pk2(i,k,jj)))
             228     3   p    v                enddo
             229     2   p                   enddo
                                   <<< Loop-information Start >>>
                                   <<<  [OPTIMIZATION]
                                   <<<    PREFETCH(HARD) Expected by compiler :
                                   <<<      plt, plog
                                   <<< Loop-information  End >>>
             230     2   p                   do k=1,lev
                                   <<< Loop-information Start >>>
                                   <<<  [OPTIMIZATION]
                                   <<<    SIMD(VL: 8)
                                   <<<    SOFTWARE PIPELINING(IPC: 0.89, ITR: 40, MVE: 3, POL: S)
                                   <<<    PREFETCH(HARD) Expected by compiler :
                                   <<<      plt, plog
                                   <<< Loop-information  End >>>
             231     3   p    v                do i=1,nxj
             232     3   p    v                  plog(i,k,jj)= log(plt(i,k,jj))
             233     3   p    v                enddo
             234     2   p                   enddo
             235     1   p                 enddo
             236                     !
             237                     !  compute sea level pressure and update pdiff
             238                     !  The method is based on one used by ecmwf, reseach manual 2 (1988)
             239                     !
             240                     !  llts layer's temperature is used to derive an alternative
             241                     !  surface skin temperature
             242                     !
             243                     !      if( itau .gt. 0 )then
             244                     !
             245                           llts = lev-5
             246                     !
                                   <<< Loop-information Start >>>
                                   <<<  [PARALLELIZATION]
                                   <<<    Standard iteration count: 2
                                   <<< Loop-information  End >>>
             247     1  pp                 do jj = 1, jlistnum
             248     1   p                   j=jlist1(jj)
             249     1   p                   nxj=nxdef_2d(j)
                                   <<< Loop-information Start >>>
                                   <<<  [OPTIMIZATION]
                                   <<<    SIMD(VL: 8)
                                   <<<    PREFETCH(HARD) Expected by compiler :
                                   <<<      pk, tt, sgeo, plt, qt, pt, phi, hld2
                                   <<<      hld1, pdiff, pllp
                                   <<<    SPILLS :
                                   <<<      GENERAL   : SPILL 0  FILL 2
                                   <<<      SIMD&FP   : SPILL 0  FILL 0
                                   <<<      SCALABLE  : SPILL 0  FILL 0
                                   <<<      PREDICATE : SPILL 0  FILL 0
                                   <<< Loop-information  End >>>
             250     2   p    v              do i=1,nxj
             251     2   p    v                ttb  = tt(i,lev,jj)*pk(i,lev,jj)/(1.0+0.608*qt(i,lev,jj))
             252     2   p    v                ttp  = tt(i,llts,jj)*pk(i,llts,jj)/(1.0+0.608*qt(i,llts,jj))
             253     2   p    v                ttt1 = ttb + alaps*rdg*ttb*   &
             254     2                             ((pt(i,jj)+ptop)/plt(i,lev,jj)-1.0)
             255     2   p    v                ttt2 = ttp + alaps*(phi(i,llts,jj)-sgeo(i,jj))/grav
             256     2   p    v                hld1(i,jj) = 0.25*ttt1 + 0.75*ttt2
             257     2   p    v                hld2(i,jj) = hld1(i,jj) + alaps*sgeo(i,jj)/grav
             258     3   p    v                if( sgeo(i,jj) .lt. 0.1 ) then
             259     3   p    v                  anlslp = pt(i,jj) + ptop
             260     3   p    v                else if( hld1(i,jj) .le. 290.5 .and. hld2(i,jj) .gt. 290.5 ) then
             261     3   p    v                  apha = rgas*(290.5-hld1(i,jj))/sgeo(i,jj)
             262     3   p    v                  ttt = sgeo(i,jj)/(rgas*hld1(i,jj))
             263     3   p    v                  anlslp = (pt(i,jj)+ptop)*exp( ttt*(1.0-0.5*apha*ttt+0.333333*  &
             264     3                                    apha*ttt*apha*ttt) )
             265     3   p    v                else if( hld1(i,jj) .gt. 290.5 .and. hld2(i,jj) .gt. 290.5 ) then
             266     3   p    v                  hld1(i,jj) = (hld1(i,jj)+290.5)*0.5
             267     3   p    v                  anlslp = (pt(i,jj)+ptop)*exp( sgeo(i,jj)/(rgas*hld1(i,jj)) )
             268     3   p    v                else if( hld1(i,jj) .lt. 255.0 .and. hld2(i,jj) .lt. 255.0 ) then
             269     3   p    v                  hld1(i,jj) = (hld1(i,jj)+255.0)*0.5
             270     3   p    v                  anlslp = (pt(i,jj)+ptop)*exp( sgeo(i,jj)/(rgas*hld1(i,jj)) )
             271     3   p    v                else
             272     3   p    v                  apha = alaps * rdg
             273     3   p    v                  ttt = sgeo(i,jj)/(rgas*hld1(i,jj))
             274     3   p    v                  anlslp = (pt(i,jj)+ptop)*exp( ttt*(1.0-0.5*apha*ttt+0.333333*  &
             275     3                                    apha*ttt*apha*ttt) )
             276     3   p    v                endif
             277     2   p    v                pllp(i,jj) = anlslp - pt(i,jj)
             278     2   p    v                pdiff(i,jj)=pllp(i,jj)
             279     2   p    v              enddo
             280     1   p                 enddo
             281                     !
             282                     !      else
             283                     !
             284                     !  pllp equal to pdiff at the initial time, tau=0
             285                     !
             286                     !      do jj = 1, jlistnum
             287                     !        j=jlist1(jj)
             288                     !        nxj=nxdef(j)
             289                     !        do i = 1, nxj
             290                     !          pllp(i,j) = pdiff(i,jj)
             291                     !        enddo
             292                     !      enddo
             293                     !
             294                     !      endif     ! end of ( itau .gt. 0 )
             295                     !
             296                     !      call mpe_unify(pllp,nx,my,2,mpe_double)
             297                     !      call mpe_unify(pt,nx,my,2,mpe_double)
             298                     !      call mpe_unify(ptend,nx,my,2,mpe_double)
             299                     !
             300                     !
             301                     ! output surface fields
             302                     !
             303                     !  add terrain pressure output in surfout ( add "ptop" )
             304                     !
             305                           if(myrank.eq.0)print*,' outfld : start surfout, lwrite = ',lwrite
             306                           call surfout (nx,my,my_max,ifilout,itau,idtg,taudir,ntau,pdiff,pt  &
             307                                        ,ptop,typtrk(1,1,1),ptend,glob,ggdef,lwrite)
             308                     !
             309                     !  obtain the the bottom pressure for the following interpolations
             310                     !  bt2 will be used in geoptential interpolations
             311                     !
             312                           pl1000= log(1000.1)
             313                     !
                                   <<< Loop-information Start >>>
                                   <<<  [OPTIMIZATION]
                                   <<<    PREFETCH(HARD) Expected by compiler :
                                   <<<      pt, pdiff, pllp, slp
                                   <<< Loop-information  End >>>
             314     1                     do jj = 1, jlistnum
             315     1                       j=jlist1(jj)
             316     1                       nxj=nxdef_2d(j)
                                   <<< Loop-information Start >>>
                                   <<<  [PARALLELIZATION]
                                   <<<    Standard iteration count: 517
                                   <<<  [OPTIMIZATION]
                                   <<<    SIMD(VL: 8)
                                   <<<    SOFTWARE PIPELINING(IPC: 3.28, ITR: 144, MVE: 3, POL: S)
                                   <<<    PREFETCH(HARD) Expected by compiler :
                                   <<<      pllp, slp, pt, pdiff
                                   <<< Loop-information  End >>>
             317     2  pp   2v              do i = 1, nxj
             318     2   p   2v                slp(i,jj)= pt(i,jj)+pdiff(i,jj)
             319     3   p   2v                if( slp(i,jj) .le. 1000.1) then
             320     3   p   2v                  pllp(i,jj) = 1000.1
             321     3   p   2v                else
             322     3   p   2v                  pllp(i,jj) = slp(i,jj)
             323     3   p   2v                endif
             324     2   p   2v              enddo
             325     1               !
             326     1                       call geostd (nxjp(j),pllp(1,jj),bt2(1,jj))
             327     1               !
                                   <<< Loop-information Start >>>
                                   <<<  [PARALLELIZATION]
                                   <<<    Standard iteration count: 45
                                   <<<  [OPTIMIZATION]
                                   <<<    SIMD(VL: 8)
                                   <<<    SOFTWARE PIPELINING(IPC: 1.00, ITR: 56, MVE: 4, POL: S)
                                   <<<    PREFETCH(HARD) Expected by compiler :
                                   <<<      pllp
                                   <<< Loop-information  End >>>
             328     2  pp    v              do i = 1, nxj
             329     2   p    v                pllp(i,jj) = log(pllp(i,jj))
             330     2   p    v              enddo
             331     1                     enddo
             332                     !
             333                     !      call mpe_unify(pllp,nx,my,2,mpe_double)
             334                     !      call mpe_unify(bt2,nx,my,2,mpe_double)
             335                     !
             336                           labx='phi   '
             337                           call whtrec (labx,ntau,taudir,whtlevz,numz)
             338                     !
             339                           labx='h2o   '
             340                           call whtrec (labx,ntau,taudir,whtlevq,numq)
             341                     !
             342                           labx='tmp   '
             343                           call whtrec (labx,ntau,taudir,whtlev,numt)
             344                     !
             345     1                     if(numz.gt.0.or.numt.gt.0.or.numq.gt.0) then
             346     1               !
             347     1               !  temperature output
             348     1               !
                                   <<< Loop-information Start >>>
                                   <<<  [PARALLELIZATION]
                                   <<<    Standard iteration count: 2
                                   <<< Loop-information  End >>>
             349     2  pp                 do jj =1,jlistnum
             350     2   p                   j=jlist1(jj)
             351     2   p                   nxj=nxdef_2d(j)
             352     2               !
             353     2               !  bottom boundary condition for temperature:
             354     2               !  limits for 1000 mb boundary condition are (1) standard lapse rate
             355     2               !  from bottom model level for terrain height and (2) layer mean temp
             356     2               !  of slp and 1000 mb.  Boundary condition is linear combination
             357     2               !  of these two cases weighted with subterrainean thickness.
             358     2               !
                                   <<< Loop-information Start >>>
                                   <<<  [OPTIMIZATION]
                                   <<<    PREFETCH(HARD) Expected by compiler :
                                   <<<      tt, pk, qt, tmp
                                   <<< Loop-information  End >>>
             359     3   p                   do k = 1, lev
                                   <<< Loop-information Start >>>
                                   <<<  [OPTIMIZATION]
                                   <<<    SIMD(VL: 8)
                                   <<<    SOFTWARE PIPELINING(IPC: 0.63, ITR: 48, MVE: 2, POL: S)
                                   <<<    PREFETCH(HARD) Expected by compiler :
                                   <<<      pk, tt, qt, tmp
                                   <<< Loop-information  End >>>
             360     4   p   2v                do i = 1,nxj
             361     4   p   2v                  tmp(i,k,jj) = tt(i,k,jj)*pk(i,k,jj)/(1.0+0.608*qt(i,k,jj))
             362     4   p   2v                enddo
             363     3   p                   enddo
             364     2               !
                                   <<< Loop-information Start >>>
                                   <<<  [OPTIMIZATION]
                                   <<<    SIMD(VL: 8)
                                   <<<    PREFETCH(HARD) Expected by compiler :
                                   <<<      sgeo, pt, slp, plog, plt, tmp, bt1
                                   <<<      t1000
                                   <<< Loop-information  End >>>
             365     3   p    v              do i=1,nxj
             366     3   p    v                slp(i,jj) = max( slp(i,jj), pt(i,jj) )
             367     3   p    v                splog= log(slp(i,jj))
             368     3   p    v                dx= log(slp(i,jj)/(pt(i,jj)+ptop))
             369     3               !          bx= tmp(i,lev,jj)*(1.0/sig(lev+1))**0.19023 + sgeo(i,jj)*0.00065
             370     3   p    v                bx= tmp(i,lev,jj) + sgeo(i,jj)*0.00065
             371     4   p    v                if ( sgeo(i,jj) .ge. 1000.0 )  then
             372     4   p    v                  tmid = sgeo(i,jj)/(dx*rgas)
             373     4   p    v                  ax = tmp(i,lev,jj)+ (tmid-tmp(i,lev,jj))*(splog-plog(i,lev,jj)) &
             374     4                               / (log((slp(i,jj)+pt(i,jj)+ptop)*0.5)-plog(i,lev,jj))
             375     4   p    v                else
             376     4   p    v                  ax = bx
             377     4   p    v                endif
             378     3   p    v                cx = (sgeo(i,jj)-1000.0)/(10000.0-1000.0)
             379     3   p    v                cx = max (0.0, min (1.0, cx))
             380     3   p    v                dx = cx*cx
             381     3   p    v                tsf = dx*ax + (1.0-dx)*bx
             382     3   p    v                tadia= tmp(i,lev,jj)*(slp(i,jj)/plt(i,lev,jj))**0.25
             383     3   p    v                tsf  = max( tmp(i,lev,jj), min( tsf,tadia ) )
             384     4   p    v                if ( slp(i,jj) .gt. 1000.1 )  then
             385     4   p    v                  bt1(i,jj)= tsf
             386     4   p    v                  t1000(i,jj) = tsf
             387     4   p    v                else
             388     4   p    v                  bt1(i,jj)= tsf + (tsf-tmp(i,lev,jj))*(pl1000-splog)  &
             389     4                                    / (splog - plog(i,lev,jj))
             390     4   p    v                  t1000(i,jj) = bt1(i,jj)
             391     4   p    v                endif
             392     3   p    v              enddo
             393     2   p                 enddo
             394     1               !
             395     1               !!      call mpe_unify(bt1,nx,my,2,mpe_double)
             396     1               !
             397     2                     if(numt.gt.0) then
             398     2                     if(myrank.eq.0)print*,' outfld : start tempout, lwrite = ',lwrite
             399     2                       call tempout( nx,my,my_max,lpout,lev,itau,ifilout,idtg,pout,numt &
             400     2                              ,whtlev,pkout,plog,pllp,tmp,bt1,pres3d,ggdef,lwrite)
             401     2                     endif
             402     1               !
             403     1               !  moisture output as mixing ratio
             404     1               !
             405     2                     if(numq.gt.0) then
             406     2               !
             407     2               !  ensure no supersaturated points for output moisture fields
             408     2               !
             409     3                     do jj =1,jlistnum
             410     3                       j=jlist1(jj)
             411     3                       nxj=nxdef_2d(j)
             412     3                       call qsatq_2d(nxjp(j),nxp,lev,tmp(1,1,jj),plt(1,1,jj),wrk1(1,1))
                                   <<< Loop-information Start >>>
                                   <<<  [PARALLELIZATION]
                                   <<<    Standard iteration count: 2
                                   <<<  [OPTIMIZATION]
                                   <<<    PREFETCH(HARD) Expected by compiler :
                                   <<<      qt, wrk1, tmp
                                   <<< Loop-information  End >>>
             413     4  pp                   do k=1, lev
                                   <<< Loop-information Start >>>
                                   <<<  [OPTIMIZATION]
                                   <<<    SIMD(VL: 8)
                                   <<<    SOFTWARE PIPELINING(IPC: 0.41, ITR: 48, MVE: 2, POL: S)
                                   <<<    PREFETCH(HARD) Expected by compiler :
                                   <<<      qt, wrk1, tmp
                                   <<< Loop-information  End >>>
             414     5   p   2v                do i=1,nxj
             415     5   p   2v                  tmp(i,k,jj)= qt(i,k,jj)/wrk1(i,k)
             416     5   p   2v                enddo
             417     4   p                   enddo
                                   <<< Loop-information Start >>>
                                   <<<  [PARALLELIZATION]
                                   <<<    Standard iteration count: 1143
                                   <<<  [OPTIMIZATION]
                                   <<<    SIMD(VL: 8)
                                   <<<    SOFTWARE PIPELINING(IPC: 3.00, ITR: 144, MVE: 5, POL: S)
                                   <<<    PREFETCH(HARD) Expected by compiler :
                                   <<<      tmp, bt1
                                   <<< Loop-information  End >>>
             418     4  pp   2v              do i=1,nxj
             419     4   p   2v                bt1(i,jj)= tmp(i,lev,jj)
             420     4   p   2v              enddo
             421     3                     enddo
             422     2               
             423     2               !!      call mpe_unify(bt1,nx,my,2,mpe_double)
             424     2               !
             425     2                     if(myrank.eq.0)print*,' outfld : start shumfout, lwrite = ',lwrite
             426     2                     call shumout( nx,my,my_max,lpout,lev,itau,ifilout,idtg,pout,numq &
             427     2                          ,whtlevq,pkout,plog,pllp,tmp,bt1,pres3d,glob,ggdef,lwrite)
             428     2               !
             429     2               !  output clout water content if necessnary
             430     2               !
             431     2                     iqwout = 0   ! do output for qw
             432     3                     if( iqwout .eq. 0 .and. nclds .ge. 2 )then
             433     3               !  output all hydrometeors
             434     4                       do ntrac=1,nclds
             435     5                         if ( ntrac .eq. 1 .or. nclds .gt. 2 ) then
                                   <<< Loop-information Start >>>
                                   <<<  [PARALLELIZATION]
                                   <<<    Standard iteration count: 2
                                   <<<  [OPTIMIZATION]
                                   <<<    PREFETCH(HARD) Expected by compiler :
                                   <<<      tmp, bt1
                                   <<< Loop-information  End >>>
             436     6  pp                       do jj = 1, jlistnum
             437     6   p                         j=jlist1(jj)
             438     6   p                         nxj=nxdef_2d(j)
                                   <<< Loop-information Start >>>
                                   <<<  [OPTIMIZATION]
                                   <<<    PREFETCH(HARD) Expected by compiler :
                                   <<<      qt, tmp
                                   <<< Loop-information  End >>>
             439     7   p                         do k = 1, lev
             440     7   p                           kk = (ntrac-1)*lev+k
                                   <<< Loop-information Start >>>
                                   <<<  [OPTIMIZATION]
                                   <<<    SIMD(VL: 8)
                                   <<<    SOFTWARE PIPELINING(IPC: 3.66, ITR: 192, MVE: 5, POL: S)
                                   <<<    PREFETCH(HARD) Expected by compiler :
                                   <<<      qt, tmp
                                   <<< Loop-information  End >>>
             441     8   p   2v                      do i = 1,nxj
             442     8   p   2v                        tmp(i,k,jj)=qt(i,kk,jj)
             443     8   p   2v                      enddo
             444     7   p                         enddo
                                   <<< Loop-information Start >>>
                                   <<<  [OPTIMIZATION]
                                   <<<    SIMD(VL: 8)
                                   <<<    SOFTWARE PIPELINING(IPC: 3.00, ITR: 144, MVE: 5, POL: S)
                                   <<<    PREFETCH(HARD) Expected by compiler :
                                   <<<      tmp, bt1
                                   <<< Loop-information  End >>>
             445     7   p   2v                    do i = 1,nxj
             446     7   p   2v                      bt1(i,jj)=tmp(i,lev,jj)
             447     7   p   2v                    enddo
             448     6   p                       enddo
             449     5               !!        call mpe_unify(bt1,nx,my,2,mpe_double)
             450     5                           if(myrank.eq.0)print*,' outfld : start shumout2, lwrite = ',lwrite
             451     5                           call shumout2( nx,my,my_max,lpout,lev,itau,ifilout,idtg,pout,numq &
             452     5                              ,whtlevq,pkout,plog,pllp,tmp,bt1,pres3d,glob,ggdef,ntrac,lwrite )
             453     5                         endif
             454     4                       enddo
             455     3               !
             456     3               !  output ozone
             457     4                       if ( ntoz .eq. ncld ) then
                                   <<< Loop-information Start >>>
                                   <<<  [PARALLELIZATION]
                                   <<<    Standard iteration count: 2
                                   <<<  [OPTIMIZATION]
                                   <<<    PREFETCH(HARD) Expected by compiler :
                                   <<<      tmp, bt1
                                   <<< Loop-information  End >>>
             458     5  pp                     do jj = 1, jlistnum
             459     5   p                       j=jlist1(jj)
             460     5   p                       nxj=nxdef_2d(j)
                                   <<< Loop-information Start >>>
                                   <<<  [OPTIMIZATION]
                                   <<<    PREFETCH(HARD) Expected by compiler :
                                   <<<      qt, tmp
                                   <<< Loop-information  End >>>
             461     6   p                       do k = 1, lev
                                   <<< Loop-information Start >>>
                                   <<<  [OPTIMIZATION]
                                   <<<    SIMD(VL: 8)
                                   <<<    SOFTWARE PIPELINING(IPC: 3.66, ITR: 192, MVE: 5, POL: S)
                                   <<<    PREFETCH(HARD) Expected by compiler :
                                   <<<      qt, tmp
                                   <<< Loop-information  End >>>
             462     7   p   2v                    do i = 1,nxj
             463     7   p   2v                      tmp(i,k,jj)=qt(i,k+(ntoz-1)*lev,jj)
             464     7   p   2v                    enddo
             465     6   p                       enddo
                                   <<< Loop-information Start >>>
                                   <<<  [OPTIMIZATION]
                                   <<<    SIMD(VL: 8)
                                   <<<    SOFTWARE PIPELINING(IPC: 3.00, ITR: 144, MVE: 5, POL: S)
                                   <<<    PREFETCH(HARD) Expected by compiler :
                                   <<<      tmp, bt1
                                   <<< Loop-information  End >>>
             466     6   p   2v                  do i = 1,nxj
             467     6   p   2v                    bt1(i,jj)=tmp(i,lev,jj)
             468     6   p   2v                  enddo
             469     5   p                     enddo
             470     4               !!        call mpe_unify(bt1,nx,my,2,mpe_double)
             471     4                         if(myrank.eq.0)print*,' outfld : start shumout2, lwrite =',lwrite
             472     4                           call shumout2(nx,my,my_max,lpout,lev,itau,ifilout,idtg,pout,numq &
             473     4                           ,whtlevq,pkout,plog,pllp,tmp,bt1,pres3d,glob,ggdef,ntoz,lwrite)
             474     4                       endif
             475     3               !
             476     3               !  output for combination of all condensates
             477     3                       if ( nmmiph .eq. 18 ) nclds = 6  !do not combine number concentraction for 2M Thompson
                                   <<< Loop-information Start >>>
                                   <<<  [PARALLELIZATION]
                                   <<<    Standard iteration count: 2
                                   <<<  [OPTIMIZATION]
                                   <<<    SIMD(VL: 8)
                                   <<<    PREFETCH(HARD) Expected by compiler :
                                   <<<      tmp
                                   <<< Loop-information  End >>>
             478     3  pp   4v              tmp=0.
                                   <<< Loop-information Start >>>
                                   <<<  [PARALLELIZATION]
                                   <<<    Standard iteration count: 2
                                   <<<  [OPTIMIZATION]
                                   <<<    PREFETCH(HARD) Expected by compiler :
                                   <<<      tmp, bt1
                                   <<< Loop-information  End >>>
             479     4  pp                   do jj = 1, jlistnum
             480     4   p                     j=jlist1(jj)
             481     4   p                     nxj=nxdef_2d(j)
                                   <<< Loop-information Start >>>
                                   <<<  [OPTIMIZATION]
                                   <<<    INTERCHANGED(nest: 3)
                                   <<<    PREFETCH(HARD) Expected by compiler :
                                   <<<      qt, tmp
                                   <<< Loop-information  End >>>
             482     5   p                     do k = 1, lev
                                   <<< Loop-information Start >>>
                                   <<<  [OPTIMIZATION]
                                   <<<    INTERCHANGED(nest: 2)
                                   <<< Loop-information  End >>>
             483     6   p                       do ntrac=2,nclds
                                   <<< Loop-information Start >>>
                                   <<<  [OPTIMIZATION]
                                   <<<    SIMD(VL: 8)
                                   <<<    SOFTWARE PIPELINING(IPC: 3.75, ITR: 224, MVE: 7, POL: S)
                                   <<<    PREFETCH(HARD) Expected by compiler :
                                   <<<      qt, tmp
                                   <<< Loop-information  End >>>
             484     7   p   2v                    do i = 1,nxj
             485     7   p   2v                      tmp(i,k,jj)=tmp(i,k,jj)+qt(i,k+(ntrac-1)*lev,jj)
             486     7   p   2v                    enddo
             487     6   p                       enddo
             488     5   p                     enddo
                                   <<< Loop-information Start >>>
                                   <<<  [OPTIMIZATION]
                                   <<<    SIMD(VL: 8)
                                   <<<    SOFTWARE PIPELINING(IPC: 3.00, ITR: 144, MVE: 5, POL: S)
                                   <<<    PREFETCH(HARD) Expected by compiler :
                                   <<<      tmp, bt1
                                   <<< Loop-information  End >>>
             489     5   p   2v                do i = 1,nxj
             490     5   p   2v                  bt1(i,jj)=tmp(i,lev,jj)
             491     5   p   2v                enddo
             492     4   p                   enddo
             493     3               !!        call mpe_unify(bt1,nx,my,2,mpe_double)
             494     3                       if(myrank.eq.0)print*,' outfld : start shumout2, lwrite =',lwrite
             495     3                         call shumout2(nx,my,my_max,lpout,lev,itau,ifilout,idtg,pout,numq &
             496     3                         ,whtlevq,pkout,plog,pllp,tmp,bt1,pres3d,glob,ggdef,ncld+1,lwrite)
             497     3               
             498     3                     endif
             499     2               !
             500     2                     endif     ! end of moisture output
             501     1               
             502     1               
             503     1               !
             504     1               !  geopotential height output
             505     1               !
             506     2                     if(numz.gt.0) then
                                   <<< Loop-information Start >>>
                                   <<<  [OPTIMIZATION]
                                   <<<    PREFETCH(HARD) Expected by compiler :
                                   <<<      slp, t1000, sgeo, bt1, bt2
                                   <<< Loop-information  End >>>
             507     3                       do jj =1,jlistnum
             508     3                         j=jlist1(jj)
             509     3                         nxj=nxdef_2d(j)
                                   <<< Loop-information Start >>>
                                   <<<  [PARALLELIZATION]
                                   <<<    Standard iteration count: 41
                                   <<<  [OPTIMIZATION]
                                   <<<    SIMD(VL: 8)
                                   <<<    SOFTWARE PIPELINING(IPC: 1.02, ITR: 40, MVE: 3, POL: S)
                                   <<<    PREFETCH(HARD) Expected by compiler :
                                   <<<      slp, sgeo, t1000, bt1
                                   <<< Loop-information  End >>>
             510     4  pp    v                do i=1,nxj
             511     5   p    v                  if(slp(i,jj).le.1000.1) then
             512     5   p    v                    bt1(i,jj)= t1000(i,jj)*rgas*log(slp(i,jj)*0.001)
             513     5   p    v                  else
             514     5   p    v                    bt1(i,jj) = min( sgeo(i,jj), 0.0 )
             515     5   p    v                  endif
             516     4   p    v                enddo
             517     3               !
             518     3               !  compute standard geopotentials, subtract them from sigma
             519     3               !  level values. vertical interpolation will be done on
             520     3               !  these deviation from standard values
             521     3               !
                                   <<< Loop-information Start >>>
                                   <<<  [OPTIMIZATION]
                                   <<<    PREFETCH(HARD) Expected by compiler :
                                   <<<      phi, wrk1, tmp
                                   <<< Loop-information  End >>>
             522     4                         do k=1,lev
             523     4                           call geostd (nxjp(j),plt(1,k,jj),wrk1(1,k))
                                   <<< Loop-information Start >>>
                                   <<<  [PARALLELIZATION]
                                   <<<    Standard iteration count: 667
                                   <<<  [OPTIMIZATION]
                                   <<<    SIMD(VL: 8)
                                   <<<    SOFTWARE PIPELINING(IPC: 3.40, ITR: 144, MVE: 3, POL: S)
                                   <<<    PREFETCH(HARD) Expected by compiler :
                                   <<<      phi, wrk1, tmp
                                   <<< Loop-information  End >>>
             524     5  pp   2v                  do i=1,nxj
             525     5   p   2v                    tmp(i,k,jj) = ograv*phi(i,k,jj)-wrk1(i,k)
             526     5   p   2v                  enddo
             527     4                         enddo
             528     3               !
             529     3               !  bottom boundary conditions
             530     3               !
                                   <<< Loop-information Start >>>
                                   <<<  [PARALLELIZATION]
                                   <<<    Standard iteration count: 889
                                   <<<  [OPTIMIZATION]
                                   <<<    SIMD(VL: 8)
                                   <<<    SOFTWARE PIPELINING(IPC: 3.00, ITR: 192, MVE: 7, POL: S)
                                   <<<    PREFETCH(HARD) Expected by compiler :
                                   <<<      bt1, bt2
                                   <<< Loop-information  End >>>
             531     4  pp   2v                do i=1,nxj
             532     4   p   2v                  bt1(i,jj) = ograv*bt1(i,jj) - bt2(i,jj)
             533     4   p   2v                enddo
             534     3                       enddo
             535     2               !!        call mpe_unify(bt1,nx,my,2,mpe_double)
             536     2               !
             537     2                       if(myrank.eq.0)print*,' outfld : start geopout, lwrite = ',lwrite
             538     2                       call geopout (nx,my,my_max,lpout,lev,itau,ifilout,idtg,pout,numz &
             539     2                             ,whtlevz,pkout,plog,pllp,tmp,bt1,pres3d,glob,ggdef,phistd  &
             540     2                             ,typtrk(1,1,4),typtrk(1,1,5),lwrite)
             541     2               !
             542     2                     endif   ! end of geopotential height output
             543     1               !
             544     1                     endif   ! end of ( itau .gt. 0 )
             545                     !
             546                           labx='vor   '
             547                           call whtrec (labx,ntau,taudir,whtlev,num)
             548     1                     if(num.gt.0) then
                                   <<< Loop-information Start >>>
                                   <<<  [PARALLELIZATION]
                                   <<<    Standard iteration count: 3
                                   <<<  [OPTIMIZATION]
                                   <<<    PREFETCH(HARD) Expected by compiler :
                                   <<<      rvor, bt1
                                   <<< Loop-information  End >>>
             549     2  pp                   do jj =1,jlistnum
             550     2   p                     j=jlist1(jj)
             551     2   p                     nxj=nxdef_2d(j)
                                   <<< Loop-information Start >>>
                                   <<<  [OPTIMIZATION]
                                   <<<    SIMD(VL: 8)
                                   <<<    SOFTWARE PIPELINING(IPC: 3.66, ITR: 192, MVE: 5, POL: S)
                                   <<<    PREFETCH(HARD) Expected by compiler :
                                   <<<      rvor, bt1
                                   <<< Loop-information  End >>>
             552     3   p   2v                do i=1,nxj
             553     3   p   2v                  bt1(i,jj)= rvor(i,lev,jj)
             554     3   p   2v                enddo
             555     2   p                   enddo
             556     1               !!        call mpe_unify(bt1,nx,my,2,mpe_double)
             557     1                       if(myrank.eq.0)print*,' outfld : start vorout, lwrite = ',lwrite
             558     1                       call vortout (nx,my,my_max,lpout,lev,itau,ifilout,idtg,pout,num  &
             559     1                                ,whtlev,pkout,plog,pllp,rvor,bt1,pres3d,ggdef           &
             560     1                                ,typtrk(1,1,2),typtrk(1,1,3),lwrite)
             561     1                     endif
             562                     !
             563                           labx='div   '
             564                           call whtrec (labx,ntau,taudir,whtlev,num)
             565     1                     if(num.gt.0) then
                                   <<< Loop-information Start >>>
                                   <<<  [PARALLELIZATION]
                                   <<<    Standard iteration count: 3
                                   <<<  [OPTIMIZATION]
                                   <<<    PREFETCH(HARD) Expected by compiler :
                                   <<<      rdiv, bt1
                                   <<< Loop-information  End >>>
             566     2  pp                   do jj =1,jlistnum
             567     2   p                     j=jlist1(jj)
             568     2   p                     nxj=nxdef_2d(j)
                                   <<< Loop-information Start >>>
                                   <<<  [OPTIMIZATION]
                                   <<<    SIMD(VL: 8)
                                   <<<    SOFTWARE PIPELINING(IPC: 3.66, ITR: 192, MVE: 5, POL: S)
                                   <<<    PREFETCH(HARD) Expected by compiler :
                                   <<<      rdiv, bt1
                                   <<< Loop-information  End >>>
             569     3   p   2v                do i=1,nxj
             570     3   p   2v                  bt1(i,jj)= rdiv(i,lev,jj)
             571     3   p   2v                enddo
             572     2   p                   enddo
             573     1               !!        call mpe_unify(bt1,nx,my,2,mpe_double)
             574     1                       if(myrank.eq.0)print*,' outfld : start divgout, lwrite = ',lwrite
             575     1                       call divgout (nx,my,my_max,lpout,lev,itau,ifilout,idtg,pout,num &
             576     1                                 ,whtlev,pkout,plog,pllp,rdiv,bt1,pres3d,ggdef,lwrite)
             577     1                     endif
             578                     !
             579                           labx='wnd   '
             580                           call whtrec (labx,ntau,taudir,whtlev,num)
             581     1                     if(num.gt.0) then
                                   <<< Loop-information Start >>>
                                   <<<  [PARALLELIZATION]
                                   <<<    Standard iteration count: 2
                                   <<<  [OPTIMIZATION]
                                   <<<    PREFETCH(HARD) Expected by compiler :
                                   <<<      ut, vt, bt1, bt2
                                   <<< Loop-information  End >>>
             582     2  pp                   do jj =1,jlistnum
             583     2   p                     j=jlist1(jj)
             584     2   p                     nxj=nxdef_2d(j)
                                   <<< Loop-information Start >>>
                                   <<<  [OPTIMIZATION]
                                   <<<    SIMD(VL: 8)
                                   <<<    SOFTWARE PIPELINING(IPC: 3.16, ITR: 112, MVE: 3, POL: S)
                                   <<<    PREFETCH(HARD) Expected by compiler :
                                   <<<      bt1, ut, vt, bt2
                                   <<< Loop-information  End >>>
             585     3   p   2v                do i=1,nxj
             586     3   p   2v                  bt1(i,jj)= ut(i,lev,jj)
             587     3   p   2v                  bt2(i,jj)= vt(i,lev,jj)
             588     3   p   2v                enddo
             589     2   p                   enddo
             590     1               !!        call mpe_unify(bt1,nx,my,2,mpe_double)
             591     1               !!        call mpe_unify(bt2,nx,my,2,mpe_double)
             592     1                       if(myrank.eq.0)print*,' outfld : start windout, lwrite = ',lwrite
             593     1                       call windout (nx,my,my_max,lpout,lev,itau,ifilout,idtg,pout,num &
             594     1                          ,whtlev,cosl,pkout,plog,pllp,ut,vt,vvel,bt1,bt2,pres3d,glob,ggdef,lwrite)
             595     1                     endif
             596                     !
             597                           labx='dag   '
             598                           call whtrec (labx,ntau,taudir,whtlev,num)
             599     1                     if(num.gt.0) then
                                   <<< Loop-information Start >>>
                                   <<<  [PARALLELIZATION]
                                   <<<    Standard iteration count: 3
                                   <<<  [OPTIMIZATION]
                                   <<<    PREFETCH(HARD) Expected by compiler :
                                   <<<      drag, bt1
                                   <<< Loop-information  End >>>
             600     2  pp                   do jj =1,jlistnum
             601     2   p                     j=jlist1(jj)
             602     2   p                     nxj=nxdef_2d(j)
                                   <<< Loop-information Start >>>
                                   <<<  [OPTIMIZATION]
                                   <<<    SIMD(VL: 8)
                                   <<<    SOFTWARE PIPELINING(IPC: 3.00, ITR: 144, MVE: 5, POL: S)
                                   <<<    PREFETCH(HARD) Expected by compiler :
                                   <<<      drag, bt1
                                   <<< Loop-information  End >>>
             603     3   p   2v                do i=1,nxj
             604     3   p   2v                  bt1(i,jj)= drag(i,lev,jj)
             605     3   p   2v                enddo
             606     2   p                   enddo
             607     1               !!        call mpe_unify(bt1,nx,my,2,mpe_double)
             608     1                     if(myrank.eq.0)print*,' outfld : start dragout, lwrite = ',lwrite
             609     1                       call dragout (nx,my,my_max,lpout,lev,itau,ifilout,idtg,pout,num &
             610     1                                 ,whtlev,pkout,plog,pllp,drag,bt1,pres3d,ggdef,lwrite)
             611     1                     endif
             612                     !
             613                     !!follow ECMWF output Fraction of cloud cover on pressure levels
             614                     !!clouds output
             615                           labx='cld   '
             616                           call whtrec (labx,ntau,taudir,whtlev,num)
             617     1                     if(num.gt.0) then
                                   <<< Loop-information Start >>>
                                   <<<  [PARALLELIZATION]
                                   <<<    Standard iteration count: 2
                                   <<<  [OPTIMIZATION]
                                   <<<    SIMD(VL: 8)
                                   <<<    PREFETCH(HARD) Expected by compiler :
                                   <<<      tmp
                                   <<< Loop-information  End >>>
             618     1  pp   4v              tmp=0.
                                   <<< Loop-information Start >>>
                                   <<<  [PARALLELIZATION]
                                   <<<    Standard iteration count: 2
                                   <<<  [OPTIMIZATION]
                                   <<<    PREFETCH(HARD) Expected by compiler :
                                   <<<      clds, bt1
                                   <<< Loop-information  End >>>
             619     2  pp                   do jj = 1, jlistnum
             620     2   p                     j=jlist1(jj)
             621     2   p                     nxj=nxdef_2d(j)
                                   <<< Loop-information Start >>>
                                   <<<  [OPTIMIZATION]
                                   <<<    PREFETCH(HARD) Expected by compiler :
                                   <<<      clds, tmp
                                   <<< Loop-information  End >>>
             622     3   p                     do k = 1, lev
                                   <<< Loop-information Start >>>
                                   <<<  [OPTIMIZATION]
                                   <<<    SIMD(VL: 8)
                                   <<<    SOFTWARE PIPELINING(IPC: 3.00, ITR: 144, MVE: 5, POL: S)
                                   <<<    PREFETCH(HARD) Expected by compiler :
                                   <<<      clds, tmp
                                   <<< Loop-information  End >>>
             623     4   p   2v                    do i = 1,nxj
             624     4   p   2v                      tmp(i,k,jj)=clds(i,k,jj)
             625     4   p   2v                    enddo
             626     3   p                     enddo
                                   <<< Loop-information Start >>>
                                   <<<  [OPTIMIZATION]
                                   <<<    SIMD(VL: 8)
                                   <<<    SOFTWARE PIPELINING(IPC: 3.00, ITR: 144, MVE: 5, POL: S)
                                   <<<    PREFETCH(HARD) Expected by compiler :
                                   <<<      clds, bt1
                                   <<< Loop-information  End >>>
             627     3   p   2v                do i = 1,nxj
             628     3   p   2v                  bt1(i,jj)=clds(i,lev,jj)
             629     3   p   2v                enddo
             630     2   p                   enddo
             631     1                         call cloudout(nx,my,my_max,lpout,lev,itau,ifilout,idtg,pout,num &
             632     1                         ,whtlev,pkout,plog,pllp,tmp,bt1,pres3d,glob,ggdef,lwrite)
             633     1                     endif
             634                     !
             635     1                     if(lwritesit) then
             636     1                       labx='sit   '
             637     1                       call whtrec (labx,ntau,taudir,whtlev,num)
             638     2                       if(num.gt.0) then
             639     2                         call sitout(nx,my,my_max,itau,ifilout,idtg,num,whtlev,ggdef)
             640     2                       endif
             641     1                     endif
             642                     !
             643                     !  wk_xy(-,-,1) : temperature at the lowest sigma level
             644                     !  wk_xy(-,-,2) : u wind at the lowest sigma level
             645                     !  wk_xy(-,-,3) : v wind at the lowest sigma level
             646                     !  wk_xy(-,-,4) : precipitable water
             647                     !  wk_xy(-,-,5) : relative humidity at the lowest sigma level
             648                     !
             649     1                     if(ncld.ge.2)then
             650     1                       ntrac=2
             651     1                     else
             652     1                       ntrac=ncld
             653     1                     endif
                                   <<< Loop-information Start >>>
                                   <<<  [OPTIMIZATION]
                                   <<<    PREFETCH(HARD) Expected by compiler :
                                   <<<      pk, tt, qt, vt, ut, wk_xy, tmpout, tmpin
                                   <<< Loop-information  End >>>
             654     1                     do jj = 1, jlistnum
             655     1                       j=jlist1(jj)
             656     1                       nxj=nxdef_2d(j)
             657     1                       xx=rad/cosl(j)
                                   <<< Loop-information Start >>>
                                   <<<  [PARALLELIZATION]
                                   <<<    Standard iteration count: 250
                                   <<<  [OPTIMIZATION]
                                   <<<    SIMD(VL: 8)
                                   <<<    SOFTWARE PIPELINING(IPC: 0.70, ITR: 24, MVE: 2, POL: S)
                                   <<<    PREFETCH(HARD) Expected by compiler :
                                   <<<      ut, pk, tt, qt, vt, wk_xy
                                   <<< Loop-information  End >>>
             658     2  pp    v              do i = 1,nxj
             659     2   p    v                wk_xy(i,jj,1) = tt(i,lev,jj)*pk(i,lev,jj)/(1.0+0.608*qt(i,lev,jj))
             660     2   p    v                wk_xy(i,jj,2) = ut(i,lev,jj)*xx
             661     2   p    v                wk_xy(i,jj,3) = vt(i,lev,jj)*xx
             662     2   p    v              end do
             663     2                       do n = 1, ntrac
                                   <<< Loop-information Start >>>
                                   <<<  [OPTIMIZATION]
                                   <<<    PREFETCH(HARD) Expected by compiler :
                                   <<<      pt, qt, wk_xy
                                   <<< Loop-information  End >>>
             664     3                         do k = 1, lev
             665     3                           kk=(n-1)*lev+k
                                   <<< Loop-information Start >>>
                                   <<<  [PARALLELIZATION]
                                   <<<    Standard iteration count: 411
                                   <<<  [OPTIMIZATION]
                                   <<<    SIMD(VL: 8)
                                   <<<    SOFTWARE PIPELINING(IPC: 2.66, ITR: 144, MVE: 4, POL: S)
                                   <<<    PREFETCH(HARD) Expected by compiler :
                                   <<<      pt, qt, wk_xy
                                   <<< Loop-information  End >>>
             666     4  pp   2v                  do i = 1,nxj
             667     4   p   2v                    deltap = ( pt(i,jj)*(sigma(k+1,1)-sigma(k,1))+ &
             668     4                                      (sigma(k+1,2)-sigma(k,2)) ) * 100./grav
             669     4   p   2v                    wk_xy(i,jj,4) = wk_xy(i,jj,4) + qt(i,kk,jj)*deltap
             670     4   p   2v                  enddo
             671     3                         enddo
             672     2                       enddo
                                   <<< Loop-information Start >>>
                                   <<<  [PARALLELIZATION]
                                   <<<    Standard iteration count: 1067
                                   <<<  [OPTIMIZATION]
                                   <<<    SIMD(VL: 8)
                                   <<<    SOFTWARE PIPELINING(IPC: 3.66, ITR: 192, MVE: 5, POL: S)
                                   <<<    PREFETCH(HARD) Expected by compiler :
                                   <<<      wk_xy, tmpin
                                   <<< Loop-information  End >>>
             673     1  pp   2v              tmpin(:)=wk_xy(:,jj,1)
             674     1                       call qsatq(nxj,tmpin,plt(1,lev,jj),tmpout)
                                   <<< Loop-information Start >>>
                                   <<<  [PARALLELIZATION]
                                   <<<    Standard iteration count: 1067
                                   <<<  [OPTIMIZATION]
                                   <<<    SIMD(VL: 8)
                                   <<<    SOFTWARE PIPELINING(IPC: 3.66, ITR: 192, MVE: 5, POL: S)
                                   <<<    PREFETCH(HARD) Expected by compiler :
                                   <<<      tmpout, wk_xy
                                   <<< Loop-information  End >>>
             675     1  pp   2v              wk_xy(:,jj,5)=tmpout(:)
                                   <<< Loop-information Start >>>
                                   <<<  [PARALLELIZATION]
                                   <<<    Standard iteration count: 364
                                   <<<  [OPTIMIZATION]
                                   <<<    SIMD(VL: 8)
                                   <<<    SOFTWARE PIPELINING(IPC: 0.56, ITR: 64, MVE: 2, POL: S)
                                   <<<    PREFETCH(HARD) Expected by compiler :
                                   <<<      wk_xy, qt
                                   <<< Loop-information  End >>>
             676     2  pp   2v              do i = 1,nxj
             677     2   p   2v                wk_xy(i,jj,5) = 100.*(qt(i,lev,jj)/wk_xy(i,jj,5))
             678     2   p   2v                wk_xy(i,jj,5) = min( 100., max( 1., wk_xy(i,jj,5) ) )
             679     2   p   2v              enddo
             680     1                     enddo
             681                     
             682                     !
                                   <<< Loop-information Start >>>
                                   <<<  [PARALLELIZATION]
                                   <<<    Standard iteration count: 2
                                   <<<  [OPTIMIZATION]
                                   <<<    PREFETCH(HARD) Expected by compiler :
                                   <<<      qt, ctot, hpbl, chig, clow, cmid, wk_xy
                                   <<< Loop-information  End >>>
             683     1  pp                 do jj =1,jlistnum
             684     1   p                   j=jlist1(jj)
             685     1   p                   nxj=nxdef_2d(j)
                                   <<< Loop-information Start >>>
                                   <<<  [OPTIMIZATION]
                                   <<<    SIMD(VL: 8)
                                   <<<    SOFTWARE PIPELINING(IPC: 3.45, ITR: 40, MVE: 2, POL: S)
                                   <<<    PREFETCH(HARD) Expected by compiler :
                                   <<<      hpbl, clow, wk_xy, qt, cmid, chig, ctot
                                   <<< Loop-information  End >>>
             686     2   p    v              do i=1,nxj
             687     2   p    v                wk_xy(i,jj,6) = ctot(i,jj)
             688     2   p    v                wk_xy(i,jj,7) = chig(i,jj)
             689     2   p    v                wk_xy(i,jj,8) = cmid(i,jj)
             690     2   p    v                wk_xy(i,jj,9) = clow(i,jj)
             691     2   p    v                wk_xy(i,jj,10) = hpbl(i,jj)
             692     2   p    v                wk_xy(i,jj,11) = qt(i,1,jj)
             693     2   p    v                wk_xy(i,jj,12) = qt(i,lev,jj)
             694     2   p    v              enddo
             695     1   p                 enddo
             696                     
             697                     !soil variable
                                   <<< Loop-information Start >>>
                                   <<<  [PARALLELIZATION]
                                   <<<    Standard iteration count: 2
                                   <<< Loop-information  End >>>
             698     1  pp                 do jj = 1, jlistnum
             699     1   p                   j=jlist1(jj)
             700     1   p                   nxj=nxdef_2d(j)
                                   <<< Loop-information Start >>>
                                   <<<  [OPTIMIZATION]
                                   <<<    SIMD(VL: 8)
                                   <<<    PREFETCH(HARD) Expected by compiler :
                                   <<<      stc, soil_xy, slc
                                   <<<    PREFETCH(SOFT) : 16
                                   <<<     SEQUENTIAL : 16
                                   <<<      smc: 8, soil_xy: 8
                                   <<<    SPILLS :
                                   <<<      GENERAL   : SPILL 0  FILL 21
                                   <<<      SIMD&FP   : SPILL 0  FILL 0
                                   <<<      SCALABLE  : SPILL 0  FILL 0
                                   <<<      PREDICATE : SPILL 0  FILL 0
                                   <<< Loop-information  End >>>
             701     2   p    v              do i = 1,nxj
             702     2   p    v                soil_xy(i,jj,1 ) = smc(i,1,jj)
             703     2   p    v                soil_xy(i,jj,2 ) = smc(i,2,jj)
             704     2   p    v                soil_xy(i,jj,3 ) = smc(i,3,jj)
             705     2   p    v                soil_xy(i,jj,4 ) = smc(i,4,jj)
             706     2   p    v                soil_xy(i,jj,5 ) = slc(i,1,jj)
             707     2   p    v                soil_xy(i,jj,6 ) = slc(i,2,jj)
             708     2   p    v                soil_xy(i,jj,7 ) = slc(i,3,jj)
             709     2   p    v                soil_xy(i,jj,8 ) = slc(i,4,jj)
             710     2   p    v                soil_xy(i,jj,9 ) = stc(i,1,jj)
             711     2   p    v                soil_xy(i,jj,10) = stc(i,2,jj)
             712     2   p    v                soil_xy(i,jj,11) = stc(i,3,jj)
             713     2   p    v                soil_xy(i,jj,12) = stc(i,4,jj)
             714     2   p    v              enddo
             715     1   p                 enddo
             716                     
             717                     !
             718                     ! output some 2-dimension veriable to dmsfile
             719                     !
             720                           if(myrank .eq. 0) print *,'call out2d'
             721                           if ( lwrite )                                                 &
             722                           call out2d (nx,lev,my,my_max,ifilout,itau,idtg,taudir,ntau    &
             723                                      ,hflux,qflux,tg,gwet,snr,z0,raintot,raincu,rainlp  &
             724                                      ,plcl,cumtop,ss,rs,alb,gwclim,glob                 &
             725                                      ,acld,ugws,vgws,t2,q2,rh2,rh10,u10,v10,gfx,rld     &
             726                     !xb110                 ,sld,wk_xy,soil_xy,canopy,ggdef,lwrite,flash)
             727                                      ,sld,wk_xy,soil_xy,canopy,ggdef)
             728                     !
             729                           return
             730                           end

 Procedure information
   Lines      : 730
   Statements : 460
   Stack(byte): 31952
   Prefetch num: 16

 Scoping unit of external sub-program : outflds
   Attribute and Cross reference of name
     acld
      |(Class and Type) : variable name, REAL(8)
      |(Attributes)     : DIMENSION, dummy-argument
      |(Declaration)    : 1  31
      |(Definition)     : 721
      |(Reference)      : 
     alaps
      |(Class and Type) : variable name, REAL(8)
      |(Attributes)     : 
      |(Declaration)    : 96
      |(Definition)     : 212
      |(Reference)      : 253  255  257  272
     alb
      |(Class and Type) : variable name, REAL(8)
      |(Attributes)     : DIMENSION, dummy-argument
      |(Declaration)    : 1  31
      |(Definition)     : 721
      |(Reference)      : 
     anlslp
      |(Class and Type) : variable name, REAL(8)
      |(Attributes)     : 
      |(Declaration)    : 96
      |(Definition)     : 259  263  267  270  274
      |(Reference)      : 277
     apha
      |(Class and Type) : variable name, REAL(8)
      |(Attributes)     : 
      |(Declaration)    : 97
      |(Definition)     : 261  272
      |(Reference)      : 263  263  263  274  274  274
     ax
      |(Class and Type) : variable name, REAL(8)
      |(Attributes)     : 
      |(Declaration)    : 97
      |(Definition)     : 373  376
      |(Reference)      : 381
     bt1
      |(Class and Type) : variable name, REAL(8)
      |(Attributes)     : DIMENSION
      |(Declaration)    : 78
      |(Definition)     : 132  385  388  399  419  426  446  451  467  472  490  495  512  514  532  538  553  558  570  575  586  593  604  609  628  631
      |(Reference)      : 390  532
     bt2
      |(Class and Type) : variable name, REAL(8)
      |(Attributes)     : DIMENSION
      |(Declaration)    : 78
      |(Definition)     : 133  326  587  593
      |(Reference)      : 532
     bx
      |(Class and Type) : variable name, REAL(8)
      |(Attributes)     : 
      |(Declaration)    : 97
      |(Definition)     : 370
      |(Reference)      : 376  381
     canopy
      |(Class and Type) : variable name, REAL(8)
      |(Attributes)     : DIMENSION, dummy-argument
      |(Declaration)    : 1  31
      |(Definition)     : 721
      |(Reference)      : 
     capa
      |(Class and Type) : variable name, REAL(8)
      |(Attributes)     : dummy-argument
      |(Declaration)    : 1  29
      |(Definition)     : 
      |(Reference)      : 
     chig
      |(Class and Type) : variable name, REAL(8)
      |(Attributes)     : DIMENSION, dummy-argument
      |(Declaration)    : 1  31
      |(Definition)     : 
      |(Reference)      : 688
     clds
      |(Class and Type) : variable name, REAL(8)
      |(Attributes)     : ALLOCATABLE, DIMENSION, SAVE, use-associated
      |(Declaration)    : 
      |(Definition)     : 
      |(Reference)      : 25  624  628
     cloudout
      |(Class and Type) : module subroutine name
      |(Attributes)     : use-associated
      |(Declaration)    : 
      |(Definition)     : 
      |(Reference)      : 631
     clow
      |(Class and Type) : variable name, REAL(8)
      |(Attributes)     : DIMENSION, dummy-argument
      |(Declaration)    : 1  31
      |(Definition)     : 
      |(Reference)      : 690
     cmid
      |(Class and Type) : variable name, REAL(8)
      |(Attributes)     : DIMENSION, dummy-argument
      |(Declaration)    : 1  31
      |(Definition)     : 
      |(Reference)      : 689
     const
      |(Class and Type) : module name
      |(Attributes)     : 
      |(Declaration)    : 
      |(Definition)     : 
      |(Reference)      : 23
     cosl
      |(Class and Type) : variable name, REAL(4)
      |(Attributes)     : DIMENSION, dummy-argument
      |(Declaration)    : 1  55
      |(Definition)     : 593
      |(Reference)      : 657
     cp
      |(Class and Type) : variable name, REAL(8)
      |(Attributes)     : dummy-argument
      |(Declaration)    : 1  29
      |(Definition)     : 
      |(Reference)      : 221  226
     ctot
      |(Class and Type) : variable name, REAL(8)
      |(Attributes)     : DIMENSION, dummy-argument
      |(Declaration)    : 1  31
      |(Definition)     : 
      |(Reference)      : 687
     cumtop
      |(Class and Type) : variable name, REAL(8)
      |(Attributes)     : DIMENSION, dummy-argument
      |(Declaration)    : 1  31
      |(Definition)     : 721
      |(Reference)      : 
     cx
      |(Class and Type) : variable name, REAL(8)
      |(Attributes)     : 
      |(Declaration)    : 97
      |(Definition)     : 378  379
      |(Reference)      : 379  380  380
     deltap
      |(Class and Type) : variable name, REAL(8)
      |(Attributes)     : 
      |(Declaration)    : 97
      |(Definition)     : 667
      |(Reference)      : 669
     divgout
      |(Class and Type) : module subroutine name
      |(Attributes)     : use-associated
      |(Declaration)    : 
      |(Definition)     : 
      |(Reference)      : 575
     drag
      |(Class and Type) : variable name, REAL(8)
      |(Attributes)     : DIMENSION, dummy-argument
      |(Declaration)    : 1  31
      |(Definition)     : 609
      |(Reference)      : 604
     dragout
      |(Class and Type) : module subroutine name
      |(Attributes)     : use-associated
      |(Declaration)    : 
      |(Definition)     : 
      |(Reference)      : 609
     dx
      |(Class and Type) : variable name, REAL(8)
      |(Attributes)     : 
      |(Declaration)    : 97
      |(Definition)     : 368  380
      |(Reference)      : 372  381  381
     exp
      |(Class and Type) : intrinsic function name, REAL(8)
      |(Attributes)     : PURE, ELEMENTAL
      |(Declaration)    : 
      |(Definition)     : 
      |(Reference)      : 263  267  270  274
     geopout
      |(Class and Type) : module subroutine name
      |(Attributes)     : use-associated
      |(Declaration)    : 
      |(Definition)     : 
      |(Reference)      : 538
     geostd
      |(Class and Type) : external subroutine name
      |(Attributes)     : 
      |(Declaration)    : 
      |(Definition)     : 
      |(Reference)      : 210  326  523
     gfx
      |(Class and Type) : variable name, REAL(8)
      |(Attributes)     : DIMENSION, dummy-argument
      |(Declaration)    : 1  31
      |(Definition)     : 721
      |(Reference)      : 
     ggdef
      |(Class and Type) : variable name, CHARACTER(4,1)
      |(Attributes)     : dummy-argument
      |(Declaration)    : 1  65
      |(Definition)     : 306  399  426  451  472  495  538  558  575  593  609  631  639  721
      |(Reference)      : 
     glob
      |(Class and Type) : variable name, REAL(4)
      |(Attributes)     : DIMENSION
      |(Declaration)    : 71
      |(Definition)     : 306  426  451  472  495  538  593  631  721
      |(Reference)      : 
     grav
      |(Class and Type) : variable name, REAL(8)
      |(Attributes)     : dummy-argument
      |(Declaration)    : 1  29
      |(Definition)     : 
      |(Reference)      : 198  213  255  257  667
     gwclim
      |(Class and Type) : variable name, REAL(8)
      |(Attributes)     : DIMENSION, dummy-argument
      |(Declaration)    : 1  31
      |(Definition)     : 721
      |(Reference)      : 
     gwet
      |(Class and Type) : variable name, REAL(8)
      |(Attributes)     : DIMENSION, dummy-argument
      |(Declaration)    : 1  31
      |(Definition)     : 721
      |(Reference)      : 
     hflux
      |(Class and Type) : variable name, REAL(8)
      |(Attributes)     : DIMENSION, dummy-argument
      |(Declaration)    : 1  31
      |(Definition)     : 721
      |(Reference)      : 
     hld1
      |(Class and Type) : variable name, REAL(8)
      |(Attributes)     : DIMENSION
      |(Declaration)    : 78
      |(Definition)     : 256  266  269
      |(Reference)      : 257  260  261  262  265  266  267  268  269  270  273
     hld2
      |(Class and Type) : variable name, REAL(8)
      |(Attributes)     : DIMENSION
      |(Declaration)    : 78
      |(Definition)     : 257
      |(Reference)      : 260  265  268
     hpbl
      |(Class and Type) : variable name, REAL(8)
      |(Attributes)     : DIMENSION, dummy-argument
      |(Declaration)    : 1  31
      |(Definition)     : 
      |(Reference)      : 691
     i
      |(Class and Type) : variable name, INTEGER(4)
      |(Attributes)     : 
      |(Declaration)    : 94
      |(Definition)     : 155  175  220  225  231  250  317  328  360  365  414  418  441  445  462  466  484  489  510  524  531  552  569  585  603  623  627  658  666  676  686  701
      |(Reference)      : 156  156  176  178  221  221  221  221  221  226  226  226  226  226  226  226  226  232  232  251  251  251  252  252  252  253  253  255  255  256  257  257  257  258  259  260  260  261  261  262  262  263  265  265  266  266  267  267  267  268  268  269  269  270  270  270  273  273  274  277  277  278  278  318  318  318  319  320  322  322  329  329  361  361  361  361  366  366  366  367  368  368  370  370  371  372  373  373  373  373  373  373  378  382  382  382  383  384  385  386  388  388  388  390  390  415  415  415  419  419  442  442  446  446  463  463  467  467  485  485  485  490  490  511  512  512  512  514  514  525  525  525  532  532  532  553  553  570  570  586  586  587  587  604  604  624  624  628  628  659  659  659  659  660  660  661  661  667  669  669  669  677  677  677  678  678  687  687  688  688  689  689  690  690  691  691  692  692  693  693  702  702  703  703  704  704  705  705  706  706  707  707  708  708  709  709  710  710  711  711  712  712  713  713
     idtg
      |(Class and Type) : variable name, INTEGER(8)
      |(Attributes)     : dummy-argument
      |(Declaration)    : 1  66
      |(Definition)     : 306  399  426  451  472  495  538  558  575  593  609  631  639  721
      |(Reference)      : 144
     ifilout
      |(Class and Type) : variable name, CHARACTER(80,1)
      |(Attributes)     : dummy-argument
      |(Declaration)    : 1  65
      |(Definition)     : 306  399  426  451  472  495  538  558  575  593  609  631  639  721
      |(Reference)      : 
     ifilout_grb
      |(Class and Type) : variable name, CHARACTER(80,1)
      |(Attributes)     : use-associated
      |(Declaration)    : 
      |(Definition)     : 
      |(Reference)      : 23  144
     index
      |(Class and Type) : module name
      |(Attributes)     : 
      |(Declaration)    : 
      |(Definition)     : 
      |(Reference)      : 20
     iqwout
      |(Class and Type) : variable name, INTEGER(4)
      |(Attributes)     : 
      |(Declaration)    : 95
      |(Definition)     : 431
      |(Reference)      : 432
     itau
      |(Class and Type) : variable name, INTEGER(4)
      |(Attributes)     : dummy-argument
      |(Declaration)    : 1  28
      |(Definition)     : 139  306  399  426  451  472  495  538  558  575  593  609  631  639  721
      |(Reference)      : 137  144
     j
      |(Class and Type) : variable name, INTEGER(4)
      |(Attributes)     : 
      |(Declaration)    : 94
      |(Definition)     : 152  171  218  248  315  350  410  437  459  480  508  550  567  583  601  620  655  684  699
      |(Reference)      : 153  172  183  219  249  316  326  351  411  412  438  460  481  509  523  551  568  584  602  621  656  657  685  700
     jj
      |(Class and Type) : variable name, INTEGER(4)
      |(Attributes)     : 
      |(Declaration)    : 94
      |(Definition)     : 151  170  217  247  314  349  409  436  458  479  507  549  566  582  600  619  654  683  698
      |(Reference)      : 152  156  156  171  176  178  218  221  221  221  221  221  226  226  226  226  226  226  226  226  232  232  248  251  251  251  252  252  252  253  253  255  255  256  257  257  257  258  259  260  260  261  261  262  262  263  265  265  266  266  267  267  267  268  268  269  269  270  270  270  273  273  274  277  277  278  278  315  318  318  318  319  320  322  322  326  326  329  329  350  361  361  361  361  366  366  366  367  368  368  370  370  371  372  373  373  373  373  373  373  378  382  382  382  383  384  385  386  388  388  388  390  390  410  412  412  415  415  419  419  437  442  442  446  446  459  463  463  467  467  480  485  485  485  490  490  508  511  512  512  512  514  514  523  525  525  532  532  532  550  553  553  567  570  570  583  586  586  587  587  601  604  604  620  624  624  628  628  655  659  659  659  659  660  660  661  661  667  669  669  669  673  674  675  677  677  677  678  678  684  687  687  688  688  689  689  690  690  691  691  692  692  693  693  699  702  702  703  703  704  704  705  705  706  706  707  707  708  708  709  709  710  710  711  711  712  712  713  713
     jlist1
      |(Class and Type) : variable name, INTEGER(4)
      |(Attributes)     : ALLOCATABLE, DIMENSION, SAVE, use-associated
      |(Declaration)    : 
      |(Definition)     : 
      |(Reference)      : 152  171  218  248  315  350  410  437  459  480  508  550  567  583  601  620  655  684  699
     jlistnum
      |(Class and Type) : variable name, INTEGER(4)
      |(Attributes)     : common-block-object, use-associated
      |(Declaration)    : 
      |(Definition)     : 
      |(Reference)      : 151  170  217  247  314  349  409  436  458  479  507  549  566  582  600  619  654  683  698
     k
      |(Class and Type) : variable name, INTEGER(4)
      |(Attributes)     : 
      |(Declaration)    : 94
      |(Definition)     : 154  173  204  224  230  359  413  439  461  482  522  622  664
      |(Reference)      : 156  156  174  205  205  226  226  226  226  226  226  226  226  232  232  361  361  361  361  415  415  415  440  442  463  463  485  485  485  523  523  525  525  525  624  624  665  667  667  667  667
     kk
      |(Class and Type) : variable name, INTEGER(4)
      |(Attributes)     : 
      |(Declaration)    : 94
      |(Definition)     : 174  440  665
      |(Reference)      : 176  178  442  669
     km
      |(Class and Type) : variable name, INTEGER(4)
      |(Attributes)     : dummy-argument
      |(Declaration)    : 1  28
      |(Definition)     : 
      |(Reference)      : 31  31  31
     ktrop
      |(Class and Type) : variable name, INTEGER(4)
      |(Attributes)     : dummy-argument
      |(Declaration)    : 1  28
      |(Definition)     : 
      |(Reference)      : 
     labx
      |(Class and Type) : variable name, CHARACTER(6,1)
      |(Attributes)     : 
      |(Declaration)    : 92
      |(Definition)     : 336  337  339  340  342  343  546  547  563  564  579  580  597  598  615  616  636  637
      |(Reference)      : 
     lev
      |(Class and Type) : variable name, INTEGER(4)
      |(Attributes)     : dummy-argument
      |(Declaration)    : 1  28
      |(Definition)     : 399  412  426  451  472  495  538  558  575  593  609  631  721
      |(Reference)      : 31  31  31  55  55  55  55  55  55  55  55  55  55  55  55  70  70  78  118  119  154  167  173  183  221  221  221  221  224  230  245  251  251  251  253  359  370  373  373  373  373  382  382  383  388  388  413  419  439  440  446  461  463  467  482  485  490  522  553  570  586  587  604  622  628  659  659  659  660  661  664  665  674  677  693
     llts
      |(Class and Type) : variable name, INTEGER(4)
      |(Attributes)     : 
      |(Declaration)    : 95
      |(Definition)     : 245
      |(Reference)      : 252  252  252  255
     lmax
      |(Class and Type) : variable name, INTEGER(4)
      |(Attributes)     : dummy-argument
      |(Declaration)    : 1  28
      |(Definition)     : 
      |(Reference)      : 
     log
      |(Class and Type) : intrinsic function name, REAL(8)
      |(Attributes)     : PURE, ELEMENTAL
      |(Declaration)    : 
      |(Definition)     : 
      |(Reference)      : 205  232  312  329  367  368  373  512
     lpout
      |(Class and Type) : named constant, INTEGER(4)
      |(Attributes)     : 
      |(Declaration)    : 77
      |(Definition)     : 
      |(Reference)      : 78  78  78  83  204  210  399  426  451  472  495  538  558  575  593  609  631
     lwrite
      |(Class and Type) : variable name, LOGICAL(4)
      |(Attributes)     : dummy-argument
      |(Declaration)    : 1  100
      |(Definition)     : 306  399  426  451  472  495  538  558  575  593  609  631
      |(Reference)      : 305  398  425  450  471  494  537  557  574  592  608  721
     lwritesit
      |(Class and Type) : variable name, LOGICAL(4)
      |(Attributes)     : dummy-argument
      |(Declaration)    : 1  100
      |(Definition)     : 
      |(Reference)      : 635
     max
      |(Class and Type) : intrinsic function name, REAL(8)
      |(Attributes)     : PURE, ELEMENTAL
      |(Declaration)    : 
      |(Definition)     : 
      |(Reference)      : 366  379  383  678
     min
      |(Class and Type) : intrinsic function name, REAL(8)
      |(Attributes)     : PURE, ELEMENTAL
      |(Declaration)    : 
      |(Definition)     : 
      |(Reference)      : 379  383  514  678
     mod_grb2_param
      |(Class and Type) : module name
      |(Attributes)     : 
      |(Declaration)    : 
      |(Definition)     : 
      |(Reference)      : 24
     mod_outflds
      |(Class and Type) : module name
      |(Attributes)     : 
      |(Declaration)    : 
      |(Definition)     : 
      |(Reference)      : 21
     mpe
      |(Class and Type) : module name
      |(Attributes)     : 
      |(Declaration)    : 
      |(Definition)     : 
      |(Reference)      : 18
     mpe_global_sum
      |(Class and Type) : generic name
      |(Attributes)     : use-associated
      |(Declaration)    : 
      |(Definition)     : 
      |(Reference)      : 185  186
     mpe_integer
      |(Class and Type) : named constant, INTEGER(4)
      |(Attributes)     : use-associated
      |(Declaration)    : 
      |(Definition)     : 
      |(Reference)      : 185  186
     my
      |(Class and Type) : variable name, INTEGER(4)
      |(Attributes)     : dummy-argument
      |(Declaration)    : 1  28
      |(Definition)     : 306  399  426  451  472  495  538  558  575  593  609  631  639  721
      |(Reference)      : 31  55  71  117  119
     my_max
      |(Class and Type) : variable name, INTEGER(4)
      |(Attributes)     : dummy-argument
      |(Declaration)    : 1  28
      |(Definition)     : 306  399  426  451  472  495  538  558  575  593  609  631  639  721
      |(Reference)      : 31  31  31  31  31  31  31  31  31  31  31  31  31  31  31  31  31  31  31  31  31  31  31  31  31  31  31  31  31  31  31  31  31  31  31  31  31  31  31  55  55  55  55  55  55  55  55  55  55  55  55  55  55  55  70  70  70  72  78  78  78  78  83  85  88
     myrank
      |(Class and Type) : variable name, INTEGER(4)
      |(Attributes)     : common-block-object, use-associated
      |(Declaration)    : 
      |(Definition)     : 
      |(Reference)      : 137  145  187  188  305  398  425  450  471  494  537  557  574  592  608  720
     n
      |(Class and Type) : variable name, INTEGER(4)
      |(Attributes)     : 
      |(Declaration)    : 94
      |(Definition)     : 166  663
      |(Reference)      : 167  187  188  665
     ncld
      |(Class and Type) : variable name, INTEGER(4)
      |(Attributes)     : dummy-argument
      |(Declaration)    : 1  28
      |(Definition)     : 
      |(Reference)      : 55  55  124  154  161  164  457  495  649  652
     nclds
      |(Class and Type) : variable name, INTEGER(4)
      |(Attributes)     : 
      |(Declaration)    : 95
      |(Definition)     : 122  124  477
      |(Reference)      : 432  434  435  483
     ngq
      |(Class and Type) : variable name, INTEGER(4)
      |(Attributes)     : 
      |(Declaration)    : 94
      |(Definition)     : 168  177  185
      |(Reference)      : 177  187  187  188  188
     nk
      |(Class and Type) : variable name, INTEGER(4)
      |(Attributes)     : 
      |(Declaration)    : 94
      |(Definition)     : 167
      |(Reference)      : 174
     nmmiph
      |(Class and Type) : variable name, INTEGER(4)
      |(Attributes)     : common-block-object, use-associated
      |(Declaration)    : 
      |(Definition)     : 
      |(Reference)      : 23  477
     ntau
      |(Class and Type) : variable name, INTEGER(4)
      |(Attributes)     : 
      |(Declaration)    : 94
      |(Definition)     : 139  306  337  340  343  547  564  580  598  616  637  721
      |(Reference)      : 140
     ntcw
      |(Class and Type) : variable name, INTEGER(4)
      |(Attributes)     : SAVE, use-associated
      |(Declaration)    : 
      |(Definition)     : 
      |(Reference)      : 22
     ntiw
      |(Class and Type) : variable name, INTEGER(4)
      |(Attributes)     : SAVE, use-associated
      |(Declaration)    : 
      |(Definition)     : 
      |(Reference)      : 22
     ntoz
      |(Class and Type) : variable name, INTEGER(4)
      |(Attributes)     : SAVE, use-associated
      |(Declaration)    : 
      |(Definition)     : 472
      |(Reference)      : 22  121  122  457  463
     ntrac
      |(Class and Type) : variable name, INTEGER(4)
      |(Attributes)     : 
      |(Declaration)    : 94
      |(Definition)     : 162  164  434  451  483  650  652
      |(Reference)      : 166  435  440  485  663
     ntt
      |(Class and Type) : variable name, INTEGER(4)
      |(Attributes)     : 
      |(Declaration)    : 94
      |(Definition)     : 169  183  186
      |(Reference)      : 183  188
     num
      |(Class and Type) : variable name, INTEGER(4)
      |(Attributes)     : 
      |(Declaration)    : 95
      |(Definition)     : 547  558  564  575  580  593  598  609  616  631  637  639
      |(Reference)      : 548  565  581  599  617  638
     numout
      |(Class and Type) : variable name, INTEGER(4)
      |(Attributes)     : dummy-argument
      |(Declaration)    : 1  28
      |(Definition)     : 139
      |(Reference)      : 91  91
     numq
      |(Class and Type) : variable name, INTEGER(4)
      |(Attributes)     : 
      |(Declaration)    : 95
      |(Definition)     : 340  426  451  472  495
      |(Reference)      : 345  405
     numt
      |(Class and Type) : variable name, INTEGER(4)
      |(Attributes)     : 
      |(Declaration)    : 95
      |(Definition)     : 343  399
      |(Reference)      : 345  397
     numz
      |(Class and Type) : variable name, INTEGER(4)
      |(Attributes)     : 
      |(Declaration)    : 95
      |(Definition)     : 337  538
      |(Reference)      : 345  506
     nx
      |(Class and Type) : variable name, INTEGER(4)
      |(Attributes)     : dummy-argument
      |(Declaration)    : 1  28
      |(Definition)     : 306  399  426  451  472  495  538  558  575  593  609  631  639  721
      |(Reference)      : 71  117  118  119
     nxdef_2d
      |(Class and Type) : variable name, INTEGER(4)
      |(Attributes)     : ALLOCATABLE, DIMENSION, SAVE, use-associated
      |(Declaration)    : 
      |(Definition)     : 
      |(Reference)      : 153  172  219  249  316  351  411  438  460  481  509  551  568  584  602  621  656  685  700
     nxj
      |(Class and Type) : variable name, INTEGER(4)
      |(Attributes)     : 
      |(Declaration)    : 94
      |(Definition)     : 153  172  219  249  316  351  411  438  460  481  509  551  568  584  602  621  656  674  685  700
      |(Reference)      : 155  175  220  225  231  250  317  328  360  365  414  418  441  445  462  466  484  489  510  524  531  552  569  585  603  623  627  658  666  676  686  701
     nxjp
      |(Class and Type) : variable name, INTEGER(4)
      |(Attributes)     : ALLOCATABLE, DIMENSION, SAVE, use-associated
      |(Declaration)    : 
      |(Definition)     : 326  412  523
      |(Reference)      : 183
     nxlev
      |(Class and Type) : variable name, INTEGER(4)
      |(Attributes)     : 
      |(Declaration)    : 94
      |(Definition)     : 118
      |(Reference)      : 
     nxly
      |(Class and Type) : variable name, INTEGER(4)
      |(Attributes)     : 
      |(Declaration)    : 94
      |(Definition)     : 119
      |(Reference)      : 
     nxmy
      |(Class and Type) : variable name, INTEGER(4)
      |(Attributes)     : 
      |(Declaration)    : 94
      |(Definition)     : 117
      |(Reference)      : 
     nxp
      |(Class and Type) : variable name, INTEGER(4)
      |(Attributes)     : common-block-object, use-associated
      |(Declaration)    : 
      |(Definition)     : 412
      |(Reference)      : 31  31  31  31  31  31  31  31  31  31  31  31  31  31  31  31  31  31  31  31  31  31  31  31  31  31  31  31  31  31  31  31  31  31  31  31  31  31  31  55  55  55  55  55  55  55  55  55  55  55  55  55  55  55  70  70  70  72  78  78  78  78  78  83  85  86  86  88
     ofdir
      |(Class and Type) : variable name, CHARACTER(255,1)
      |(Attributes)     : use-associated
      |(Declaration)    : 
      |(Definition)     : 144
      |(Reference)      : 24  145
     ograv
      |(Class and Type) : variable name, REAL(8)
      |(Attributes)     : 
      |(Declaration)    : 96
      |(Definition)     : 198
      |(Reference)      : 525  532
     out2d
      |(Class and Type) : external subroutine name
      |(Attributes)     : 
      |(Declaration)    : 
      |(Definition)     : 
      |(Reference)      : 721
     outdir
      |(Class and Type) : variable name, CHARACTER(16,1)
      |(Attributes)     : DIMENSION, dummy-argument
      |(Declaration)    : 1  91
      |(Definition)     : 139
      |(Reference)      : 
     outflds
      |(Class and Type) : external subroutine name
      |(Attributes)     : 
      |(Declaration)    : 
      |(Definition)     : 1
      |(Reference)      : 
     outgrb2
      |(Class and Type) : variable name, INTEGER(4)
      |(Attributes)     : use-associated
      |(Declaration)    : 
      |(Definition)     : 
      |(Reference)      : 23  142
     pdiff
      |(Class and Type) : variable name, REAL(8)
      |(Attributes)     : DIMENSION
      |(Declaration)    : 31
      |(Definition)     : 278  306
      |(Reference)      : 318
     phi
      |(Class and Type) : variable name, REAL(4)
      |(Attributes)     : DIMENSION, dummy-argument
      |(Declaration)    : 1  55
      |(Definition)     : 221  226
      |(Reference)      : 226  255  525
     phistd
      |(Class and Type) : variable name, REAL(8)
      |(Attributes)     : DIMENSION
      |(Declaration)    : 78
      |(Definition)     : 210  538
      |(Reference)      : 
     pk
      |(Class and Type) : variable name, REAL(4)
      |(Attributes)     : DIMENSION, dummy-argument
      |(Declaration)    : 1  55
      |(Definition)     : 
      |(Reference)      : 221  226  226  251  252  361  659
     pk2
      |(Class and Type) : variable name, REAL(4)
      |(Attributes)     : DIMENSION, dummy-argument
      |(Declaration)    : 1  55
      |(Definition)     : 
      |(Reference)      : 221  226  226
     pkout
      |(Class and Type) : variable name, REAL(8)
      |(Attributes)     : DIMENSION
      |(Declaration)    : 78
      |(Definition)     : 205  399  426  451  472  495  538  558  575  593  609  631
      |(Reference)      : 
     pl1000
      |(Class and Type) : variable name, REAL(8)
      |(Attributes)     : 
      |(Declaration)    : 97
      |(Definition)     : 312
      |(Reference)      : 388
     plcl
      |(Class and Type) : variable name, REAL(8)
      |(Attributes)     : DIMENSION, dummy-argument
      |(Declaration)    : 1  31
      |(Definition)     : 721
      |(Reference)      : 
     pllp
      |(Class and Type) : variable name, REAL(8)
      |(Attributes)     : DIMENSION
      |(Declaration)    : 70
      |(Definition)     : 131  277  320  322  326  329  399  426  451  472  495  538  558  575  593  609  631
      |(Reference)      : 278  329
     plog
      |(Class and Type) : variable name, REAL(8)
      |(Attributes)     : DIMENSION
      |(Declaration)    : 70
      |(Definition)     : 232  399  426  451  472  495  538  558  575  593  609  631
      |(Reference)      : 373  373  388
     plt
      |(Class and Type) : variable name, REAL(8)
      |(Attributes)     : DIMENSION, dummy-argument
      |(Declaration)    : 1  31
      |(Definition)     : 412  523  674
      |(Reference)      : 232  253  382
     pout
      |(Class and Type) : variable name, REAL(8)
      |(Attributes)     : DIMENSION, initialized
      |(Declaration)    : 78  109
      |(Definition)     : 210  399  426  451  472  495  538  558  575  593  609  631
      |(Reference)      : 205
     pres3d
      |(Class and Type) : variable name, REAL(4)
      |(Attributes)     : DIMENSION
      |(Declaration)    : 83
      |(Definition)     : 134  399  426  451  472  495  538  558  575  593  609  631
      |(Reference)      : 
     pt
      |(Class and Type) : variable name, REAL(4)
      |(Attributes)     : DIMENSION, dummy-argument
      |(Declaration)    : 1  55
      |(Definition)     : 306
      |(Reference)      : 253  259  263  267  270  274  277  318  366  368  373  667
     ptend
      |(Class and Type) : variable name, REAL(4)
      |(Attributes)     : DIMENSION, dummy-argument
      |(Declaration)    : 1  55
      |(Definition)     : 306
      |(Reference)      : 
     ptop
      |(Class and Type) : variable name, REAL(8)
      |(Attributes)     : dummy-argument
      |(Declaration)    : 1  29
      |(Definition)     : 306
      |(Reference)      : 253  259  263  267  270  274  368  373
     q2
      |(Class and Type) : variable name, REAL(8)
      |(Attributes)     : DIMENSION, dummy-argument
      |(Declaration)    : 1  31
      |(Definition)     : 721
      |(Reference)      : 
     qflux
      |(Class and Type) : variable name, REAL(8)
      |(Attributes)     : DIMENSION, dummy-argument
      |(Declaration)    : 1  31
      |(Definition)     : 721
      |(Reference)      : 
     qsatq
      |(Class and Type) : external subroutine name
      |(Attributes)     : 
      |(Declaration)    : 
      |(Definition)     : 
      |(Reference)      : 674
     qsatq_2d
      |(Class and Type) : external subroutine name
      |(Attributes)     : 
      |(Declaration)    : 
      |(Definition)     : 
      |(Reference)      : 412
     qt
      |(Class and Type) : variable name, REAL(4)
      |(Attributes)     : DIMENSION
      |(Declaration)    : 55
      |(Definition)     : 156  178
      |(Reference)      : 176  251  252  361  415  442  463  485  659  669  677  692  693
     qt_org
      |(Class and Type) : variable name, REAL(4)
      |(Attributes)     : DIMENSION, dummy-argument
      |(Declaration)    : 1  55
      |(Definition)     : 
      |(Reference)      : 156
     RTYPE
      |(Class and Type) : named constant, INTEGER(4)
      |(Attributes)     : use-associated
      |(Declaration)    : 
      |(Definition)     : 
      |(Reference)      : 23  55  71  83  85  88
     rad
      |(Class and Type) : variable name, REAL(8)
      |(Attributes)     : initialized
      |(Declaration)    : 96  115
      |(Definition)     : 
      |(Reference)      : 657
     raddiag
      |(Class and Type) : module name
      |(Attributes)     : 
      |(Declaration)    : 
      |(Definition)     : 
      |(Reference)      : 25
     radn
      |(Class and Type) : module name
      |(Attributes)     : 
      |(Declaration)    : 
      |(Definition)     : 
      |(Reference)      : 22
     raincu
      |(Class and Type) : variable name, REAL(8)
      |(Attributes)     : DIMENSION, dummy-argument
      |(Declaration)    : 1  31
      |(Definition)     : 721
      |(Reference)      : 
     rainlp
      |(Class and Type) : variable name, REAL(8)
      |(Attributes)     : DIMENSION, dummy-argument
      |(Declaration)    : 1  31
      |(Definition)     : 721
      |(Reference)      : 
     raintot
      |(Class and Type) : variable name, REAL(8)
      |(Attributes)     : DIMENSION, dummy-argument
      |(Declaration)    : 1  31
      |(Definition)     : 721
      |(Reference)      : 
     rank
      |(Class and Type) : module name
      |(Attributes)     : 
      |(Declaration)    : 
      |(Definition)     : 
      |(Reference)      : 19
     rdg
      |(Class and Type) : variable name, REAL(8)
      |(Attributes)     : 
      |(Declaration)    : 96
      |(Definition)     : 213
      |(Reference)      : 253  272
     rdiv
      |(Class and Type) : variable name, REAL(4)
      |(Attributes)     : DIMENSION, dummy-argument
      |(Declaration)    : 1  55
      |(Definition)     : 575
      |(Reference)      : 570
     rgas
      |(Class and Type) : variable name, REAL(8)
      |(Attributes)     : dummy-argument
      |(Declaration)    : 1  29
      |(Definition)     : 
      |(Reference)      : 213  261  262  267  270  273  372  512
     rh10
      |(Class and Type) : variable name, REAL(8)
      |(Attributes)     : DIMENSION, dummy-argument
      |(Declaration)    : 1  31
      |(Definition)     : 721
      |(Reference)      : 
     rh2
      |(Class and Type) : variable name, REAL(8)
      |(Attributes)     : DIMENSION, dummy-argument
      |(Declaration)    : 1  31
      |(Definition)     : 721
      |(Reference)      : 
     rld
      |(Class and Type) : variable name, REAL(8)
      |(Attributes)     : DIMENSION, dummy-argument
      |(Declaration)    : 1  31
      |(Definition)     : 721
      |(Reference)      : 
     rs
      |(Class and Type) : variable name, REAL(8)
      |(Attributes)     : DIMENSION, dummy-argument
      |(Declaration)    : 1  31
      |(Definition)     : 721
      |(Reference)      : 
     rvor
      |(Class and Type) : variable name, REAL(4)
      |(Attributes)     : DIMENSION, dummy-argument
      |(Declaration)    : 1  55
      |(Definition)     : 558
      |(Reference)      : 553
     sgeo
      |(Class and Type) : variable name, REAL(4)
      |(Attributes)     : DIMENSION, dummy-argument
      |(Declaration)    : 1  55
      |(Definition)     : 
      |(Reference)      : 221  255  257  258  261  262  267  270  273  370  371  372  378  514
     shumout
      |(Class and Type) : module subroutine name
      |(Attributes)     : use-associated
      |(Declaration)    : 
      |(Definition)     : 
      |(Reference)      : 426
     shumout2
      |(Class and Type) : module subroutine name
      |(Attributes)     : use-associated
      |(Declaration)    : 
      |(Definition)     : 
      |(Reference)      : 451  472  495
     sigma
      |(Class and Type) : variable name, REAL(4)
      |(Attributes)     : DIMENSION, dummy-argument
      |(Declaration)    : 1  55
      |(Definition)     : 
      |(Reference)      : 667  667  667  667
     sitout
      |(Class and Type) : external subroutine name
      |(Attributes)     : 
      |(Declaration)    : 
      |(Definition)     : 
      |(Reference)      : 639
     slc
      |(Class and Type) : variable name, REAL(8)
      |(Attributes)     : DIMENSION, dummy-argument
      |(Declaration)    : 1  31
      |(Definition)     : 
      |(Reference)      : 706  707  708  709
     sld
      |(Class and Type) : variable name, REAL(8)
      |(Attributes)     : DIMENSION, dummy-argument
      |(Declaration)    : 1  31
      |(Definition)     : 721
      |(Reference)      : 
     slp
      |(Class and Type) : variable name, REAL(8)
      |(Attributes)     : DIMENSION
      |(Declaration)    : 72
      |(Definition)     : 318  366
      |(Reference)      : 319  322  366  367  368  373  382  384  511  512
     smc
      |(Class and Type) : variable name, REAL(8)
      |(Attributes)     : DIMENSION, dummy-argument
      |(Declaration)    : 1  31
      |(Definition)     : 
      |(Reference)      : 702  703  704  705
     snr
      |(Class and Type) : variable name, REAL(8)
      |(Attributes)     : DIMENSION, dummy-argument
      |(Declaration)    : 1  31
      |(Definition)     : 721
      |(Reference)      : 
     soil_xy
      |(Class and Type) : variable name, REAL(4)
      |(Attributes)     : DIMENSION
      |(Declaration)    : 88
      |(Definition)     : 135  702  703  704  705  706  707  708  709  710  711  712  713  721
      |(Reference)      : 
     splog
      |(Class and Type) : variable name, REAL(8)
      |(Attributes)     : 
      |(Declaration)    : 97
      |(Definition)     : 367
      |(Reference)      : 373  388  388
     ss
      |(Class and Type) : variable name, REAL(8)
      |(Attributes)     : DIMENSION, dummy-argument
      |(Declaration)    : 1  31
      |(Definition)     : 721
      |(Reference)      : 
     stc
      |(Class and Type) : variable name, REAL(8)
      |(Attributes)     : DIMENSION, dummy-argument
      |(Declaration)    : 1  31
      |(Definition)     : 
      |(Reference)      : 710  711  712  713
     surfout
      |(Class and Type) : module subroutine name
      |(Attributes)     : use-associated
      |(Declaration)    : 
      |(Definition)     : 
      |(Reference)      : 306
     system
      |(Class and Type) : external subroutine name
      |(Attributes)     : 
      |(Declaration)    : 
      |(Definition)     : 
      |(Reference)      : 145
     t1000
      |(Class and Type) : variable name, REAL(8)
      |(Attributes)     : DIMENSION
      |(Declaration)    : 31
      |(Definition)     : 386  390
      |(Reference)      : 512
     t2
      |(Class and Type) : variable name, REAL(8)
      |(Attributes)     : DIMENSION, dummy-argument
      |(Declaration)    : 1  31
      |(Definition)     : 721
      |(Reference)      : 
     tadia
      |(Class and Type) : variable name, REAL(8)
      |(Attributes)     : 
      |(Declaration)    : 97
      |(Definition)     : 382
      |(Reference)      : 383
     taudir
      |(Class and Type) : variable name, CHARACTER(16,1)
      |(Attributes)     : DIMENSION
      |(Declaration)    : 91
      |(Definition)     : 139  306  337  340  343  547  564  580  598  616  637  721
      |(Reference)      : 
     tempout
      |(Class and Type) : module subroutine name
      |(Attributes)     : use-associated
      |(Declaration)    : 
      |(Definition)     : 
      |(Reference)      : 399
     tg
      |(Class and Type) : variable name, REAL(8)
      |(Attributes)     : DIMENSION, dummy-argument
      |(Declaration)    : 1  31
      |(Definition)     : 721
      |(Reference)      : 
     tmid
      |(Class and Type) : variable name, REAL(8)
      |(Attributes)     : 
      |(Declaration)    : 97
      |(Definition)     : 372
      |(Reference)      : 373
     tmp
      |(Class and Type) : variable name, REAL(8)
      |(Attributes)     : DIMENSION
      |(Declaration)    : 70
      |(Definition)     : 361  399  412  415  426  442  451  463  472  478  485  495  525  538  618  624  631
      |(Reference)      : 370  373  373  382  383  388  419  446  467  485  490
     tmpin
      |(Class and Type) : variable name, REAL(8)
      |(Attributes)     : DIMENSION
      |(Declaration)    : 86
      |(Definition)     : 128  673  674
      |(Reference)      : 
     tmpout
      |(Class and Type) : variable name, REAL(8)
      |(Attributes)     : DIMENSION
      |(Declaration)    : 86
      |(Definition)     : 129  674
      |(Reference)      : 675
     trim
      |(Class and Type) : intrinsic function name, CHARACTER((unknown),1)
      |(Attributes)     : PURE
      |(Declaration)    : 
      |(Definition)     : 
      |(Reference)      : 144  145
     tsf
      |(Class and Type) : variable name, REAL(8)
      |(Attributes)     : 
      |(Declaration)    : 97
      |(Definition)     : 381  383
      |(Reference)      : 383  385  386  388  388
     tt
      |(Class and Type) : variable name, REAL(4)
      |(Attributes)     : DIMENSION, dummy-argument
      |(Declaration)    : 1  55
      |(Definition)     : 
      |(Reference)      : 221  226  226  251  252  361  659
     ttb
      |(Class and Type) : variable name, REAL(8)
      |(Attributes)     : 
      |(Declaration)    : 96
      |(Definition)     : 251
      |(Reference)      : 253  253
     ttp
      |(Class and Type) : variable name, REAL(8)
      |(Attributes)     : 
      |(Declaration)    : 96
      |(Definition)     : 252
      |(Reference)      : 255
     ttt
      |(Class and Type) : variable name, REAL(8)
      |(Attributes)     : 
      |(Declaration)    : 96
      |(Definition)     : 262  273
      |(Reference)      : 263  263  263  263  274  274  274  274
     ttt1
      |(Class and Type) : variable name, REAL(8)
      |(Attributes)     : 
      |(Declaration)    : 96
      |(Definition)     : 253
      |(Reference)      : 256
     ttt2
      |(Class and Type) : variable name, REAL(8)
      |(Attributes)     : 
      |(Declaration)    : 96
      |(Definition)     : 255
      |(Reference)      : 256
     typtrk
      |(Class and Type) : variable name, REAL(4)
      |(Attributes)     : DIMENSION, dummy-argument
      |(Declaration)    : 1  55
      |(Definition)     : 306  538  538  558  558
      |(Reference)      : 
     u10
      |(Class and Type) : variable name, REAL(8)
      |(Attributes)     : DIMENSION, dummy-argument
      |(Declaration)    : 1  31
      |(Definition)     : 721
      |(Reference)      : 
     ugws
      |(Class and Type) : variable name, REAL(8)
      |(Attributes)     : DIMENSION, dummy-argument
      |(Declaration)    : 1  31
      |(Definition)     : 721
      |(Reference)      : 
     ut
      |(Class and Type) : variable name, REAL(4)
      |(Attributes)     : DIMENSION, dummy-argument
      |(Declaration)    : 1  55
      |(Definition)     : 593
      |(Reference)      : 586  660
     v10
      |(Class and Type) : variable name, REAL(8)
      |(Attributes)     : DIMENSION, dummy-argument
      |(Declaration)    : 1  31
      |(Definition)     : 721
      |(Reference)      : 
     vgws
      |(Class and Type) : variable name, REAL(8)
      |(Attributes)     : DIMENSION, dummy-argument
      |(Declaration)    : 1  31
      |(Definition)     : 721
      |(Reference)      : 
     vortout
      |(Class and Type) : module subroutine name
      |(Attributes)     : use-associated
      |(Declaration)    : 
      |(Definition)     : 
      |(Reference)      : 558
     vt
      |(Class and Type) : variable name, REAL(4)
      |(Attributes)     : DIMENSION, dummy-argument
      |(Declaration)    : 1  55
      |(Definition)     : 593
      |(Reference)      : 587  661
     vvel
      |(Class and Type) : variable name, REAL(4)
      |(Attributes)     : DIMENSION, dummy-argument
      |(Declaration)    : 1  55
      |(Definition)     : 593
      |(Reference)      : 
     whtlev
      |(Class and Type) : variable name, REAL(8)
      |(Attributes)     : DIMENSION
      |(Declaration)    : 90
      |(Definition)     : 343  399  547  558  564  575  580  593  598  609  616  631  637  639
      |(Reference)      : 
     whtlevq
      |(Class and Type) : variable name, REAL(8)
      |(Attributes)     : DIMENSION
      |(Declaration)    : 90
      |(Definition)     : 340  426  451  472  495
      |(Reference)      : 
     whtlevz
      |(Class and Type) : variable name, REAL(8)
      |(Attributes)     : DIMENSION
      |(Declaration)    : 90
      |(Definition)     : 337  538
      |(Reference)      : 
     whtrec
      |(Class and Type) : external subroutine name
      |(Attributes)     : 
      |(Declaration)    : 
      |(Definition)     : 
      |(Reference)      : 337  340  343  547  564  580  598  616  637
     whttau
      |(Class and Type) : external subroutine name
      |(Attributes)     : 
      |(Declaration)    : 
      |(Definition)     : 
      |(Reference)      : 139
     windout
      |(Class and Type) : module subroutine name
      |(Attributes)     : use-associated
      |(Declaration)    : 
      |(Definition)     : 
      |(Reference)      : 593
     wk_xy
      |(Class and Type) : variable name, REAL(4)
      |(Attributes)     : DIMENSION
      |(Declaration)    : 85
      |(Definition)     : 127  659  660  661  669  675  677  678  687  688  689  690  691  692  693  721
      |(Reference)      : 669  673  677  678
     wrk1
      |(Class and Type) : variable name, REAL(8)
      |(Attributes)     : DIMENSION
      |(Declaration)    : 78
      |(Definition)     : 412  523
      |(Reference)      : 415  525
     xx
      |(Class and Type) : variable name, REAL(8)
      |(Attributes)     : 
      |(Declaration)    : 97
      |(Definition)     : 657
      |(Reference)      : 660  661
     z0
      |(Class and Type) : variable name, REAL(8)
      |(Attributes)     : DIMENSION, dummy-argument
      |(Declaration)    : 1  31
      |(Definition)     : 721
      |(Reference)      : 
   Cross reference of label
     (Label) (label-kind)               (line-no.)
     ------- ------------- ------------ ----------
        134  format        (Definition) 143  
                           (Reference)  144
        901  format        (Definition) 191  
                           (Reference)  187
        902  format        (Definition) 193  
                           (Reference)  188

 Total information
   Procedures       : 1
   Total lines      : 730
   Total statements : 460
   Total stack(byte): 31952
   Total prefetch num: 16

